fixture_header,scalar,case,edges,expected_fact_bits,expected_status,expected_components
sample_header,scalar,case,operation,edges,expected_components,round,iterations,warmup,elapsed_ns,gc_bytes,gc_collections
summary_header,scalar,case,operation,min_ns_per_op,median_ns_per_op,max_ns_per_op
fixture,int,exterior,4,1,success,0
fixture,int,interior,4,4,success,1
fixture,int,crossing,4,7,success,1
fixture,int,boundary-only,4,10,success,1
fixture,int,boundary-overlap,4,11,success,1
fixture,int,isolated-tangent,4,3,success,0
fixture,int,degenerate-interior,4,4,success,0
fixture,int,degenerate-boundary,4,2,success,0
fixture,int,empty,0,1,success,0
fixture,int,concave-u,8,7,success,2
fixture,int,hole,8,7,success,2
fixture,int,hole-reversed,8,7,success,2
fixture,int,rational-crossing,3,7,success,1
fixture,int,sparse-1,4,7,success,1
fixture,int,sparse-4,16,7,success,1
fixture,int,sparse-16,64,7,success,1
fixture,int,sparse-64,256,7,success,1
fixture,int,dense-1,4,7,success,1
fixture,int,dense-4,16,7,success,4
fixture,int,dense-16,64,7,success,16
fixture,int,dense-64,256,7,success,64
fixture,int,wide-integral,4,7,success,1
preflight,int,22,PASS
sample,int,exterior,relationship,4,0,0,32768,3277,26500600,0,0
sample,int,exterior,relationship,4,0,1,32768,3277,26164700,0,0
sample,int,exterior,relationship,4,0,2,32768,3277,36007200,0,0
sample,int,exterior,relationship,4,0,3,32768,3277,26537000,0,0
sample,int,exterior,relationship,4,0,4,32768,3277,26398600,0,0
sample,int,exterior,relationship,4,0,5,32768,3277,26371600,0,0
sample,int,exterior,relationship,4,0,6,32768,3277,26530700,0,0
summary,int,exterior,relationship,798.483,808.734,1098.853
sample,int,exterior,clipping,4,0,0,8192,820,27389100,202113024,48
sample,int,exterior,clipping,4,0,1,8192,820,26556000,202113024,48
sample,int,exterior,clipping,4,0,2,8192,820,27271100,202113024,48
sample,int,exterior,clipping,4,0,3,8192,820,27247400,202113024,48
sample,int,exterior,clipping,4,0,4,8192,820,26457900,202113024,48
sample,int,exterior,clipping,4,0,5,8192,820,27170300,202113024,48
sample,int,exterior,clipping,4,0,6,8192,820,26987800,202113024,48
summary,int,exterior,clipping,3229.724,3316.687,3343.396
sample,int,interior,relationship,4,1,0,32768,3277,25585500,0,0
sample,int,interior,relationship,4,1,1,32768,3277,26019800,0,0
sample,int,interior,relationship,4,1,2,32768,3277,26105300,0,0
sample,int,interior,relationship,4,1,3,32768,3277,26318900,0,0
sample,int,interior,relationship,4,1,4,32768,3277,26969400,0,0
sample,int,interior,relationship,4,1,5,32768,3277,25923900,0,0
sample,int,interior,relationship,4,1,6,32768,3277,26944600,0,0
summary,int,interior,relationship,780.807,796.671,823.041
sample,int,interior,clipping,4,1,0,4096,410,35340500,101253120,24
sample,int,interior,clipping,4,1,1,4096,410,35386900,101253120,24
sample,int,interior,clipping,4,1,2,4096,410,35434900,101253120,24
sample,int,interior,clipping,4,1,3,4096,410,35748800,101253120,24
sample,int,interior,clipping,4,1,4,4096,410,37792800,101253120,24
sample,int,interior,clipping,4,1,5,4096,410,35296300,101253120,24
sample,int,interior,clipping,4,1,6,4096,410,35585500,101253120,24
summary,int,interior,clipping,8617.261,8651.099,9226.758
sample,int,crossing,relationship,4,1,0,32768,3277,35962100,0,0
sample,int,crossing,relationship,4,1,1,32768,3277,26614400,0,0
sample,int,crossing,relationship,4,1,2,32768,3277,26157900,0,0
sample,int,crossing,relationship,4,1,3,32768,3277,27330900,0,0
sample,int,crossing,relationship,4,1,4,32768,3277,25881400,0,0
sample,int,crossing,relationship,4,1,5,32768,3277,26952200,0,0
sample,int,crossing,relationship,4,1,6,32768,3277,26531800,0,0
summary,int,crossing,relationship,789.838,812.207,1097.476
sample,int,crossing,clipping,4,1,0,2048,205,36813600,50692096,12
sample,int,crossing,clipping,4,1,1,2048,205,37558500,50692096,12
sample,int,crossing,clipping,4,1,2,2048,205,36628900,50692096,12
sample,int,crossing,clipping,4,1,3,2048,205,36917900,50692096,12
sample,int,crossing,clipping,4,1,4,2048,205,37294600,50692096,12
sample,int,crossing,clipping,4,1,5,2048,205,37412300,50692096,12
sample,int,crossing,clipping,4,1,6,2048,205,35832900,50692096,12
summary,int,crossing,clipping,17496.533,18026.318,18339.111
sample,int,boundary-only,relationship,4,1,0,32768,3277,28700900,0,0
sample,int,boundary-only,relationship,4,1,1,32768,3277,28733600,0,0
sample,int,boundary-only,relationship,4,1,2,32768,3277,28477200,0,0
sample,int,boundary-only,relationship,4,1,3,32768,3277,29357500,0,0
sample,int,boundary-only,relationship,4,1,4,32768,3277,28613300,0,0
sample,int,boundary-only,relationship,4,1,5,32768,3277,28582800,0,0
sample,int,boundary-only,relationship,4,1,6,32768,3277,28541400,0,0
summary,int,boundary-only,relationship,869.055,873.209,895.920
sample,int,boundary-only,clipping,4,1,0,2048,205,23063300,50626560,12
sample,int,boundary-only,clipping,4,1,1,2048,205,22351600,50626560,12
sample,int,boundary-only,clipping,4,1,2,2048,205,22342400,50626560,12
sample,int,boundary-only,clipping,4,1,3,2048,205,22698300,50626560,12
sample,int,boundary-only,clipping,4,1,4,2048,205,22954100,50626560,12
sample,int,boundary-only,clipping,4,1,5,2048,205,22989800,50626560,12
sample,int,boundary-only,clipping,4,1,6,2048,205,23133600,50626560,12
summary,int,boundary-only,clipping,10909.375,11208.057,11295.703
sample,int,boundary-overlap,relationship,4,1,0,16384,1639,17530400,0,0
sample,int,boundary-overlap,relationship,4,1,1,16384,1639,18556600,0,0
sample,int,boundary-overlap,relationship,4,1,2,16384,1639,17542900,0,0
sample,int,boundary-overlap,relationship,4,1,3,16384,1639,17395000,0,0
sample,int,boundary-overlap,relationship,4,1,4,16384,1639,18363300,0,0
sample,int,boundary-overlap,relationship,4,1,5,16384,1639,17352800,0,0
sample,int,boundary-overlap,relationship,4,1,6,16384,1639,17684400,0,0
summary,int,boundary-overlap,relationship,1059.131,1070.734,1132.605
sample,int,boundary-overlap,clipping,4,1,0,2048,205,24381700,50692096,12
sample,int,boundary-overlap,clipping,4,1,1,2048,205,23920200,50692096,12
sample,int,boundary-overlap,clipping,4,1,2,2048,205,24391100,50692096,12
sample,int,boundary-overlap,clipping,4,1,3,2048,205,23521600,50692096,12
sample,int,boundary-overlap,clipping,4,1,4,2048,205,23908000,50692096,12
sample,int,boundary-overlap,clipping,4,1,5,2048,205,23595800,50692096,12
sample,int,boundary-overlap,clipping,4,1,6,2048,205,24824200,50692096,12
summary,int,boundary-overlap,clipping,11485.156,11679.785,12121.191
sample,int,isolated-tangent,relationship,4,0,0,32768,3277,36263200,0,0
sample,int,isolated-tangent,relationship,4,0,1,32768,3277,35345700,0,0
sample,int,isolated-tangent,relationship,4,0,2,32768,3277,35194500,0,0
sample,int,isolated-tangent,relationship,4,0,3,32768,3277,35463700,0,0
sample,int,isolated-tangent,relationship,4,0,4,32768,3277,38160300,0,0
sample,int,isolated-tangent,relationship,4,0,5,32768,3277,35917600,0,0
sample,int,isolated-tangent,relationship,4,0,6,32768,3277,35757100,0,0
summary,int,isolated-tangent,relationship,1074.051,1091.220,1164.560
sample,int,isolated-tangent,clipping,4,0,0,4096,410,21519600,101056512,24
sample,int,isolated-tangent,clipping,4,0,1,4096,410,19995600,101056512,24
sample,int,isolated-tangent,clipping,4,0,2,4096,410,19993000,101056512,24
sample,int,isolated-tangent,clipping,4,0,3,4096,410,20363900,101056512,24
sample,int,isolated-tangent,clipping,4,0,4,4096,410,20837900,101056512,24
sample,int,isolated-tangent,clipping,4,0,5,4096,410,20009500,101056512,24
sample,int,isolated-tangent,clipping,4,0,6,4096,410,20239200,101056512,24
summary,int,isolated-tangent,clipping,4881.104,4941.211,5253.809
sample,int,degenerate-interior,relationship,4,0,0,65536,6554,2505400,0,0
sample,int,degenerate-interior,relationship,4,0,1,65536,6554,2163100,0,0
sample,int,degenerate-interior,relationship,4,0,2,65536,6554,1977200,0,0
sample,int,degenerate-interior,relationship,4,0,3,65536,6554,1943800,0,0
sample,int,degenerate-interior,relationship,4,0,4,65536,6554,1958100,0,0
sample,int,degenerate-interior,relationship,4,0,5,65536,6554,1965900,0,0
sample,int,degenerate-interior,relationship,4,0,6,65536,6554,1971300,0,0
summary,int,degenerate-interior,relationship,29.660,30.080,38.229
sample,int,degenerate-interior,clipping,4,0,0,65536,6554,250300,0,0
sample,int,degenerate-interior,clipping,4,0,1,65536,6554,250300,0,0
sample,int,degenerate-interior,clipping,4,0,2,65536,6554,254100,0,0
sample,int,degenerate-interior,clipping,4,0,3,65536,6554,466200,0,0
sample,int,degenerate-interior,clipping,4,0,4,65536,6554,306600,0,0
sample,int,degenerate-interior,clipping,4,0,5,65536,6554,458400,0,0
sample,int,degenerate-interior,clipping,4,0,6,65536,6554,345100,0,0
summary,int,degenerate-interior,clipping,3.819,4.678,7.114
sample,int,degenerate-boundary,relationship,4,0,0,65536,6554,1882800,0,0
sample,int,degenerate-boundary,relationship,4,0,1,65536,6554,1969600,0,0
sample,int,degenerate-boundary,relationship,4,0,2,65536,6554,1893500,0,0
sample,int,degenerate-boundary,relationship,4,0,3,65536,6554,1930900,0,0
sample,int,degenerate-boundary,relationship,4,0,4,65536,6554,1932400,0,0
sample,int,degenerate-boundary,relationship,4,0,5,65536,6554,2662300,0,0
sample,int,degenerate-boundary,relationship,4,0,6,65536,6554,2152200,0,0
summary,int,degenerate-boundary,relationship,28.729,29.486,40.623
sample,int,degenerate-boundary,clipping,4,0,0,65536,6554,256500,0,0
sample,int,degenerate-boundary,clipping,4,0,1,65536,6554,250200,0,0
sample,int,degenerate-boundary,clipping,4,0,2,65536,6554,250200,0,0
sample,int,degenerate-boundary,clipping,4,0,3,65536,6554,295800,0,0
sample,int,degenerate-boundary,clipping,4,0,4,65536,6554,250200,0,0
sample,int,degenerate-boundary,clipping,4,0,5,65536,6554,273700,0,0
sample,int,degenerate-boundary,clipping,4,0,6,65536,6554,250200,0,0
summary,int,degenerate-boundary,clipping,3.818,3.818,4.514
sample,int,empty,relationship,0,0,0,65536,6554,314800,0,0
sample,int,empty,relationship,0,0,1,65536,6554,317600,0,0
sample,int,empty,relationship,0,0,2,65536,6554,314800,0,0
sample,int,empty,relationship,0,0,3,65536,6554,359800,0,0
sample,int,empty,relationship,0,0,4,65536,6554,314900,0,0
sample,int,empty,relationship,0,0,5,65536,6554,314800,0,0
sample,int,empty,relationship,0,0,6,65536,6554,317100,0,0
summary,int,empty,relationship,4.803,4.805,5.490
sample,int,empty,clipping,0,0,0,65536,6554,250200,0,0
sample,int,empty,clipping,0,0,1,65536,6554,252700,0,0
sample,int,empty,clipping,0,0,2,65536,6554,250200,0,0
sample,int,empty,clipping,0,0,3,65536,6554,294500,0,0
sample,int,empty,clipping,0,0,4,65536,6554,254300,0,0
sample,int,empty,clipping,0,0,5,65536,6554,250200,0,0
sample,int,empty,clipping,0,0,6,65536,6554,250200,0,0
summary,int,empty,clipping,3.818,3.818,4.494
sample,int,concave-u,relationship,8,2,0,8192,820,20404200,0,0
sample,int,concave-u,relationship,8,2,1,8192,820,20244800,0,0
sample,int,concave-u,relationship,8,2,2,8192,820,31196800,0,0
sample,int,concave-u,relationship,8,2,3,8192,820,20750400,0,0
sample,int,concave-u,relationship,8,2,4,8192,820,21065700,0,0
sample,int,concave-u,relationship,8,2,5,8192,820,20335100,0,0
sample,int,concave-u,relationship,8,2,6,8192,820,20441700,0,0
summary,int,concave-u,relationship,2471.289,2495.325,3808.203
sample,int,concave-u,clipping,8,2,0,512,52,21495300,21102592,5
sample,int,concave-u,clipping,8,2,1,512,52,22126400,21102592,5
sample,int,concave-u,clipping,8,2,2,512,52,21536200,21102592,5
sample,int,concave-u,clipping,8,2,3,512,52,21212800,21102592,5
sample,int,concave-u,clipping,8,2,4,512,52,21260100,21102592,5
sample,int,concave-u,clipping,8,2,5,512,52,22055500,21102592,5
sample,int,concave-u,clipping,8,2,6,512,52,21393900,21102592,5
summary,int,concave-u,clipping,41431.250,41983.008,43215.625
sample,int,hole,relationship,8,2,0,8192,820,21003100,0,0
sample,int,hole,relationship,8,2,1,8192,820,20889500,0,0
sample,int,hole,relationship,8,2,2,8192,820,21576300,0,0
sample,int,hole,relationship,8,2,3,8192,820,22021900,0,0
sample,int,hole,relationship,8,2,4,8192,820,20939800,0,0
sample,int,hole,relationship,8,2,5,8192,820,21005000,0,0
sample,int,hole,relationship,8,2,6,8192,820,22750600,0,0
summary,int,hole,relationship,2549.988,2564.087,2777.173
sample,int,hole,clipping,8,2,0,512,52,21554100,21102592,5
sample,int,hole,clipping,8,2,1,512,52,21333000,21102592,5
sample,int,hole,clipping,8,2,2,512,52,21486300,21102592,5
sample,int,hole,clipping,8,2,3,512,52,22489100,21102592,5
sample,int,hole,clipping,8,2,4,512,52,21268500,21102592,5
sample,int,hole,clipping,8,2,5,512,52,21533200,21102592,5
sample,int,hole,clipping,8,2,6,512,52,21713400,21102592,5
summary,int,hole,clipping,41540.039,42057.031,43924.023
sample,int,hole-reversed,relationship,8,2,0,8192,820,21254400,0,0
sample,int,hole-reversed,relationship,8,2,1,8192,820,21113500,0,0
sample,int,hole-reversed,relationship,8,2,2,8192,820,20831000,0,0
sample,int,hole-reversed,relationship,8,2,3,8192,820,20956700,0,0
sample,int,hole-reversed,relationship,8,2,4,8192,820,21552800,0,0
sample,int,hole-reversed,relationship,8,2,5,8192,820,20794600,0,0
sample,int,hole-reversed,relationship,8,2,6,8192,820,21511400,0,0
summary,int,hole-reversed,relationship,2538.403,2577.332,2630.957
sample,int,hole-reversed,clipping,8,2,0,512,52,21381700,21102592,5
sample,int,hole-reversed,clipping,8,2,1,512,52,21578000,21102592,5
sample,int,hole-reversed,clipping,8,2,2,512,52,21863900,21102592,5
sample,int,hole-reversed,clipping,8,2,3,512,52,37473800,21102592,5
sample,int,hole-reversed,clipping,8,2,4,512,52,21515100,21102592,5
sample,int,hole-reversed,clipping,8,2,5,512,52,21169300,21102592,5
sample,int,hole-reversed,clipping,8,2,6,512,52,21106700,21102592,5
summary,int,hole-reversed,clipping,41224.023,42021.680,73191.016
sample,int,rational-crossing,relationship,3,1,0,65536,6554,36560400,0,0
sample,int,rational-crossing,relationship,3,1,1,65536,6554,36670200,0,0
sample,int,rational-crossing,relationship,3,1,2,65536,6554,35939200,0,0
sample,int,rational-crossing,relationship,3,1,3,65536,6554,36294600,0,0
sample,int,rational-crossing,relationship,3,1,4,65536,6554,36239500,0,0
sample,int,rational-crossing,relationship,3,1,5,65536,6554,36507300,0,0
sample,int,rational-crossing,relationship,3,1,6,65536,6554,37132800,0,0
summary,int,rational-crossing,relationship,548.389,557.057,566.602
sample,int,rational-crossing,clipping,3,1,0,2048,205,37356000,42303488,10
sample,int,rational-crossing,clipping,3,1,1,2048,205,35869600,42303488,10
sample,int,rational-crossing,clipping,3,1,2,2048,205,35716800,42303488,10
sample,int,rational-crossing,clipping,3,1,3,2048,205,35823600,42303488,10
sample,int,rational-crossing,clipping,3,1,4,2048,205,34380500,42303488,10
sample,int,rational-crossing,clipping,3,1,5,2048,205,34838200,42303488,10
sample,int,rational-crossing,clipping,3,1,6,2048,205,35040000,42303488,10
summary,int,rational-crossing,clipping,16787.354,17439.844,18240.234
sample,int,sparse-1,relationship,4,1,0,32768,3277,25483500,0,0
sample,int,sparse-1,relationship,4,1,1,32768,3277,25442500,0,0
sample,int,sparse-1,relationship,4,1,2,32768,3277,26695600,0,0
sample,int,sparse-1,relationship,4,1,3,32768,3277,25403500,0,0
sample,int,sparse-1,relationship,4,1,4,32768,3277,26508300,0,0
sample,int,sparse-1,relationship,4,1,5,32768,3277,25319300,0,0
sample,int,sparse-1,relationship,4,1,6,32768,3277,25721400,0,0
summary,int,sparse-1,relationship,772.684,777.695,814.685
sample,int,sparse-1,clipping,4,1,0,2048,205,35987500,50692096,12
sample,int,sparse-1,clipping,4,1,1,2048,205,36567800,50692096,12
sample,int,sparse-1,clipping,4,1,2,2048,205,36911200,50692096,12
sample,int,sparse-1,clipping,4,1,3,2048,205,35623900,50692096,12
sample,int,sparse-1,clipping,4,1,4,2048,205,36315900,50692096,12
sample,int,sparse-1,clipping,4,1,5,2048,205,36186600,50692096,12
sample,int,sparse-1,clipping,4,1,6,2048,205,35797100,50692096,12
summary,int,sparse-1,clipping,17394.482,17669.238,18023.047
sample,int,sparse-4,relationship,16,1,0,8192,820,33024200,0,0
sample,int,sparse-4,relationship,16,1,1,8192,820,33948700,0,0
sample,int,sparse-4,relationship,16,1,2,8192,820,34490500,0,0
sample,int,sparse-4,relationship,16,1,3,8192,820,35150100,0,0
sample,int,sparse-4,relationship,16,1,4,8192,820,34623500,0,0
sample,int,sparse-4,relationship,16,1,5,8192,820,34745800,0,0
sample,int,sparse-4,relationship,16,1,6,8192,820,34597600,0,0
summary,int,sparse-4,relationship,4031.274,4223.340,4290.784
sample,int,sparse-4,clipping,16,1,0,1024,103,26658300,75677696,18
sample,int,sparse-4,clipping,16,1,1,1024,103,28058300,75677696,18
sample,int,sparse-4,clipping,16,1,2,1024,103,28781700,75677696,18
sample,int,sparse-4,clipping,16,1,3,1024,103,26903700,75677696,18
sample,int,sparse-4,clipping,16,1,4,1024,103,27255000,75677696,18
sample,int,sparse-4,clipping,16,1,5,1024,103,27986300,75677696,18
sample,int,sparse-4,clipping,16,1,6,1024,103,26560900,75677696,18
summary,int,sparse-4,clipping,25938.379,26616.211,28107.129
sample,int,sparse-16,relationship,64,1,0,2048,205,35285100,0,0
sample,int,sparse-16,relationship,64,1,1,2048,205,34406100,0,0
sample,int,sparse-16,relationship,64,1,2,2048,205,44119300,0,0
sample,int,sparse-16,relationship,64,1,3,2048,205,34584000,0,0
sample,int,sparse-16,relationship,64,1,4,2048,205,34595200,0,0
sample,int,sparse-16,relationship,64,1,5,2048,205,34628400,0,0
sample,int,sparse-16,relationship,64,1,6,2048,205,34636900,0,0
summary,int,sparse-16,relationship,16799.854,16908.398,21542.627
sample,int,sparse-16,clipping,64,1,0,512,52,25982300,142696448,36
sample,int,sparse-16,clipping,64,1,1,512,52,25895300,142696448,36
sample,int,sparse-16,clipping,64,1,2,512,52,25668300,142696448,36
sample,int,sparse-16,clipping,64,1,3,512,52,25748800,142696448,36
sample,int,sparse-16,clipping,64,1,4,512,52,25300900,142696448,36
sample,int,sparse-16,clipping,64,1,5,512,52,25968500,142696448,36
sample,int,sparse-16,clipping,64,1,6,512,52,25221100,142696448,36
summary,int,sparse-16,clipping,49259.961,50290.625,50746.680
sample,int,sparse-64,relationship,256,1,0,512,52,34857600,0,0
sample,int,sparse-64,relationship,256,1,1,512,52,34847400,0,0
sample,int,sparse-64,relationship,256,1,2,512,52,34775300,0,0
sample,int,sparse-64,relationship,256,1,3,512,52,34662400,0,0
sample,int,sparse-64,relationship,256,1,4,512,52,34720100,0,0
sample,int,sparse-64,relationship,256,1,5,512,52,34807800,0,0
sample,int,sparse-64,relationship,256,1,6,512,52,34716200,0,0
summary,int,sparse-64,relationship,67700.000,67920.508,68081.250
sample,int,sparse-64,clipping,256,1,0,128,13,19310200,140007424,63
sample,int,sparse-64,clipping,256,1,1,128,13,19255300,140007424,63
sample,int,sparse-64,clipping,256,1,2,128,13,19313500,140007424,63
sample,int,sparse-64,clipping,256,1,3,128,13,19517800,140007424,63
sample,int,sparse-64,clipping,256,1,4,128,13,20156000,140007424,63
sample,int,sparse-64,clipping,256,1,5,128,13,19585300,140007424,63
sample,int,sparse-64,clipping,256,1,6,128,13,19367100,140007424,63
summary,int,sparse-64,clipping,150432.031,151305.469,157468.750
sample,int,dense-1,relationship,4,1,0,32768,3277,26771900,0,0
sample,int,dense-1,relationship,4,1,1,32768,3277,26383600,0,0
sample,int,dense-1,relationship,4,1,2,32768,3277,35594400,0,0
sample,int,dense-1,relationship,4,1,3,32768,3277,25816900,0,0
sample,int,dense-1,relationship,4,1,4,32768,3277,26558300,0,0
sample,int,dense-1,relationship,4,1,5,32768,3277,25795800,0,0
sample,int,dense-1,relationship,4,1,6,32768,3277,26706100,0,0
summary,int,dense-1,relationship,787.225,810.495,1086.255
sample,int,dense-1,clipping,4,1,0,2048,205,39067700,50692096,12
sample,int,dense-1,clipping,4,1,1,2048,205,36276400,50692096,12
sample,int,dense-1,clipping,4,1,2,2048,205,35470700,50692096,12
sample,int,dense-1,clipping,4,1,3,2048,205,35869500,50692096,12
sample,int,dense-1,clipping,4,1,4,2048,205,35993100,50692096,12
sample,int,dense-1,clipping,4,1,5,2048,205,35506800,50692096,12
sample,int,dense-1,clipping,4,1,6,2048,205,35740300,50692096,12
summary,int,dense-1,clipping,17319.678,17514.404,19076.025
sample,int,dense-4,relationship,16,4,0,4096,410,24605800,0,0
sample,int,dense-4,relationship,16,4,1,4096,410,22894000,0,0
sample,int,dense-4,relationship,16,4,2,4096,410,23913000,0,0
sample,int,dense-4,relationship,16,4,3,4096,410,22926200,0,0
sample,int,dense-4,relationship,16,4,4,4096,410,23540100,0,0
sample,int,dense-4,relationship,16,4,5,4096,410,22861500,0,0
sample,int,dense-4,relationship,16,4,6,4096,410,22845200,0,0
summary,int,dense-4,relationship,5577.441,5597.217,6007.275
sample,int,dense-4,clipping,16,4,0,256,26,23359200,18976768,4
sample,int,dense-4,clipping,16,4,1,256,26,22694700,18976768,4
sample,int,dense-4,clipping,16,4,2,256,26,22310600,18976768,4
sample,int,dense-4,clipping,16,4,3,256,26,23470400,18976768,4
sample,int,dense-4,clipping,16,4,4,256,26,22326200,18976768,4
sample,int,dense-4,clipping,16,4,5,256,26,24639600,18976768,4
sample,int,dense-4,clipping,16,4,6,256,26,24659100,18976768,4
summary,int,dense-4,clipping,87150.781,91246.875,96324.609
sample,int,dense-16,relationship,64,16,0,1024,103,26590300,0,0
sample,int,dense-16,relationship,64,16,1,1024,103,27405400,0,0
sample,int,dense-16,relationship,64,16,2,1024,103,36484000,0,0
sample,int,dense-16,relationship,64,16,3,1024,103,27151400,0,0
sample,int,dense-16,relationship,64,16,4,1024,103,26866300,0,0
sample,int,dense-16,relationship,64,16,5,1024,103,27139600,0,0
sample,int,dense-16,relationship,64,16,6,1024,103,27065300,0,0
summary,int,dense-16,relationship,25967.090,26503.516,35628.906
sample,int,dense-16,clipping,64,16,0,64,7,28670700,17931264,4
sample,int,dense-16,clipping,64,16,1,64,7,28728100,17931264,4
sample,int,dense-16,clipping,64,16,2,64,7,28335600,17931264,4
sample,int,dense-16,clipping,64,16,3,64,7,28417800,17931264,4
sample,int,dense-16,clipping,64,16,4,64,7,28019900,17931264,4
sample,int,dense-16,clipping,64,16,5,64,7,28049900,17931264,4
sample,int,dense-16,clipping,64,16,6,64,7,29132600,17931264,4
summary,int,dense-16,clipping,437810.938,444028.125,455196.875
sample,int,dense-64,relationship,256,64,0,256,26,27120900,0,0
sample,int,dense-64,relationship,256,64,1,256,26,27441200,0,0
sample,int,dense-64,relationship,256,64,2,256,26,26539400,0,0
sample,int,dense-64,relationship,256,64,3,256,26,27140400,0,0
sample,int,dense-64,relationship,256,64,4,256,26,26082000,0,0
sample,int,dense-64,relationship,256,64,5,256,26,25632400,0,0
sample,int,dense-64,relationship,256,64,6,256,26,25725800,0,0
summary,int,dense-64,relationship,100126.562,103669.531,107192.188
sample,int,dense-64,clipping,256,64,0,16,2,32753800,17612800,7
sample,int,dense-64,clipping,256,64,1,16,2,31345900,17612800,7
sample,int,dense-64,clipping,256,64,2,16,2,32161200,17612800,7
sample,int,dense-64,clipping,256,64,3,16,2,32085100,17612800,7
sample,int,dense-64,clipping,256,64,4,16,2,32387800,17612800,7
sample,int,dense-64,clipping,256,64,5,16,2,31777700,17612800,7
sample,int,dense-64,clipping,256,64,6,16,2,33126200,17612800,7
summary,int,dense-64,clipping,1959118.750,2010075.000,2070387.500
sample,int,wide-integral,relationship,4,1,0,32768,3277,26086100,0,0
sample,int,wide-integral,relationship,4,1,1,32768,3277,34883700,0,0
sample,int,wide-integral,relationship,4,1,2,32768,3277,27130800,0,0
sample,int,wide-integral,relationship,4,1,3,32768,3277,27394400,0,0
sample,int,wide-integral,relationship,4,1,4,32768,3277,26443900,0,0
sample,int,wide-integral,relationship,4,1,5,32768,3277,27169000,0,0
sample,int,wide-integral,relationship,4,1,6,32768,3277,26535400,0,0
summary,int,wide-integral,relationship,796.085,827.966,1064.566
sample,int,wide-integral,clipping,4,1,0,1024,103,20026600,25346048,6
sample,int,wide-integral,clipping,4,1,1,1024,103,20345000,25346048,6
sample,int,wide-integral,clipping,4,1,2,1024,103,20126500,25346048,6
sample,int,wide-integral,clipping,4,1,3,1024,103,20060400,25346048,6
sample,int,wide-integral,clipping,4,1,4,1024,103,20311900,25346048,6
sample,int,wide-integral,clipping,4,1,5,1024,103,20003000,25346048,6
sample,int,wide-integral,clipping,4,1,6,1024,103,20668100,25346048,6
summary,int,wide-integral,clipping,19534.180,19654.785,20183.691
fixture,long,exterior,4,1,success,0
fixture,long,interior,4,4,success,1
fixture,long,crossing,4,7,success,1
fixture,long,boundary-only,4,10,success,1
fixture,long,boundary-overlap,4,11,success,1
fixture,long,isolated-tangent,4,3,success,0
fixture,long,degenerate-interior,4,4,success,0
fixture,long,degenerate-boundary,4,2,success,0
fixture,long,empty,0,1,success,0
fixture,long,concave-u,8,7,success,2
fixture,long,hole,8,7,success,2
fixture,long,hole-reversed,8,7,success,2
fixture,long,rational-crossing,3,7,success,1
fixture,long,sparse-1,4,7,success,1
fixture,long,sparse-4,16,7,success,1
fixture,long,sparse-16,64,7,success,1
fixture,long,sparse-64,256,7,success,1
fixture,long,dense-1,4,7,success,1
fixture,long,dense-4,16,7,success,4
fixture,long,dense-16,64,7,success,16
fixture,long,dense-64,256,7,success,64
fixture,long,wide-integral,4,7,success,1
fixture,long,endpoint-collapse,4,6,unrepresentableConstruction,0
fixture,long,gap-collapse,8,7,unrepresentableConstruction,0
preflight,long,24,PASS
sample,long,exterior,relationship,4,0,0,32768,3277,30830700,0,0
sample,long,exterior,relationship,4,0,1,32768,3277,30026400,0,0
sample,long,exterior,relationship,4,0,2,32768,3277,29946000,0,0
sample,long,exterior,relationship,4,0,3,32768,3277,30764200,0,0
sample,long,exterior,relationship,4,0,4,32768,3277,30813100,0,0
sample,long,exterior,relationship,4,0,5,32768,3277,31031600,0,0
sample,long,exterior,relationship,4,0,6,32768,3277,30654300,0,0
summary,long,exterior,relationship,913.879,938.849,947.009
sample,long,exterior,clipping,4,0,0,8192,820,32188700,202113024,49
sample,long,exterior,clipping,4,0,1,8192,820,31696300,202113024,49
sample,long,exterior,clipping,4,0,2,8192,820,31674300,202113024,49
sample,long,exterior,clipping,4,0,3,8192,820,30945900,202113024,49
sample,long,exterior,clipping,4,0,4,8192,820,31537500,202113024,49
sample,long,exterior,clipping,4,0,5,8192,820,31264300,202113024,49
sample,long,exterior,clipping,4,0,6,8192,820,31424900,202113024,49
summary,long,exterior,clipping,3777.576,3849.792,3929.285
sample,long,interior,relationship,4,1,0,32768,3277,29563400,0,0
sample,long,interior,relationship,4,1,1,32768,3277,38925800,0,0
sample,long,interior,relationship,4,1,2,32768,3277,29703400,0,0
sample,long,interior,relationship,4,1,3,32768,3277,28918400,0,0
sample,long,interior,relationship,4,1,4,32768,3277,29270700,0,0
sample,long,interior,relationship,4,1,5,32768,3277,29903600,0,0
sample,long,interior,relationship,4,1,6,32768,3277,29495500,0,0
summary,long,interior,relationship,882.520,902.203,1187.921
sample,long,interior,clipping,4,1,0,4096,410,38051700,101253120,24
sample,long,interior,clipping,4,1,1,4096,410,37000800,101253120,24
sample,long,interior,clipping,4,1,2,4096,410,37301100,101253120,24
sample,long,interior,clipping,4,1,3,4096,410,37067300,101253120,24
sample,long,interior,clipping,4,1,4,4096,410,38043400,101253120,24
sample,long,interior,clipping,4,1,5,4096,410,37261900,101253120,24
sample,long,interior,clipping,4,1,6,4096,410,37018900,101253120,24
summary,long,interior,clipping,9033.398,9097.144,9289.966
sample,long,crossing,relationship,4,1,0,32768,3277,30100000,0,0
sample,long,crossing,relationship,4,1,1,32768,3277,30196500,0,0
sample,long,crossing,relationship,4,1,2,32768,3277,29521200,0,0
sample,long,crossing,relationship,4,1,3,32768,3277,30205100,0,0
sample,long,crossing,relationship,4,1,4,32768,3277,30208000,0,0
sample,long,crossing,relationship,4,1,5,32768,3277,30254900,0,0
sample,long,crossing,relationship,4,1,6,32768,3277,30822700,0,0
summary,long,crossing,relationship,900.916,921.786,940.634
sample,long,crossing,clipping,4,1,0,2048,205,40470400,50692096,12
sample,long,crossing,clipping,4,1,1,2048,205,39595500,50692096,12
sample,long,crossing,clipping,4,1,2,2048,205,38863500,50692096,12
sample,long,crossing,clipping,4,1,3,2048,205,48122200,50692096,12
sample,long,crossing,clipping,4,1,4,2048,205,39489300,50692096,12
sample,long,crossing,clipping,4,1,5,2048,205,37858700,50692096,12
sample,long,crossing,clipping,4,1,6,2048,205,36622000,50692096,12
summary,long,crossing,clipping,17881.836,19281.885,23497.168
sample,long,boundary-only,relationship,4,1,0,32768,3277,34640800,0,0
sample,long,boundary-only,relationship,4,1,1,32768,3277,35331300,0,0
sample,long,boundary-only,relationship,4,1,2,32768,3277,35648100,0,0
sample,long,boundary-only,relationship,4,1,3,32768,3277,35113100,0,0
sample,long,boundary-only,relationship,4,1,4,32768,3277,36205100,0,0
sample,long,boundary-only,relationship,4,1,5,32768,3277,35955000,0,0
sample,long,boundary-only,relationship,4,1,6,32768,3277,35923300,0,0
summary,long,boundary-only,relationship,1057.153,1087.894,1104.892
sample,long,boundary-only,clipping,4,1,0,2048,205,22773300,50626560,12
sample,long,boundary-only,clipping,4,1,1,2048,205,22836600,50626560,12
sample,long,boundary-only,clipping,4,1,2,2048,205,22769800,50626560,12
sample,long,boundary-only,clipping,4,1,3,2048,205,22735800,50626560,12
sample,long,boundary-only,clipping,4,1,4,2048,205,22948600,50626560,12
sample,long,boundary-only,clipping,4,1,5,2048,205,23446200,50626560,12
sample,long,boundary-only,clipping,4,1,6,2048,205,24122600,50626560,12
summary,long,boundary-only,clipping,11101.465,11150.684,11778.613
sample,long,boundary-overlap,relationship,4,1,0,16384,1639,22943000,0,0
sample,long,boundary-overlap,relationship,4,1,1,16384,1639,22378700,0,0
sample,long,boundary-overlap,relationship,4,1,2,16384,1639,23225100,0,0
sample,long,boundary-overlap,relationship,4,1,3,16384,1639,22604700,0,0
sample,long,boundary-overlap,relationship,4,1,4,16384,1639,22624300,0,0
sample,long,boundary-overlap,relationship,4,1,5,16384,1639,23121100,0,0
sample,long,boundary-overlap,relationship,4,1,6,16384,1639,22952500,0,0
summary,long,boundary-overlap,relationship,1365.887,1400.330,1417.548
sample,long,boundary-overlap,clipping,4,1,0,2048,205,25420900,50692096,12
sample,long,boundary-overlap,clipping,4,1,1,2048,205,24994800,50692096,12
sample,long,boundary-overlap,clipping,4,1,2,2048,205,30378700,50692096,12
sample,long,boundary-overlap,clipping,4,1,3,2048,205,32896000,50692096,12
sample,long,boundary-overlap,clipping,4,1,4,2048,205,25690100,50692096,12
sample,long,boundary-overlap,clipping,4,1,5,2048,205,26747200,50692096,12
sample,long,boundary-overlap,clipping,4,1,6,2048,205,25923200,50692096,12
summary,long,boundary-overlap,clipping,12204.492,12657.812,16062.500
sample,long,isolated-tangent,relationship,4,0,0,16384,1639,22741100,0,0
sample,long,isolated-tangent,relationship,4,0,1,16384,1639,22388000,0,0
sample,long,isolated-tangent,relationship,4,0,2,16384,1639,22118200,0,0
sample,long,isolated-tangent,relationship,4,0,3,16384,1639,22470100,0,0
sample,long,isolated-tangent,relationship,4,0,4,16384,1639,22054600,0,0
sample,long,isolated-tangent,relationship,4,0,5,16384,1639,22132400,0,0
sample,long,isolated-tangent,relationship,4,0,6,16384,1639,22185400,0,0
summary,long,isolated-tangent,relationship,1346.106,1354.089,1388.007
sample,long,isolated-tangent,clipping,4,0,0,4096,410,22734300,101056512,24
sample,long,isolated-tangent,clipping,4,0,1,4096,410,22106500,101056512,24
sample,long,isolated-tangent,clipping,4,0,2,4096,410,24062400,101056512,24
sample,long,isolated-tangent,clipping,4,0,3,4096,410,22573200,101056512,24
sample,long,isolated-tangent,clipping,4,0,4,4096,410,21907800,101056512,24
sample,long,isolated-tangent,clipping,4,0,5,4096,410,23118300,101056512,24
sample,long,isolated-tangent,clipping,4,0,6,4096,410,22071900,101056512,24
summary,long,isolated-tangent,clipping,5348.584,5511.035,5874.609
sample,long,degenerate-interior,relationship,4,0,0,65536,6554,2270800,0,0
sample,long,degenerate-interior,relationship,4,0,1,65536,6554,2575400,0,0
sample,long,degenerate-interior,relationship,4,0,2,65536,6554,2106100,0,0
sample,long,degenerate-interior,relationship,4,0,3,65536,6554,2103400,0,0
sample,long,degenerate-interior,relationship,4,0,4,65536,6554,2033100,0,0
sample,long,degenerate-interior,relationship,4,0,5,65536,6554,2073400,0,0
sample,long,degenerate-interior,relationship,4,0,6,65536,6554,2055200,0,0
summary,long,degenerate-interior,relationship,31.023,32.095,39.297
sample,long,degenerate-interior,clipping,4,0,0,65536,6554,287600,0,0
sample,long,degenerate-interior,clipping,4,0,1,65536,6554,284800,0,0
sample,long,degenerate-interior,clipping,4,0,2,65536,6554,284900,0,0
sample,long,degenerate-interior,clipping,4,0,3,65536,6554,333000,0,0
sample,long,degenerate-interior,clipping,4,0,4,65536,6554,377600,0,0
sample,long,degenerate-interior,clipping,4,0,5,65536,6554,564300,0,0
sample,long,degenerate-interior,clipping,4,0,6,65536,6554,336600,0,0
summary,long,degenerate-interior,clipping,4.346,5.081,8.611
sample,long,degenerate-boundary,relationship,4,0,0,65536,6554,1989100,0,0
sample,long,degenerate-boundary,relationship,4,0,1,65536,6554,2003500,0,0
sample,long,degenerate-boundary,relationship,4,0,2,65536,6554,2021800,0,0
sample,long,degenerate-boundary,relationship,4,0,3,65536,6554,1974900,0,0
sample,long,degenerate-boundary,relationship,4,0,4,65536,6554,2013700,0,0
sample,long,degenerate-boundary,relationship,4,0,5,65536,6554,2356200,0,0
sample,long,degenerate-boundary,relationship,4,0,6,65536,6554,2359800,0,0
summary,long,degenerate-boundary,relationship,30.135,30.727,36.008
sample,long,degenerate-boundary,clipping,4,0,0,65536,6554,284700,0,0
sample,long,degenerate-boundary,clipping,4,0,1,65536,6554,284800,0,0
sample,long,degenerate-boundary,clipping,4,0,2,65536,6554,290700,0,0
sample,long,degenerate-boundary,clipping,4,0,3,65536,6554,330900,0,0
sample,long,degenerate-boundary,clipping,4,0,4,65536,6554,284600,0,0
sample,long,degenerate-boundary,clipping,4,0,5,65536,6554,287400,0,0
sample,long,degenerate-boundary,clipping,4,0,6,65536,6554,284800,0,0
summary,long,degenerate-boundary,clipping,4.343,4.346,5.049
sample,long,empty,relationship,0,0,0,65536,6554,831100,0,0
sample,long,empty,relationship,0,0,1,65536,6554,876600,0,0
sample,long,empty,relationship,0,0,2,65536,6554,830400,0,0
sample,long,empty,relationship,0,0,3,65536,6554,873500,0,0
sample,long,empty,relationship,0,0,4,65536,6554,832500,0,0
sample,long,empty,relationship,0,0,5,65536,6554,904200,0,0
sample,long,empty,relationship,0,0,6,65536,6554,831200,0,0
summary,long,empty,relationship,12.671,12.703,13.797
sample,long,empty,clipping,0,0,0,65536,6554,356600,0,0
sample,long,empty,clipping,0,0,1,65536,6554,426300,0,0
sample,long,empty,clipping,0,0,2,65536,6554,477100,0,0
sample,long,empty,clipping,0,0,3,65536,6554,289600,0,0
sample,long,empty,clipping,0,0,4,65536,6554,299900,0,0
sample,long,empty,clipping,0,0,5,65536,6554,284900,0,0
sample,long,empty,clipping,0,0,6,65536,6554,568800,0,0
summary,long,empty,clipping,4.347,5.441,8.679
sample,long,concave-u,relationship,8,2,0,8192,820,22978700,0,0
sample,long,concave-u,relationship,8,2,1,8192,820,22581500,0,0
sample,long,concave-u,relationship,8,2,2,8192,820,22633000,0,0
sample,long,concave-u,relationship,8,2,3,8192,820,23205100,0,0
sample,long,concave-u,relationship,8,2,4,8192,820,22543900,0,0
sample,long,concave-u,relationship,8,2,5,8192,820,23094000,0,0
sample,long,concave-u,relationship,8,2,6,8192,820,23249500,0,0
summary,long,concave-u,relationship,2751.941,2805.017,2838.074
sample,long,concave-u,clipping,8,2,0,512,52,22164200,21102592,5
sample,long,concave-u,clipping,8,2,1,512,52,22531800,21102592,5
sample,long,concave-u,clipping,8,2,2,512,52,23000600,21102592,5
sample,long,concave-u,clipping,8,2,3,512,52,22712500,21102592,5
sample,long,concave-u,clipping,8,2,4,512,52,22258200,21102592,5
sample,long,concave-u,clipping,8,2,5,512,52,23000300,21102592,5
sample,long,concave-u,clipping,8,2,6,512,52,22231000,21102592,5
summary,long,concave-u,clipping,43289.453,44007.422,44923.047
sample,long,hole,relationship,8,2,0,8192,820,22626000,0,0
sample,long,hole,relationship,8,2,1,8192,820,22850700,0,0
sample,long,hole,relationship,8,2,2,8192,820,25117700,0,0
sample,long,hole,relationship,8,2,3,8192,820,22662000,0,0
sample,long,hole,relationship,8,2,4,8192,820,23217500,0,0
sample,long,hole,relationship,8,2,5,8192,820,22826900,0,0
sample,long,hole,relationship,8,2,6,8192,820,22443800,0,0
summary,long,hole,relationship,2739.722,2786.487,3066.125
sample,long,hole,clipping,8,2,0,512,52,21909200,21102592,5
sample,long,hole,clipping,8,2,1,512,52,22547000,21102592,5
sample,long,hole,clipping,8,2,2,512,52,21943700,21102592,5
sample,long,hole,clipping,8,2,3,512,52,23283400,21102592,5
sample,long,hole,clipping,8,2,4,512,52,22511400,21102592,5
sample,long,hole,clipping,8,2,5,512,52,22179100,21102592,5
sample,long,hole,clipping,8,2,6,512,52,22366500,21102592,5
summary,long,hole,clipping,42791.406,43684.570,45475.391
sample,long,hole-reversed,relationship,8,2,0,8192,820,22596100,0,0
sample,long,hole-reversed,relationship,8,2,1,8192,820,22761500,0,0
sample,long,hole-reversed,relationship,8,2,2,8192,820,22656500,0,0
sample,long,hole-reversed,relationship,8,2,3,8192,820,23084300,0,0
sample,long,hole-reversed,relationship,8,2,4,8192,820,22831300,0,0
sample,long,hole-reversed,relationship,8,2,5,8192,820,23012300,0,0
sample,long,hole-reversed,relationship,8,2,6,8192,820,22493700,0,0
summary,long,hole-reversed,relationship,2745.813,2778.503,2817.908
sample,long,hole-reversed,clipping,8,2,0,512,52,21972900,21102592,5
sample,long,hole-reversed,clipping,8,2,1,512,52,22323100,21102592,5
sample,long,hole-reversed,clipping,8,2,2,512,52,22906200,21102592,5
sample,long,hole-reversed,clipping,8,2,3,512,52,22257700,21102592,5
sample,long,hole-reversed,clipping,8,2,4,512,52,22494600,21102592,5
sample,long,hole-reversed,clipping,8,2,5,512,52,21987300,21102592,5
sample,long,hole-reversed,clipping,8,2,6,512,52,21940400,21102592,5
summary,long,hole-reversed,clipping,42852.344,43472.070,44738.672
sample,long,rational-crossing,relationship,3,1,0,32768,3277,20960500,0,0
sample,long,rational-crossing,relationship,3,1,1,32768,3277,20599500,0,0
sample,long,rational-crossing,relationship,3,1,2,32768,3277,21869900,0,0
sample,long,rational-crossing,relationship,3,1,3,32768,3277,20340200,0,0
sample,long,rational-crossing,relationship,3,1,4,32768,3277,21129400,0,0
sample,long,rational-crossing,relationship,3,1,5,32768,3277,20611300,0,0
sample,long,rational-crossing,relationship,3,1,6,32768,3277,21796800,0,0
summary,long,rational-crossing,relationship,620.734,639.664,667.416
sample,long,rational-crossing,clipping,3,1,0,2048,205,36646400,42303488,10
sample,long,rational-crossing,clipping,3,1,1,2048,205,36199500,42303488,10
sample,long,rational-crossing,clipping,3,1,2,2048,205,36093700,42303488,10
sample,long,rational-crossing,clipping,3,1,3,2048,205,36860800,42303488,10
sample,long,rational-crossing,clipping,3,1,4,2048,205,36840200,42303488,10
sample,long,rational-crossing,clipping,3,1,5,2048,205,36511500,42303488,10
sample,long,rational-crossing,clipping,3,1,6,2048,205,36726500,42303488,10
summary,long,rational-crossing,clipping,17623.877,17893.750,17998.438
sample,long,sparse-1,relationship,4,1,0,32768,3277,28771000,0,0
sample,long,sparse-1,relationship,4,1,1,32768,3277,28355600,0,0
sample,long,sparse-1,relationship,4,1,2,32768,3277,28610900,0,0
sample,long,sparse-1,relationship,4,1,3,32768,3277,27784900,0,0
sample,long,sparse-1,relationship,4,1,4,32768,3277,28001900,0,0
sample,long,sparse-1,relationship,4,1,5,32768,3277,28152600,0,0
sample,long,sparse-1,relationship,4,1,6,32768,3277,28307500,0,0
summary,long,sparse-1,relationship,847.928,863.876,878.021
sample,long,sparse-1,clipping,4,1,0,2048,205,38111600,50692096,12
sample,long,sparse-1,clipping,4,1,1,2048,205,37962900,50692096,12
sample,long,sparse-1,clipping,4,1,2,2048,205,36816000,50692096,12
sample,long,sparse-1,clipping,4,1,3,2048,205,37072400,50692096,12
sample,long,sparse-1,clipping,4,1,4,2048,205,37609400,50692096,12
sample,long,sparse-1,clipping,4,1,5,2048,205,37051700,50692096,12
sample,long,sparse-1,clipping,4,1,6,2048,205,36431600,50692096,12
summary,long,sparse-1,clipping,17788.867,18101.758,18609.180
sample,long,sparse-4,relationship,16,1,0,8192,820,47504600,0,0
sample,long,sparse-4,relationship,16,1,1,8192,820,37604200,0,0
sample,long,sparse-4,relationship,16,1,2,8192,820,37711400,0,0
sample,long,sparse-4,relationship,16,1,3,8192,820,39276200,0,0
sample,long,sparse-4,relationship,16,1,4,8192,820,38986500,0,0
sample,long,sparse-4,relationship,16,1,5,8192,820,39898300,0,0
sample,long,sparse-4,relationship,16,1,6,8192,820,39260400,0,0
summary,long,sparse-4,relationship,4590.356,4792.529,5798.901
sample,long,sparse-4,clipping,16,1,0,1024,103,28478800,75677696,19
sample,long,sparse-4,clipping,16,1,1,1024,103,28077300,75677696,19
sample,long,sparse-4,clipping,16,1,2,1024,103,27523000,75677696,19
sample,long,sparse-4,clipping,16,1,3,1024,103,27616900,75677696,19
sample,long,sparse-4,clipping,16,1,4,1024,103,27660200,75677696,19
sample,long,sparse-4,clipping,16,1,5,1024,103,27198200,75677696,19
sample,long,sparse-4,clipping,16,1,6,1024,103,27648900,75677696,19
summary,long,sparse-4,clipping,26560.742,27000.879,27811.328
sample,long,sparse-16,relationship,64,1,0,2048,205,39018000,0,0
sample,long,sparse-16,relationship,64,1,1,2048,205,39417100,0,0
sample,long,sparse-16,relationship,64,1,2,2048,205,39659700,0,0
sample,long,sparse-16,relationship,64,1,3,2048,205,39596900,0,0
sample,long,sparse-16,relationship,64,1,4,2048,205,39382700,0,0
sample,long,sparse-16,relationship,64,1,5,2048,205,39277300,0,0
sample,long,sparse-16,relationship,64,1,6,2048,205,38828200,0,0
summary,long,sparse-16,relationship,18959.082,19229.834,19365.088
sample,long,sparse-16,clipping,64,1,0,512,52,28494200,142696448,42
sample,long,sparse-16,clipping,64,1,1,512,52,27945600,142696448,42
sample,long,sparse-16,clipping,64,1,2,512,52,38394100,142696448,42
sample,long,sparse-16,clipping,64,1,3,512,52,27530900,142696448,42
sample,long,sparse-16,clipping,64,1,4,512,52,28084600,142696448,42
sample,long,sparse-16,clipping,64,1,5,512,52,27913500,142696448,42
sample,long,sparse-16,clipping,64,1,6,512,52,27451800,142696448,42
summary,long,sparse-16,clipping,53616.797,54581.250,74988.477
sample,long,sparse-64,relationship,256,1,0,512,52,39441100,0,0
sample,long,sparse-64,relationship,256,1,1,512,52,38562700,0,0
sample,long,sparse-64,relationship,256,1,2,512,52,38553900,0,0
sample,long,sparse-64,relationship,256,1,3,512,52,39306000,0,0
sample,long,sparse-64,relationship,256,1,4,512,52,39036200,0,0
sample,long,sparse-64,relationship,256,1,5,512,52,38935400,0,0
sample,long,sparse-64,relationship,256,1,6,512,52,39899800,0,0
summary,long,sparse-64,relationship,75300.586,76242.578,77929.297
sample,long,sparse-64,clipping,256,1,0,64,7,22526800,70003712,8
sample,long,sparse-64,clipping,256,1,1,64,7,21553800,70003712,8
sample,long,sparse-64,clipping,256,1,2,64,7,22413200,70003712,8
sample,long,sparse-64,clipping,256,1,3,64,7,21481200,70003712,8
sample,long,sparse-64,clipping,256,1,4,64,7,21349200,70003712,8
sample,long,sparse-64,clipping,256,1,5,64,7,22128100,70003712,8
sample,long,sparse-64,clipping,256,1,6,64,7,21473100,70003712,8
summary,long,sparse-64,clipping,333581.250,336778.125,351981.250
sample,long,dense-1,relationship,4,1,0,32768,3277,30064500,0,0
sample,long,dense-1,relationship,4,1,1,32768,3277,30375300,0,0
sample,long,dense-1,relationship,4,1,2,32768,3277,30314300,0,0
sample,long,dense-1,relationship,4,1,3,32768,3277,30084200,0,0
sample,long,dense-1,relationship,4,1,4,32768,3277,30252500,0,0
sample,long,dense-1,relationship,4,1,5,32768,3277,30217500,0,0
sample,long,dense-1,relationship,4,1,6,32768,3277,30429000,0,0
summary,long,dense-1,relationship,917.496,923.233,928.619
sample,long,dense-1,clipping,4,1,0,2048,205,36963800,50692096,12
sample,long,dense-1,clipping,4,1,1,2048,205,37305800,50692096,12
sample,long,dense-1,clipping,4,1,2,2048,205,36098200,50692096,12
sample,long,dense-1,clipping,4,1,3,2048,205,36762600,50692096,12
sample,long,dense-1,clipping,4,1,4,2048,205,37462500,50692096,12
sample,long,dense-1,clipping,4,1,5,2048,205,37576200,50692096,12
sample,long,dense-1,clipping,4,1,6,2048,205,36982400,50692096,12
summary,long,dense-1,clipping,17626.074,18057.812,18347.754
sample,long,dense-4,relationship,16,4,0,4096,410,25504100,0,0
sample,long,dense-4,relationship,16,4,1,4096,410,25283200,0,0
sample,long,dense-4,relationship,16,4,2,4096,410,24918900,0,0
sample,long,dense-4,relationship,16,4,3,4096,410,24503700,0,0
sample,long,dense-4,relationship,16,4,4,4096,410,24556900,0,0
sample,long,dense-4,relationship,16,4,5,4096,410,24602800,0,0
sample,long,dense-4,relationship,16,4,6,4096,410,24583900,0,0
summary,long,dense-4,relationship,5982.349,6006.543,6226.587
sample,long,dense-4,clipping,16,4,0,256,26,22938100,18976768,4
sample,long,dense-4,clipping,16,4,1,256,26,23622600,18976768,4
sample,long,dense-4,clipping,16,4,2,256,26,24159200,18976768,4
sample,long,dense-4,clipping,16,4,3,256,26,23868100,18976768,4
sample,long,dense-4,clipping,16,4,4,256,26,23835700,18976768,4
sample,long,dense-4,clipping,16,4,5,256,26,23005300,18976768,4
sample,long,dense-4,clipping,16,4,6,256,26,23861600,18976768,4
summary,long,dense-4,clipping,89601.953,93108.203,94371.875
sample,long,dense-16,relationship,64,16,0,1024,103,27175100,0,0
sample,long,dense-16,relationship,64,16,1,1024,103,27842800,0,0
sample,long,dense-16,relationship,64,16,2,1024,103,27314600,0,0
sample,long,dense-16,relationship,64,16,3,1024,103,30664300,0,0
sample,long,dense-16,relationship,64,16,4,1024,103,29522400,0,0
sample,long,dense-16,relationship,64,16,5,1024,103,29729600,0,0
sample,long,dense-16,relationship,64,16,6,1024,103,30257200,0,0
summary,long,dense-16,relationship,26538.184,28830.469,29945.605
sample,long,dense-16,clipping,64,16,0,64,7,29679100,17931264,5
sample,long,dense-16,clipping,64,16,1,64,7,29722500,17931264,5
sample,long,dense-16,clipping,64,16,2,64,7,29372000,17931264,5
sample,long,dense-16,clipping,64,16,3,64,7,29499000,17931264,5
sample,long,dense-16,clipping,64,16,4,64,7,29694400,17931264,5
sample,long,dense-16,clipping,64,16,5,64,7,30017500,17931264,5
sample,long,dense-16,clipping,64,16,6,64,7,29620100,17931264,5
summary,long,dense-16,clipping,458937.500,463735.938,469023.438
sample,long,dense-64,relationship,256,64,0,256,26,30134900,0,0
sample,long,dense-64,relationship,256,64,1,256,26,30048900,0,0
sample,long,dense-64,relationship,256,64,2,256,26,30354000,0,0
sample,long,dense-64,relationship,256,64,3,256,26,30231300,0,0
sample,long,dense-64,relationship,256,64,4,256,26,29602600,0,0
sample,long,dense-64,relationship,256,64,5,256,26,30021500,0,0
sample,long,dense-64,relationship,256,64,6,256,26,29887600,0,0
summary,long,dense-64,relationship,115635.156,117378.516,118570.312
sample,long,dense-64,clipping,256,64,0,16,2,33540400,17612800,1
sample,long,dense-64,clipping,256,64,1,16,2,34506600,17612800,1
sample,long,dense-64,clipping,256,64,2,16,2,33730600,17612800,1
sample,long,dense-64,clipping,256,64,3,16,2,33702400,17612800,1
sample,long,dense-64,clipping,256,64,4,16,2,34769200,17612800,1
sample,long,dense-64,clipping,256,64,5,16,2,33747200,17612800,1
sample,long,dense-64,clipping,256,64,6,16,2,34484500,17612800,1
summary,long,dense-64,clipping,2096275.000,2109200.000,2173075.000
sample,long,wide-integral,relationship,4,1,0,32768,3277,31811700,0,0
sample,long,wide-integral,relationship,4,1,1,32768,3277,30891600,0,0
sample,long,wide-integral,relationship,4,1,2,32768,3277,35277500,0,0
sample,long,wide-integral,relationship,4,1,3,32768,3277,36492800,0,0
sample,long,wide-integral,relationship,4,1,4,32768,3277,30862600,0,0
sample,long,wide-integral,relationship,4,1,5,32768,3277,30467600,0,0
sample,long,wide-integral,relationship,4,1,6,32768,3277,30896300,0,0
summary,long,wide-integral,relationship,929.797,942.880,1113.672
sample,long,wide-integral,clipping,4,1,0,1024,103,22945600,25346048,6
sample,long,wide-integral,clipping,4,1,1,1024,103,22463000,25346048,6
sample,long,wide-integral,clipping,4,1,2,1024,103,22083300,25346048,6
sample,long,wide-integral,clipping,4,1,3,1024,103,23141800,25346048,6
sample,long,wide-integral,clipping,4,1,4,1024,103,22321800,25346048,6
sample,long,wide-integral,clipping,4,1,5,1024,103,22320100,25346048,6
sample,long,wide-integral,clipping,4,1,6,1024,103,22779200,25346048,6
summary,long,wide-integral,clipping,21565.723,21936.523,22599.414
sample,long,endpoint-collapse,relationship,4,0,0,16384,1639,22437200,0,0
sample,long,endpoint-collapse,relationship,4,0,1,16384,1639,22286000,0,0
sample,long,endpoint-collapse,relationship,4,0,2,16384,1639,22470100,0,0
sample,long,endpoint-collapse,relationship,4,0,3,16384,1639,22368400,0,0
sample,long,endpoint-collapse,relationship,4,0,4,16384,1639,22204800,0,0
sample,long,endpoint-collapse,relationship,4,0,5,16384,1639,22744500,0,0
sample,long,endpoint-collapse,relationship,4,0,6,16384,1639,22124600,0,0
summary,long,endpoint-collapse,relationship,1350.378,1365.259,1388.214
sample,long,endpoint-collapse,clipping,4,0,0,2048,205,33451800,50626560,12
sample,long,endpoint-collapse,clipping,4,0,1,2048,205,35630200,50626560,12
sample,long,endpoint-collapse,clipping,4,0,2,2048,205,36077800,50626560,12
sample,long,endpoint-collapse,clipping,4,0,3,2048,205,36131400,50626560,12
sample,long,endpoint-collapse,clipping,4,0,4,2048,205,35345400,50626560,12
sample,long,endpoint-collapse,clipping,4,0,5,2048,205,34975800,50626560,12
sample,long,endpoint-collapse,clipping,4,0,6,2048,205,34808700,50626560,12
summary,long,endpoint-collapse,clipping,16333.887,17258.496,17642.285
sample,long,gap-collapse,relationship,8,0,0,8192,820,27013600,0,0
sample,long,gap-collapse,relationship,8,0,1,8192,820,26897300,0,0
sample,long,gap-collapse,relationship,8,0,2,8192,820,25481800,0,0
sample,long,gap-collapse,relationship,8,0,3,8192,820,36048200,0,0
sample,long,gap-collapse,relationship,8,0,4,8192,820,26328000,0,0
sample,long,gap-collapse,relationship,8,0,5,8192,820,25496600,0,0
sample,long,gap-collapse,relationship,8,0,6,8192,820,26002000,0,0
summary,long,gap-collapse,relationship,3110.571,3213.867,4400.415
sample,long,gap-collapse,clipping,8,0,0,512,52,21020500,21086208,5
sample,long,gap-collapse,clipping,8,0,1,512,52,19893900,21086208,5
sample,long,gap-collapse,clipping,8,0,2,512,52,21382000,21086208,5
sample,long,gap-collapse,clipping,8,0,3,512,52,21294300,21086208,5
sample,long,gap-collapse,clipping,8,0,4,512,52,21112400,21086208,5
sample,long,gap-collapse,clipping,8,0,5,512,52,20982800,21086208,5
sample,long,gap-collapse,clipping,8,0,6,512,52,20349400,21086208,5
summary,long,gap-collapse,clipping,38855.273,41055.664,41761.719
fixture,float,exterior,4,1,success,0
fixture,float,interior,4,4,success,1
fixture,float,crossing,4,7,success,1
fixture,float,boundary-only,4,10,success,1
fixture,float,boundary-overlap,4,11,success,1
fixture,float,isolated-tangent,4,3,success,0
fixture,float,degenerate-interior,4,4,success,0
fixture,float,degenerate-boundary,4,2,success,0
fixture,float,empty,0,1,success,0
fixture,float,concave-u,8,7,success,2
fixture,float,hole,8,7,success,2
fixture,float,hole-reversed,8,7,success,2
fixture,float,rational-crossing,3,7,success,1
fixture,float,sparse-1,4,7,success,1
fixture,float,sparse-4,16,7,success,1
fixture,float,sparse-16,64,7,success,1
fixture,float,sparse-64,256,7,success,1
fixture,float,dense-1,4,7,success,1
fixture,float,dense-4,16,7,success,4
fixture,float,dense-16,64,7,success,16
fixture,float,dense-64,256,7,success,64
fixture,float,subnormal,4,7,success,1
fixture,float,large-finite,4,7,success,1
preflight,float,23,PASS
sample,float,exterior,relationship,4,0,0,32768,3277,36421600,0,0
sample,float,exterior,relationship,4,0,1,32768,3277,36539000,0,0
sample,float,exterior,relationship,4,0,2,32768,3277,38548400,0,0
sample,float,exterior,relationship,4,0,3,32768,3277,38837300,0,0
sample,float,exterior,relationship,4,0,4,32768,3277,36632600,0,0
sample,float,exterior,relationship,4,0,5,32768,3277,38099700,0,0
sample,float,exterior,relationship,4,0,6,32768,3277,37652600,0,0
summary,float,exterior,relationship,1111.499,1149.066,1185.220
sample,float,exterior,clipping,4,0,0,8192,820,32252300,202113024,49
sample,float,exterior,clipping,4,0,1,8192,820,32720800,202113024,49
sample,float,exterior,clipping,4,0,2,8192,820,32802100,202113024,49
sample,float,exterior,clipping,4,0,3,8192,820,32319500,202113024,49
sample,float,exterior,clipping,4,0,4,8192,820,34125100,202113024,49
sample,float,exterior,clipping,4,0,5,8192,820,35003400,202113024,49
sample,float,exterior,clipping,4,0,6,8192,820,34019800,202113024,49
summary,float,exterior,clipping,3937.048,4004.163,4272.876
sample,float,interior,relationship,4,1,0,32768,3277,37239100,0,0
sample,float,interior,relationship,4,1,1,32768,3277,37863400,0,0
sample,float,interior,relationship,4,1,2,32768,3277,39345700,0,0
sample,float,interior,relationship,4,1,3,32768,3277,38490800,0,0
sample,float,interior,relationship,4,1,4,32768,3277,38371200,0,0
sample,float,interior,relationship,4,1,5,32768,3277,39118600,0,0
sample,float,interior,relationship,4,1,6,32768,3277,37672400,0,0
summary,float,interior,relationship,1136.447,1170.996,1200.735
sample,float,interior,clipping,4,1,0,4096,410,38747500,101253120,24
sample,float,interior,clipping,4,1,1,4096,410,38512900,101253120,24
sample,float,interior,clipping,4,1,2,4096,410,40113600,101253120,24
sample,float,interior,clipping,4,1,3,4096,410,38575300,101253120,24
sample,float,interior,clipping,4,1,4,4096,410,38474100,101253120,24
sample,float,interior,clipping,4,1,5,4096,410,39645000,101253120,24
sample,float,interior,clipping,4,1,6,4096,410,38528500,101253120,24
summary,float,interior,clipping,9393.091,9417.798,9793.359
sample,float,crossing,relationship,4,1,0,32768,3277,37256300,0,0
sample,float,crossing,relationship,4,1,1,32768,3277,36961300,0,0
sample,float,crossing,relationship,4,1,2,32768,3277,37644800,0,0
sample,float,crossing,relationship,4,1,3,32768,3277,37866000,0,0
sample,float,crossing,relationship,4,1,4,32768,3277,37128100,0,0
sample,float,crossing,relationship,4,1,5,32768,3277,37357200,0,0
sample,float,crossing,relationship,4,1,6,32768,3277,37447300,0,0
summary,float,crossing,relationship,1127.969,1140.051,1155.579
sample,float,crossing,clipping,4,1,0,1024,103,20899000,25346048,6
sample,float,crossing,clipping,4,1,1,1024,103,19644400,25346048,6
sample,float,crossing,clipping,4,1,2,1024,103,19510100,25346048,6
sample,float,crossing,clipping,4,1,3,1024,103,19983200,25346048,6
sample,float,crossing,clipping,4,1,4,1024,103,20670600,25346048,6
sample,float,crossing,clipping,4,1,5,1024,103,20470900,25346048,6
sample,float,crossing,clipping,4,1,6,1024,103,20113100,25346048,6
summary,float,crossing,clipping,19052.832,19641.699,20409.180
sample,float,boundary-only,relationship,4,1,0,16384,1639,22335300,0,0
sample,float,boundary-only,relationship,4,1,1,16384,1639,23104900,0,0
sample,float,boundary-only,relationship,4,1,2,16384,1639,22598400,0,0
sample,float,boundary-only,relationship,4,1,3,16384,1639,22281100,0,0
sample,float,boundary-only,relationship,4,1,4,16384,1639,22952100,0,0
sample,float,boundary-only,relationship,4,1,5,16384,1639,22089000,0,0
sample,float,boundary-only,relationship,4,1,6,16384,1639,22154900,0,0
summary,float,boundary-only,relationship,1348.206,1363.239,1410.211
sample,float,boundary-only,clipping,4,1,0,2048,205,24947600,50626560,12
sample,float,boundary-only,clipping,4,1,1,2048,205,25882800,50626560,12
sample,float,boundary-only,clipping,4,1,2,2048,205,25298900,50626560,12
sample,float,boundary-only,clipping,4,1,3,2048,205,25608800,50626560,12
sample,float,boundary-only,clipping,4,1,4,2048,205,25123000,50626560,12
sample,float,boundary-only,clipping,4,1,5,2048,205,26101200,50626560,12
sample,float,boundary-only,clipping,4,1,6,2048,205,24885600,50626560,12
summary,float,boundary-only,clipping,12151.172,12352.979,12744.727
sample,float,boundary-overlap,relationship,4,1,0,16384,1639,29935800,0,0
sample,float,boundary-overlap,relationship,4,1,1,16384,1639,29838400,0,0
sample,float,boundary-overlap,relationship,4,1,2,16384,1639,29444400,0,0
sample,float,boundary-overlap,relationship,4,1,3,16384,1639,29580200,0,0
sample,float,boundary-overlap,relationship,4,1,4,16384,1639,29284500,0,0
sample,float,boundary-overlap,relationship,4,1,5,16384,1639,29638700,0,0
sample,float,boundary-overlap,relationship,4,1,6,16384,1639,29864900,0,0
summary,float,boundary-overlap,relationship,1787.384,1809.003,1827.136
sample,float,boundary-overlap,clipping,4,1,0,2048,205,26072600,50692096,12
sample,float,boundary-overlap,clipping,4,1,1,2048,205,26498400,50692096,12
sample,float,boundary-overlap,clipping,4,1,2,2048,205,25889600,50692096,12
sample,float,boundary-overlap,clipping,4,1,3,2048,205,35555100,50692096,12
sample,float,boundary-overlap,clipping,4,1,4,2048,205,25629200,50692096,12
sample,float,boundary-overlap,clipping,4,1,5,2048,205,26562000,50692096,12
sample,float,boundary-overlap,clipping,4,1,6,2048,205,26409800,50692096,12
summary,float,boundary-overlap,clipping,12514.258,12895.410,17360.889
sample,float,isolated-tangent,relationship,4,0,0,16384,1639,33914200,0,0
sample,float,isolated-tangent,relationship,4,0,1,16384,1639,33786400,0,0
sample,float,isolated-tangent,relationship,4,0,2,16384,1639,34502500,0,0
sample,float,isolated-tangent,relationship,4,0,3,16384,1639,34623900,0,0
sample,float,isolated-tangent,relationship,4,0,4,16384,1639,33900500,0,0
sample,float,isolated-tangent,relationship,4,0,5,16384,1639,34144700,0,0
sample,float,isolated-tangent,relationship,4,0,6,16384,1639,34216100,0,0
summary,float,isolated-tangent,relationship,2062.158,2084.027,2113.275
sample,float,isolated-tangent,clipping,4,0,0,4096,410,27324400,101056512,24
sample,float,isolated-tangent,clipping,4,0,1,4096,410,28147000,101056512,24
sample,float,isolated-tangent,clipping,4,0,2,4096,410,28710600,101056512,24
sample,float,isolated-tangent,clipping,4,0,3,4096,410,28212000,101056512,24
sample,float,isolated-tangent,clipping,4,0,4,4096,410,28246700,101056512,24
sample,float,isolated-tangent,clipping,4,0,5,4096,410,26739600,101056512,24
sample,float,isolated-tangent,clipping,4,0,6,4096,410,27262100,101056512,24
summary,float,isolated-tangent,clipping,6528.223,6871.826,7009.424
sample,float,degenerate-interior,relationship,4,0,0,65536,6554,3440000,0,0
sample,float,degenerate-interior,relationship,4,0,1,65536,6554,3225200,0,0
sample,float,degenerate-interior,relationship,4,0,2,65536,6554,3216000,0,0
sample,float,degenerate-interior,relationship,4,0,3,65536,6554,3298800,0,0
sample,float,degenerate-interior,relationship,4,0,4,65536,6554,3718300,0,0
sample,float,degenerate-interior,relationship,4,0,5,65536,6554,3475700,0,0
sample,float,degenerate-interior,relationship,4,0,6,65536,6554,3404500,0,0
summary,float,degenerate-interior,relationship,49.072,51.949,56.737
sample,float,degenerate-interior,clipping,4,0,0,65536,6554,306100,0,0
sample,float,degenerate-interior,clipping,4,0,1,65536,6554,346400,0,0
sample,float,degenerate-interior,clipping,4,0,2,65536,6554,305900,0,0
sample,float,degenerate-interior,clipping,4,0,3,65536,6554,418200,0,0
sample,float,degenerate-interior,clipping,4,0,4,65536,6554,350000,0,0
sample,float,degenerate-interior,clipping,4,0,5,65536,6554,305500,0,0
sample,float,degenerate-interior,clipping,4,0,6,65536,6554,305900,0,0
summary,float,degenerate-interior,clipping,4.662,4.671,6.381
sample,float,degenerate-boundary,relationship,4,0,0,65536,6554,3294600,0,0
sample,float,degenerate-boundary,relationship,4,0,1,65536,6554,3290100,0,0
sample,float,degenerate-boundary,relationship,4,0,2,65536,6554,3304400,0,0
sample,float,degenerate-boundary,relationship,4,0,3,65536,6554,3338200,0,0
sample,float,degenerate-boundary,relationship,4,0,4,65536,6554,3407100,0,0
sample,float,degenerate-boundary,relationship,4,0,5,65536,6554,3311300,0,0
sample,float,degenerate-boundary,relationship,4,0,6,65536,6554,3340900,0,0
summary,float,degenerate-boundary,relationship,50.203,50.526,51.988
sample,float,degenerate-boundary,clipping,4,0,0,65536,6554,312800,0,0
sample,float,degenerate-boundary,clipping,4,0,1,65536,6554,315500,0,0
sample,float,degenerate-boundary,clipping,4,0,2,65536,6554,312900,0,0
sample,float,degenerate-boundary,clipping,4,0,3,65536,6554,355900,0,0
sample,float,degenerate-boundary,clipping,4,0,4,65536,6554,312800,0,0
sample,float,degenerate-boundary,clipping,4,0,5,65536,6554,312900,0,0
sample,float,degenerate-boundary,clipping,4,0,6,65536,6554,316100,0,0
summary,float,degenerate-boundary,clipping,4.773,4.774,5.431
sample,float,empty,relationship,0,0,0,65536,6554,972300,0,0
sample,float,empty,relationship,0,0,1,65536,6554,1118300,0,0
sample,float,empty,relationship,0,0,2,65536,6554,1107000,0,0
sample,float,empty,relationship,0,0,3,65536,6554,1131500,0,0
sample,float,empty,relationship,0,0,4,65536,6554,972300,0,0
sample,float,empty,relationship,0,0,5,65536,6554,1301200,0,0
sample,float,empty,relationship,0,0,6,65536,6554,1019500,0,0
summary,float,empty,relationship,14.836,16.891,19.855
sample,float,empty,clipping,0,0,0,65536,6554,313300,0,0
sample,float,empty,clipping,0,0,1,65536,6554,313200,0,0
sample,float,empty,clipping,0,0,2,65536,6554,313300,0,0
sample,float,empty,clipping,0,0,3,65536,6554,313300,0,0
sample,float,empty,clipping,0,0,4,65536,6554,313200,0,0
sample,float,empty,clipping,0,0,5,65536,6554,326000,0,0
sample,float,empty,clipping,0,0,6,65536,6554,356100,0,0
summary,float,empty,clipping,4.779,4.781,5.434
sample,float,concave-u,relationship,8,2,0,8192,820,25409400,0,0
sample,float,concave-u,relationship,8,2,1,8192,820,26617100,0,0
sample,float,concave-u,relationship,8,2,2,8192,820,25327600,0,0
sample,float,concave-u,relationship,8,2,3,8192,820,26849300,0,0
sample,float,concave-u,relationship,8,2,4,8192,820,25869200,0,0
sample,float,concave-u,relationship,8,2,5,8192,820,26530400,0,0
sample,float,concave-u,relationship,8,2,6,8192,820,26320000,0,0
summary,float,concave-u,relationship,3091.748,3212.891,3277.502
sample,float,concave-u,clipping,8,2,0,512,52,22695300,21102592,5
sample,float,concave-u,clipping,8,2,1,512,52,23188600,21102592,5
sample,float,concave-u,clipping,8,2,2,512,52,22617000,21102592,5
sample,float,concave-u,clipping,8,2,3,512,52,22759100,21102592,5
sample,float,concave-u,clipping,8,2,4,512,52,23225000,21102592,5
sample,float,concave-u,clipping,8,2,5,512,52,22558300,21102592,5
sample,float,concave-u,clipping,8,2,6,512,52,22838600,21102592,5
summary,float,concave-u,clipping,44059.180,44451.367,45361.328
sample,float,hole,relationship,8,2,0,8192,820,26537300,0,0
sample,float,hole,relationship,8,2,1,8192,820,26261100,0,0
sample,float,hole,relationship,8,2,2,8192,820,26573200,0,0
sample,float,hole,relationship,8,2,3,8192,820,26118300,0,0
sample,float,hole,relationship,8,2,4,8192,820,26558200,0,0
sample,float,hole,relationship,8,2,5,8192,820,26434800,0,0
sample,float,hole,relationship,8,2,6,8192,820,26465500,0,0
summary,float,hole,relationship,3188.269,3230.652,3243.799
sample,float,hole,clipping,8,2,0,512,52,22802300,21102592,5
sample,float,hole,clipping,8,2,1,512,52,25128100,21102592,5
sample,float,hole,clipping,8,2,2,512,52,22929800,21102592,5
sample,float,hole,clipping,8,2,3,512,52,23750300,21102592,5
sample,float,hole,clipping,8,2,4,512,52,22684600,21102592,5
sample,float,hole,clipping,8,2,5,512,52,22681400,21102592,5
sample,float,hole,clipping,8,2,6,512,52,23374000,21102592,5
summary,float,hole,clipping,44299.609,44784.766,49078.320
sample,float,hole-reversed,relationship,8,2,0,8192,820,27069900,0,0
sample,float,hole-reversed,relationship,8,2,1,8192,820,26674800,0,0
sample,float,hole-reversed,relationship,8,2,2,8192,820,27187200,0,0
sample,float,hole-reversed,relationship,8,2,3,8192,820,27453200,0,0
sample,float,hole-reversed,relationship,8,2,4,8192,820,26524100,0,0
sample,float,hole-reversed,relationship,8,2,5,8192,820,27382100,0,0
sample,float,hole-reversed,relationship,8,2,6,8192,820,26533800,0,0
summary,float,hole-reversed,relationship,3237.805,3304.431,3351.221
sample,float,hole-reversed,clipping,8,2,0,512,52,23393400,21102592,5
sample,float,hole-reversed,clipping,8,2,1,512,52,22897200,21102592,5
sample,float,hole-reversed,clipping,8,2,2,512,52,23619200,21102592,5
sample,float,hole-reversed,clipping,8,2,3,512,52,33117600,21102592,5
sample,float,hole-reversed,clipping,8,2,4,512,52,22581000,21102592,5
sample,float,hole-reversed,clipping,8,2,5,512,52,22678700,21102592,5
sample,float,hole-reversed,clipping,8,2,6,512,52,23859600,21102592,5
summary,float,hole-reversed,clipping,44103.516,45690.234,64682.812
sample,float,rational-crossing,relationship,3,1,0,32768,3277,25723100,0,0
sample,float,rational-crossing,relationship,3,1,1,32768,3277,25668000,0,0
sample,float,rational-crossing,relationship,3,1,2,32768,3277,25930200,0,0
sample,float,rational-crossing,relationship,3,1,3,32768,3277,25592100,0,0
sample,float,rational-crossing,relationship,3,1,4,32768,3277,25773700,0,0
sample,float,rational-crossing,relationship,3,1,5,32768,3277,25657500,0,0
sample,float,rational-crossing,relationship,3,1,6,32768,3277,25700400,0,0
summary,float,rational-crossing,relationship,781.009,784.314,791.327
sample,float,rational-crossing,clipping,3,1,0,2048,205,39595400,42303488,10
sample,float,rational-crossing,clipping,3,1,1,2048,205,39802400,42303488,10
sample,float,rational-crossing,clipping,3,1,2,2048,205,39976900,42303488,10
sample,float,rational-crossing,clipping,3,1,3,2048,205,44213900,42303488,10
sample,float,rational-crossing,clipping,3,1,4,2048,205,39576200,42303488,10
sample,float,rational-crossing,clipping,3,1,5,2048,205,40116000,42303488,10
sample,float,rational-crossing,clipping,3,1,6,2048,205,40017000,42303488,10
summary,float,rational-crossing,clipping,19324.316,19519.971,21588.818
sample,float,sparse-1,relationship,4,1,0,32768,3277,37299400,0,0
sample,float,sparse-1,relationship,4,1,1,32768,3277,38143400,0,0
sample,float,sparse-1,relationship,4,1,2,32768,3277,36629100,0,0
sample,float,sparse-1,relationship,4,1,3,32768,3277,35676400,0,0
sample,float,sparse-1,relationship,4,1,4,32768,3277,35657100,0,0
sample,float,sparse-1,relationship,4,1,5,32768,3277,36090900,0,0
sample,float,sparse-1,relationship,4,1,6,32768,3277,45296900,0,0
summary,float,sparse-1,relationship,1088.168,1117.831,1382.352
sample,float,sparse-1,clipping,4,1,0,2048,205,38863600,50692096,12
sample,float,sparse-1,clipping,4,1,1,2048,205,38759000,50692096,12
sample,float,sparse-1,clipping,4,1,2,2048,205,39252800,50692096,12
sample,float,sparse-1,clipping,4,1,3,2048,205,38017100,50692096,12
sample,float,sparse-1,clipping,4,1,4,2048,205,38268900,50692096,12
sample,float,sparse-1,clipping,4,1,5,2048,205,38150900,50692096,12
sample,float,sparse-1,clipping,4,1,6,2048,205,37406900,50692096,12
summary,float,sparse-1,clipping,18265.088,18685.986,19166.406
sample,float,sparse-4,relationship,16,1,0,4096,410,20870900,0,0
sample,float,sparse-4,relationship,16,1,1,4096,410,20900400,0,0
sample,float,sparse-4,relationship,16,1,2,4096,410,21247200,0,0
sample,float,sparse-4,relationship,16,1,3,4096,410,20935600,0,0
sample,float,sparse-4,relationship,16,1,4,4096,410,21024200,0,0
sample,float,sparse-4,relationship,16,1,5,4096,410,22714200,0,0
sample,float,sparse-4,relationship,16,1,6,4096,410,21024800,0,0
summary,float,sparse-4,relationship,5095.435,5132.861,5545.459
sample,float,sparse-4,clipping,16,1,0,1024,103,28477800,75677696,18
sample,float,sparse-4,clipping,16,1,1,1024,103,27463500,75677696,18
sample,float,sparse-4,clipping,16,1,2,1024,103,27841100,75677696,18
sample,float,sparse-4,clipping,16,1,3,1024,103,27914800,75677696,18
sample,float,sparse-4,clipping,16,1,4,1024,103,30294000,75677696,18
sample,float,sparse-4,clipping,16,1,5,1024,103,29645600,75677696,18
sample,float,sparse-4,clipping,16,1,6,1024,103,29288300,75677696,18
summary,float,sparse-4,clipping,26819.824,27810.352,29583.984
sample,float,sparse-16,relationship,64,1,0,1024,103,22793000,0,0
sample,float,sparse-16,relationship,64,1,1,1024,103,22471800,0,0
sample,float,sparse-16,relationship,64,1,2,1024,103,22536100,0,0
sample,float,sparse-16,relationship,64,1,3,1024,103,22412000,0,0
sample,float,sparse-16,relationship,64,1,4,1024,103,22182100,0,0
sample,float,sparse-16,relationship,64,1,5,1024,103,22887700,0,0
sample,float,sparse-16,relationship,64,1,6,1024,103,31351200,0,0
summary,float,sparse-16,relationship,21662.207,22007.910,30616.406
sample,float,sparse-16,clipping,64,1,0,512,52,29673600,142696448,39
sample,float,sparse-16,clipping,64,1,1,512,52,30026600,142696448,39
sample,float,sparse-16,clipping,64,1,2,512,52,29910400,142696448,39
sample,float,sparse-16,clipping,64,1,3,512,52,29114700,142696448,39
sample,float,sparse-16,clipping,64,1,4,512,52,30338300,142696448,39
sample,float,sparse-16,clipping,64,1,5,512,52,30436600,142696448,39
sample,float,sparse-16,clipping,64,1,6,512,52,30183700,142696448,39
summary,float,sparse-16,clipping,56864.648,58645.703,59446.484
sample,float,sparse-64,relationship,256,1,0,256,26,21865900,0,0
sample,float,sparse-64,relationship,256,1,1,256,26,22002300,0,0
sample,float,sparse-64,relationship,256,1,2,256,26,22593800,0,0
sample,float,sparse-64,relationship,256,1,3,256,26,21720300,0,0
sample,float,sparse-64,relationship,256,1,4,256,26,21883600,0,0
sample,float,sparse-64,relationship,256,1,5,256,26,22682600,0,0
sample,float,sparse-64,relationship,256,1,6,256,26,21791600,0,0
summary,float,sparse-64,relationship,84844.922,85482.812,88603.906
sample,float,sparse-64,clipping,256,1,0,128,13,23520500,140007424,63
sample,float,sparse-64,clipping,256,1,1,128,13,23628100,140007424,63
sample,float,sparse-64,clipping,256,1,2,128,13,23041300,140007424,63
sample,float,sparse-64,clipping,256,1,3,128,13,23784800,140007424,63
sample,float,sparse-64,clipping,256,1,4,128,13,23168900,140007424,63
sample,float,sparse-64,clipping,256,1,5,128,13,23246500,140007424,63
sample,float,sparse-64,clipping,256,1,6,128,13,23706900,140007424,63
summary,float,sparse-64,clipping,180010.156,183753.906,185818.750
sample,float,dense-1,relationship,4,1,0,32768,3277,37165500,0,0
sample,float,dense-1,relationship,4,1,1,32768,3277,37214900,0,0
sample,float,dense-1,relationship,4,1,2,32768,3277,38403700,0,0
sample,float,dense-1,relationship,4,1,3,32768,3277,38102100,0,0
sample,float,dense-1,relationship,4,1,4,32768,3277,38218100,0,0
sample,float,dense-1,relationship,4,1,5,32768,3277,38779800,0,0
sample,float,dense-1,relationship,4,1,6,32768,3277,44960000,0,0
summary,float,dense-1,relationship,1134.201,1166.324,1372.070
sample,float,dense-1,clipping,4,1,0,1024,103,20207200,25346048,6
sample,float,dense-1,clipping,4,1,1,1024,103,20109300,25346048,6
sample,float,dense-1,clipping,4,1,2,1024,103,19923400,25346048,6
sample,float,dense-1,clipping,4,1,3,1024,103,20596000,25346048,6
sample,float,dense-1,clipping,4,1,4,1024,103,20618600,25346048,6
sample,float,dense-1,clipping,4,1,5,1024,103,20000200,25346048,6
sample,float,dense-1,clipping,4,1,6,1024,103,19957700,25346048,6
summary,float,dense-1,clipping,19456.445,19637.988,20135.352
sample,float,dense-4,relationship,16,4,0,4096,410,29226100,0,0
sample,float,dense-4,relationship,16,4,1,4096,410,29041000,0,0
sample,float,dense-4,relationship,16,4,2,4096,410,30198000,0,0
sample,float,dense-4,relationship,16,4,3,4096,410,30208800,0,0
sample,float,dense-4,relationship,16,4,4,4096,410,29323200,0,0
sample,float,dense-4,relationship,16,4,5,4096,410,29491000,0,0
sample,float,dense-4,relationship,16,4,6,4096,410,29201900,0,0
summary,float,dense-4,relationship,7090.088,7158.984,7375.195
sample,float,dense-4,clipping,16,4,0,256,26,24960400,18976768,4
sample,float,dense-4,clipping,16,4,1,256,26,25121300,18976768,4
sample,float,dense-4,clipping,16,4,2,256,26,24803700,18976768,4
sample,float,dense-4,clipping,16,4,3,256,26,25561500,18976768,4
sample,float,dense-4,clipping,16,4,4,256,26,24619000,18976768,4
sample,float,dense-4,clipping,16,4,5,256,26,25221900,18976768,4
sample,float,dense-4,clipping,16,4,6,256,26,24675500,18976768,4
summary,float,dense-4,clipping,96167.969,97501.562,99849.609
sample,float,dense-16,relationship,64,16,0,1024,103,31301400,0,0
sample,float,dense-16,relationship,64,16,1,1024,103,31140900,0,0
sample,float,dense-16,relationship,64,16,2,1024,103,30947700,0,0
sample,float,dense-16,relationship,64,16,3,1024,103,30853700,0,0
sample,float,dense-16,relationship,64,16,4,1024,103,29907600,0,0
sample,float,dense-16,relationship,64,16,5,1024,103,30728300,0,0
sample,float,dense-16,relationship,64,16,6,1024,103,30079200,0,0
summary,float,dense-16,relationship,29206.641,30130.566,30567.773
sample,float,dense-16,clipping,64,16,0,64,7,27882100,17931264,4
sample,float,dense-16,clipping,64,16,1,64,7,28476200,17931264,4
sample,float,dense-16,clipping,64,16,2,64,7,28083100,17931264,4
sample,float,dense-16,clipping,64,16,3,64,7,28521600,17931264,4
sample,float,dense-16,clipping,64,16,4,64,7,28460600,17931264,4
sample,float,dense-16,clipping,64,16,5,64,7,27879100,17931264,4
sample,float,dense-16,clipping,64,16,6,64,7,27850000,17931264,4
summary,float,dense-16,clipping,435156.250,438798.438,445650.000
sample,float,dense-64,relationship,256,64,0,256,26,31854500,0,0
sample,float,dense-64,relationship,256,64,1,256,26,30790100,0,0
sample,float,dense-64,relationship,256,64,2,256,26,30871600,0,0
sample,float,dense-64,relationship,256,64,3,256,26,30921400,0,0
sample,float,dense-64,relationship,256,64,4,256,26,30738500,0,0
sample,float,dense-64,relationship,256,64,5,256,26,30894200,0,0
sample,float,dense-64,relationship,256,64,6,256,26,30781900,0,0
summary,float,dense-64,relationship,120072.266,120592.188,124431.641
sample,float,dense-64,clipping,256,64,0,16,2,33690300,17612800,7
sample,float,dense-64,clipping,256,64,1,16,2,33945800,17612800,7
sample,float,dense-64,clipping,256,64,2,16,2,35816600,17612800,7
sample,float,dense-64,clipping,256,64,3,16,2,34917600,17612800,7
sample,float,dense-64,clipping,256,64,4,16,2,34530900,17612800,7
sample,float,dense-64,clipping,256,64,5,16,2,35182400,17612800,7
sample,float,dense-64,clipping,256,64,6,16,2,34542700,17612800,7
summary,float,dense-64,clipping,2105643.750,2158918.750,2238537.500
sample,float,subnormal,relationship,4,1,0,32768,3277,36766000,0,0
sample,float,subnormal,relationship,4,1,1,32768,3277,37422100,0,0
sample,float,subnormal,relationship,4,1,2,32768,3277,46544000,0,0
sample,float,subnormal,relationship,4,1,3,32768,3277,37132200,0,0
sample,float,subnormal,relationship,4,1,4,32768,3277,36927300,0,0
sample,float,subnormal,relationship,4,1,5,32768,3277,36833000,0,0
sample,float,subnormal,relationship,4,1,6,32768,3277,37134700,0,0
summary,float,subnormal,relationship,1122.009,1133.185,1420.410
sample,float,subnormal,clipping,4,1,0,1024,103,20242000,25346048,6
sample,float,subnormal,clipping,4,1,1,1024,103,20453700,25346048,6
sample,float,subnormal,clipping,4,1,2,1024,103,20701900,25346048,6
sample,float,subnormal,clipping,4,1,3,1024,103,20242600,25346048,6
sample,float,subnormal,clipping,4,1,4,1024,103,20223400,25346048,6
sample,float,subnormal,clipping,4,1,5,1024,103,20411500,25346048,6
sample,float,subnormal,clipping,4,1,6,1024,103,21064100,25346048,6
summary,float,subnormal,clipping,19749.414,19933.105,20570.410
sample,float,large-finite,relationship,4,1,0,32768,3277,38193300,0,0
sample,float,large-finite,relationship,4,1,1,32768,3277,37142300,0,0
sample,float,large-finite,relationship,4,1,2,32768,3277,38780300,0,0
sample,float,large-finite,relationship,4,1,3,32768,3277,38829700,0,0
sample,float,large-finite,relationship,4,1,4,32768,3277,36832700,0,0
sample,float,large-finite,relationship,4,1,5,32768,3277,37884000,0,0
sample,float,large-finite,relationship,4,1,6,32768,3277,36928600,0,0
summary,float,large-finite,relationship,1124.045,1156.128,1184.988
sample,float,large-finite,clipping,4,1,0,1024,103,21533600,25346048,6
sample,float,large-finite,clipping,4,1,1,1024,103,21037800,25346048,6
sample,float,large-finite,clipping,4,1,2,1024,103,20943800,25346048,6
sample,float,large-finite,clipping,4,1,3,1024,103,21608700,25346048,6
sample,float,large-finite,clipping,4,1,4,1024,103,21103500,25346048,6
sample,float,large-finite,clipping,4,1,5,1024,103,21276100,25346048,6
sample,float,large-finite,clipping,4,1,6,1024,103,21249900,25346048,6
summary,float,large-finite,clipping,20452.930,20751.855,21102.246
fixture,double,exterior,4,1,success,0
fixture,double,interior,4,4,success,1
fixture,double,crossing,4,7,success,1
fixture,double,boundary-only,4,10,success,1
fixture,double,boundary-overlap,4,11,success,1
fixture,double,isolated-tangent,4,3,success,0
fixture,double,degenerate-interior,4,4,success,0
fixture,double,degenerate-boundary,4,2,success,0
fixture,double,empty,0,1,success,0
fixture,double,concave-u,8,7,success,2
fixture,double,hole,8,7,success,2
fixture,double,hole-reversed,8,7,success,2
fixture,double,rational-crossing,3,7,success,1
fixture,double,sparse-1,4,7,success,1
fixture,double,sparse-4,16,7,success,1
fixture,double,sparse-16,64,7,success,1
fixture,double,sparse-64,256,7,success,1
fixture,double,dense-1,4,7,success,1
fixture,double,dense-4,16,7,success,4
fixture,double,dense-16,64,7,success,16
fixture,double,dense-64,256,7,success,64
fixture,double,subnormal,4,7,success,1
fixture,double,large-finite,4,7,success,1
preflight,double,23,PASS
sample,double,exterior,relationship,4,0,0,32768,3277,45866000,0,0
sample,double,exterior,relationship,4,0,1,32768,3277,36758700,0,0
sample,double,exterior,relationship,4,0,2,32768,3277,37007500,0,0
sample,double,exterior,relationship,4,0,3,32768,3277,36515300,0,0
sample,double,exterior,relationship,4,0,4,32768,3277,36670100,0,0
sample,double,exterior,relationship,4,0,5,32768,3277,36523700,0,0
sample,double,exterior,relationship,4,0,6,32768,3277,37079200,0,0
summary,double,exterior,relationship,1114.359,1121.786,1399.719
sample,double,exterior,clipping,4,0,0,8192,820,33319000,202113024,49
sample,double,exterior,clipping,4,0,1,8192,820,33095100,202113024,49
sample,double,exterior,clipping,4,0,2,8192,820,33276500,202113024,49
sample,double,exterior,clipping,4,0,3,8192,820,33111100,202113024,49
sample,double,exterior,clipping,4,0,4,8192,820,32876600,202113024,49
sample,double,exterior,clipping,4,0,5,8192,820,33299300,202113024,49
sample,double,exterior,clipping,4,0,6,8192,820,32753700,202113024,49
summary,double,exterior,clipping,3998.254,4041.882,4067.261
sample,double,interior,relationship,4,1,0,32768,3277,36189800,0,0
sample,double,interior,relationship,4,1,1,32768,3277,36612800,0,0
sample,double,interior,relationship,4,1,2,32768,3277,36402800,0,0
sample,double,interior,relationship,4,1,3,32768,3277,35862300,0,0
sample,double,interior,relationship,4,1,4,32768,3277,35031800,0,0
sample,double,interior,relationship,4,1,5,32768,3277,35423700,0,0
sample,double,interior,relationship,4,1,6,32768,3277,35288500,0,0
summary,double,interior,relationship,1069.086,1094.431,1117.334
sample,double,interior,clipping,4,1,0,4096,410,36663200,101253120,24
sample,double,interior,clipping,4,1,1,4096,410,35913800,101253120,24
sample,double,interior,clipping,4,1,2,4096,410,44875800,101253120,24
sample,double,interior,clipping,4,1,3,4096,410,36476300,101253120,24
sample,double,interior,clipping,4,1,4,4096,410,36702700,101253120,24
sample,double,interior,clipping,4,1,5,4096,410,36905200,101253120,24
sample,double,interior,clipping,4,1,6,4096,410,36001600,101253120,24
summary,double,interior,clipping,8768.018,8950.977,10956.006
sample,double,crossing,relationship,4,1,0,32768,3277,34318900,0,0
sample,double,crossing,relationship,4,1,1,32768,3277,35507300,0,0
sample,double,crossing,relationship,4,1,2,32768,3277,34808500,0,0
sample,double,crossing,relationship,4,1,3,32768,3277,34941300,0,0
sample,double,crossing,relationship,4,1,4,32768,3277,34911200,0,0
sample,double,crossing,relationship,4,1,5,32768,3277,34581000,0,0
sample,double,crossing,relationship,4,1,6,32768,3277,35349500,0,0
summary,double,crossing,relationship,1047.330,1065.405,1083.597
sample,double,crossing,clipping,4,1,0,2048,205,39036900,50692096,12
sample,double,crossing,clipping,4,1,1,2048,205,40955600,50692096,12
sample,double,crossing,clipping,4,1,2,2048,205,40702700,50692096,12
sample,double,crossing,clipping,4,1,3,2048,205,40012000,50692096,12
sample,double,crossing,clipping,4,1,4,2048,205,40003100,50692096,12
sample,double,crossing,clipping,4,1,5,2048,205,40363000,50692096,12
sample,double,crossing,clipping,4,1,6,2048,205,39944500,50692096,12
summary,double,crossing,clipping,19060.986,19537.109,19997.852
sample,double,boundary-only,relationship,4,1,0,16384,1639,21400700,0,0
sample,double,boundary-only,relationship,4,1,1,16384,1639,21994400,0,0
sample,double,boundary-only,relationship,4,1,2,16384,1639,22867500,0,0
sample,double,boundary-only,relationship,4,1,3,16384,1639,21684300,0,0
sample,double,boundary-only,relationship,4,1,4,16384,1639,31626900,0,0
sample,double,boundary-only,relationship,4,1,5,16384,1639,21917500,0,0
sample,double,boundary-only,relationship,4,1,6,16384,1639,22413200,0,0
summary,double,boundary-only,relationship,1306.195,1342.432,1930.353
sample,double,boundary-only,clipping,4,1,0,2048,205,25473800,50626560,12
sample,double,boundary-only,clipping,4,1,1,2048,205,25493900,50626560,12
sample,double,boundary-only,clipping,4,1,2,2048,205,25732400,50626560,12
sample,double,boundary-only,clipping,4,1,3,2048,205,25427800,50626560,12
sample,double,boundary-only,clipping,4,1,4,2048,205,25847100,50626560,12
sample,double,boundary-only,clipping,4,1,5,2048,205,25386400,50626560,12
sample,double,boundary-only,clipping,4,1,6,2048,205,26005800,50626560,12
summary,double,boundary-only,clipping,12395.703,12448.193,12698.145
sample,double,boundary-overlap,relationship,4,1,0,16384,1639,29114200,0,0
sample,double,boundary-overlap,relationship,4,1,1,16384,1639,29328600,0,0
sample,double,boundary-overlap,relationship,4,1,2,16384,1639,29108600,0,0
sample,double,boundary-overlap,relationship,4,1,3,16384,1639,28391600,0,0
sample,double,boundary-overlap,relationship,4,1,4,16384,1639,29048400,0,0
sample,double,boundary-overlap,relationship,4,1,5,16384,1639,28966200,0,0
sample,double,boundary-overlap,relationship,4,1,6,16384,1639,34752300,0,0
summary,double,boundary-overlap,relationship,1732.886,1776.648,2121.112
sample,double,boundary-overlap,clipping,4,1,0,2048,205,27357600,50692096,12
sample,double,boundary-overlap,clipping,4,1,1,2048,205,27649300,50692096,12
sample,double,boundary-overlap,clipping,4,1,2,2048,205,27203900,50692096,12
sample,double,boundary-overlap,clipping,4,1,3,2048,205,27359600,50692096,12
sample,double,boundary-overlap,clipping,4,1,4,2048,205,27549700,50692096,12
sample,double,boundary-overlap,clipping,4,1,5,2048,205,27146000,50692096,12
sample,double,boundary-overlap,clipping,4,1,6,2048,205,27607900,50692096,12
summary,double,boundary-overlap,clipping,13254.883,13359.180,13500.635
sample,double,isolated-tangent,relationship,4,0,0,16384,1639,34632600,0,0
sample,double,isolated-tangent,relationship,4,0,1,16384,1639,34802100,0,0
sample,double,isolated-tangent,relationship,4,0,2,16384,1639,34549600,0,0
sample,double,isolated-tangent,relationship,4,0,3,16384,1639,43592300,0,0
sample,double,isolated-tangent,relationship,4,0,4,16384,1639,34589200,0,0
sample,double,isolated-tangent,relationship,4,0,5,16384,1639,34657400,0,0
sample,double,isolated-tangent,relationship,4,0,6,16384,1639,34480600,0,0
summary,double,isolated-tangent,relationship,2104.529,2113.806,2660.663
sample,double,isolated-tangent,clipping,4,0,0,4096,410,29443200,101056512,24
sample,double,isolated-tangent,clipping,4,0,1,4096,410,29448400,101056512,24
sample,double,isolated-tangent,clipping,4,0,2,4096,410,29023500,101056512,24
sample,double,isolated-tangent,clipping,4,0,3,4096,410,29614000,101056512,24
sample,double,isolated-tangent,clipping,4,0,4,4096,410,29200000,101056512,24
sample,double,isolated-tangent,clipping,4,0,5,4096,410,29448500,101056512,24
sample,double,isolated-tangent,clipping,4,0,6,4096,410,31400400,101056512,24
summary,double,isolated-tangent,clipping,7085.815,7189.551,7666.113
sample,double,degenerate-interior,relationship,4,0,0,65536,6554,3238500,0,0
sample,double,degenerate-interior,relationship,4,0,1,65536,6554,3185200,0,0
sample,double,degenerate-interior,relationship,4,0,2,65536,6554,3225700,0,0
sample,double,degenerate-interior,relationship,4,0,3,65536,6554,3234000,0,0
sample,double,degenerate-interior,relationship,4,0,4,65536,6554,3337900,0,0
sample,double,degenerate-interior,relationship,4,0,5,65536,6554,3721700,0,0
sample,double,degenerate-interior,relationship,4,0,6,65536,6554,3249000,0,0
summary,double,degenerate-interior,relationship,48.602,49.416,56.789
sample,double,degenerate-interior,clipping,4,0,0,65536,6554,288400,0,0
sample,double,degenerate-interior,clipping,4,0,1,65536,6554,296800,0,0
sample,double,degenerate-interior,clipping,4,0,2,65536,6554,459800,0,0
sample,double,degenerate-interior,clipping,4,0,3,65536,6554,414200,0,0
sample,double,degenerate-interior,clipping,4,0,4,65536,6554,309600,0,0
sample,double,degenerate-interior,clipping,4,0,5,65536,6554,337700,0,0
sample,double,degenerate-interior,clipping,4,0,6,65536,6554,288400,0,0
summary,double,degenerate-interior,clipping,4.401,4.724,7.016
sample,double,degenerate-boundary,relationship,4,0,0,65536,6554,3368700,0,0
sample,double,degenerate-boundary,relationship,4,0,1,65536,6554,3189500,0,0
sample,double,degenerate-boundary,relationship,4,0,2,65536,6554,3219000,0,0
sample,double,degenerate-boundary,relationship,4,0,3,65536,6554,3149400,0,0
sample,double,degenerate-boundary,relationship,4,0,4,65536,6554,3195200,0,0
sample,double,degenerate-boundary,relationship,4,0,5,65536,6554,3446500,0,0
sample,double,degenerate-boundary,relationship,4,0,6,65536,6554,3170800,0,0
summary,double,degenerate-boundary,relationship,48.056,48.755,52.589
sample,double,degenerate-boundary,clipping,4,0,0,65536,6554,288400,0,0
sample,double,degenerate-boundary,clipping,4,0,1,65536,6554,310000,0,0
sample,double,degenerate-boundary,clipping,4,0,2,65536,6554,288400,0,0
sample,double,degenerate-boundary,clipping,4,0,3,65536,6554,358300,0,0
sample,double,degenerate-boundary,clipping,4,0,4,65536,6554,294000,0,0
sample,double,degenerate-boundary,clipping,4,0,5,65536,6554,288400,0,0
sample,double,degenerate-boundary,clipping,4,0,6,65536,6554,288400,0,0
summary,double,degenerate-boundary,clipping,4.401,4.401,5.467
sample,double,empty,relationship,0,0,0,65536,6554,1096600,0,0
sample,double,empty,relationship,0,0,1,65536,6554,1097500,0,0
sample,double,empty,relationship,0,0,2,65536,6554,1397700,0,0
sample,double,empty,relationship,0,0,3,65536,6554,1212100,0,0
sample,double,empty,relationship,0,0,4,65536,6554,1281100,0,0
sample,double,empty,relationship,0,0,5,65536,6554,1154300,0,0
sample,double,empty,relationship,0,0,6,65536,6554,1100700,0,0
summary,double,empty,relationship,16.733,17.613,21.327
sample,double,empty,clipping,0,0,0,65536,6554,288500,0,0
sample,double,empty,clipping,0,0,1,65536,6554,288400,0,0
sample,double,empty,clipping,0,0,2,65536,6554,288400,0,0
sample,double,empty,clipping,0,0,3,65536,6554,371000,0,0
sample,double,empty,clipping,0,0,4,65536,6554,288400,0,0
sample,double,empty,clipping,0,0,5,65536,6554,291700,0,0
sample,double,empty,clipping,0,0,6,65536,6554,288400,0,0
summary,double,empty,clipping,4.401,4.401,5.661
sample,double,concave-u,relationship,8,2,0,8192,820,26808500,0,0
sample,double,concave-u,relationship,8,2,1,8192,820,25896700,0,0
sample,double,concave-u,relationship,8,2,2,8192,820,26474300,0,0
sample,double,concave-u,relationship,8,2,3,8192,820,26101300,0,0
sample,double,concave-u,relationship,8,2,4,8192,820,26718200,0,0
sample,double,concave-u,relationship,8,2,5,8192,820,26158600,0,0
sample,double,concave-u,relationship,8,2,6,8192,820,24964200,0,0
summary,double,concave-u,relationship,3047.388,3193.188,3272.522
sample,double,concave-u,clipping,8,2,0,512,52,22125700,21102592,5
sample,double,concave-u,clipping,8,2,1,512,52,22028700,21102592,5
sample,double,concave-u,clipping,8,2,2,512,52,22527600,21102592,5
sample,double,concave-u,clipping,8,2,3,512,52,22054600,21102592,5
sample,double,concave-u,clipping,8,2,4,512,52,22421400,21102592,5
sample,double,concave-u,clipping,8,2,5,512,52,21983800,21102592,5
sample,double,concave-u,clipping,8,2,6,512,52,22452200,21102592,5
summary,double,concave-u,clipping,42937.109,43214.258,43999.219
sample,double,hole,relationship,8,2,0,8192,820,24923500,0,0
sample,double,hole,relationship,8,2,1,8192,820,34930600,0,0
sample,double,hole,relationship,8,2,2,8192,820,25010300,0,0
sample,double,hole,relationship,8,2,3,8192,820,25527800,0,0
sample,double,hole,relationship,8,2,4,8192,820,25023300,0,0
sample,double,hole,relationship,8,2,5,8192,820,25208200,0,0
sample,double,hole,relationship,8,2,6,8192,820,24650800,0,0
summary,double,hole,relationship,3009.131,3054.602,4263.989
sample,double,hole,clipping,8,2,0,512,52,21595400,21102592,5
sample,double,hole,clipping,8,2,1,512,52,21832400,21102592,5
sample,double,hole,clipping,8,2,2,512,52,22160600,21102592,5
sample,double,hole,clipping,8,2,3,512,52,22943300,21102592,5
sample,double,hole,clipping,8,2,4,512,52,22081000,21102592,5
sample,double,hole,clipping,8,2,5,512,52,22076000,21102592,5
sample,double,hole,clipping,8,2,6,512,52,22338200,21102592,5
summary,double,hole,clipping,42178.516,43126.953,44811.133
sample,double,hole-reversed,relationship,8,2,0,8192,820,24615800,0,0
sample,double,hole-reversed,relationship,8,2,1,8192,820,25252800,0,0
sample,double,hole-reversed,relationship,8,2,2,8192,820,25161500,0,0
sample,double,hole-reversed,relationship,8,2,3,8192,820,26064700,0,0
sample,double,hole-reversed,relationship,8,2,4,8192,820,25070500,0,0
sample,double,hole-reversed,relationship,8,2,5,8192,820,25604500,0,0
sample,double,hole-reversed,relationship,8,2,6,8192,820,25159000,0,0
summary,double,hole-reversed,relationship,3004.858,3071.472,3181.726
sample,double,hole-reversed,clipping,8,2,0,512,52,23469700,21102592,5
sample,double,hole-reversed,clipping,8,2,1,512,52,23479500,21102592,5
sample,double,hole-reversed,clipping,8,2,2,512,52,22951000,21102592,5
sample,double,hole-reversed,clipping,8,2,3,512,52,22872900,21102592,5
sample,double,hole-reversed,clipping,8,2,4,512,52,23289300,21102592,5
sample,double,hole-reversed,clipping,8,2,5,512,52,23101500,21102592,5
sample,double,hole-reversed,clipping,8,2,6,512,52,23025400,21102592,5
summary,double,hole-reversed,clipping,44673.633,45120.117,45858.398
sample,double,rational-crossing,relationship,3,1,0,32768,3277,25219500,0,0
sample,double,rational-crossing,relationship,3,1,1,32768,3277,25195800,0,0
sample,double,rational-crossing,relationship,3,1,2,32768,3277,25618300,0,0
sample,double,rational-crossing,relationship,3,1,3,32768,3277,25977600,0,0
sample,double,rational-crossing,relationship,3,1,4,32768,3277,25303000,0,0
sample,double,rational-crossing,relationship,3,1,5,32768,3277,25944900,0,0
sample,double,rational-crossing,relationship,3,1,6,32768,3277,34880100,0,0
summary,double,rational-crossing,relationship,768.915,781.808,1064.456
sample,double,rational-crossing,clipping,3,1,0,1024,103,20339900,21151744,5
sample,double,rational-crossing,clipping,3,1,1,1024,103,20013000,21151744,5
sample,double,rational-crossing,clipping,3,1,2,1024,103,19858800,21151744,5
sample,double,rational-crossing,clipping,3,1,3,1024,103,19827800,21151744,5
sample,double,rational-crossing,clipping,3,1,4,1024,103,19848300,21151744,5
sample,double,rational-crossing,clipping,3,1,5,1024,103,19927800,21151744,5
sample,double,rational-crossing,clipping,3,1,6,1024,103,19947400,21151744,5
summary,double,rational-crossing,clipping,19363.086,19460.742,19863.184
sample,double,sparse-1,relationship,4,1,0,32768,3277,35767700,0,0
sample,double,sparse-1,relationship,4,1,1,32768,3277,36279200,0,0
sample,double,sparse-1,relationship,4,1,2,32768,3277,36125700,0,0
sample,double,sparse-1,relationship,4,1,3,32768,3277,35751400,0,0
sample,double,sparse-1,relationship,4,1,4,32768,3277,35726500,0,0
sample,double,sparse-1,relationship,4,1,5,32768,3277,36223100,0,0
sample,double,sparse-1,relationship,4,1,6,32768,3277,38074300,0,0
summary,double,sparse-1,relationship,1090.286,1102.469,1161.935
sample,double,sparse-1,clipping,4,1,0,1024,103,20181400,25346048,6
sample,double,sparse-1,clipping,4,1,1,1024,103,20537700,25346048,6
sample,double,sparse-1,clipping,4,1,2,1024,103,20457900,25346048,6
sample,double,sparse-1,clipping,4,1,3,1024,103,20209600,25346048,6
sample,double,sparse-1,clipping,4,1,4,1024,103,20030100,25346048,6
sample,double,sparse-1,clipping,4,1,5,1024,103,21070800,25346048,6
sample,double,sparse-1,clipping,4,1,6,1024,103,20277400,25346048,6
summary,double,sparse-1,clipping,19560.645,19802.148,20576.953
sample,double,sparse-4,relationship,16,1,0,4096,410,21971800,0,0
sample,double,sparse-4,relationship,16,1,1,4096,410,21692300,0,0
sample,double,sparse-4,relationship,16,1,2,4096,410,21689900,0,0
sample,double,sparse-4,relationship,16,1,3,4096,410,22475900,0,0
sample,double,sparse-4,relationship,16,1,4,4096,410,21362100,0,0
sample,double,sparse-4,relationship,16,1,5,4096,410,21913900,0,0
sample,double,sparse-4,relationship,16,1,6,4096,410,22489200,0,0
summary,double,sparse-4,relationship,5215.356,5350.073,5490.527
sample,double,sparse-4,clipping,16,1,0,1024,103,29434300,75677696,19
sample,double,sparse-4,clipping,16,1,1,1024,103,38599800,75677696,19
sample,double,sparse-4,clipping,16,1,2,1024,103,29203400,75677696,19
sample,double,sparse-4,clipping,16,1,3,1024,103,29288500,75677696,19
sample,double,sparse-4,clipping,16,1,4,1024,103,28913600,75677696,19
sample,double,sparse-4,clipping,16,1,5,1024,103,28700400,75677696,19
sample,double,sparse-4,clipping,16,1,6,1024,103,28952900,75677696,19
summary,double,sparse-4,clipping,28027.734,28518.945,37695.117
sample,double,sparse-16,relationship,64,1,0,1024,103,21954400,0,0
sample,double,sparse-16,relationship,64,1,1,1024,103,22378100,0,0
sample,double,sparse-16,relationship,64,1,2,1024,103,22316800,0,0
sample,double,sparse-16,relationship,64,1,3,1024,103,22022500,0,0
sample,double,sparse-16,relationship,64,1,4,1024,103,22283900,0,0
sample,double,sparse-16,relationship,64,1,5,1024,103,22654900,0,0
sample,double,sparse-16,relationship,64,1,6,1024,103,22089900,0,0
summary,double,sparse-16,relationship,21439.844,21761.621,22123.926
sample,double,sparse-16,clipping,64,1,0,512,52,30517100,142696448,46
sample,double,sparse-16,clipping,64,1,1,512,52,30231800,142696448,46
sample,double,sparse-16,clipping,64,1,2,512,52,29812900,142696448,46
sample,double,sparse-16,clipping,64,1,3,512,52,29709800,142696448,46
sample,double,sparse-16,clipping,64,1,4,512,52,30092300,142696448,46
sample,double,sparse-16,clipping,64,1,5,512,52,30017700,142696448,46
sample,double,sparse-16,clipping,64,1,6,512,52,29985300,142696448,46
summary,double,sparse-16,clipping,58026.953,58628.320,59603.711
sample,double,sparse-64,relationship,256,1,0,256,26,20811900,0,0
sample,double,sparse-64,relationship,256,1,1,256,26,21001000,0,0
sample,double,sparse-64,relationship,256,1,2,256,26,20775500,0,0
sample,double,sparse-64,relationship,256,1,3,256,26,21169000,0,0
sample,double,sparse-64,relationship,256,1,4,256,26,20402900,0,0
sample,double,sparse-64,relationship,256,1,5,256,26,21136500,0,0
sample,double,sparse-64,relationship,256,1,6,256,26,20836400,0,0
summary,double,sparse-64,relationship,79698.828,81392.188,82691.406
sample,double,sparse-64,clipping,256,1,0,64,7,21482100,70003712,8
sample,double,sparse-64,clipping,256,1,1,64,7,21319300,70003712,8
sample,double,sparse-64,clipping,256,1,2,64,7,20681800,70003712,8
sample,double,sparse-64,clipping,256,1,3,64,7,21316600,70003712,8
sample,double,sparse-64,clipping,256,1,4,64,7,20385100,70003712,8
sample,double,sparse-64,clipping,256,1,5,64,7,20579600,70003712,8
sample,double,sparse-64,clipping,256,1,6,64,7,30632700,70003712,8
summary,double,sparse-64,clipping,318517.188,333071.875,478635.938
sample,double,dense-1,relationship,4,1,0,32768,3277,34591100,0,0
sample,double,dense-1,relationship,4,1,1,32768,3277,34379000,0,0
sample,double,dense-1,relationship,4,1,2,32768,3277,34376000,0,0
sample,double,dense-1,relationship,4,1,3,32768,3277,34976600,0,0
sample,double,dense-1,relationship,4,1,4,32768,3277,34466100,0,0
sample,double,dense-1,relationship,4,1,5,32768,3277,35007400,0,0
sample,double,dense-1,relationship,4,1,6,32768,3277,35402000,0,0
summary,double,dense-1,relationship,1049.072,1055.637,1080.383
sample,double,dense-1,clipping,4,1,0,2048,205,38818400,50692096,12
sample,double,dense-1,clipping,4,1,1,2048,205,38573300,50692096,12
sample,double,dense-1,clipping,4,1,2,2048,205,41298900,50692096,12
sample,double,dense-1,clipping,4,1,3,2048,205,39743400,50692096,12
sample,double,dense-1,clipping,4,1,4,2048,205,39707000,50692096,12
sample,double,dense-1,clipping,4,1,5,2048,205,41155800,50692096,12
sample,double,dense-1,clipping,4,1,6,2048,205,40443900,50692096,12
summary,double,dense-1,clipping,18834.619,19405.957,20165.479
sample,double,dense-4,relationship,16,4,0,4096,410,29878800,0,0
sample,double,dense-4,relationship,16,4,1,4096,410,29386500,0,0
sample,double,dense-4,relationship,16,4,2,4096,410,29519000,0,0
sample,double,dense-4,relationship,16,4,3,4096,410,29383100,0,0
sample,double,dense-4,relationship,16,4,4,4096,410,29575900,0,0
sample,double,dense-4,relationship,16,4,5,4096,410,29378000,0,0
sample,double,dense-4,relationship,16,4,6,4096,410,29241400,0,0
summary,double,dense-4,relationship,7139.014,7174.438,7294.629
sample,double,dense-4,clipping,16,4,0,256,26,26014600,18976768,4
sample,double,dense-4,clipping,16,4,1,256,26,24971000,18976768,4
sample,double,dense-4,clipping,16,4,2,256,26,26413400,18976768,4
sample,double,dense-4,clipping,16,4,3,256,26,24948600,18976768,4
sample,double,dense-4,clipping,16,4,4,256,26,25729000,18976768,4
sample,double,dense-4,clipping,16,4,5,256,26,25327700,18976768,4
sample,double,dense-4,clipping,16,4,6,256,26,25601600,18976768,4
summary,double,dense-4,clipping,97455.469,100006.250,103177.344
sample,double,dense-16,relationship,64,16,0,1024,103,31787800,0,0
sample,double,dense-16,relationship,64,16,1,1024,103,31717400,0,0
sample,double,dense-16,relationship,64,16,2,1024,103,32038300,0,0
sample,double,dense-16,relationship,64,16,3,1024,103,31571000,0,0
sample,double,dense-16,relationship,64,16,4,1024,103,31744700,0,0
sample,double,dense-16,relationship,64,16,5,1024,103,31424300,0,0
sample,double,dense-16,relationship,64,16,6,1024,103,32136600,0,0
summary,double,dense-16,relationship,30687.793,31000.684,31383.398
sample,double,dense-16,clipping,64,16,0,64,7,30691500,17931264,5
sample,double,dense-16,clipping,64,16,1,64,7,30130800,17931264,5
sample,double,dense-16,clipping,64,16,2,64,7,29709900,17931264,5
sample,double,dense-16,clipping,64,16,3,64,7,30054100,17931264,5
sample,double,dense-16,clipping,64,16,4,64,7,29945100,17931264,5
sample,double,dense-16,clipping,64,16,5,64,7,30091300,17931264,5
sample,double,dense-16,clipping,64,16,6,64,7,29819700,17931264,5
summary,double,dense-16,clipping,464217.188,469595.312,479554.688
sample,double,dense-64,relationship,256,64,0,256,26,32108400,0,0
sample,double,dense-64,relationship,256,64,1,256,26,32041500,0,0
sample,double,dense-64,relationship,256,64,2,256,26,32171500,0,0
sample,double,dense-64,relationship,256,64,3,256,26,31856400,0,0
sample,double,dense-64,relationship,256,64,4,256,26,32105100,0,0
sample,double,dense-64,relationship,256,64,5,256,26,41730000,0,0
sample,double,dense-64,relationship,256,64,6,256,26,32156100,0,0
summary,double,dense-64,relationship,124439.062,125423.438,163007.812
sample,double,dense-64,clipping,256,64,0,16,2,33993900,17612800,1
sample,double,dense-64,clipping,256,64,1,16,2,34113700,17612800,1
sample,double,dense-64,clipping,256,64,2,16,2,33870800,17612800,1
sample,double,dense-64,clipping,256,64,3,16,2,34323900,17612800,1
sample,double,dense-64,clipping,256,64,4,16,2,35039300,17612800,1
sample,double,dense-64,clipping,256,64,5,16,2,36900700,17612800,1
sample,double,dense-64,clipping,256,64,6,16,2,34871500,17612800,1
summary,double,dense-64,clipping,2116925.000,2145243.750,2306293.750
sample,double,subnormal,relationship,4,1,0,4096,410,32318600,0,0
sample,double,subnormal,relationship,4,1,1,4096,410,32231300,0,0
sample,double,subnormal,relationship,4,1,2,4096,410,32209200,0,0
sample,double,subnormal,relationship,4,1,3,4096,410,32656700,0,0
sample,double,subnormal,relationship,4,1,4,4096,410,32377000,0,0
sample,double,subnormal,relationship,4,1,5,4096,410,29946700,0,0
sample,double,subnormal,relationship,4,1,6,4096,410,30476100,0,0
summary,double,subnormal,relationship,7311.206,7868.970,7972.827
sample,double,subnormal,clipping,4,1,0,1024,103,28836600,25346048,6
sample,double,subnormal,clipping,4,1,1,1024,103,28829600,25346048,6
sample,double,subnormal,clipping,4,1,2,1024,103,29354200,25346048,6
sample,double,subnormal,clipping,4,1,3,1024,103,29207000,25346048,6
sample,double,subnormal,clipping,4,1,4,1024,103,30043500,25346048,6
sample,double,subnormal,clipping,4,1,5,1024,103,29085800,25346048,6
sample,double,subnormal,clipping,4,1,6,1024,103,29268600,25346048,6
summary,double,subnormal,clipping,28153.906,28522.461,29339.355
sample,double,large-finite,relationship,4,1,0,4096,410,41928800,0,0
sample,double,large-finite,relationship,4,1,1,4096,410,30467000,0,0
sample,double,large-finite,relationship,4,1,2,4096,410,31081800,0,0
sample,double,large-finite,relationship,4,1,3,4096,410,30970300,0,0
sample,double,large-finite,relationship,4,1,4,4096,410,31446100,0,0
sample,double,large-finite,relationship,4,1,5,4096,410,33084300,0,0
sample,double,large-finite,relationship,4,1,6,4096,410,30959400,0,0
summary,double,large-finite,relationship,7438.232,7588.330,10236.523
sample,double,large-finite,clipping,4,1,0,1024,103,35382200,25346048,6
sample,double,large-finite,clipping,4,1,1,1024,103,35436300,25346048,6
sample,double,large-finite,clipping,4,1,2,1024,103,34929900,25346048,6
sample,double,large-finite,clipping,4,1,3,1024,103,35099000,25346048,6
sample,double,large-finite,clipping,4,1,4,1024,103,36189200,25346048,6
sample,double,large-finite,clipping,4,1,5,1024,103,37658000,25346048,6
sample,double,large-finite,clipping,4,1,6,1024,103,36512900,25346048,6
summary,double,large-finite,clipping,34111.230,34605.762,36775.391
sink,1051187185440615408
