fixture_header,scalar,case,edges,expected_fact_bits,expected_status,expected_components
sample_header,scalar,case,operation,edges,expected_components,round,iterations,warmup,elapsed_ns,gc_bytes,gc_collections
summary_header,scalar,case,operation,min_ns_per_op,median_ns_per_op,max_ns_per_op
fixture,int,exterior,4,1,success,0
fixture,int,interior,4,4,success,1
fixture,int,crossing,4,7,success,1
fixture,int,boundary-only,4,10,success,1
fixture,int,boundary-overlap,4,11,success,1
fixture,int,isolated-tangent,4,3,success,0
fixture,int,degenerate-interior,4,4,success,0
fixture,int,degenerate-boundary,4,2,success,0
fixture,int,empty,0,1,success,0
fixture,int,concave-u,8,7,success,2
fixture,int,hole,8,7,success,2
fixture,int,hole-reversed,8,7,success,2
fixture,int,rational-crossing,3,7,success,1
fixture,int,sparse-1,4,7,success,1
fixture,int,sparse-4,16,7,success,1
fixture,int,sparse-16,64,7,success,1
fixture,int,sparse-64,256,7,success,1
fixture,int,dense-1,4,7,success,1
fixture,int,dense-4,16,7,success,4
fixture,int,dense-16,64,7,success,16
fixture,int,dense-64,256,7,success,64
fixture,int,wide-integral,4,7,success,1
preflight,int,22,PASS
sample,int,exterior,relationship,4,0,0,32768,3277,29704800,0,0
sample,int,exterior,relationship,4,0,1,32768,3277,26702700,0,0
sample,int,exterior,relationship,4,0,2,32768,3277,28493000,0,0
sample,int,exterior,relationship,4,0,3,32768,3277,27510200,0,0
sample,int,exterior,relationship,4,0,4,32768,3277,26502400,0,0
sample,int,exterior,relationship,4,0,5,32768,3277,28235000,0,0
sample,int,exterior,relationship,4,0,6,32768,3277,26884800,0,0
summary,int,exterior,relationship,808.789,839.545,906.519
sample,int,exterior,clipping,4,0,0,8192,820,27751200,202113024,48
sample,int,exterior,clipping,4,0,1,8192,820,29303500,202113024,48
sample,int,exterior,clipping,4,0,2,8192,820,27753900,202113024,48
sample,int,exterior,clipping,4,0,3,8192,820,31397900,202113024,48
sample,int,exterior,clipping,4,0,4,8192,820,28146300,202113024,48
sample,int,exterior,clipping,4,0,5,8192,820,30951000,202113024,48
sample,int,exterior,clipping,4,0,6,8192,820,29200100,202113024,48
summary,int,exterior,clipping,3387.598,3564.465,3832.751
sample,int,interior,relationship,4,1,0,32768,3277,25505200,0,0
sample,int,interior,relationship,4,1,1,32768,3277,27225000,0,0
sample,int,interior,relationship,4,1,2,32768,3277,26124900,0,0
sample,int,interior,relationship,4,1,3,32768,3277,25700100,0,0
sample,int,interior,relationship,4,1,4,32768,3277,26038200,0,0
sample,int,interior,relationship,4,1,5,32768,3277,26184600,0,0
sample,int,interior,relationship,4,1,6,32768,3277,27720800,0,0
summary,int,interior,relationship,778.357,797.269,845.972
sample,int,interior,clipping,4,1,0,4096,410,31526700,101253120,24
sample,int,interior,clipping,4,1,1,4096,410,34404200,101253120,24
sample,int,interior,clipping,4,1,2,4096,410,33276300,101253120,24
sample,int,interior,clipping,4,1,3,4096,410,33605100,101253120,24
sample,int,interior,clipping,4,1,4,4096,410,31524300,101253120,24
sample,int,interior,clipping,4,1,5,4096,410,36431900,101253120,24
sample,int,interior,clipping,4,1,6,4096,410,36265500,101253120,24
summary,int,interior,clipping,7696.362,8204.370,8894.507
sample,int,crossing,relationship,4,1,0,32768,3277,27620900,0,0
sample,int,crossing,relationship,4,1,1,32768,3277,25963600,0,0
sample,int,crossing,relationship,4,1,2,32768,3277,28666500,0,0
sample,int,crossing,relationship,4,1,3,32768,3277,27479500,0,0
sample,int,crossing,relationship,4,1,4,32768,3277,28656800,0,0
sample,int,crossing,relationship,4,1,5,32768,3277,27081600,0,0
sample,int,crossing,relationship,4,1,6,32768,3277,29649800,0,0
summary,int,crossing,relationship,792.346,842.923,904.840
sample,int,crossing,clipping,4,1,0,1024,103,19151500,25346048,6
sample,int,crossing,clipping,4,1,1,1024,103,20102200,25346048,6
sample,int,crossing,clipping,4,1,2,1024,103,20225600,25346048,6
sample,int,crossing,clipping,4,1,3,1024,103,18371600,25346048,6
sample,int,crossing,clipping,4,1,4,1024,103,19689500,25346048,6
sample,int,crossing,clipping,4,1,5,1024,103,17904200,25346048,6
sample,int,crossing,clipping,4,1,6,1024,103,18318200,25346048,6
summary,int,crossing,clipping,17484.570,18702.637,19751.562
sample,int,boundary-only,relationship,4,1,0,32768,3277,29116200,0,0
sample,int,boundary-only,relationship,4,1,1,32768,3277,30379200,0,0
sample,int,boundary-only,relationship,4,1,2,32768,3277,30351500,0,0
sample,int,boundary-only,relationship,4,1,3,32768,3277,32591200,0,0
sample,int,boundary-only,relationship,4,1,4,32768,3277,29730000,0,0
sample,int,boundary-only,relationship,4,1,5,32768,3277,30560700,0,0
sample,int,boundary-only,relationship,4,1,6,32768,3277,29396200,0,0
summary,int,boundary-only,relationship,888.556,926.254,994.604
sample,int,boundary-only,clipping,4,1,0,2048,205,24042300,50626560,12
sample,int,boundary-only,clipping,4,1,1,2048,205,25725600,50626560,12
sample,int,boundary-only,clipping,4,1,2,2048,205,23748400,50626560,12
sample,int,boundary-only,clipping,4,1,3,2048,205,22820700,50626560,12
sample,int,boundary-only,clipping,4,1,4,2048,205,24562500,50626560,12
sample,int,boundary-only,clipping,4,1,5,2048,205,23210800,50626560,12
sample,int,boundary-only,clipping,4,1,6,2048,205,25851200,50626560,12
summary,int,boundary-only,clipping,11142.920,11739.404,12622.656
sample,int,boundary-overlap,relationship,4,1,0,32768,3277,37989600,0,0
sample,int,boundary-overlap,relationship,4,1,1,32768,3277,37713500,0,0
sample,int,boundary-overlap,relationship,4,1,2,32768,3277,41669700,0,0
sample,int,boundary-overlap,relationship,4,1,3,32768,3277,38098800,0,0
sample,int,boundary-overlap,relationship,4,1,4,32768,3277,38153000,0,0
sample,int,boundary-overlap,relationship,4,1,5,32768,3277,37335700,0,0
sample,int,boundary-overlap,relationship,4,1,6,32768,3277,38130300,0,0
summary,int,boundary-overlap,relationship,1139.395,1162.683,1271.658
sample,int,boundary-overlap,clipping,4,1,0,2048,205,26287900,50692096,12
sample,int,boundary-overlap,clipping,4,1,1,2048,205,26631700,50692096,12
sample,int,boundary-overlap,clipping,4,1,2,2048,205,24904100,50692096,12
sample,int,boundary-overlap,clipping,4,1,3,2048,205,26400700,50692096,12
sample,int,boundary-overlap,clipping,4,1,4,2048,205,24810800,50692096,12
sample,int,boundary-overlap,clipping,4,1,5,2048,205,33973800,50692096,12
sample,int,boundary-overlap,clipping,4,1,6,2048,205,23524200,50692096,12
summary,int,boundary-overlap,clipping,11486.426,12835.889,16588.770
sample,int,isolated-tangent,relationship,4,0,0,32768,3277,34580300,0,0
sample,int,isolated-tangent,relationship,4,0,1,32768,3277,36472100,0,0
sample,int,isolated-tangent,relationship,4,0,2,32768,3277,35189800,0,0
sample,int,isolated-tangent,relationship,4,0,3,32768,3277,37960800,0,0
sample,int,isolated-tangent,relationship,4,0,4,32768,3277,38591300,0,0
sample,int,isolated-tangent,relationship,4,0,5,32768,3277,35531700,0,0
sample,int,isolated-tangent,relationship,4,0,6,32768,3277,36796900,0,0
summary,int,isolated-tangent,relationship,1055.307,1113.040,1177.713
sample,int,isolated-tangent,clipping,4,0,0,4096,410,18752800,101056512,24
sample,int,isolated-tangent,clipping,4,0,1,4096,410,20827200,101056512,24
sample,int,isolated-tangent,clipping,4,0,2,4096,410,20700300,101056512,24
sample,int,isolated-tangent,clipping,4,0,3,4096,410,18321700,101056512,24
sample,int,isolated-tangent,clipping,4,0,4,4096,410,28308200,101056512,24
sample,int,isolated-tangent,clipping,4,0,5,4096,410,26891200,101056512,24
sample,int,isolated-tangent,clipping,4,0,6,4096,410,24626200,101056512,24
summary,int,isolated-tangent,clipping,4473.071,5084.766,6911.182
sample,int,degenerate-interior,relationship,4,0,0,65536,6554,2446400,0,0
sample,int,degenerate-interior,relationship,4,0,1,65536,6554,2109200,0,0
sample,int,degenerate-interior,relationship,4,0,2,65536,6554,1998500,0,0
sample,int,degenerate-interior,relationship,4,0,3,65536,6554,2137800,0,0
sample,int,degenerate-interior,relationship,4,0,4,65536,6554,2086100,0,0
sample,int,degenerate-interior,relationship,4,0,5,65536,6554,2091900,0,0
sample,int,degenerate-interior,relationship,4,0,6,65536,6554,2195700,0,0
summary,int,degenerate-interior,relationship,30.495,32.184,37.329
sample,int,degenerate-interior,clipping,4,0,0,65536,6554,387700,0,0
sample,int,degenerate-interior,clipping,4,0,1,65536,6554,292600,0,0
sample,int,degenerate-interior,clipping,4,0,2,65536,6554,381100,0,0
sample,int,degenerate-interior,clipping,4,0,3,65536,6554,385300,0,0
sample,int,degenerate-interior,clipping,4,0,4,65536,6554,357700,0,0
sample,int,degenerate-interior,clipping,4,0,5,65536,6554,395600,0,0
sample,int,degenerate-interior,clipping,4,0,6,65536,6554,395700,0,0
summary,int,degenerate-interior,clipping,4.465,5.879,6.038
sample,int,degenerate-boundary,relationship,4,0,0,65536,6554,2565300,0,0
sample,int,degenerate-boundary,relationship,4,0,1,65536,6554,2753100,0,0
sample,int,degenerate-boundary,relationship,4,0,2,65536,6554,2699900,0,0
sample,int,degenerate-boundary,relationship,4,0,3,65536,6554,2182700,0,0
sample,int,degenerate-boundary,relationship,4,0,4,65536,6554,2211700,0,0
sample,int,degenerate-boundary,relationship,4,0,5,65536,6554,2197100,0,0
sample,int,degenerate-boundary,relationship,4,0,6,65536,6554,2021700,0,0
summary,int,degenerate-boundary,relationship,30.849,33.748,42.009
sample,int,degenerate-boundary,clipping,4,0,0,65536,6554,320700,0,0
sample,int,degenerate-boundary,clipping,4,0,1,65536,6554,256400,0,0
sample,int,degenerate-boundary,clipping,4,0,2,65536,6554,256400,0,0
sample,int,degenerate-boundary,clipping,4,0,3,65536,6554,379600,0,0
sample,int,degenerate-boundary,clipping,4,0,4,65536,6554,294200,0,0
sample,int,degenerate-boundary,clipping,4,0,5,65536,6554,275200,0,0
sample,int,degenerate-boundary,clipping,4,0,6,65536,6554,335800,0,0
summary,int,degenerate-boundary,clipping,3.912,4.489,5.792
sample,int,empty,relationship,0,0,0,65536,6554,374200,0,0
sample,int,empty,relationship,0,0,1,65536,6554,378000,0,0
sample,int,empty,relationship,0,0,2,65536,6554,488900,0,0
sample,int,empty,relationship,0,0,3,65536,6554,362300,0,0
sample,int,empty,relationship,0,0,4,65536,6554,435600,0,0
sample,int,empty,relationship,0,0,5,65536,6554,457100,0,0
sample,int,empty,relationship,0,0,6,65536,6554,413300,0,0
summary,int,empty,relationship,5.528,6.306,7.460
sample,int,empty,clipping,0,0,0,65536,6554,256400,0,0
sample,int,empty,clipping,0,0,1,65536,6554,319400,0,0
sample,int,empty,clipping,0,0,2,65536,6554,312400,0,0
sample,int,empty,clipping,0,0,3,65536,6554,341700,0,0
sample,int,empty,clipping,0,0,4,65536,6554,256400,0,0
sample,int,empty,clipping,0,0,5,65536,6554,294800,0,0
sample,int,empty,clipping,0,0,6,65536,6554,322100,0,0
summary,int,empty,clipping,3.912,4.767,5.214
sample,int,concave-u,relationship,8,2,0,8192,820,20868000,0,0
sample,int,concave-u,relationship,8,2,1,8192,820,19877500,0,0
sample,int,concave-u,relationship,8,2,2,8192,820,20975300,0,0
sample,int,concave-u,relationship,8,2,3,8192,820,20769700,0,0
sample,int,concave-u,relationship,8,2,4,8192,820,20370100,0,0
sample,int,concave-u,relationship,8,2,5,8192,820,20831500,0,0
sample,int,concave-u,relationship,8,2,6,8192,820,19902500,0,0
summary,int,concave-u,relationship,2426.453,2535.364,2560.461
sample,int,concave-u,clipping,8,2,0,512,52,23938000,21102592,5
sample,int,concave-u,clipping,8,2,1,512,52,23208900,21102592,5
sample,int,concave-u,clipping,8,2,2,512,52,23305500,21102592,5
sample,int,concave-u,clipping,8,2,3,512,52,25434700,21102592,5
sample,int,concave-u,clipping,8,2,4,512,52,31190500,21102592,5
sample,int,concave-u,clipping,8,2,5,512,52,38379400,21102592,5
sample,int,concave-u,clipping,8,2,6,512,52,26926500,21102592,5
summary,int,concave-u,clipping,45329.883,49677.148,74959.766
sample,int,hole,relationship,8,2,0,8192,820,22833100,0,0
sample,int,hole,relationship,8,2,1,8192,820,21893700,0,0
sample,int,hole,relationship,8,2,2,8192,820,21405100,0,0
sample,int,hole,relationship,8,2,3,8192,820,22149600,0,0
sample,int,hole,relationship,8,2,4,8192,820,21074800,0,0
sample,int,hole,relationship,8,2,5,8192,820,22600800,0,0
sample,int,hole,relationship,8,2,6,8192,820,23024900,0,0
summary,int,hole,relationship,2572.607,2703.809,2810.657
sample,int,hole,clipping,8,2,0,512,52,23200800,21102592,5
sample,int,hole,clipping,8,2,1,512,52,24373800,21102592,5
sample,int,hole,clipping,8,2,2,512,52,22313700,21102592,5
sample,int,hole,clipping,8,2,3,512,52,21703200,21102592,5
sample,int,hole,clipping,8,2,4,512,52,21102000,21102592,5
sample,int,hole,clipping,8,2,5,512,52,23299700,21102592,5
sample,int,hole,clipping,8,2,6,512,52,21642600,21102592,5
summary,int,hole,clipping,41214.844,43581.445,47605.078
sample,int,hole-reversed,relationship,8,2,0,16384,1639,40581300,0,0
sample,int,hole-reversed,relationship,8,2,1,16384,1639,40198500,0,0
sample,int,hole-reversed,relationship,8,2,2,16384,1639,42412500,0,0
sample,int,hole-reversed,relationship,8,2,3,16384,1639,40289500,0,0
sample,int,hole-reversed,relationship,8,2,4,16384,1639,40126800,0,0
sample,int,hole-reversed,relationship,8,2,5,16384,1639,40154900,0,0
sample,int,hole-reversed,relationship,8,2,6,16384,1639,41839300,0,0
summary,int,hole-reversed,relationship,2449.146,2459.076,2588.654
sample,int,hole-reversed,clipping,8,2,0,512,52,20911700,21102592,5
sample,int,hole-reversed,clipping,8,2,1,512,52,20834300,21102592,5
sample,int,hole-reversed,clipping,8,2,2,512,52,21393400,21102592,5
sample,int,hole-reversed,clipping,8,2,3,512,52,25067700,21102592,5
sample,int,hole-reversed,clipping,8,2,4,512,52,26965000,21102592,5
sample,int,hole-reversed,clipping,8,2,5,512,52,35142600,21102592,5
sample,int,hole-reversed,clipping,8,2,6,512,52,25603100,21102592,5
summary,int,hole-reversed,clipping,40691.992,48960.352,68637.891
sample,int,rational-crossing,relationship,3,1,0,32768,3277,20334600,0,0
sample,int,rational-crossing,relationship,3,1,1,32768,3277,19375000,0,0
sample,int,rational-crossing,relationship,3,1,2,32768,3277,19313200,0,0
sample,int,rational-crossing,relationship,3,1,3,32768,3277,19191500,0,0
sample,int,rational-crossing,relationship,3,1,4,32768,3277,20336200,0,0
sample,int,rational-crossing,relationship,3,1,5,32768,3277,19760300,0,0
sample,int,rational-crossing,relationship,3,1,6,32768,3277,20715900,0,0
summary,int,rational-crossing,relationship,585.678,603.036,632.199
sample,int,rational-crossing,clipping,3,1,0,1024,103,21491100,21151744,5
sample,int,rational-crossing,clipping,3,1,1,1024,103,19476900,21151744,5
sample,int,rational-crossing,clipping,3,1,2,1024,103,19506200,21151744,5
sample,int,rational-crossing,clipping,3,1,3,1024,103,20015800,21151744,5
sample,int,rational-crossing,clipping,3,1,4,1024,103,19998300,21151744,5
sample,int,rational-crossing,clipping,3,1,5,1024,103,19482600,21151744,5
sample,int,rational-crossing,clipping,3,1,6,1024,103,18352300,21151744,5
summary,int,rational-crossing,clipping,17922.168,19049.023,20987.402
sample,int,sparse-1,relationship,4,1,0,32768,3277,25980600,0,0
sample,int,sparse-1,relationship,4,1,1,32768,3277,25928300,0,0
sample,int,sparse-1,relationship,4,1,2,32768,3277,25788800,0,0
sample,int,sparse-1,relationship,4,1,3,32768,3277,26676500,0,0
sample,int,sparse-1,relationship,4,1,4,32768,3277,25779700,0,0
sample,int,sparse-1,relationship,4,1,5,32768,3277,26577800,0,0
sample,int,sparse-1,relationship,4,1,6,32768,3277,28173400,0,0
summary,int,sparse-1,relationship,786.734,792.865,859.784
sample,int,sparse-1,clipping,4,1,0,2048,205,36099500,50692096,12
sample,int,sparse-1,clipping,4,1,1,2048,205,35824300,50692096,12
sample,int,sparse-1,clipping,4,1,2,2048,205,36449900,50692096,12
sample,int,sparse-1,clipping,4,1,3,2048,205,38393600,50692096,12
sample,int,sparse-1,clipping,4,1,4,2048,205,35639500,50692096,12
sample,int,sparse-1,clipping,4,1,5,2048,205,36182800,50692096,12
sample,int,sparse-1,clipping,4,1,6,2048,205,36001800,50692096,12
summary,int,sparse-1,clipping,17402.100,17626.709,18746.875
sample,int,sparse-4,relationship,16,1,0,4096,410,19386300,0,0
sample,int,sparse-4,relationship,16,1,1,4096,410,23841900,0,0
sample,int,sparse-4,relationship,16,1,2,4096,410,19803400,0,0
sample,int,sparse-4,relationship,16,1,3,4096,410,24468000,0,0
sample,int,sparse-4,relationship,16,1,4,4096,410,18800200,0,0
sample,int,sparse-4,relationship,16,1,5,4096,410,18489700,0,0
sample,int,sparse-4,relationship,16,1,6,4096,410,16304200,0,0
summary,int,sparse-4,relationship,3980.518,4732.983,5973.633
sample,int,sparse-4,clipping,16,1,0,1024,103,28360100,75677696,18
sample,int,sparse-4,clipping,16,1,1,1024,103,25671200,75677696,18
sample,int,sparse-4,clipping,16,1,2,1024,103,24310100,75677696,18
sample,int,sparse-4,clipping,16,1,3,1024,103,24492700,75677696,18
sample,int,sparse-4,clipping,16,1,4,1024,103,24246800,75677696,18
sample,int,sparse-4,clipping,16,1,5,1024,103,24685500,75677696,18
sample,int,sparse-4,clipping,16,1,6,1024,103,24359700,75677696,18
summary,int,sparse-4,clipping,23678.516,23918.652,27695.410
sample,int,sparse-16,relationship,64,1,0,2048,205,33101000,0,0
sample,int,sparse-16,relationship,64,1,1,2048,205,32755600,0,0
sample,int,sparse-16,relationship,64,1,2,2048,205,35844900,0,0
sample,int,sparse-16,relationship,64,1,3,2048,205,32872700,0,0
sample,int,sparse-16,relationship,64,1,4,2048,205,35104600,0,0
sample,int,sparse-16,relationship,64,1,5,2048,205,33678900,0,0
sample,int,sparse-16,relationship,64,1,6,2048,205,32762900,0,0
summary,int,sparse-16,relationship,15993.945,16162.598,17502.393
sample,int,sparse-16,clipping,64,1,0,512,52,24062000,142696448,36
sample,int,sparse-16,clipping,64,1,1,512,52,23956700,142696448,36
sample,int,sparse-16,clipping,64,1,2,512,52,23836000,142696448,36
sample,int,sparse-16,clipping,64,1,3,512,52,26823600,142696448,36
sample,int,sparse-16,clipping,64,1,4,512,52,24599300,142696448,36
sample,int,sparse-16,clipping,64,1,5,512,52,24543500,142696448,36
sample,int,sparse-16,clipping,64,1,6,512,52,23934000,142696448,36
summary,int,sparse-16,clipping,46554.688,46996.094,52389.844
sample,int,sparse-64,relationship,256,1,0,512,52,44742500,0,0
sample,int,sparse-64,relationship,256,1,1,512,52,33805800,0,0
sample,int,sparse-64,relationship,256,1,2,512,52,32863800,0,0
sample,int,sparse-64,relationship,256,1,3,512,52,33074200,0,0
sample,int,sparse-64,relationship,256,1,4,512,52,33388500,0,0
sample,int,sparse-64,relationship,256,1,5,512,52,33058200,0,0
sample,int,sparse-64,relationship,256,1,6,512,52,34664600,0,0
summary,int,sparse-64,relationship,64187.109,65211.914,87387.695
sample,int,sparse-64,clipping,256,1,0,256,26,36328600,280014848,127
sample,int,sparse-64,clipping,256,1,1,256,26,35224600,280014848,127
sample,int,sparse-64,clipping,256,1,2,256,26,35663000,280014848,127
sample,int,sparse-64,clipping,256,1,3,256,26,60516300,280014848,127
sample,int,sparse-64,clipping,256,1,4,256,26,37110900,280014848,127
sample,int,sparse-64,clipping,256,1,5,256,26,37512500,280014848,127
sample,int,sparse-64,clipping,256,1,6,256,26,36431400,280014848,127
summary,int,sparse-64,clipping,137596.094,142310.156,236391.797
sample,int,dense-1,relationship,4,1,0,32768,3277,26857500,0,0
sample,int,dense-1,relationship,4,1,1,32768,3277,26266400,0,0
sample,int,dense-1,relationship,4,1,2,32768,3277,25680700,0,0
sample,int,dense-1,relationship,4,1,3,32768,3277,25728400,0,0
sample,int,dense-1,relationship,4,1,4,32768,3277,25834300,0,0
sample,int,dense-1,relationship,4,1,5,32768,3277,26027300,0,0
sample,int,dense-1,relationship,4,1,6,32768,3277,25827200,0,0
summary,int,dense-1,relationship,783.713,788.400,819.626
sample,int,dense-1,clipping,4,1,0,2048,205,45191600,50692096,12
sample,int,dense-1,clipping,4,1,1,2048,205,35685100,50692096,12
sample,int,dense-1,clipping,4,1,2,2048,205,36252600,50692096,12
sample,int,dense-1,clipping,4,1,3,2048,205,49058800,50692096,12
sample,int,dense-1,clipping,4,1,4,2048,205,41012900,50692096,12
sample,int,dense-1,clipping,4,1,5,2048,205,41949500,50692096,12
sample,int,dense-1,clipping,4,1,6,2048,205,41839500,50692096,12
summary,int,dense-1,clipping,17424.365,20429.443,23954.492
sample,int,dense-4,relationship,16,4,0,4096,410,23004200,0,0
sample,int,dense-4,relationship,16,4,1,4096,410,22445600,0,0
sample,int,dense-4,relationship,16,4,2,4096,410,22452000,0,0
sample,int,dense-4,relationship,16,4,3,4096,410,22562600,0,0
sample,int,dense-4,relationship,16,4,4,4096,410,22357600,0,0
sample,int,dense-4,relationship,16,4,5,4096,410,22389400,0,0
sample,int,dense-4,relationship,16,4,6,4096,410,22835300,0,0
summary,int,dense-4,relationship,5458.398,5481.445,5616.260
sample,int,dense-4,clipping,16,4,0,256,26,23263400,18976768,4
sample,int,dense-4,clipping,16,4,1,256,26,23285000,18976768,4
sample,int,dense-4,clipping,16,4,2,256,26,23143900,18976768,4
sample,int,dense-4,clipping,16,4,3,256,26,23748700,18976768,4
sample,int,dense-4,clipping,16,4,4,256,26,23093300,18976768,4
sample,int,dense-4,clipping,16,4,5,256,26,23465600,18976768,4
sample,int,dense-4,clipping,16,4,6,256,26,24473200,18976768,4
summary,int,dense-4,clipping,90208.203,90957.031,95598.438
sample,int,dense-16,relationship,64,16,0,1024,103,25010400,0,0
sample,int,dense-16,relationship,64,16,1,1024,103,24674600,0,0
sample,int,dense-16,relationship,64,16,2,1024,103,25055900,0,0
sample,int,dense-16,relationship,64,16,3,1024,103,24641000,0,0
sample,int,dense-16,relationship,64,16,4,1024,103,29313100,0,0
sample,int,dense-16,relationship,64,16,5,1024,103,26344100,0,0
sample,int,dense-16,relationship,64,16,6,1024,103,27433200,0,0
summary,int,dense-16,relationship,24063.477,24468.652,28626.074
sample,int,dense-16,clipping,64,16,0,64,7,27756600,17931264,4
sample,int,dense-16,clipping,64,16,1,64,7,27674900,17931264,4
sample,int,dense-16,clipping,64,16,2,64,7,27870000,17931264,4
sample,int,dense-16,clipping,64,16,3,64,7,27644400,17931264,4
sample,int,dense-16,clipping,64,16,4,64,7,40242300,17931264,4
sample,int,dense-16,clipping,64,16,5,64,7,28420800,17931264,4
sample,int,dense-16,clipping,64,16,6,64,7,27535600,17931264,4
summary,int,dense-16,clipping,430243.750,433696.875,628785.938
sample,int,dense-64,relationship,256,64,0,256,26,26052100,0,0
sample,int,dense-64,relationship,256,64,1,256,26,25320200,0,0
sample,int,dense-64,relationship,256,64,2,256,26,27240200,0,0
sample,int,dense-64,relationship,256,64,3,256,26,25443600,0,0
sample,int,dense-64,relationship,256,64,4,256,26,25325400,0,0
sample,int,dense-64,relationship,256,64,5,256,26,25658100,0,0
sample,int,dense-64,relationship,256,64,6,256,26,25306800,0,0
summary,int,dense-64,relationship,98854.688,99389.062,106407.031
sample,int,dense-64,clipping,256,64,0,16,2,36428400,17612800,7
sample,int,dense-64,clipping,256,64,1,16,2,34414300,17612800,7
sample,int,dense-64,clipping,256,64,2,16,2,32671900,17612800,7
sample,int,dense-64,clipping,256,64,3,16,2,33974600,17612800,7
sample,int,dense-64,clipping,256,64,4,16,2,33217400,17612800,7
sample,int,dense-64,clipping,256,64,5,16,2,33730100,17612800,7
sample,int,dense-64,clipping,256,64,6,16,2,35227200,17612800,7
summary,int,dense-64,clipping,2041993.750,2123412.500,2276775.000
sample,int,wide-integral,relationship,4,1,0,32768,3277,26004300,0,0
sample,int,wide-integral,relationship,4,1,1,32768,3277,26003200,0,0
sample,int,wide-integral,relationship,4,1,2,32768,3277,26508800,0,0
sample,int,wide-integral,relationship,4,1,3,32768,3277,25960100,0,0
sample,int,wide-integral,relationship,4,1,4,32768,3277,28343000,0,0
sample,int,wide-integral,relationship,4,1,5,32768,3277,26073000,0,0
sample,int,wide-integral,relationship,4,1,6,32768,3277,26023400,0,0
summary,int,wide-integral,relationship,792.239,794.171,864.960
sample,int,wide-integral,clipping,4,1,0,2048,205,37889300,50692096,12
sample,int,wide-integral,clipping,4,1,1,2048,205,50755500,50692096,12
sample,int,wide-integral,clipping,4,1,2,2048,205,39413500,50692096,12
sample,int,wide-integral,clipping,4,1,3,2048,205,37634500,50692096,12
sample,int,wide-integral,clipping,4,1,4,2048,205,38127900,50692096,12
sample,int,wide-integral,clipping,4,1,5,2048,205,38945400,50692096,12
sample,int,wide-integral,clipping,4,1,6,2048,205,41084600,50692096,12
summary,int,wide-integral,clipping,18376.221,19016.309,24782.959
fixture,long,exterior,4,1,success,0
fixture,long,interior,4,4,success,1
fixture,long,crossing,4,7,success,1
fixture,long,boundary-only,4,10,success,1
fixture,long,boundary-overlap,4,11,success,1
fixture,long,isolated-tangent,4,3,success,0
fixture,long,degenerate-interior,4,4,success,0
fixture,long,degenerate-boundary,4,2,success,0
fixture,long,empty,0,1,success,0
fixture,long,concave-u,8,7,success,2
fixture,long,hole,8,7,success,2
fixture,long,hole-reversed,8,7,success,2
fixture,long,rational-crossing,3,7,success,1
fixture,long,sparse-1,4,7,success,1
fixture,long,sparse-4,16,7,success,1
fixture,long,sparse-16,64,7,success,1
fixture,long,sparse-64,256,7,success,1
fixture,long,dense-1,4,7,success,1
fixture,long,dense-4,16,7,success,4
fixture,long,dense-16,64,7,success,16
fixture,long,dense-64,256,7,success,64
fixture,long,wide-integral,4,7,success,1
fixture,long,endpoint-collapse,4,6,unrepresentableConstruction,0
fixture,long,gap-collapse,8,7,unrepresentableConstruction,0
preflight,long,24,PASS
sample,long,exterior,relationship,4,0,0,32768,3277,30578200,0,0
sample,long,exterior,relationship,4,0,1,32768,3277,30662100,0,0
sample,long,exterior,relationship,4,0,2,32768,3277,31958800,0,0
sample,long,exterior,relationship,4,0,3,32768,3277,30632000,0,0
sample,long,exterior,relationship,4,0,4,32768,3277,31192900,0,0
sample,long,exterior,relationship,4,0,5,32768,3277,30346800,0,0
sample,long,exterior,relationship,4,0,6,32768,3277,30656100,0,0
summary,long,exterior,relationship,926.111,935.550,975.305
sample,long,exterior,clipping,4,0,0,8192,820,33531900,202113024,49
sample,long,exterior,clipping,4,0,1,8192,820,30597000,202113024,49
sample,long,exterior,clipping,4,0,2,8192,820,30109100,202113024,49
sample,long,exterior,clipping,4,0,3,8192,820,30271800,202113024,49
sample,long,exterior,clipping,4,0,4,8192,820,30939300,202113024,49
sample,long,exterior,clipping,4,0,5,8192,820,30493100,202113024,49
sample,long,exterior,clipping,4,0,6,8192,820,32896100,202113024,49
summary,long,exterior,clipping,3675.427,3734.985,4093.250
sample,long,interior,relationship,4,1,0,32768,3277,29830200,0,0
sample,long,interior,relationship,4,1,1,32768,3277,30422500,0,0
sample,long,interior,relationship,4,1,2,32768,3277,29840600,0,0
sample,long,interior,relationship,4,1,3,32768,3277,30371100,0,0
sample,long,interior,relationship,4,1,4,32768,3277,33414800,0,0
sample,long,interior,relationship,4,1,5,32768,3277,39231700,0,0
sample,long,interior,relationship,4,1,6,32768,3277,29454700,0,0
summary,long,interior,relationship,898.886,926.852,1197.256
sample,long,interior,clipping,4,1,0,4096,410,32677100,101253120,24
sample,long,interior,clipping,4,1,1,4096,410,35162200,101253120,24
sample,long,interior,clipping,4,1,2,4096,410,32701700,101253120,24
sample,long,interior,clipping,4,1,3,4096,410,32832500,101253120,24
sample,long,interior,clipping,4,1,4,4096,410,33117700,101253120,24
sample,long,interior,clipping,4,1,5,4096,410,32611600,101253120,24
sample,long,interior,clipping,4,1,6,4096,410,32415700,101253120,24
summary,long,interior,clipping,7913.989,7983.813,8584.521
sample,long,crossing,relationship,4,1,0,32768,3277,29345000,0,0
sample,long,crossing,relationship,4,1,1,32768,3277,30399800,0,0
sample,long,crossing,relationship,4,1,2,32768,3277,29722100,0,0
sample,long,crossing,relationship,4,1,3,32768,3277,30226300,0,0
sample,long,crossing,relationship,4,1,4,32768,3277,32024000,0,0
sample,long,crossing,relationship,4,1,5,32768,3277,30767100,0,0
sample,long,crossing,relationship,4,1,6,32768,3277,32497500,0,0
summary,long,crossing,relationship,895.538,927.728,991.745
sample,long,crossing,clipping,4,1,0,2048,205,36427700,50692096,12
sample,long,crossing,clipping,4,1,1,2048,205,38820200,50692096,12
sample,long,crossing,clipping,4,1,2,2048,205,37284200,50692096,12
sample,long,crossing,clipping,4,1,3,2048,205,36361900,50692096,12
sample,long,crossing,clipping,4,1,4,2048,205,35890000,50692096,12
sample,long,crossing,clipping,4,1,5,2048,205,36469200,50692096,12
sample,long,crossing,clipping,4,1,6,2048,205,38927300,50692096,12
summary,long,crossing,clipping,17524.414,17807.227,19007.471
sample,long,boundary-only,relationship,4,1,0,32768,3277,36460900,0,0
sample,long,boundary-only,relationship,4,1,1,32768,3277,36515700,0,0
sample,long,boundary-only,relationship,4,1,2,32768,3277,38550700,0,0
sample,long,boundary-only,relationship,4,1,3,32768,3277,36257600,0,0
sample,long,boundary-only,relationship,4,1,4,32768,3277,37231700,0,0
sample,long,boundary-only,relationship,4,1,5,32768,3277,37057100,0,0
sample,long,boundary-only,relationship,4,1,6,32768,3277,37397600,0,0
summary,long,boundary-only,relationship,1106.494,1130.893,1176.474
sample,long,boundary-only,clipping,4,1,0,2048,205,24231500,50626560,12
sample,long,boundary-only,clipping,4,1,1,2048,205,23986200,50626560,12
sample,long,boundary-only,clipping,4,1,2,2048,205,23811100,50626560,12
sample,long,boundary-only,clipping,4,1,3,2048,205,24303400,50626560,12
sample,long,boundary-only,clipping,4,1,4,2048,205,23972500,50626560,12
sample,long,boundary-only,clipping,4,1,5,2048,205,23591800,50626560,12
sample,long,boundary-only,clipping,4,1,6,2048,205,23909800,50626560,12
summary,long,boundary-only,clipping,11519.434,11705.322,11866.895
sample,long,boundary-overlap,relationship,4,1,0,16384,1639,23253400,0,0
sample,long,boundary-overlap,relationship,4,1,1,16384,1639,23363100,0,0
sample,long,boundary-overlap,relationship,4,1,2,16384,1639,22964800,0,0
sample,long,boundary-overlap,relationship,4,1,3,16384,1639,23462400,0,0
sample,long,boundary-overlap,relationship,4,1,4,16384,1639,23081000,0,0
sample,long,boundary-overlap,relationship,4,1,5,16384,1639,23227900,0,0
sample,long,boundary-overlap,relationship,4,1,6,16384,1639,24624100,0,0
summary,long,boundary-overlap,relationship,1401.660,1419.275,1502.936
sample,long,boundary-overlap,clipping,4,1,0,2048,205,26051400,50692096,12
sample,long,boundary-overlap,clipping,4,1,1,2048,205,25886500,50692096,12
sample,long,boundary-overlap,clipping,4,1,2,2048,205,25735900,50692096,12
sample,long,boundary-overlap,clipping,4,1,3,2048,205,25571700,50692096,12
sample,long,boundary-overlap,clipping,4,1,4,2048,205,25844100,50692096,12
sample,long,boundary-overlap,clipping,4,1,5,2048,205,28723900,50692096,12
sample,long,boundary-overlap,clipping,4,1,6,2048,205,25685000,50692096,12
summary,long,boundary-overlap,clipping,12486.182,12619.189,14025.342
sample,long,isolated-tangent,relationship,4,0,0,16384,1639,21556900,0,0
sample,long,isolated-tangent,relationship,4,0,1,16384,1639,21259700,0,0
sample,long,isolated-tangent,relationship,4,0,2,16384,1639,21982400,0,0
sample,long,isolated-tangent,relationship,4,0,3,16384,1639,21639800,0,0
sample,long,isolated-tangent,relationship,4,0,4,16384,1639,22770200,0,0
sample,long,isolated-tangent,relationship,4,0,5,16384,1639,21427100,0,0
sample,long,isolated-tangent,relationship,4,0,6,16384,1639,21328800,0,0
summary,long,isolated-tangent,relationship,1297.589,1315.729,1389.783
sample,long,isolated-tangent,clipping,4,0,0,4096,410,20139500,101056512,24
sample,long,isolated-tangent,clipping,4,0,1,4096,410,20836700,101056512,24
sample,long,isolated-tangent,clipping,4,0,2,4096,410,20338400,101056512,24
sample,long,isolated-tangent,clipping,4,0,3,4096,410,20964900,101056512,24
sample,long,isolated-tangent,clipping,4,0,4,4096,410,20441000,101056512,24
sample,long,isolated-tangent,clipping,4,0,5,4096,410,23591800,101056512,24
sample,long,isolated-tangent,clipping,4,0,6,4096,410,20184600,101056512,24
summary,long,isolated-tangent,clipping,4916.870,4990.479,5759.717
sample,long,degenerate-interior,relationship,4,0,0,65536,6554,2059300,0,0
sample,long,degenerate-interior,relationship,4,0,1,65536,6554,2207100,0,0
sample,long,degenerate-interior,relationship,4,0,2,65536,6554,2157700,0,0
sample,long,degenerate-interior,relationship,4,0,3,65536,6554,1951100,0,0
sample,long,degenerate-interior,relationship,4,0,4,65536,6554,1987400,0,0
sample,long,degenerate-interior,relationship,4,0,5,65536,6554,2316600,0,0
sample,long,degenerate-interior,relationship,4,0,6,65536,6554,2231900,0,0
summary,long,degenerate-interior,relationship,29.771,32.924,35.349
sample,long,degenerate-interior,clipping,4,0,0,65536,6554,276700,0,0
sample,long,degenerate-interior,clipping,4,0,1,65536,6554,376600,0,0
sample,long,degenerate-interior,clipping,4,0,2,65536,6554,277000,0,0
sample,long,degenerate-interior,clipping,4,0,3,65536,6554,318400,0,0
sample,long,degenerate-interior,clipping,4,0,4,65536,6554,279300,0,0
sample,long,degenerate-interior,clipping,4,0,5,65536,6554,290900,0,0
sample,long,degenerate-interior,clipping,4,0,6,65536,6554,277200,0,0
summary,long,degenerate-interior,clipping,4.222,4.262,5.746
sample,long,degenerate-boundary,relationship,4,0,0,65536,6554,1922900,0,0
sample,long,degenerate-boundary,relationship,4,0,1,65536,6554,2096900,0,0
sample,long,degenerate-boundary,relationship,4,0,2,65536,6554,2051300,0,0
sample,long,degenerate-boundary,relationship,4,0,3,65536,6554,2001700,0,0
sample,long,degenerate-boundary,relationship,4,0,4,65536,6554,2009100,0,0
sample,long,degenerate-boundary,relationship,4,0,5,65536,6554,1907600,0,0
sample,long,degenerate-boundary,relationship,4,0,6,65536,6554,2251300,0,0
summary,long,degenerate-boundary,relationship,29.108,30.656,34.352
sample,long,degenerate-boundary,clipping,4,0,0,65536,6554,373700,0,0
sample,long,degenerate-boundary,clipping,4,0,1,65536,6554,276900,0,0
sample,long,degenerate-boundary,clipping,4,0,2,65536,6554,291000,0,0
sample,long,degenerate-boundary,clipping,4,0,3,65536,6554,330900,0,0
sample,long,degenerate-boundary,clipping,4,0,4,65536,6554,290900,0,0
sample,long,degenerate-boundary,clipping,4,0,5,65536,6554,276700,0,0
sample,long,degenerate-boundary,clipping,4,0,6,65536,6554,290900,0,0
summary,long,degenerate-boundary,clipping,4.222,4.439,5.702
sample,long,empty,relationship,0,0,0,65536,6554,864900,0,0
sample,long,empty,relationship,0,0,1,65536,6554,853100,0,0
sample,long,empty,relationship,0,0,2,65536,6554,811900,0,0
sample,long,empty,relationship,0,0,3,65536,6554,853100,0,0
sample,long,empty,relationship,0,0,4,65536,6554,811800,0,0
sample,long,empty,relationship,0,0,5,65536,6554,852700,0,0
sample,long,empty,relationship,0,0,6,65536,6554,809700,0,0
summary,long,empty,relationship,12.355,13.011,13.197
sample,long,empty,clipping,0,0,0,65536,6554,277100,0,0
sample,long,empty,clipping,0,0,1,65536,6554,279400,0,0
sample,long,empty,clipping,0,0,2,65536,6554,277000,0,0
sample,long,empty,clipping,0,0,3,65536,6554,323500,0,0
sample,long,empty,clipping,0,0,4,65536,6554,279300,0,0
sample,long,empty,clipping,0,0,5,65536,6554,290800,0,0
sample,long,empty,clipping,0,0,6,65536,6554,369800,0,0
summary,long,empty,clipping,4.227,4.263,5.643
sample,long,concave-u,relationship,8,2,0,8192,820,21533900,0,0
sample,long,concave-u,relationship,8,2,1,8192,820,21670500,0,0
sample,long,concave-u,relationship,8,2,2,8192,820,23435200,0,0
sample,long,concave-u,relationship,8,2,3,8192,820,22269600,0,0
sample,long,concave-u,relationship,8,2,4,8192,820,21321300,0,0
sample,long,concave-u,relationship,8,2,5,8192,820,21769500,0,0
sample,long,concave-u,relationship,8,2,6,8192,820,21630500,0,0
summary,long,concave-u,relationship,2602.698,2645.325,2860.742
sample,long,concave-u,clipping,8,2,0,512,52,20910500,21102592,5
sample,long,concave-u,clipping,8,2,1,512,52,22158800,21102592,5
sample,long,concave-u,clipping,8,2,2,512,52,22571100,21102592,5
sample,long,concave-u,clipping,8,2,3,512,52,21955200,21102592,5
sample,long,concave-u,clipping,8,2,4,512,52,22099900,21102592,5
sample,long,concave-u,clipping,8,2,5,512,52,22012200,21102592,5
sample,long,concave-u,clipping,8,2,6,512,52,21664000,21102592,5
summary,long,concave-u,clipping,40840.820,42992.578,44084.180
sample,long,hole,relationship,8,2,0,8192,820,22183000,0,0
sample,long,hole,relationship,8,2,1,8192,820,21989600,0,0
sample,long,hole,relationship,8,2,2,8192,820,23912000,0,0
sample,long,hole,relationship,8,2,3,8192,820,22314500,0,0
sample,long,hole,relationship,8,2,4,8192,820,21910200,0,0
sample,long,hole,relationship,8,2,5,8192,820,22481800,0,0
sample,long,hole,relationship,8,2,6,8192,820,30856700,0,0
summary,long,hole,relationship,2674.585,2723.938,3766.687
sample,long,hole,clipping,8,2,0,512,52,21524100,21102592,5
sample,long,hole,clipping,8,2,1,512,52,21272800,21102592,5
sample,long,hole,clipping,8,2,2,512,52,23568400,21102592,5
sample,long,hole,clipping,8,2,3,512,52,20673200,21102592,5
sample,long,hole,clipping,8,2,4,512,52,20934100,21102592,5
sample,long,hole,clipping,8,2,5,512,52,21768200,21102592,5
sample,long,hole,clipping,8,2,6,512,52,22089500,21102592,5
summary,long,hole,clipping,40377.344,42039.258,46032.031
sample,long,hole-reversed,relationship,8,2,0,8192,820,22173300,0,0
sample,long,hole-reversed,relationship,8,2,1,8192,820,22149800,0,0
sample,long,hole-reversed,relationship,8,2,2,8192,820,24029400,0,0
sample,long,hole-reversed,relationship,8,2,3,8192,820,22001600,0,0
sample,long,hole-reversed,relationship,8,2,4,8192,820,22050000,0,0
sample,long,hole-reversed,relationship,8,2,5,8192,820,22135400,0,0
sample,long,hole-reversed,relationship,8,2,6,8192,820,21986000,0,0
summary,long,hole-reversed,relationship,2683.838,2702.075,2933.276
sample,long,hole-reversed,clipping,8,2,0,512,52,21519900,21102592,5
sample,long,hole-reversed,clipping,8,2,1,512,52,21009400,21102592,5
sample,long,hole-reversed,clipping,8,2,2,512,52,23853400,21102592,5
sample,long,hole-reversed,clipping,8,2,3,512,52,21542600,21102592,5
sample,long,hole-reversed,clipping,8,2,4,512,52,20704800,21102592,5
sample,long,hole-reversed,clipping,8,2,5,512,52,21681200,21102592,5
sample,long,hole-reversed,clipping,8,2,6,512,52,21849400,21102592,5
summary,long,hole-reversed,clipping,40439.062,42075.391,46588.672
sample,long,rational-crossing,relationship,3,1,0,32768,3277,20851700,0,0
sample,long,rational-crossing,relationship,3,1,1,32768,3277,21515900,0,0
sample,long,rational-crossing,relationship,3,1,2,32768,3277,22663200,0,0
sample,long,rational-crossing,relationship,3,1,3,32768,3277,20595200,0,0
sample,long,rational-crossing,relationship,3,1,4,32768,3277,20786800,0,0
sample,long,rational-crossing,relationship,3,1,5,32768,3277,20977800,0,0
sample,long,rational-crossing,relationship,3,1,6,32768,3277,21283000,0,0
summary,long,rational-crossing,relationship,628.516,640.192,691.626
sample,long,rational-crossing,clipping,3,1,0,2048,205,39067300,42303488,10
sample,long,rational-crossing,clipping,3,1,1,2048,205,36137700,42303488,10
sample,long,rational-crossing,clipping,3,1,2,2048,205,35739400,42303488,10
sample,long,rational-crossing,clipping,3,1,3,2048,205,45306600,42303488,10
sample,long,rational-crossing,clipping,3,1,4,2048,205,35728200,42303488,10
sample,long,rational-crossing,clipping,3,1,5,2048,205,37939500,42303488,10
sample,long,rational-crossing,clipping,3,1,6,2048,205,36111800,42303488,10
summary,long,rational-crossing,clipping,17445.410,17645.361,22122.363
sample,long,sparse-1,relationship,4,1,0,32768,3277,29946100,0,0
sample,long,sparse-1,relationship,4,1,1,32768,3277,30176900,0,0
sample,long,sparse-1,relationship,4,1,2,32768,3277,29795500,0,0
sample,long,sparse-1,relationship,4,1,3,32768,3277,31644000,0,0
sample,long,sparse-1,relationship,4,1,4,32768,3277,30310800,0,0
sample,long,sparse-1,relationship,4,1,5,32768,3277,29925700,0,0
sample,long,sparse-1,relationship,4,1,6,32768,3277,30708000,0,0
summary,long,sparse-1,relationship,909.286,920.926,965.698
sample,long,sparse-1,clipping,4,1,0,2048,205,39588800,50692096,12
sample,long,sparse-1,clipping,4,1,1,2048,205,35827000,50692096,12
sample,long,sparse-1,clipping,4,1,2,2048,205,36744000,50692096,12
sample,long,sparse-1,clipping,4,1,3,2048,205,36800200,50692096,12
sample,long,sparse-1,clipping,4,1,4,2048,205,36737600,50692096,12
sample,long,sparse-1,clipping,4,1,5,2048,205,38863300,50692096,12
sample,long,sparse-1,clipping,4,1,6,2048,205,37824700,50692096,12
summary,long,sparse-1,clipping,17493.652,17968.848,19330.469
sample,long,sparse-4,relationship,16,1,0,8192,820,36410700,0,0
sample,long,sparse-4,relationship,16,1,1,8192,820,36584300,0,0
sample,long,sparse-4,relationship,16,1,2,8192,820,39748600,0,0
sample,long,sparse-4,relationship,16,1,3,8192,820,36469400,0,0
sample,long,sparse-4,relationship,16,1,4,8192,820,37457500,0,0
sample,long,sparse-4,relationship,16,1,5,8192,820,46147200,0,0
sample,long,sparse-4,relationship,16,1,6,8192,820,36216800,0,0
summary,long,sparse-4,relationship,4420.996,4465.857,5633.203
sample,long,sparse-4,clipping,16,1,0,1024,103,26129800,75677696,19
sample,long,sparse-4,clipping,16,1,1,1024,103,25648800,75677696,19
sample,long,sparse-4,clipping,16,1,2,1024,103,25994900,75677696,19
sample,long,sparse-4,clipping,16,1,3,1024,103,26142900,75677696,19
sample,long,sparse-4,clipping,16,1,4,1024,103,25398800,75677696,19
sample,long,sparse-4,clipping,16,1,5,1024,103,27591300,75677696,19
sample,long,sparse-4,clipping,16,1,6,1024,103,26806700,75677696,19
summary,long,sparse-4,clipping,24803.516,25517.383,26944.629
sample,long,sparse-16,relationship,64,1,0,2048,205,37989000,0,0
sample,long,sparse-16,relationship,64,1,1,2048,205,37428300,0,0
sample,long,sparse-16,relationship,64,1,2,2048,205,39506600,0,0
sample,long,sparse-16,relationship,64,1,3,2048,205,38355900,0,0
sample,long,sparse-16,relationship,64,1,4,2048,205,37455100,0,0
sample,long,sparse-16,relationship,64,1,5,2048,205,37987700,0,0
sample,long,sparse-16,relationship,64,1,6,2048,205,37697400,0,0
summary,long,sparse-16,relationship,18275.537,18548.682,19290.332
sample,long,sparse-16,clipping,64,1,0,512,52,25915600,142696448,42
sample,long,sparse-16,clipping,64,1,1,512,52,25556200,142696448,42
sample,long,sparse-16,clipping,64,1,2,512,52,25765000,142696448,42
sample,long,sparse-16,clipping,64,1,3,512,52,25867800,142696448,42
sample,long,sparse-16,clipping,64,1,4,512,52,25514300,142696448,42
sample,long,sparse-16,clipping,64,1,5,512,52,25620700,142696448,42
sample,long,sparse-16,clipping,64,1,6,512,52,29246000,142696448,42
summary,long,sparse-16,clipping,49832.617,50322.266,57121.094
sample,long,sparse-64,relationship,256,1,0,512,52,48150900,0,0
sample,long,sparse-64,relationship,256,1,1,512,52,38385100,0,0
sample,long,sparse-64,relationship,256,1,2,512,52,40046100,0,0
sample,long,sparse-64,relationship,256,1,3,512,52,39498000,0,0
sample,long,sparse-64,relationship,256,1,4,512,52,37683800,0,0
sample,long,sparse-64,relationship,256,1,5,512,52,37803100,0,0
sample,long,sparse-64,relationship,256,1,6,512,52,37800400,0,0
summary,long,sparse-64,relationship,73601.172,74970.898,94044.727
sample,long,sparse-64,clipping,256,1,0,64,7,21192800,70003712,8
sample,long,sparse-64,clipping,256,1,1,64,7,19910300,70003712,8
sample,long,sparse-64,clipping,256,1,2,64,7,20020900,70003712,8
sample,long,sparse-64,clipping,256,1,3,64,7,20510800,70003712,8
sample,long,sparse-64,clipping,256,1,4,64,7,19678500,70003712,8
sample,long,sparse-64,clipping,256,1,5,64,7,19624600,70003712,8
sample,long,sparse-64,clipping,256,1,6,64,7,19278600,70003712,8
summary,long,sparse-64,clipping,301228.125,311098.438,331137.500
sample,long,dense-1,relationship,4,1,0,32768,3277,29282400,0,0
sample,long,dense-1,relationship,4,1,1,32768,3277,29691500,0,0
sample,long,dense-1,relationship,4,1,2,32768,3277,30480100,0,0
sample,long,dense-1,relationship,4,1,3,32768,3277,30311600,0,0
sample,long,dense-1,relationship,4,1,4,32768,3277,29665900,0,0
sample,long,dense-1,relationship,4,1,5,32768,3277,32058700,0,0
sample,long,dense-1,relationship,4,1,6,32768,3277,29441900,0,0
summary,long,dense-1,relationship,893.628,906.113,978.354
sample,long,dense-1,clipping,4,1,0,2048,205,37307100,50692096,12
sample,long,dense-1,clipping,4,1,1,2048,205,45296800,50692096,12
sample,long,dense-1,clipping,4,1,2,2048,205,39412200,50692096,12
sample,long,dense-1,clipping,4,1,3,2048,205,36716700,50692096,12
sample,long,dense-1,clipping,4,1,4,2048,205,36604900,50692096,12
sample,long,dense-1,clipping,4,1,5,2048,205,46345300,50692096,12
sample,long,dense-1,clipping,4,1,6,2048,205,36624900,50692096,12
summary,long,dense-1,clipping,17873.486,18216.357,22629.541
sample,long,dense-4,relationship,16,4,0,4096,410,24971000,0,0
sample,long,dense-4,relationship,16,4,1,4096,410,24814100,0,0
sample,long,dense-4,relationship,16,4,2,4096,410,25060800,0,0
sample,long,dense-4,relationship,16,4,3,4096,410,25284800,0,0
sample,long,dense-4,relationship,16,4,4,4096,410,25226200,0,0
sample,long,dense-4,relationship,16,4,5,4096,410,25572600,0,0
sample,long,dense-4,relationship,16,4,6,4096,410,27275100,0,0
summary,long,dense-4,relationship,6058.130,6158.740,6658.960
sample,long,dense-4,clipping,16,4,0,256,26,23009100,18976768,4
sample,long,dense-4,clipping,16,4,1,256,26,23594900,18976768,4
sample,long,dense-4,clipping,16,4,2,256,26,23732900,18976768,4
sample,long,dense-4,clipping,16,4,3,256,26,23670200,18976768,4
sample,long,dense-4,clipping,16,4,4,256,26,23138900,18976768,4
sample,long,dense-4,clipping,16,4,5,256,26,23725200,18976768,4
sample,long,dense-4,clipping,16,4,6,256,26,25039200,18976768,4
summary,long,dense-4,clipping,89879.297,92461.719,97809.375
sample,long,dense-16,relationship,64,16,0,1024,103,27292400,0,0
sample,long,dense-16,relationship,64,16,1,1024,103,27471400,0,0
sample,long,dense-16,relationship,64,16,2,1024,103,27753400,0,0
sample,long,dense-16,relationship,64,16,3,1024,103,27873000,0,0
sample,long,dense-16,relationship,64,16,4,1024,103,29018000,0,0
sample,long,dense-16,relationship,64,16,5,1024,103,26746700,0,0
sample,long,dense-16,relationship,64,16,6,1024,103,28011600,0,0
summary,long,dense-16,relationship,26119.824,27102.930,28337.891
sample,long,dense-16,clipping,64,16,0,64,7,27642400,17931264,5
sample,long,dense-16,clipping,64,16,1,64,7,28637200,17931264,5
sample,long,dense-16,clipping,64,16,2,64,7,31015200,17931264,5
sample,long,dense-16,clipping,64,16,3,64,7,29800400,17931264,5
sample,long,dense-16,clipping,64,16,4,64,7,28070100,17931264,5
sample,long,dense-16,clipping,64,16,5,64,7,28161300,17931264,5
sample,long,dense-16,clipping,64,16,6,64,7,28796300,17931264,5
summary,long,dense-16,clipping,431912.500,447456.250,484612.500
sample,long,dense-64,relationship,256,64,0,256,26,29185600,0,0
sample,long,dense-64,relationship,256,64,1,256,26,27803300,0,0
sample,long,dense-64,relationship,256,64,2,256,26,28828800,0,0
sample,long,dense-64,relationship,256,64,3,256,26,27410000,0,0
sample,long,dense-64,relationship,256,64,4,256,26,28043900,0,0
sample,long,dense-64,relationship,256,64,5,256,26,28290700,0,0
sample,long,dense-64,relationship,256,64,6,256,26,28866900,0,0
summary,long,dense-64,relationship,107070.312,110510.547,114006.250
sample,long,dense-64,clipping,256,64,0,16,2,31958900,17612800,1
sample,long,dense-64,clipping,256,64,1,16,2,33350000,17612800,1
sample,long,dense-64,clipping,256,64,2,16,2,31745000,17612800,1
sample,long,dense-64,clipping,256,64,3,16,2,33499400,17612800,1
sample,long,dense-64,clipping,256,64,4,16,2,33815700,17612800,1
sample,long,dense-64,clipping,256,64,5,16,2,32428900,17612800,1
sample,long,dense-64,clipping,256,64,6,16,2,31888700,17612800,1
summary,long,dense-64,clipping,1984062.500,2026806.250,2113481.250
sample,long,wide-integral,relationship,4,1,0,32768,3277,31552600,0,0
sample,long,wide-integral,relationship,4,1,1,32768,3277,31645700,0,0
sample,long,wide-integral,relationship,4,1,2,32768,3277,30747900,0,0
sample,long,wide-integral,relationship,4,1,3,32768,3277,31096000,0,0
sample,long,wide-integral,relationship,4,1,4,32768,3277,30855600,0,0
sample,long,wide-integral,relationship,4,1,5,32768,3277,30516900,0,0
sample,long,wide-integral,relationship,4,1,6,32768,3277,30614100,0,0
summary,long,wide-integral,relationship,931.302,941.638,965.750
sample,long,wide-integral,clipping,4,1,0,1024,103,21391400,25346048,6
sample,long,wide-integral,clipping,4,1,1,1024,103,21093800,25346048,6
sample,long,wide-integral,clipping,4,1,2,1024,103,21373700,25346048,6
sample,long,wide-integral,clipping,4,1,3,1024,103,21060100,25346048,6
sample,long,wide-integral,clipping,4,1,4,1024,103,22309700,25346048,6
sample,long,wide-integral,clipping,4,1,5,1024,103,31281600,25346048,6
sample,long,wide-integral,clipping,4,1,6,1024,103,21851500,25346048,6
summary,long,wide-integral,clipping,20566.504,20890.039,30548.438
sample,long,endpoint-collapse,relationship,4,0,0,16384,1639,22475400,0,0
sample,long,endpoint-collapse,relationship,4,0,1,16384,1639,22604600,0,0
sample,long,endpoint-collapse,relationship,4,0,2,16384,1639,22067900,0,0
sample,long,endpoint-collapse,relationship,4,0,3,16384,1639,21999600,0,0
sample,long,endpoint-collapse,relationship,4,0,4,16384,1639,22080600,0,0
sample,long,endpoint-collapse,relationship,4,0,5,16384,1639,22240900,0,0
sample,long,endpoint-collapse,relationship,4,0,6,16384,1639,23595400,0,0
summary,long,endpoint-collapse,relationship,1342.749,1357.477,1440.149
sample,long,endpoint-collapse,clipping,4,0,0,2048,205,33371500,50626560,12
sample,long,endpoint-collapse,clipping,4,0,1,2048,205,34034700,50626560,12
sample,long,endpoint-collapse,clipping,4,0,2,2048,205,33724500,50626560,12
sample,long,endpoint-collapse,clipping,4,0,3,2048,205,35000600,50626560,12
sample,long,endpoint-collapse,clipping,4,0,4,2048,205,33968000,50626560,12
sample,long,endpoint-collapse,clipping,4,0,5,2048,205,33742300,50626560,12
sample,long,endpoint-collapse,clipping,4,0,6,2048,205,33152300,50626560,12
summary,long,endpoint-collapse,clipping,16187.646,16475.732,17090.137
sample,long,gap-collapse,relationship,8,0,0,8192,820,25380500,0,0
sample,long,gap-collapse,relationship,8,0,1,8192,820,28538500,0,0
sample,long,gap-collapse,relationship,8,0,2,8192,820,25372800,0,0
sample,long,gap-collapse,relationship,8,0,3,8192,820,25857800,0,0
sample,long,gap-collapse,relationship,8,0,4,8192,820,25851600,0,0
sample,long,gap-collapse,relationship,8,0,5,8192,820,27228400,0,0
sample,long,gap-collapse,relationship,8,0,6,8192,820,25454100,0,0
summary,long,gap-collapse,relationship,3097.266,3155.713,3483.704
sample,long,gap-collapse,clipping,8,0,0,512,52,22423200,21086208,5
sample,long,gap-collapse,clipping,8,0,1,512,52,20595400,21086208,5
sample,long,gap-collapse,clipping,8,0,2,512,52,20576900,21086208,5
sample,long,gap-collapse,clipping,8,0,3,512,52,21171700,21086208,5
sample,long,gap-collapse,clipping,8,0,4,512,52,20646200,21086208,5
sample,long,gap-collapse,clipping,8,0,5,512,52,21376800,21086208,5
sample,long,gap-collapse,clipping,8,0,6,512,52,20641100,21086208,5
summary,long,gap-collapse,clipping,40189.258,40324.609,43795.312
fixture,float,exterior,4,1,success,0
fixture,float,interior,4,4,success,1
fixture,float,crossing,4,7,success,1
fixture,float,boundary-only,4,10,success,1
fixture,float,boundary-overlap,4,11,success,1
fixture,float,isolated-tangent,4,3,success,0
fixture,float,degenerate-interior,4,4,success,0
fixture,float,degenerate-boundary,4,2,success,0
fixture,float,empty,0,1,success,0
fixture,float,concave-u,8,7,success,2
fixture,float,hole,8,7,success,2
fixture,float,hole-reversed,8,7,success,2
fixture,float,rational-crossing,3,7,success,1
fixture,float,sparse-1,4,7,success,1
fixture,float,sparse-4,16,7,success,1
fixture,float,sparse-16,64,7,success,1
fixture,float,sparse-64,256,7,success,1
fixture,float,dense-1,4,7,success,1
fixture,float,dense-4,16,7,success,4
fixture,float,dense-16,64,7,success,16
fixture,float,dense-64,256,7,success,64
fixture,float,subnormal,4,7,success,1
fixture,float,large-finite,4,7,success,1
preflight,float,23,PASS
sample,float,exterior,relationship,4,0,0,16384,1639,19967800,0,0
sample,float,exterior,relationship,4,0,1,16384,1639,18714100,0,0
sample,float,exterior,relationship,4,0,2,16384,1639,18618500,0,0
sample,float,exterior,relationship,4,0,3,16384,1639,19054800,0,0
sample,float,exterior,relationship,4,0,4,16384,1639,18868900,0,0
sample,float,exterior,relationship,4,0,5,16384,1639,19344100,0,0
sample,float,exterior,relationship,4,0,6,16384,1639,19138900,0,0
summary,float,exterior,relationship,1136.383,1163.013,1218.738
sample,float,exterior,clipping,4,0,0,8192,820,36659000,202113024,48
sample,float,exterior,clipping,4,0,1,8192,820,33256500,202113024,48
sample,float,exterior,clipping,4,0,2,8192,820,33604200,202113024,48
sample,float,exterior,clipping,4,0,3,8192,820,33436700,202113024,48
sample,float,exterior,clipping,4,0,4,8192,820,33401700,202113024,48
sample,float,exterior,clipping,4,0,5,8192,820,33854200,202113024,48
sample,float,exterior,clipping,4,0,6,8192,820,34964600,202113024,48
summary,float,exterior,clipping,4059.631,4102.075,4474.976
sample,float,interior,relationship,4,1,0,32768,3277,37816500,0,0
sample,float,interior,relationship,4,1,1,32768,3277,37641400,0,0
sample,float,interior,relationship,4,1,2,32768,3277,38457200,0,0
sample,float,interior,relationship,4,1,3,32768,3277,37495900,0,0
sample,float,interior,relationship,4,1,4,32768,3277,37866200,0,0
sample,float,interior,relationship,4,1,5,32768,3277,37478000,0,0
sample,float,interior,relationship,4,1,6,32768,3277,37298000,0,0
summary,float,interior,relationship,1138.245,1148.724,1173.621
sample,float,interior,clipping,4,1,0,2048,205,16744200,50626560,12
sample,float,interior,clipping,4,1,1,2048,205,17322200,50626560,12
sample,float,interior,clipping,4,1,2,2048,205,16920700,50626560,12
sample,float,interior,clipping,4,1,3,2048,205,17325500,50626560,12
sample,float,interior,clipping,4,1,4,2048,205,17307100,50626560,12
sample,float,interior,clipping,4,1,5,2048,205,17383500,50626560,12
sample,float,interior,clipping,4,1,6,2048,205,17146100,50626560,12
summary,float,interior,clipping,8175.879,8450.732,8488.037
sample,float,crossing,relationship,4,1,0,32768,3277,36033200,0,0
sample,float,crossing,relationship,4,1,1,32768,3277,36510500,0,0
sample,float,crossing,relationship,4,1,2,32768,3277,36346400,0,0
sample,float,crossing,relationship,4,1,3,32768,3277,36532600,0,0
sample,float,crossing,relationship,4,1,4,32768,3277,39020500,0,0
sample,float,crossing,relationship,4,1,5,32768,3277,35948800,0,0
sample,float,crossing,relationship,4,1,6,32768,3277,36307200,0,0
summary,float,crossing,relationship,1097.070,1109.204,1190.811
sample,float,crossing,clipping,4,1,0,2048,205,39874000,50692096,12
sample,float,crossing,clipping,4,1,1,2048,205,38628100,50692096,12
sample,float,crossing,clipping,4,1,2,2048,205,38061800,50692096,12
sample,float,crossing,clipping,4,1,3,2048,205,38502300,50692096,12
sample,float,crossing,clipping,4,1,4,2048,205,37811600,50692096,12
sample,float,crossing,clipping,4,1,5,2048,205,39024200,50692096,12
sample,float,crossing,clipping,4,1,6,2048,205,40809300,50692096,12
summary,float,crossing,clipping,18462.695,18861.377,19926.416
sample,float,boundary-only,relationship,4,1,0,16384,1639,22112500,0,0
sample,float,boundary-only,relationship,4,1,1,16384,1639,22284600,0,0
sample,float,boundary-only,relationship,4,1,2,16384,1639,22121100,0,0
sample,float,boundary-only,relationship,4,1,3,16384,1639,22426000,0,0
sample,float,boundary-only,relationship,4,1,4,16384,1639,22592400,0,0
sample,float,boundary-only,relationship,4,1,5,16384,1639,23512400,0,0
sample,float,boundary-only,relationship,4,1,6,16384,1639,22285100,0,0
summary,float,boundary-only,relationship,1349.640,1360.175,1435.083
sample,float,boundary-only,clipping,4,1,0,2048,205,25226600,50626560,12
sample,float,boundary-only,clipping,4,1,1,2048,205,25024100,50626560,12
sample,float,boundary-only,clipping,4,1,2,2048,205,25078200,50626560,12
sample,float,boundary-only,clipping,4,1,3,2048,205,25205800,50626560,12
sample,float,boundary-only,clipping,4,1,4,2048,205,35945100,50626560,12
sample,float,boundary-only,clipping,4,1,5,2048,205,24637400,50626560,12
sample,float,boundary-only,clipping,4,1,6,2048,205,24581600,50626560,12
summary,float,boundary-only,clipping,12002.734,12245.215,17551.318
sample,float,boundary-overlap,relationship,4,1,0,16384,1639,29539000,0,0
sample,float,boundary-overlap,relationship,4,1,1,16384,1639,32017300,0,0
sample,float,boundary-overlap,relationship,4,1,2,16384,1639,29143300,0,0
sample,float,boundary-overlap,relationship,4,1,3,16384,1639,29850400,0,0
sample,float,boundary-overlap,relationship,4,1,4,16384,1639,29148800,0,0
sample,float,boundary-overlap,relationship,4,1,5,16384,1639,29671800,0,0
sample,float,boundary-overlap,relationship,4,1,6,16384,1639,29664200,0,0
summary,float,boundary-overlap,relationship,1778.766,1810.559,1954.181
sample,float,boundary-overlap,clipping,4,1,0,2048,205,27262500,50692096,12
sample,float,boundary-overlap,clipping,4,1,1,2048,205,27140000,50692096,12
sample,float,boundary-overlap,clipping,4,1,2,2048,205,26780000,50692096,12
sample,float,boundary-overlap,clipping,4,1,3,2048,205,26854300,50692096,12
sample,float,boundary-overlap,clipping,4,1,4,2048,205,26953600,50692096,12
sample,float,boundary-overlap,clipping,4,1,5,2048,205,26216100,50692096,12
sample,float,boundary-overlap,clipping,4,1,6,2048,205,30858700,50692096,12
summary,float,boundary-overlap,clipping,12800.830,13160.938,15067.725
sample,float,isolated-tangent,relationship,4,0,0,16384,1639,35537300,0,0
sample,float,isolated-tangent,relationship,4,0,1,16384,1639,36959500,0,0
sample,float,isolated-tangent,relationship,4,0,2,16384,1639,38062600,0,0
sample,float,isolated-tangent,relationship,4,0,3,16384,1639,35906700,0,0
sample,float,isolated-tangent,relationship,4,0,4,16384,1639,35518700,0,0
sample,float,isolated-tangent,relationship,4,0,5,16384,1639,37132600,0,0
sample,float,isolated-tangent,relationship,4,0,6,16384,1639,34897400,0,0
summary,float,isolated-tangent,relationship,2129.968,2191.571,2323.157
sample,float,isolated-tangent,clipping,4,0,0,4096,410,40066800,101056512,24
sample,float,isolated-tangent,clipping,4,0,1,4096,410,26900500,101056512,24
sample,float,isolated-tangent,clipping,4,0,2,4096,410,26017600,101056512,24
sample,float,isolated-tangent,clipping,4,0,3,4096,410,26635100,101056512,24
sample,float,isolated-tangent,clipping,4,0,4,4096,410,25963000,101056512,24
sample,float,isolated-tangent,clipping,4,0,5,4096,410,27144000,101056512,24
sample,float,isolated-tangent,clipping,4,0,6,4096,410,27783000,101056512,24
summary,float,isolated-tangent,clipping,6338.623,6567.505,9781.934
sample,float,degenerate-interior,relationship,4,0,0,65536,6554,3575400,0,0
sample,float,degenerate-interior,relationship,4,0,1,65536,6554,3673100,0,0
sample,float,degenerate-interior,relationship,4,0,2,65536,6554,3448000,0,0
sample,float,degenerate-interior,relationship,4,0,3,65536,6554,3363000,0,0
sample,float,degenerate-interior,relationship,4,0,4,65536,6554,3326000,0,0
sample,float,degenerate-interior,relationship,4,0,5,65536,6554,3377600,0,0
sample,float,degenerate-interior,relationship,4,0,6,65536,6554,3391700,0,0
summary,float,degenerate-interior,relationship,50.751,51.753,56.047
sample,float,degenerate-interior,clipping,4,0,0,65536,6554,333500,0,0
sample,float,degenerate-interior,clipping,4,0,1,65536,6554,298800,0,0
sample,float,degenerate-interior,clipping,4,0,2,65536,6554,316600,0,0
sample,float,degenerate-interior,clipping,4,0,3,65536,6554,350000,0,0
sample,float,degenerate-interior,clipping,4,0,4,65536,6554,305600,0,0
sample,float,degenerate-interior,clipping,4,0,5,65536,6554,320600,0,0
sample,float,degenerate-interior,clipping,4,0,6,65536,6554,323700,0,0
summary,float,degenerate-interior,clipping,4.559,4.892,5.341
sample,float,degenerate-boundary,relationship,4,0,0,65536,6554,3405200,0,0
sample,float,degenerate-boundary,relationship,4,0,1,65536,6554,3833000,0,0
sample,float,degenerate-boundary,relationship,4,0,2,65536,6554,3642000,0,0
sample,float,degenerate-boundary,relationship,4,0,3,65536,6554,3602300,0,0
sample,float,degenerate-boundary,relationship,4,0,4,65536,6554,3545500,0,0
sample,float,degenerate-boundary,relationship,4,0,5,65536,6554,3585200,0,0
sample,float,degenerate-boundary,relationship,4,0,6,65536,6554,3827600,0,0
summary,float,degenerate-boundary,relationship,51.959,54.967,58.487
sample,float,degenerate-boundary,clipping,4,0,0,65536,6554,308100,0,0
sample,float,degenerate-boundary,clipping,4,0,1,65536,6554,305500,0,0
sample,float,degenerate-boundary,clipping,4,0,2,65536,6554,449100,0,0
sample,float,degenerate-boundary,clipping,4,0,3,65536,6554,308100,0,0
sample,float,degenerate-boundary,clipping,4,0,4,65536,6554,305700,0,0
sample,float,degenerate-boundary,clipping,4,0,5,65536,6554,305700,0,0
sample,float,degenerate-boundary,clipping,4,0,6,65536,6554,348700,0,0
summary,float,degenerate-boundary,clipping,4.662,4.701,6.853
sample,float,empty,relationship,0,0,0,65536,6554,1076700,0,0
sample,float,empty,relationship,0,0,1,65536,6554,948300,0,0
sample,float,empty,relationship,0,0,2,65536,6554,985900,0,0
sample,float,empty,relationship,0,0,3,65536,6554,945800,0,0
sample,float,empty,relationship,0,0,4,65536,6554,987100,0,0
sample,float,empty,relationship,0,0,5,65536,6554,947800,0,0
sample,float,empty,relationship,0,0,6,65536,6554,984400,0,0
summary,float,empty,relationship,14.432,15.021,16.429
sample,float,empty,clipping,0,0,0,65536,6554,319700,0,0
sample,float,empty,clipping,0,0,1,65536,6554,305600,0,0
sample,float,empty,clipping,0,0,2,65536,6554,309300,0,0
sample,float,empty,clipping,0,0,3,65536,6554,440100,0,0
sample,float,empty,clipping,0,0,4,65536,6554,308600,0,0
sample,float,empty,clipping,0,0,5,65536,6554,305500,0,0
sample,float,empty,clipping,0,0,6,65536,6554,305500,0,0
summary,float,empty,clipping,4.662,4.709,6.715
sample,float,concave-u,relationship,8,2,0,8192,820,24774900,0,0
sample,float,concave-u,relationship,8,2,1,8192,820,25374900,0,0
sample,float,concave-u,relationship,8,2,2,8192,820,26173500,0,0
sample,float,concave-u,relationship,8,2,3,8192,820,24887600,0,0
sample,float,concave-u,relationship,8,2,4,8192,820,25185200,0,0
sample,float,concave-u,relationship,8,2,5,8192,820,25051900,0,0
sample,float,concave-u,relationship,8,2,6,8192,820,25069800,0,0
summary,float,concave-u,relationship,3024.280,3060.278,3195.007
sample,float,concave-u,clipping,8,2,0,512,52,22744600,21102592,5
sample,float,concave-u,clipping,8,2,1,512,52,24043700,21102592,5
sample,float,concave-u,clipping,8,2,2,512,52,22168000,21102592,5
sample,float,concave-u,clipping,8,2,3,512,52,21928800,21102592,5
sample,float,concave-u,clipping,8,2,4,512,52,22589400,21102592,5
sample,float,concave-u,clipping,8,2,5,512,52,22726300,21102592,5
sample,float,concave-u,clipping,8,2,6,512,52,22275800,21102592,5
summary,float,concave-u,clipping,42829.688,44119.922,46960.352
sample,float,hole,relationship,8,2,0,8192,820,27557600,0,0
sample,float,hole,relationship,8,2,1,8192,820,28289900,0,0
sample,float,hole,relationship,8,2,2,8192,820,25590000,0,0
sample,float,hole,relationship,8,2,3,8192,820,25998400,0,0
sample,float,hole,relationship,8,2,4,8192,820,26729500,0,0
sample,float,hole,relationship,8,2,5,8192,820,25532300,0,0
sample,float,hole,relationship,8,2,6,8192,820,25454000,0,0
summary,float,hole,relationship,3107.178,3173.633,3453.357
sample,float,hole,clipping,8,2,0,512,52,22023300,21102592,5
sample,float,hole,clipping,8,2,1,512,52,31398600,21102592,5
sample,float,hole,clipping,8,2,2,512,52,22164400,21102592,5
sample,float,hole,clipping,8,2,3,512,52,21847500,21102592,5
sample,float,hole,clipping,8,2,4,512,52,22259600,21102592,5
sample,float,hole,clipping,8,2,5,512,52,21920100,21102592,5
sample,float,hole,clipping,8,2,6,512,52,22094400,21102592,5
summary,float,hole,clipping,42670.898,43153.125,61325.391
sample,float,hole-reversed,relationship,8,2,0,8192,820,25541600,0,0
sample,float,hole-reversed,relationship,8,2,1,8192,820,25706600,0,0
sample,float,hole-reversed,relationship,8,2,2,8192,820,26183400,0,0
sample,float,hole-reversed,relationship,8,2,3,8192,820,26133200,0,0
sample,float,hole-reversed,relationship,8,2,4,8192,820,25884000,0,0
sample,float,hole-reversed,relationship,8,2,5,8192,820,25884600,0,0
sample,float,hole-reversed,relationship,8,2,6,8192,820,26576200,0,0
summary,float,hole-reversed,relationship,3117.871,3159.741,3244.165
sample,float,hole-reversed,clipping,8,2,0,512,52,22054400,21102592,5
sample,float,hole-reversed,clipping,8,2,1,512,52,22008300,21102592,5
sample,float,hole-reversed,clipping,8,2,2,512,52,22434200,21102592,5
sample,float,hole-reversed,clipping,8,2,3,512,52,21747400,21102592,5
sample,float,hole-reversed,clipping,8,2,4,512,52,22288000,21102592,5
sample,float,hole-reversed,clipping,8,2,5,512,52,22557000,21102592,5
sample,float,hole-reversed,clipping,8,2,6,512,52,24177000,21102592,5
summary,float,hole-reversed,clipping,42475.391,43531.250,47220.703
sample,float,rational-crossing,relationship,3,1,0,32768,3277,25809600,0,0
sample,float,rational-crossing,relationship,3,1,1,32768,3277,26961300,0,0
sample,float,rational-crossing,relationship,3,1,2,32768,3277,25883200,0,0
sample,float,rational-crossing,relationship,3,1,3,32768,3277,26136800,0,0
sample,float,rational-crossing,relationship,3,1,4,32768,3277,27720500,0,0
sample,float,rational-crossing,relationship,3,1,5,32768,3277,26916900,0,0
sample,float,rational-crossing,relationship,3,1,6,32768,3277,26043600,0,0
summary,float,rational-crossing,relationship,787.646,797.632,845.963
sample,float,rational-crossing,clipping,3,1,0,2048,205,37129000,42303488,10
sample,float,rational-crossing,clipping,3,1,1,2048,205,39614600,42303488,10
sample,float,rational-crossing,clipping,3,1,2,2048,205,37577100,42303488,10
sample,float,rational-crossing,clipping,3,1,3,2048,205,46901800,42303488,10
sample,float,rational-crossing,clipping,3,1,4,2048,205,37026300,42303488,10
sample,float,rational-crossing,clipping,3,1,5,2048,205,37203500,42303488,10
sample,float,rational-crossing,clipping,3,1,6,2048,205,40387500,42303488,10
summary,float,rational-crossing,clipping,18079.248,18348.193,22901.270
sample,float,sparse-1,relationship,4,1,0,32768,3277,36506500,0,0
sample,float,sparse-1,relationship,4,1,1,32768,3277,36333200,0,0
sample,float,sparse-1,relationship,4,1,2,32768,3277,36988100,0,0
sample,float,sparse-1,relationship,4,1,3,32768,3277,37551800,0,0
sample,float,sparse-1,relationship,4,1,4,32768,3277,36771300,0,0
sample,float,sparse-1,relationship,4,1,5,32768,3277,36388900,0,0
sample,float,sparse-1,relationship,4,1,6,32768,3277,36372600,0,0
summary,float,sparse-1,relationship,1108.801,1114.090,1145.990
sample,float,sparse-1,clipping,4,1,0,1024,103,20604500,25346048,6
sample,float,sparse-1,clipping,4,1,1,1024,103,19328600,25346048,6
sample,float,sparse-1,clipping,4,1,2,1024,103,19026900,25346048,6
sample,float,sparse-1,clipping,4,1,3,1024,103,19096700,25346048,6
sample,float,sparse-1,clipping,4,1,4,1024,103,19224400,25346048,6
sample,float,sparse-1,clipping,4,1,5,1024,103,19196000,25346048,6
sample,float,sparse-1,clipping,4,1,6,1024,103,19051100,25346048,6
summary,float,sparse-1,clipping,18580.957,18746.094,20121.582
sample,float,sparse-4,relationship,16,1,0,4096,410,21882700,0,0
sample,float,sparse-4,relationship,16,1,1,4096,410,22078500,0,0
sample,float,sparse-4,relationship,16,1,2,4096,410,21215200,0,0
sample,float,sparse-4,relationship,16,1,3,4096,410,21750100,0,0
sample,float,sparse-4,relationship,16,1,4,4096,410,20966700,0,0
sample,float,sparse-4,relationship,16,1,5,4096,410,21154000,0,0
sample,float,sparse-4,relationship,16,1,6,4096,410,21637400,0,0
summary,float,sparse-4,relationship,5118.823,5282.568,5390.259
sample,float,sparse-4,clipping,16,1,0,1024,103,29615700,75677696,18
sample,float,sparse-4,clipping,16,1,1,1024,103,28160600,75677696,18
sample,float,sparse-4,clipping,16,1,2,1024,103,27555100,75677696,18
sample,float,sparse-4,clipping,16,1,3,1024,103,36861600,75677696,18
sample,float,sparse-4,clipping,16,1,4,1024,103,27378900,75677696,18
sample,float,sparse-4,clipping,16,1,5,1024,103,27850800,75677696,18
sample,float,sparse-4,clipping,16,1,6,1024,103,27354300,75677696,18
summary,float,sparse-4,clipping,26713.184,27198.047,35997.656
sample,float,sparse-16,relationship,64,1,0,1024,103,21672800,0,0
sample,float,sparse-16,relationship,64,1,1,1024,103,20833300,0,0
sample,float,sparse-16,relationship,64,1,2,1024,103,20886200,0,0
sample,float,sparse-16,relationship,64,1,3,1024,103,20980800,0,0
sample,float,sparse-16,relationship,64,1,4,1024,103,21400100,0,0
sample,float,sparse-16,relationship,64,1,5,1024,103,21008000,0,0
sample,float,sparse-16,relationship,64,1,6,1024,103,21018200,0,0
summary,float,sparse-16,relationship,20345.020,20515.625,21164.844
sample,float,sparse-16,clipping,64,1,0,512,52,27870600,142696448,39
sample,float,sparse-16,clipping,64,1,1,512,52,27835100,142696448,39
sample,float,sparse-16,clipping,64,1,2,512,52,28652600,142696448,39
sample,float,sparse-16,clipping,64,1,3,512,52,28238900,142696448,39
sample,float,sparse-16,clipping,64,1,4,512,52,28132000,142696448,39
sample,float,sparse-16,clipping,64,1,5,512,52,37521100,142696448,39
sample,float,sparse-16,clipping,64,1,6,512,52,31036500,142696448,39
summary,float,sparse-16,clipping,54365.430,55154.102,73283.398
sample,float,sparse-64,relationship,256,1,0,256,26,20771400,0,0
sample,float,sparse-64,relationship,256,1,1,256,26,20732700,0,0
sample,float,sparse-64,relationship,256,1,2,256,26,20799400,0,0
sample,float,sparse-64,relationship,256,1,3,256,26,20983100,0,0
sample,float,sparse-64,relationship,256,1,4,256,26,22767200,0,0
sample,float,sparse-64,relationship,256,1,5,256,26,21302300,0,0
sample,float,sparse-64,relationship,256,1,6,256,26,21123100,0,0
summary,float,sparse-64,relationship,80987.109,81965.234,88934.375
sample,float,sparse-64,clipping,256,1,0,128,13,21819500,140007424,63
sample,float,sparse-64,clipping,256,1,1,128,13,21636800,140007424,63
sample,float,sparse-64,clipping,256,1,2,128,13,21520500,140007424,63
sample,float,sparse-64,clipping,256,1,3,128,13,21796200,140007424,63
sample,float,sparse-64,clipping,256,1,4,128,13,23937100,140007424,63
sample,float,sparse-64,clipping,256,1,5,128,13,23219700,140007424,63
sample,float,sparse-64,clipping,256,1,6,128,13,21685100,140007424,63
summary,float,sparse-64,clipping,168128.906,170282.812,187008.594
sample,float,dense-1,relationship,4,1,0,16384,1639,17974400,0,0
sample,float,dense-1,relationship,4,1,1,16384,1639,18029900,0,0
sample,float,dense-1,relationship,4,1,2,16384,1639,18200100,0,0
sample,float,dense-1,relationship,4,1,3,16384,1639,18189700,0,0
sample,float,dense-1,relationship,4,1,4,16384,1639,18220300,0,0
sample,float,dense-1,relationship,4,1,5,16384,1639,20626300,0,0
sample,float,dense-1,relationship,4,1,6,16384,1639,18531100,0,0
summary,float,dense-1,relationship,1097.070,1110.846,1258.929
sample,float,dense-1,clipping,4,1,0,2048,205,38572600,50692096,12
sample,float,dense-1,clipping,4,1,1,2048,205,37777300,50692096,12
sample,float,dense-1,clipping,4,1,2,2048,205,40934100,50692096,12
sample,float,dense-1,clipping,4,1,3,2048,205,38429200,50692096,12
sample,float,dense-1,clipping,4,1,4,2048,205,38946900,50692096,12
sample,float,dense-1,clipping,4,1,5,2048,205,39618200,50692096,12
sample,float,dense-1,clipping,4,1,6,2048,205,38481600,50692096,12
summary,float,dense-1,clipping,18445.947,18834.277,19987.354
sample,float,dense-4,relationship,16,4,0,4096,410,28042700,0,0
sample,float,dense-4,relationship,16,4,1,4096,410,28046700,0,0
sample,float,dense-4,relationship,16,4,2,4096,410,28279300,0,0
sample,float,dense-4,relationship,16,4,3,4096,410,29080600,0,0
sample,float,dense-4,relationship,16,4,4,4096,410,28567300,0,0
sample,float,dense-4,relationship,16,4,5,4096,410,29738500,0,0
sample,float,dense-4,relationship,16,4,6,4096,410,27858600,0,0
summary,float,dense-4,relationship,6801.416,6904.126,7260.376
sample,float,dense-4,clipping,16,4,0,256,26,25143700,18976768,4
sample,float,dense-4,clipping,16,4,1,256,26,24204000,18976768,4
sample,float,dense-4,clipping,16,4,2,256,26,24527900,18976768,4
sample,float,dense-4,clipping,16,4,3,256,26,24267500,18976768,4
sample,float,dense-4,clipping,16,4,4,256,26,27377600,18976768,4
sample,float,dense-4,clipping,16,4,5,256,26,24734000,18976768,4
sample,float,dense-4,clipping,16,4,6,256,26,24071100,18976768,4
summary,float,dense-4,clipping,94027.734,95812.109,106943.750
sample,float,dense-16,relationship,64,16,0,1024,103,29941500,0,0
sample,float,dense-16,relationship,64,16,1,1024,103,32330900,0,0
sample,float,dense-16,relationship,64,16,2,1024,103,30608900,0,0
sample,float,dense-16,relationship,64,16,3,1024,103,29994300,0,0
sample,float,dense-16,relationship,64,16,4,1024,103,30564900,0,0
sample,float,dense-16,relationship,64,16,5,1024,103,29931000,0,0
sample,float,dense-16,relationship,64,16,6,1024,103,29942100,0,0
summary,float,dense-16,relationship,29229.492,29291.309,31573.145
sample,float,dense-16,clipping,64,16,0,64,7,29582600,17931264,4
sample,float,dense-16,clipping,64,16,1,64,7,29454600,17931264,4
sample,float,dense-16,clipping,64,16,2,64,7,28975700,17931264,4
sample,float,dense-16,clipping,64,16,3,64,7,29341400,17931264,4
sample,float,dense-16,clipping,64,16,4,64,7,28948500,17931264,4
sample,float,dense-16,clipping,64,16,5,64,7,28402800,17931264,4
sample,float,dense-16,clipping,64,16,6,64,7,31697900,17931264,4
summary,float,dense-16,clipping,443793.750,458459.375,495279.688
sample,float,dense-64,relationship,256,64,0,256,26,30608400,0,0
sample,float,dense-64,relationship,256,64,1,256,26,30328200,0,0
sample,float,dense-64,relationship,256,64,2,256,26,30154300,0,0
sample,float,dense-64,relationship,256,64,3,256,26,33167800,0,0
sample,float,dense-64,relationship,256,64,4,256,26,30683200,0,0
sample,float,dense-64,relationship,256,64,5,256,26,30226400,0,0
sample,float,dense-64,relationship,256,64,6,256,26,30595900,0,0
summary,float,dense-64,relationship,117790.234,119515.234,129561.719
sample,float,dense-64,clipping,256,64,0,16,2,36289100,17612800,7
sample,float,dense-64,clipping,256,64,1,16,2,34287400,17612800,7
sample,float,dense-64,clipping,256,64,2,16,2,33958500,17612800,7
sample,float,dense-64,clipping,256,64,3,16,2,43097400,17612800,7
sample,float,dense-64,clipping,256,64,4,16,2,36103500,17612800,7
sample,float,dense-64,clipping,256,64,5,16,2,34533700,17612800,7
sample,float,dense-64,clipping,256,64,6,16,2,36833300,17612800,7
summary,float,dense-64,clipping,2122406.250,2256468.750,2693587.500
sample,float,subnormal,relationship,4,1,0,32768,3277,37096000,0,0
sample,float,subnormal,relationship,4,1,1,32768,3277,36287800,0,0
sample,float,subnormal,relationship,4,1,2,32768,3277,37962400,0,0
sample,float,subnormal,relationship,4,1,3,32768,3277,36269500,0,0
sample,float,subnormal,relationship,4,1,4,32768,3277,36714400,0,0
sample,float,subnormal,relationship,4,1,5,32768,3277,36765400,0,0
sample,float,subnormal,relationship,4,1,6,32768,3277,36275700,0,0
summary,float,subnormal,relationship,1106.857,1120.435,1158.521
sample,float,subnormal,clipping,4,1,0,1024,103,19675200,25346048,6
sample,float,subnormal,clipping,4,1,1,1024,103,19193200,25346048,6
sample,float,subnormal,clipping,4,1,2,1024,103,19001300,25346048,6
sample,float,subnormal,clipping,4,1,3,1024,103,18993700,25346048,6
sample,float,subnormal,clipping,4,1,4,1024,103,19268200,25346048,6
sample,float,subnormal,clipping,4,1,5,1024,103,19066400,25346048,6
sample,float,subnormal,clipping,4,1,6,1024,103,19201000,25346048,6
summary,float,subnormal,clipping,18548.535,18743.359,19214.062
sample,float,large-finite,relationship,4,1,0,32768,3277,37057400,0,0
sample,float,large-finite,relationship,4,1,1,32768,3277,37085600,0,0
sample,float,large-finite,relationship,4,1,2,32768,3277,36902500,0,0
sample,float,large-finite,relationship,4,1,3,32768,3277,36678100,0,0
sample,float,large-finite,relationship,4,1,4,32768,3277,39060600,0,0
sample,float,large-finite,relationship,4,1,5,32768,3277,36658500,0,0
sample,float,large-finite,relationship,4,1,6,32768,3277,36548800,0,0
summary,float,large-finite,relationship,1115.381,1126.175,1192.035
sample,float,large-finite,clipping,4,1,0,1024,103,25376300,25346048,6
sample,float,large-finite,clipping,4,1,1,1024,103,20957000,25346048,6
sample,float,large-finite,clipping,4,1,2,1024,103,23425300,25346048,6
sample,float,large-finite,clipping,4,1,3,1024,103,21081400,25346048,6
sample,float,large-finite,clipping,4,1,4,1024,103,20581700,25346048,6
sample,float,large-finite,clipping,4,1,5,1024,103,20070300,25346048,6
sample,float,large-finite,clipping,4,1,6,1024,103,20185300,25346048,6
summary,float,large-finite,clipping,19599.902,20465.820,24781.543
fixture,double,exterior,4,1,success,0
fixture,double,interior,4,4,success,1
fixture,double,crossing,4,7,success,1
fixture,double,boundary-only,4,10,success,1
fixture,double,boundary-overlap,4,11,success,1
fixture,double,isolated-tangent,4,3,success,0
fixture,double,degenerate-interior,4,4,success,0
fixture,double,degenerate-boundary,4,2,success,0
fixture,double,empty,0,1,success,0
fixture,double,concave-u,8,7,success,2
fixture,double,hole,8,7,success,2
fixture,double,hole-reversed,8,7,success,2
fixture,double,rational-crossing,3,7,success,1
fixture,double,sparse-1,4,7,success,1
fixture,double,sparse-4,16,7,success,1
fixture,double,sparse-16,64,7,success,1
fixture,double,sparse-64,256,7,success,1
fixture,double,dense-1,4,7,success,1
fixture,double,dense-4,16,7,success,4
fixture,double,dense-16,64,7,success,16
fixture,double,dense-64,256,7,success,64
fixture,double,subnormal,4,7,success,1
fixture,double,large-finite,4,7,success,1
preflight,double,23,PASS
sample,double,exterior,relationship,4,0,0,32768,3277,39376500,0,0
sample,double,exterior,relationship,4,0,1,32768,3277,37044800,0,0
sample,double,exterior,relationship,4,0,2,32768,3277,36858300,0,0
sample,double,exterior,relationship,4,0,3,32768,3277,37131000,0,0
sample,double,exterior,relationship,4,0,4,32768,3277,37275400,0,0
sample,double,exterior,relationship,4,0,5,32768,3277,38232600,0,0
sample,double,exterior,relationship,4,0,6,32768,3277,37000600,0,0
summary,double,exterior,relationship,1124.826,1133.148,1201.675
sample,double,exterior,clipping,4,0,0,8192,820,32633200,202113024,49
sample,double,exterior,clipping,4,0,1,8192,820,32635000,202113024,49
sample,double,exterior,clipping,4,0,2,8192,820,34390500,202113024,49
sample,double,exterior,clipping,4,0,3,8192,820,33651400,202113024,49
sample,double,exterior,clipping,4,0,4,8192,820,33046000,202113024,49
sample,double,exterior,clipping,4,0,5,8192,820,32547500,202113024,49
sample,double,exterior,clipping,4,0,6,8192,820,32836100,202113024,49
summary,double,exterior,clipping,3973.083,4008.313,4198.059
sample,double,interior,relationship,4,1,0,32768,3277,36579600,0,0
sample,double,interior,relationship,4,1,1,32768,3277,36214100,0,0
sample,double,interior,relationship,4,1,2,32768,3277,37648700,0,0
sample,double,interior,relationship,4,1,3,32768,3277,45918700,0,0
sample,double,interior,relationship,4,1,4,32768,3277,38794200,0,0
sample,double,interior,relationship,4,1,5,32768,3277,36968600,0,0
sample,double,interior,relationship,4,1,6,32768,3277,36742500,0,0
summary,double,interior,relationship,1105.167,1128.192,1401.328
sample,double,interior,clipping,4,1,0,4096,410,33945800,101253120,24
sample,double,interior,clipping,4,1,1,4096,410,36920000,101253120,24
sample,double,interior,clipping,4,1,2,4096,410,33888500,101253120,24
sample,double,interior,clipping,4,1,3,4096,410,33968500,101253120,24
sample,double,interior,clipping,4,1,4,4096,410,34251300,101253120,24
sample,double,interior,clipping,4,1,5,4096,410,33878000,101253120,24
sample,double,interior,clipping,4,1,6,4096,410,35588400,101253120,24
summary,double,interior,clipping,8270.996,8293.091,9013.672
sample,double,crossing,relationship,4,1,0,32768,3277,36120300,0,0
sample,double,crossing,relationship,4,1,1,32768,3277,35961900,0,0
sample,double,crossing,relationship,4,1,2,32768,3277,35502000,0,0
sample,double,crossing,relationship,4,1,3,32768,3277,37863300,0,0
sample,double,crossing,relationship,4,1,4,32768,3277,35844300,0,0
sample,double,crossing,relationship,4,1,5,32768,3277,35878600,0,0
sample,double,crossing,relationship,4,1,6,32768,3277,36480500,0,0
summary,double,crossing,relationship,1083.435,1097.470,1155.496
sample,double,crossing,clipping,4,1,0,2048,205,37757900,50692096,12
sample,double,crossing,clipping,4,1,1,2048,205,37841000,50692096,12
sample,double,crossing,clipping,4,1,2,2048,205,37744100,50692096,12
sample,double,crossing,clipping,4,1,3,2048,205,42296000,50692096,12
sample,double,crossing,clipping,4,1,4,2048,205,47054100,50692096,12
sample,double,crossing,clipping,4,1,5,2048,205,38368400,50692096,12
sample,double,crossing,clipping,4,1,6,2048,205,40103900,50692096,12
summary,double,crossing,clipping,18429.736,18734.570,22975.635
sample,double,boundary-only,relationship,4,1,0,16384,1639,21650600,0,0
sample,double,boundary-only,relationship,4,1,1,16384,1639,21531700,0,0
sample,double,boundary-only,relationship,4,1,2,16384,1639,22798100,0,0
sample,double,boundary-only,relationship,4,1,3,16384,1639,21744700,0,0
sample,double,boundary-only,relationship,4,1,4,16384,1639,21355600,0,0
sample,double,boundary-only,relationship,4,1,5,16384,1639,21546000,0,0
sample,double,boundary-only,relationship,4,1,6,16384,1639,21463700,0,0
summary,double,boundary-only,relationship,1303.442,1315.063,1391.486
sample,double,boundary-only,clipping,4,1,0,2048,205,24634300,50626560,12
sample,double,boundary-only,clipping,4,1,1,2048,205,25299500,50626560,12
sample,double,boundary-only,clipping,4,1,2,2048,205,26135600,50626560,12
sample,double,boundary-only,clipping,4,1,3,2048,205,25038600,50626560,12
sample,double,boundary-only,clipping,4,1,4,2048,205,24844400,50626560,12
sample,double,boundary-only,clipping,4,1,5,2048,205,24439700,50626560,12
sample,double,boundary-only,clipping,4,1,6,2048,205,24419200,50626560,12
summary,double,boundary-only,clipping,11923.438,12131.055,12761.523
sample,double,boundary-overlap,relationship,4,1,0,16384,1639,30495400,0,0
sample,double,boundary-overlap,relationship,4,1,1,16384,1639,28280000,0,0
sample,double,boundary-overlap,relationship,4,1,2,16384,1639,28447700,0,0
sample,double,boundary-overlap,relationship,4,1,3,16384,1639,28666000,0,0
sample,double,boundary-overlap,relationship,4,1,4,16384,1639,28315400,0,0
sample,double,boundary-overlap,relationship,4,1,5,16384,1639,28328200,0,0
sample,double,boundary-overlap,relationship,4,1,6,16384,1639,28606800,0,0
summary,double,boundary-overlap,relationship,1726.074,1736.310,1861.292
sample,double,boundary-overlap,clipping,4,1,0,2048,205,26136100,50692096,12
sample,double,boundary-overlap,clipping,4,1,1,2048,205,27138800,50692096,12
sample,double,boundary-overlap,clipping,4,1,2,2048,205,26900100,50692096,12
sample,double,boundary-overlap,clipping,4,1,3,2048,205,26508800,50692096,12
sample,double,boundary-overlap,clipping,4,1,4,2048,205,25685700,50692096,12
sample,double,boundary-overlap,clipping,4,1,5,2048,205,38796800,50692096,12
sample,double,boundary-overlap,clipping,4,1,6,2048,205,26413900,50692096,12
summary,double,boundary-overlap,clipping,12541.846,12943.750,18943.750
sample,double,isolated-tangent,relationship,4,0,0,16384,1639,35476600,0,0
sample,double,isolated-tangent,relationship,4,0,1,16384,1639,34075700,0,0
sample,double,isolated-tangent,relationship,4,0,2,16384,1639,36559800,0,0
sample,double,isolated-tangent,relationship,4,0,3,16384,1639,34115200,0,0
sample,double,isolated-tangent,relationship,4,0,4,16384,1639,34413300,0,0
sample,double,isolated-tangent,relationship,4,0,5,16384,1639,34766000,0,0
sample,double,isolated-tangent,relationship,4,0,6,16384,1639,34232900,0,0
summary,double,isolated-tangent,relationship,2079.816,2100.421,2231.433
sample,double,isolated-tangent,clipping,4,0,0,4096,410,26103500,101056512,24
sample,double,isolated-tangent,clipping,4,0,1,4096,410,25984100,101056512,24
sample,double,isolated-tangent,clipping,4,0,2,4096,410,25275200,101056512,24
sample,double,isolated-tangent,clipping,4,0,3,4096,410,26917400,101056512,24
sample,double,isolated-tangent,clipping,4,0,4,4096,410,26981700,101056512,24
sample,double,isolated-tangent,clipping,4,0,5,4096,410,26334300,101056512,24
sample,double,isolated-tangent,clipping,4,0,6,4096,410,28511200,101056512,24
summary,double,isolated-tangent,clipping,6170.703,6429.272,6960.742
sample,double,degenerate-interior,relationship,4,0,0,65536,6554,3437400,0,0
sample,double,degenerate-interior,relationship,4,0,1,65536,6554,3076200,0,0
sample,double,degenerate-interior,relationship,4,0,2,65536,6554,3079300,0,0
sample,double,degenerate-interior,relationship,4,0,3,65536,6554,3075300,0,0
sample,double,degenerate-interior,relationship,4,0,4,65536,6554,3140700,0,0
sample,double,degenerate-interior,relationship,4,0,5,65536,6554,3169700,0,0
sample,double,degenerate-interior,relationship,4,0,6,65536,6554,3449500,0,0
summary,double,degenerate-interior,relationship,46.925,47.923,52.635
sample,double,degenerate-interior,clipping,4,0,0,65536,6554,363000,0,0
sample,double,degenerate-interior,clipping,4,0,1,65536,6554,348600,0,0
sample,double,degenerate-interior,clipping,4,0,2,65536,6554,363800,0,0
sample,double,degenerate-interior,clipping,4,0,3,65536,6554,295300,0,0
sample,double,degenerate-interior,clipping,4,0,4,65536,6554,295300,0,0
sample,double,degenerate-interior,clipping,4,0,5,65536,6554,300200,0,0
sample,double,degenerate-interior,clipping,4,0,6,65536,6554,355100,0,0
summary,double,degenerate-interior,clipping,4.506,5.319,5.551
sample,double,degenerate-boundary,relationship,4,0,0,65536,6554,3066900,0,0
sample,double,degenerate-boundary,relationship,4,0,1,65536,6554,3230200,0,0
sample,double,degenerate-boundary,relationship,4,0,2,65536,6554,3049900,0,0
sample,double,degenerate-boundary,relationship,4,0,3,65536,6554,3036900,0,0
sample,double,degenerate-boundary,relationship,4,0,4,65536,6554,3042200,0,0
sample,double,degenerate-boundary,relationship,4,0,5,65536,6554,3037100,0,0
sample,double,degenerate-boundary,relationship,4,0,6,65536,6554,3216800,0,0
summary,double,degenerate-boundary,relationship,46.339,46.538,49.289
sample,double,degenerate-boundary,clipping,4,0,0,65536,6554,320100,0,0
sample,double,degenerate-boundary,clipping,4,0,1,65536,6554,295300,0,0
sample,double,degenerate-boundary,clipping,4,0,2,65536,6554,295300,0,0
sample,double,degenerate-boundary,clipping,4,0,3,65536,6554,342800,0,0
sample,double,degenerate-boundary,clipping,4,0,4,65536,6554,310600,0,0
sample,double,degenerate-boundary,clipping,4,0,5,65536,6554,302300,0,0
sample,double,degenerate-boundary,clipping,4,0,6,65536,6554,305300,0,0
summary,double,degenerate-boundary,clipping,4.506,4.659,5.231
sample,double,empty,relationship,0,0,0,65536,6554,996800,0,0
sample,double,empty,relationship,0,0,1,65536,6554,995600,0,0
sample,double,empty,relationship,0,0,2,65536,6554,995200,0,0
sample,double,empty,relationship,0,0,3,65536,6554,1132200,0,0
sample,double,empty,relationship,0,0,4,65536,6554,996100,0,0
sample,double,empty,relationship,0,0,5,65536,6554,996000,0,0
sample,double,empty,relationship,0,0,6,65536,6554,1033900,0,0
summary,double,empty,relationship,15.186,15.199,17.276
sample,double,empty,clipping,0,0,0,65536,6554,301800,0,0
sample,double,empty,clipping,0,0,1,65536,6554,397400,0,0
sample,double,empty,clipping,0,0,2,65536,6554,457900,0,0
sample,double,empty,clipping,0,0,3,65536,6554,405000,0,0
sample,double,empty,clipping,0,0,4,65536,6554,295300,0,0
sample,double,empty,clipping,0,0,5,65536,6554,339700,0,0
sample,double,empty,clipping,0,0,6,65536,6554,295300,0,0
summary,double,empty,clipping,4.506,5.183,6.987
sample,double,concave-u,relationship,8,2,0,8192,820,24268700,0,0
sample,double,concave-u,relationship,8,2,1,8192,820,24497000,0,0
sample,double,concave-u,relationship,8,2,2,8192,820,26151900,0,0
sample,double,concave-u,relationship,8,2,3,8192,820,25014000,0,0
sample,double,concave-u,relationship,8,2,4,8192,820,24721500,0,0
sample,double,concave-u,relationship,8,2,5,8192,820,24607000,0,0
sample,double,concave-u,relationship,8,2,6,8192,820,24286800,0,0
summary,double,concave-u,relationship,2962.488,3003.784,3192.371
sample,double,concave-u,clipping,8,2,0,512,52,21593100,21102592,5
sample,double,concave-u,clipping,8,2,1,512,52,23464100,21102592,5
sample,double,concave-u,clipping,8,2,2,512,52,34108200,21102592,5
sample,double,concave-u,clipping,8,2,3,512,52,21732200,21102592,5
sample,double,concave-u,clipping,8,2,4,512,52,21817600,21102592,5
sample,double,concave-u,clipping,8,2,5,512,52,22481200,21102592,5
sample,double,concave-u,clipping,8,2,6,512,52,22212900,21102592,5
summary,double,concave-u,clipping,42174.023,43384.570,66617.578
sample,double,hole,relationship,8,2,0,8192,820,26194000,0,0
sample,double,hole,relationship,8,2,1,8192,820,25974900,0,0
sample,double,hole,relationship,8,2,2,8192,820,25279900,0,0
sample,double,hole,relationship,8,2,3,8192,820,25003900,0,0
sample,double,hole,relationship,8,2,4,8192,820,25579200,0,0
sample,double,hole,relationship,8,2,5,8192,820,25315500,0,0
sample,double,hole,relationship,8,2,6,8192,820,25455700,0,0
summary,double,hole,relationship,3052.234,3107.385,3197.510
sample,double,hole,clipping,8,2,0,512,52,22614100,21102592,5
sample,double,hole,clipping,8,2,1,512,52,21954100,21102592,5
sample,double,hole,clipping,8,2,2,512,52,22035000,21102592,5
sample,double,hole,clipping,8,2,3,512,52,21855500,21102592,5
sample,double,hole,clipping,8,2,4,512,52,21794700,21102592,5
sample,double,hole,clipping,8,2,5,512,52,22257600,21102592,5
sample,double,hole,clipping,8,2,6,512,52,21813900,21102592,5
summary,double,hole,clipping,42567.773,42879.102,44168.164
sample,double,hole-reversed,relationship,8,2,0,8192,820,25228000,0,0
sample,double,hole-reversed,relationship,8,2,1,8192,820,24844300,0,0
sample,double,hole-reversed,relationship,8,2,2,8192,820,25306000,0,0
sample,double,hole-reversed,relationship,8,2,3,8192,820,25030200,0,0
sample,double,hole-reversed,relationship,8,2,4,8192,820,25412700,0,0
sample,double,hole-reversed,relationship,8,2,5,8192,820,24874600,0,0
sample,double,hole-reversed,relationship,8,2,6,8192,820,25139100,0,0
summary,double,hole-reversed,relationship,3032.751,3068.738,3102.136
sample,double,hole-reversed,clipping,8,2,0,512,52,21997400,21102592,5
sample,double,hole-reversed,clipping,8,2,1,512,52,22563600,21102592,5
sample,double,hole-reversed,clipping,8,2,2,512,52,21739500,21102592,5
sample,double,hole-reversed,clipping,8,2,3,512,52,21979300,21102592,5
sample,double,hole-reversed,clipping,8,2,4,512,52,21865900,21102592,5
sample,double,hole-reversed,clipping,8,2,5,512,52,21835300,21102592,5
sample,double,hole-reversed,clipping,8,2,6,512,52,22460100,21102592,5
summary,double,hole-reversed,clipping,42459.961,42928.320,44069.531
sample,double,rational-crossing,relationship,3,1,0,32768,3277,26409600,0,0
sample,double,rational-crossing,relationship,3,1,1,32768,3277,25193400,0,0
sample,double,rational-crossing,relationship,3,1,2,32768,3277,25774700,0,0
sample,double,rational-crossing,relationship,3,1,3,32768,3277,25231800,0,0
sample,double,rational-crossing,relationship,3,1,4,32768,3277,25631300,0,0
sample,double,rational-crossing,relationship,3,1,5,32768,3277,27240200,0,0
sample,double,rational-crossing,relationship,3,1,6,32768,3277,25579000,0,0
summary,double,rational-crossing,relationship,768.842,782.205,831.305
sample,double,rational-crossing,clipping,3,1,0,2048,205,38295600,42303488,10
sample,double,rational-crossing,clipping,3,1,1,2048,205,36765800,42303488,10
sample,double,rational-crossing,clipping,3,1,2,2048,205,39605800,42303488,10
sample,double,rational-crossing,clipping,3,1,3,2048,205,36790900,42303488,10
sample,double,rational-crossing,clipping,3,1,4,2048,205,37207100,42303488,10
sample,double,rational-crossing,clipping,3,1,5,2048,205,37505700,42303488,10
sample,double,rational-crossing,clipping,3,1,6,2048,205,37578300,42303488,10
summary,double,rational-crossing,clipping,17952.051,18313.330,19338.770
sample,double,sparse-1,relationship,4,1,0,32768,3277,35992000,0,0
sample,double,sparse-1,relationship,4,1,1,32768,3277,36802200,0,0
sample,double,sparse-1,relationship,4,1,2,32768,3277,35332800,0,0
sample,double,sparse-1,relationship,4,1,3,32768,3277,37258200,0,0
sample,double,sparse-1,relationship,4,1,4,32768,3277,36980300,0,0
sample,double,sparse-1,relationship,4,1,5,32768,3277,35863400,0,0
sample,double,sparse-1,relationship,4,1,6,32768,3277,36296200,0,0
summary,double,sparse-1,relationship,1078.271,1107.672,1137.030
sample,double,sparse-1,clipping,4,1,0,2048,205,40448300,50692096,12
sample,double,sparse-1,clipping,4,1,1,2048,205,48160300,50692096,12
sample,double,sparse-1,clipping,4,1,2,2048,205,39106200,50692096,12
sample,double,sparse-1,clipping,4,1,3,2048,205,38864000,50692096,12
sample,double,sparse-1,clipping,4,1,4,2048,205,37689700,50692096,12
sample,double,sparse-1,clipping,4,1,5,2048,205,39346300,50692096,12
sample,double,sparse-1,clipping,4,1,6,2048,205,38056500,50692096,12
summary,double,sparse-1,clipping,18403.174,19094.824,23515.771
sample,double,sparse-4,relationship,16,1,0,4096,410,20896400,0,0
sample,double,sparse-4,relationship,16,1,1,4096,410,20837500,0,0
sample,double,sparse-4,relationship,16,1,2,4096,410,20943300,0,0
sample,double,sparse-4,relationship,16,1,3,4096,410,21924000,0,0
sample,double,sparse-4,relationship,16,1,4,4096,410,20807700,0,0
sample,double,sparse-4,relationship,16,1,5,4096,410,20937700,0,0
sample,double,sparse-4,relationship,16,1,6,4096,410,21001100,0,0
summary,double,sparse-4,relationship,5080.005,5111.743,5352.539
sample,double,sparse-4,clipping,16,1,0,512,52,15118000,37838848,9
sample,double,sparse-4,clipping,16,1,1,512,52,13695100,37838848,9
sample,double,sparse-4,clipping,16,1,2,512,52,13292800,37838848,9
sample,double,sparse-4,clipping,16,1,3,512,52,13756800,37838848,9
sample,double,sparse-4,clipping,16,1,4,512,52,13798200,37838848,9
sample,double,sparse-4,clipping,16,1,5,512,52,13663600,37838848,9
sample,double,sparse-4,clipping,16,1,6,512,52,14442800,37838848,9
summary,double,sparse-4,clipping,25962.500,26868.750,29527.344
sample,double,sparse-16,relationship,64,1,0,1024,103,20670200,0,0
sample,double,sparse-16,relationship,64,1,1,1024,103,20506700,0,0
sample,double,sparse-16,relationship,64,1,2,1024,103,20599200,0,0
sample,double,sparse-16,relationship,64,1,3,1024,103,21234900,0,0
sample,double,sparse-16,relationship,64,1,4,1024,103,20702000,0,0
sample,double,sparse-16,relationship,64,1,5,1024,103,20902000,0,0
sample,double,sparse-16,relationship,64,1,6,1024,103,20977100,0,0
summary,double,sparse-16,relationship,20026.074,20216.797,20737.207
sample,double,sparse-16,clipping,64,1,0,512,52,27924900,142696448,42
sample,double,sparse-16,clipping,64,1,1,512,52,27704300,142696448,42
sample,double,sparse-16,clipping,64,1,2,512,52,28175300,142696448,42
sample,double,sparse-16,clipping,64,1,3,512,52,27544500,142696448,42
sample,double,sparse-16,clipping,64,1,4,512,52,27939200,142696448,42
sample,double,sparse-16,clipping,64,1,5,512,52,30865300,142696448,42
sample,double,sparse-16,clipping,64,1,6,512,52,31980100,142696448,42
summary,double,sparse-16,clipping,53797.852,54568.750,62461.133
sample,double,sparse-64,relationship,256,1,0,256,26,21244600,0,0
sample,double,sparse-64,relationship,256,1,1,256,26,20987400,0,0
sample,double,sparse-64,relationship,256,1,2,256,26,20792000,0,0
sample,double,sparse-64,relationship,256,1,3,256,26,20844800,0,0
sample,double,sparse-64,relationship,256,1,4,256,26,22017400,0,0
sample,double,sparse-64,relationship,256,1,5,256,26,22173400,0,0
sample,double,sparse-64,relationship,256,1,6,256,26,21009800,0,0
summary,double,sparse-64,relationship,81218.750,82069.531,86614.844
sample,double,sparse-64,clipping,256,1,0,64,7,21765200,70003712,8
sample,double,sparse-64,clipping,256,1,1,64,7,21343200,70003712,8
sample,double,sparse-64,clipping,256,1,2,64,7,20173900,70003712,8
sample,double,sparse-64,clipping,256,1,3,64,7,19616300,70003712,8
sample,double,sparse-64,clipping,256,1,4,64,7,20507600,70003712,8
sample,double,sparse-64,clipping,256,1,5,64,7,23419900,70003712,8
sample,double,sparse-64,clipping,256,1,6,64,7,19980200,70003712,8
summary,double,sparse-64,clipping,306504.688,320431.250,365935.938
sample,double,dense-1,relationship,4,1,0,32768,3277,35966900,0,0
sample,double,dense-1,relationship,4,1,1,32768,3277,36044000,0,0
sample,double,dense-1,relationship,4,1,2,32768,3277,37494800,0,0
sample,double,dense-1,relationship,4,1,3,32768,3277,35512600,0,0
sample,double,dense-1,relationship,4,1,4,32768,3277,36276800,0,0
sample,double,dense-1,relationship,4,1,5,32768,3277,35835900,0,0
sample,double,dense-1,relationship,4,1,6,32768,3277,36447700,0,0
summary,double,dense-1,relationship,1083.759,1099.976,1144.250
sample,double,dense-1,clipping,4,1,0,1024,103,19098500,25346048,6
sample,double,dense-1,clipping,4,1,1,1024,103,18885000,25346048,6
sample,double,dense-1,clipping,4,1,2,1024,103,19454700,25346048,6
sample,double,dense-1,clipping,4,1,3,1024,103,19457400,25346048,6
sample,double,dense-1,clipping,4,1,4,1024,103,19066200,25346048,6
sample,double,dense-1,clipping,4,1,5,1024,103,19296800,25346048,6
sample,double,dense-1,clipping,4,1,6,1024,103,18733600,25346048,6
summary,double,dense-1,clipping,18294.531,18650.879,19001.367
sample,double,dense-4,relationship,16,4,0,4096,410,28700600,0,0
sample,double,dense-4,relationship,16,4,1,4096,410,34071800,0,0
sample,double,dense-4,relationship,16,4,2,4096,410,30969000,0,0
sample,double,dense-4,relationship,16,4,3,4096,410,28275000,0,0
sample,double,dense-4,relationship,16,4,4,4096,410,27668000,0,0
sample,double,dense-4,relationship,16,4,5,4096,410,27537300,0,0
sample,double,dense-4,relationship,16,4,6,4096,410,30026400,0,0
summary,double,dense-4,relationship,6722.974,7006.982,8318.311
sample,double,dense-4,clipping,16,4,0,256,26,24485500,18976768,4
sample,double,dense-4,clipping,16,4,1,256,26,24080500,18976768,4
sample,double,dense-4,clipping,16,4,2,256,26,24572700,18976768,4
sample,double,dense-4,clipping,16,4,3,256,26,24277800,18976768,4
sample,double,dense-4,clipping,16,4,4,256,26,24444800,18976768,4
sample,double,dense-4,clipping,16,4,5,256,26,25425800,18976768,4
sample,double,dense-4,clipping,16,4,6,256,26,24969400,18976768,4
summary,double,dense-4,clipping,94064.453,95646.484,99319.531
sample,double,dense-16,relationship,64,16,0,1024,103,30048100,0,0
sample,double,dense-16,relationship,64,16,1,1024,103,29689000,0,0
sample,double,dense-16,relationship,64,16,2,1024,103,30339100,0,0
sample,double,dense-16,relationship,64,16,3,1024,103,31017500,0,0
sample,double,dense-16,relationship,64,16,4,1024,103,29517500,0,0
sample,double,dense-16,relationship,64,16,5,1024,103,29849800,0,0
sample,double,dense-16,relationship,64,16,6,1024,103,29856500,0,0
summary,double,dense-16,relationship,28825.684,29156.738,30290.527
sample,double,dense-16,clipping,64,16,0,64,7,29041000,17931264,5
sample,double,dense-16,clipping,64,16,1,64,7,30705500,17931264,5
sample,double,dense-16,clipping,64,16,2,64,7,28816000,17931264,5
sample,double,dense-16,clipping,64,16,3,64,7,28738000,17931264,5
sample,double,dense-16,clipping,64,16,4,64,7,28735900,17931264,5
sample,double,dense-16,clipping,64,16,5,64,7,28832700,17931264,5
sample,double,dense-16,clipping,64,16,6,64,7,29573600,17931264,5
summary,double,dense-16,clipping,448998.438,450510.938,479773.438
sample,double,dense-64,relationship,256,64,0,256,26,29986300,0,0
sample,double,dense-64,relationship,256,64,1,256,26,39591900,0,0
sample,double,dense-64,relationship,256,64,2,256,26,30136900,0,0
sample,double,dense-64,relationship,256,64,3,256,26,29802200,0,0
sample,double,dense-64,relationship,256,64,4,256,26,30994700,0,0
sample,double,dense-64,relationship,256,64,5,256,26,31091100,0,0
sample,double,dense-64,relationship,256,64,6,256,26,30113400,0,0
summary,double,dense-64,relationship,116414.844,117722.266,154655.859
sample,double,dense-64,clipping,256,64,0,16,2,32838300,17612800,1
sample,double,dense-64,clipping,256,64,1,16,2,33442300,17612800,1
sample,double,dense-64,clipping,256,64,2,16,2,34045800,17612800,1
sample,double,dense-64,clipping,256,64,3,16,2,33032400,17612800,1
sample,double,dense-64,clipping,256,64,4,16,2,32803000,17612800,1
sample,double,dense-64,clipping,256,64,5,16,2,33373300,17612800,1
sample,double,dense-64,clipping,256,64,6,16,2,34058300,17612800,1
summary,double,dense-64,clipping,2050187.500,2085831.250,2128643.750
sample,double,subnormal,relationship,4,1,0,4096,410,32586500,0,0
sample,double,subnormal,relationship,4,1,1,4096,410,32959300,0,0
sample,double,subnormal,relationship,4,1,2,4096,410,32134100,0,0
sample,double,subnormal,relationship,4,1,3,4096,410,32286800,0,0
sample,double,subnormal,relationship,4,1,4,4096,410,32671600,0,0
sample,double,subnormal,relationship,4,1,5,4096,410,32946800,0,0
sample,double,subnormal,relationship,4,1,6,4096,410,31699100,0,0
summary,double,subnormal,relationship,7739.038,7955.688,8046.704
sample,double,subnormal,clipping,4,1,0,1024,103,29908200,25346048,6
sample,double,subnormal,clipping,4,1,1,1024,103,31374300,25346048,6
sample,double,subnormal,clipping,4,1,2,1024,103,30700500,25346048,6
sample,double,subnormal,clipping,4,1,3,1024,103,29060000,25346048,6
sample,double,subnormal,clipping,4,1,4,1024,103,29257900,25346048,6
sample,double,subnormal,clipping,4,1,5,1024,103,39574100,25346048,6
sample,double,subnormal,clipping,4,1,6,1024,103,29016300,25346048,6
summary,double,subnormal,clipping,28336.230,29207.227,38646.582
sample,double,large-finite,relationship,4,1,0,4096,410,30980800,0,0
sample,double,large-finite,relationship,4,1,1,4096,410,30990500,0,0
sample,double,large-finite,relationship,4,1,2,4096,410,30839600,0,0
sample,double,large-finite,relationship,4,1,3,4096,410,31096800,0,0
sample,double,large-finite,relationship,4,1,4,4096,410,30999300,0,0
sample,double,large-finite,relationship,4,1,5,4096,410,31404000,0,0
sample,double,large-finite,relationship,4,1,6,4096,410,31842900,0,0
summary,double,large-finite,relationship,7529.199,7568.188,7774.146
sample,double,large-finite,clipping,4,1,0,1024,103,34706600,25346048,6
sample,double,large-finite,clipping,4,1,1,1024,103,34104300,25346048,6
sample,double,large-finite,clipping,4,1,2,1024,103,36973400,25346048,6
sample,double,large-finite,clipping,4,1,3,1024,103,34949900,25346048,6
sample,double,large-finite,clipping,4,1,4,1024,103,34382000,25346048,6
sample,double,large-finite,clipping,4,1,5,1024,103,33924800,25346048,6
sample,double,large-finite,clipping,4,1,6,1024,103,34266600,25346048,6
summary,double,large-finite,clipping,33129.688,33576.172,36106.836
sink,16130186858660125796
