fixture_header,scalar,case,edges,expected_fact_bits,expected_status,expected_components
sample_header,scalar,case,operation,edges,expected_components,round,iterations,warmup,elapsed_ns,gc_bytes,gc_collections
summary_header,scalar,case,operation,min_ns_per_op,median_ns_per_op,max_ns_per_op
fixture,int,exterior,4,1,success,0
fixture,int,interior,4,4,success,1
fixture,int,crossing,4,7,success,1
fixture,int,boundary-only,4,10,success,1
fixture,int,boundary-overlap,4,11,success,1
fixture,int,isolated-tangent,4,3,success,0
fixture,int,degenerate-interior,4,4,success,0
fixture,int,degenerate-boundary,4,2,success,0
fixture,int,empty,0,1,success,0
fixture,int,concave-u,8,7,success,2
fixture,int,hole,8,7,success,2
fixture,int,hole-reversed,8,7,success,2
fixture,int,rational-crossing,3,7,success,1
fixture,int,sparse-1,4,7,success,1
fixture,int,sparse-4,16,7,success,1
fixture,int,sparse-16,64,7,success,1
fixture,int,sparse-64,256,7,success,1
fixture,int,dense-1,4,7,success,1
fixture,int,dense-4,16,7,success,4
fixture,int,dense-16,64,7,success,16
fixture,int,dense-64,256,7,success,64
fixture,int,wide-integral,4,7,success,1
preflight,int,22,PASS
sample,int,exterior,relationship,4,0,0,32768,3277,25841800,0,0
sample,int,exterior,relationship,4,0,1,32768,3277,26381700,0,0
sample,int,exterior,relationship,4,0,2,32768,3277,24897200,0,0
sample,int,exterior,relationship,4,0,3,32768,3277,25223500,0,0
sample,int,exterior,relationship,4,0,4,32768,3277,25130800,0,0
sample,int,exterior,relationship,4,0,5,32768,3277,25187800,0,0
sample,int,exterior,relationship,4,0,6,32768,3277,25406100,0,0
summary,int,exterior,relationship,759.802,769.760,805.106
sample,int,exterior,clipping,4,0,0,8192,820,22359500,67895296,16
sample,int,exterior,clipping,4,0,1,8192,820,21335300,67895296,16
sample,int,exterior,clipping,4,0,2,8192,820,21243000,67895296,16
sample,int,exterior,clipping,4,0,3,8192,820,21325800,67895296,16
sample,int,exterior,clipping,4,0,4,8192,820,21534900,67895296,16
sample,int,exterior,clipping,4,0,5,8192,820,21506400,67895296,16
sample,int,exterior,clipping,4,0,6,8192,820,21384000,67895296,16
summary,int,exterior,clipping,2593.140,2610.352,2729.431
sample,int,interior,relationship,4,1,0,32768,3277,25504300,0,0
sample,int,interior,relationship,4,1,1,32768,3277,24284100,0,0
sample,int,interior,relationship,4,1,2,32768,3277,24689200,0,0
sample,int,interior,relationship,4,1,3,32768,3277,24548500,0,0
sample,int,interior,relationship,4,1,4,32768,3277,24639700,0,0
sample,int,interior,relationship,4,1,5,32768,3277,24485500,0,0
sample,int,interior,relationship,4,1,6,32768,3277,24542100,0,0
summary,int,interior,relationship,741.092,749.161,778.329
sample,int,interior,clipping,4,1,0,4096,410,29077500,34144256,8
sample,int,interior,clipping,4,1,1,4096,410,29241600,34144256,8
sample,int,interior,clipping,4,1,2,4096,410,29306200,34144256,8
sample,int,interior,clipping,4,1,3,4096,410,29348300,34144256,8
sample,int,interior,clipping,4,1,4,4096,410,29045300,34144256,8
sample,int,interior,clipping,4,1,5,4096,410,30862300,34144256,8
sample,int,interior,clipping,4,1,6,4096,410,28946100,34144256,8
summary,int,interior,clipping,7066.919,7139.062,7534.741
sample,int,crossing,relationship,4,1,0,32768,3277,34197300,0,0
sample,int,crossing,relationship,4,1,1,32768,3277,24898700,0,0
sample,int,crossing,relationship,4,1,2,32768,3277,24852500,0,0
sample,int,crossing,relationship,4,1,3,32768,3277,25733500,0,0
sample,int,crossing,relationship,4,1,4,32768,3277,26366000,0,0
sample,int,crossing,relationship,4,1,5,32768,3277,24884800,0,0
sample,int,crossing,relationship,4,1,6,32768,3277,24832700,0,0
summary,int,crossing,relationship,757.834,759.848,1043.619
sample,int,crossing,clipping,4,1,0,2048,205,33531900,33914880,8
sample,int,crossing,clipping,4,1,1,2048,205,34594400,33914880,8
sample,int,crossing,clipping,4,1,2,2048,205,33274400,33914880,8
sample,int,crossing,clipping,4,1,3,2048,205,34385500,33914880,8
sample,int,crossing,clipping,4,1,4,2048,205,33864700,33914880,8
sample,int,crossing,clipping,4,1,5,2048,205,33530500,33914880,8
sample,int,crossing,clipping,4,1,6,2048,205,33668300,33914880,8
summary,int,crossing,clipping,16247.266,16439.600,16891.797
sample,int,boundary-only,relationship,4,1,0,32768,3277,27862800,0,0
sample,int,boundary-only,relationship,4,1,1,32768,3277,28024500,0,0
sample,int,boundary-only,relationship,4,1,2,32768,3277,28570900,0,0
sample,int,boundary-only,relationship,4,1,3,32768,3277,27828000,0,0
sample,int,boundary-only,relationship,4,1,4,32768,3277,27572000,0,0
sample,int,boundary-only,relationship,4,1,5,32768,3277,28629100,0,0
sample,int,boundary-only,relationship,4,1,6,32768,3277,27791000,0,0
summary,int,boundary-only,relationship,841.431,850.305,873.691
sample,int,boundary-only,clipping,4,1,0,2048,205,20962100,42237952,10
sample,int,boundary-only,clipping,4,1,1,2048,205,20922800,42237952,10
sample,int,boundary-only,clipping,4,1,2,2048,205,21057000,42237952,10
sample,int,boundary-only,clipping,4,1,3,2048,205,21070000,42237952,10
sample,int,boundary-only,clipping,4,1,4,2048,205,21106700,42237952,10
sample,int,boundary-only,clipping,4,1,5,2048,205,21991200,42237952,10
sample,int,boundary-only,clipping,4,1,6,2048,205,20877000,42237952,10
summary,int,boundary-only,clipping,10193.848,10281.738,10737.891
sample,int,boundary-overlap,relationship,4,1,0,32768,3277,43260500,0,0
sample,int,boundary-overlap,relationship,4,1,1,32768,3277,34027400,0,0
sample,int,boundary-overlap,relationship,4,1,2,32768,3277,35178100,0,0
sample,int,boundary-overlap,relationship,4,1,3,32768,3277,34237500,0,0
sample,int,boundary-overlap,relationship,4,1,4,32768,3277,33840500,0,0
sample,int,boundary-overlap,relationship,4,1,5,32768,3277,34486100,0,0
sample,int,boundary-overlap,relationship,4,1,6,32768,3277,34480900,0,0
summary,int,boundary-overlap,relationship,1032.730,1052.274,1320.206
sample,int,boundary-overlap,clipping,4,1,0,2048,205,22538000,42303488,10
sample,int,boundary-overlap,clipping,4,1,1,2048,205,22554600,42303488,10
sample,int,boundary-overlap,clipping,4,1,2,2048,205,22509600,42303488,10
sample,int,boundary-overlap,clipping,4,1,3,2048,205,22389800,42303488,10
sample,int,boundary-overlap,clipping,4,1,4,2048,205,22502500,42303488,10
sample,int,boundary-overlap,clipping,4,1,5,2048,205,22543600,42303488,10
sample,int,boundary-overlap,clipping,4,1,6,2048,205,22611600,42303488,10
summary,int,boundary-overlap,clipping,10932.520,11004.883,11040.820
sample,int,isolated-tangent,relationship,4,0,0,32768,3277,34076000,0,0
sample,int,isolated-tangent,relationship,4,0,1,32768,3277,33674000,0,0
sample,int,isolated-tangent,relationship,4,0,2,32768,3277,33523100,0,0
sample,int,isolated-tangent,relationship,4,0,3,32768,3277,33310600,0,0
sample,int,isolated-tangent,relationship,4,0,4,32768,3277,33801800,0,0
sample,int,isolated-tangent,relationship,4,0,5,32768,3277,33778000,0,0
sample,int,isolated-tangent,relationship,4,0,6,32768,3277,33142400,0,0
summary,int,isolated-tangent,relationship,1011.426,1027.649,1039.917
sample,int,isolated-tangent,clipping,4,0,0,8192,820,34498400,135004160,32
sample,int,isolated-tangent,clipping,4,0,1,8192,820,35894300,135004160,32
sample,int,isolated-tangent,clipping,4,0,2,8192,820,35676400,135004160,32
sample,int,isolated-tangent,clipping,4,0,3,8192,820,34813500,135004160,32
sample,int,isolated-tangent,clipping,4,0,4,8192,820,35302000,135004160,32
sample,int,isolated-tangent,clipping,4,0,5,8192,820,44549800,135004160,32
sample,int,isolated-tangent,clipping,4,0,6,8192,820,34833100,135004160,32
summary,int,isolated-tangent,clipping,4211.230,4309.326,5438.208
sample,int,degenerate-interior,relationship,4,0,0,65536,6554,2365800,0,0
sample,int,degenerate-interior,relationship,4,0,1,65536,6554,1699700,0,0
sample,int,degenerate-interior,relationship,4,0,2,65536,6554,1703000,0,0
sample,int,degenerate-interior,relationship,4,0,3,65536,6554,1698700,0,0
sample,int,degenerate-interior,relationship,4,0,4,65536,6554,1679000,0,0
sample,int,degenerate-interior,relationship,4,0,5,65536,6554,1765500,0,0
sample,int,degenerate-interior,relationship,4,0,6,65536,6554,1702100,0,0
summary,int,degenerate-interior,relationship,25.620,25.972,36.099
sample,int,degenerate-interior,clipping,4,0,0,65536,6554,226800,0,0
sample,int,degenerate-interior,clipping,4,0,1,65536,6554,223900,0,0
sample,int,degenerate-interior,clipping,4,0,2,65536,6554,224000,0,0
sample,int,degenerate-interior,clipping,4,0,3,65536,6554,224000,0,0
sample,int,degenerate-interior,clipping,4,0,4,65536,6554,268300,0,0
sample,int,degenerate-interior,clipping,4,0,5,65536,6554,259000,0,0
sample,int,degenerate-interior,clipping,4,0,6,65536,6554,224000,0,0
summary,int,degenerate-interior,clipping,3.416,3.418,4.094
sample,int,degenerate-boundary,relationship,4,0,0,65536,6554,1698000,0,0
sample,int,degenerate-boundary,relationship,4,0,1,65536,6554,1693500,0,0
sample,int,degenerate-boundary,relationship,4,0,2,65536,6554,1692800,0,0
sample,int,degenerate-boundary,relationship,4,0,3,65536,6554,1750100,0,0
sample,int,degenerate-boundary,relationship,4,0,4,65536,6554,1693800,0,0
sample,int,degenerate-boundary,relationship,4,0,5,65536,6554,1688100,0,0
sample,int,degenerate-boundary,relationship,4,0,6,65536,6554,1681300,0,0
summary,int,degenerate-boundary,relationship,25.655,25.841,26.704
sample,int,degenerate-boundary,clipping,4,0,0,65536,6554,224000,0,0
sample,int,degenerate-boundary,clipping,4,0,1,65536,6554,300600,0,0
sample,int,degenerate-boundary,clipping,4,0,2,65536,6554,305600,0,0
sample,int,degenerate-boundary,clipping,4,0,3,65536,6554,264500,0,0
sample,int,degenerate-boundary,clipping,4,0,4,65536,6554,241300,0,0
sample,int,degenerate-boundary,clipping,4,0,5,65536,6554,224000,0,0
sample,int,degenerate-boundary,clipping,4,0,6,65536,6554,224000,0,0
summary,int,degenerate-boundary,clipping,3.418,3.682,4.663
sample,int,empty,relationship,0,0,0,65536,6554,300500,0,0
sample,int,empty,relationship,0,0,1,65536,6554,300500,0,0
sample,int,empty,relationship,0,0,2,65536,6554,303100,0,0
sample,int,empty,relationship,0,0,3,65536,6554,405500,0,0
sample,int,empty,relationship,0,0,4,65536,6554,302800,0,0
sample,int,empty,relationship,0,0,5,65536,6554,300200,0,0
sample,int,empty,relationship,0,0,6,65536,6554,300300,0,0
summary,int,empty,relationship,4.581,4.585,6.187
sample,int,empty,clipping,0,0,0,65536,6554,223900,0,0
sample,int,empty,clipping,0,0,1,65536,6554,253800,0,0
sample,int,empty,clipping,0,0,2,65536,6554,226500,0,0
sample,int,empty,clipping,0,0,3,65536,6554,224000,0,0
sample,int,empty,clipping,0,0,4,65536,6554,264100,0,0
sample,int,empty,clipping,0,0,5,65536,6554,223900,0,0
sample,int,empty,clipping,0,0,6,65536,6554,226500,0,0
summary,int,empty,clipping,3.416,3.456,4.030
sample,int,concave-u,relationship,8,2,0,16384,1639,38123700,0,0
sample,int,concave-u,relationship,8,2,1,16384,1639,38978100,0,0
sample,int,concave-u,relationship,8,2,2,16384,1639,39425700,0,0
sample,int,concave-u,relationship,8,2,3,16384,1639,38130400,0,0
sample,int,concave-u,relationship,8,2,4,16384,1639,38127100,0,0
sample,int,concave-u,relationship,8,2,5,16384,1639,38179400,0,0
sample,int,concave-u,relationship,8,2,6,16384,1639,38701000,0,0
summary,int,concave-u,relationship,2326.886,2330.286,2406.354
sample,int,concave-u,clipping,8,2,0,1024,103,39594700,25427968,6
sample,int,concave-u,clipping,8,2,1,1024,103,41508700,25427968,6
sample,int,concave-u,clipping,8,2,2,1024,103,39647200,25427968,6
sample,int,concave-u,clipping,8,2,3,1024,103,40967100,25427968,6
sample,int,concave-u,clipping,8,2,4,1024,103,39273700,25427968,6
sample,int,concave-u,clipping,8,2,5,1024,103,39273800,25427968,6
sample,int,concave-u,clipping,8,2,6,1024,103,39314000,25427968,6
summary,int,concave-u,clipping,38353.223,38666.699,40535.840
sample,int,hole,relationship,8,2,0,16384,1639,39316900,0,0
sample,int,hole,relationship,8,2,1,16384,1639,38894600,0,0
sample,int,hole,relationship,8,2,2,16384,1639,48379500,0,0
sample,int,hole,relationship,8,2,3,16384,1639,39480600,0,0
sample,int,hole,relationship,8,2,4,16384,1639,38936900,0,0
sample,int,hole,relationship,8,2,5,16384,1639,38741200,0,0
sample,int,hole,relationship,8,2,6,16384,1639,41385900,0,0
summary,int,hole,relationship,2364.575,2399.713,2952.850
sample,int,hole,clipping,8,2,0,1024,103,39365700,25427968,6
sample,int,hole,clipping,8,2,1,1024,103,39526000,25427968,6
sample,int,hole,clipping,8,2,2,1024,103,40055000,25427968,6
sample,int,hole,clipping,8,2,3,1024,103,39278800,25427968,6
sample,int,hole,clipping,8,2,4,1024,103,40522700,25427968,6
sample,int,hole,clipping,8,2,5,1024,103,39409500,25427968,6
sample,int,hole,clipping,8,2,6,1024,103,39326900,25427968,6
summary,int,hole,clipping,38358.203,38485.840,39572.949
sample,int,hole-reversed,relationship,8,2,0,16384,1639,39718500,0,0
sample,int,hole-reversed,relationship,8,2,1,16384,1639,38189000,0,0
sample,int,hole-reversed,relationship,8,2,2,16384,1639,38598200,0,0
sample,int,hole-reversed,relationship,8,2,3,16384,1639,38590400,0,0
sample,int,hole-reversed,relationship,8,2,4,16384,1639,38538600,0,0
sample,int,hole-reversed,relationship,8,2,5,16384,1639,39538900,0,0
sample,int,hole-reversed,relationship,8,2,6,16384,1639,39021100,0,0
summary,int,hole-reversed,relationship,2330.872,2355.847,2424.225
sample,int,hole-reversed,clipping,8,2,0,1024,103,42714000,25427968,6
sample,int,hole-reversed,clipping,8,2,1,1024,103,46340300,25427968,6
sample,int,hole-reversed,clipping,8,2,2,1024,103,39035200,25427968,6
sample,int,hole-reversed,clipping,8,2,3,1024,103,39378500,25427968,6
sample,int,hole-reversed,clipping,8,2,4,1024,103,39152500,25427968,6
sample,int,hole-reversed,clipping,8,2,5,1024,103,39228900,25427968,6
sample,int,hole-reversed,clipping,8,2,6,1024,103,40740900,25427968,6
summary,int,hole-reversed,clipping,38120.312,38455.566,45254.199
sample,int,rational-crossing,relationship,3,1,0,65536,6554,34547900,0,0
sample,int,rational-crossing,relationship,3,1,1,65536,6554,34680100,0,0
sample,int,rational-crossing,relationship,3,1,2,65536,6554,35011500,0,0
sample,int,rational-crossing,relationship,3,1,3,65536,6554,35447000,0,0
sample,int,rational-crossing,relationship,3,1,4,65536,6554,35261700,0,0
sample,int,rational-crossing,relationship,3,1,5,65536,6554,35363700,0,0
sample,int,rational-crossing,relationship,3,1,6,65536,6554,35363000,0,0
summary,int,rational-crossing,relationship,527.159,538.051,540.878
sample,int,rational-crossing,clipping,3,1,0,2048,205,34301800,33914880,8
sample,int,rational-crossing,clipping,3,1,1,2048,205,33369700,33914880,8
sample,int,rational-crossing,clipping,3,1,2,2048,205,33752000,33914880,8
sample,int,rational-crossing,clipping,3,1,3,2048,205,33775800,33914880,8
sample,int,rational-crossing,clipping,3,1,4,2048,205,33665900,33914880,8
sample,int,rational-crossing,clipping,3,1,5,2048,205,35271300,33914880,8
sample,int,rational-crossing,clipping,3,1,6,2048,205,33903400,33914880,8
summary,int,rational-crossing,clipping,16293.799,16492.090,17222.314
sample,int,sparse-1,relationship,4,1,0,32768,3277,24985200,0,0
sample,int,sparse-1,relationship,4,1,1,32768,3277,24945000,0,0
sample,int,sparse-1,relationship,4,1,2,32768,3277,25148600,0,0
sample,int,sparse-1,relationship,4,1,3,32768,3277,35425700,0,0
sample,int,sparse-1,relationship,4,1,4,32768,3277,24781200,0,0
sample,int,sparse-1,relationship,4,1,5,32768,3277,24606200,0,0
sample,int,sparse-1,relationship,4,1,6,32768,3277,24869600,0,0
summary,int,sparse-1,relationship,750.922,761.261,1081.107
sample,int,sparse-1,clipping,4,1,0,2048,205,33438600,33914880,8
sample,int,sparse-1,clipping,4,1,1,2048,205,35027400,33914880,8
sample,int,sparse-1,clipping,4,1,2,2048,205,33532400,33914880,8
sample,int,sparse-1,clipping,4,1,3,2048,205,33654500,33914880,8
sample,int,sparse-1,clipping,4,1,4,2048,205,33736300,33914880,8
sample,int,sparse-1,clipping,4,1,5,2048,205,33211900,33914880,8
sample,int,sparse-1,clipping,4,1,6,2048,205,34027700,33914880,8
summary,int,sparse-1,clipping,16216.748,16432.861,17103.223
sample,int,sparse-4,relationship,16,1,0,8192,820,31639900,0,0
sample,int,sparse-4,relationship,16,1,1,8192,820,31333900,0,0
sample,int,sparse-4,relationship,16,1,2,8192,820,31285100,0,0
sample,int,sparse-4,relationship,16,1,3,8192,820,31153600,0,0
sample,int,sparse-4,relationship,16,1,4,8192,820,32611800,0,0
sample,int,sparse-4,relationship,16,1,5,8192,820,30987800,0,0
sample,int,sparse-4,relationship,16,1,6,8192,820,31236000,0,0
summary,int,sparse-4,relationship,3782.690,3818.982,3980.933
sample,int,sparse-4,clipping,16,1,0,1024,103,21191300,16957440,4
sample,int,sparse-4,clipping,16,1,1,1024,103,21304000,16957440,4
sample,int,sparse-4,clipping,16,1,2,1024,103,20913800,16957440,4
sample,int,sparse-4,clipping,16,1,3,1024,103,22437300,16957440,4
sample,int,sparse-4,clipping,16,1,4,1024,103,21343700,16957440,4
sample,int,sparse-4,clipping,16,1,5,1024,103,20871200,16957440,4
sample,int,sparse-4,clipping,16,1,6,1024,103,21067700,16957440,4
summary,int,sparse-4,clipping,20382.031,20694.629,21911.426
sample,int,sparse-16,relationship,64,1,0,2048,205,32459200,0,0
sample,int,sparse-16,relationship,64,1,1,2048,205,43140100,0,0
sample,int,sparse-16,relationship,64,1,2,2048,205,32364900,0,0
sample,int,sparse-16,relationship,64,1,3,2048,205,32433000,0,0
sample,int,sparse-16,relationship,64,1,4,2048,205,32409300,0,0
sample,int,sparse-16,relationship,64,1,5,2048,205,32385300,0,0
sample,int,sparse-16,relationship,64,1,6,2048,205,32441200,0,0
summary,int,sparse-16,relationship,15803.174,15836.426,21064.502
sample,int,sparse-16,clipping,64,1,0,1024,103,37568600,16957440,4
sample,int,sparse-16,clipping,64,1,1,1024,103,37725100,16957440,4
sample,int,sparse-16,clipping,64,1,2,1024,103,37983700,16957440,4
sample,int,sparse-16,clipping,64,1,3,1024,103,38750300,16957440,4
sample,int,sparse-16,clipping,64,1,4,1024,103,37116300,16957440,4
sample,int,sparse-16,clipping,64,1,5,1024,103,38265100,16957440,4
sample,int,sparse-16,clipping,64,1,6,1024,103,38147900,16957440,4
summary,int,sparse-16,clipping,36246.387,37093.457,37842.090
sample,int,sparse-64,relationship,256,1,0,512,52,33436700,0,0
sample,int,sparse-64,relationship,256,1,1,512,52,32778800,0,0
sample,int,sparse-64,relationship,256,1,2,512,52,32640800,0,0
sample,int,sparse-64,relationship,256,1,3,512,52,32780100,0,0
sample,int,sparse-64,relationship,256,1,4,512,52,32663200,0,0
sample,int,sparse-64,relationship,256,1,5,512,52,33037400,0,0
sample,int,sparse-64,relationship,256,1,6,512,52,33549000,0,0
summary,int,sparse-64,relationship,63751.562,64023.633,65525.391
sample,int,sparse-64,clipping,256,1,0,256,26,25834700,4239360,1
sample,int,sparse-64,clipping,256,1,1,256,26,25794800,4239360,1
sample,int,sparse-64,clipping,256,1,2,256,26,25807600,4239360,1
sample,int,sparse-64,clipping,256,1,3,256,26,25544200,4239360,1
sample,int,sparse-64,clipping,256,1,4,256,26,27079300,4239360,1
sample,int,sparse-64,clipping,256,1,5,256,26,35192400,4239360,1
sample,int,sparse-64,clipping,256,1,6,256,26,25434700,4239360,1
summary,int,sparse-64,clipping,99354.297,100810.938,137470.312
sample,int,dense-1,relationship,4,1,0,32768,3277,24988600,0,0
sample,int,dense-1,relationship,4,1,1,32768,3277,25051200,0,0
sample,int,dense-1,relationship,4,1,2,32768,3277,25261700,0,0
sample,int,dense-1,relationship,4,1,3,32768,3277,25924200,0,0
sample,int,dense-1,relationship,4,1,4,32768,3277,25672200,0,0
sample,int,dense-1,relationship,4,1,5,32768,3277,25325600,0,0
sample,int,dense-1,relationship,4,1,6,32768,3277,25445000,0,0
summary,int,dense-1,relationship,762.592,772.876,791.144
sample,int,dense-1,clipping,4,1,0,2048,205,35111900,33914880,8
sample,int,dense-1,clipping,4,1,1,2048,205,33221800,33914880,8
sample,int,dense-1,clipping,4,1,2,2048,205,33521900,33914880,8
sample,int,dense-1,clipping,4,1,3,2048,205,33933300,33914880,8
sample,int,dense-1,clipping,4,1,4,2048,205,33916500,33914880,8
sample,int,dense-1,clipping,4,1,5,2048,205,33779200,33914880,8
sample,int,dense-1,clipping,4,1,6,2048,205,34913700,33914880,8
summary,int,dense-1,clipping,16221.582,16560.791,17144.482
sample,int,dense-4,relationship,16,4,0,4096,410,22167800,0,0
sample,int,dense-4,relationship,16,4,1,4096,410,22214800,0,0
sample,int,dense-4,relationship,16,4,2,4096,410,22326600,0,0
sample,int,dense-4,relationship,16,4,3,4096,410,22230000,0,0
sample,int,dense-4,relationship,16,4,4,4096,410,22312200,0,0
sample,int,dense-4,relationship,16,4,5,4096,410,22862100,0,0
sample,int,dense-4,relationship,16,4,6,4096,410,23479200,0,0
summary,int,dense-4,relationship,5412.061,5447.314,5732.227
sample,int,dense-4,clipping,16,4,0,256,26,21751900,10588160,2
sample,int,dense-4,clipping,16,4,1,256,26,21875900,10588160,2
sample,int,dense-4,clipping,16,4,2,256,26,21835900,10588160,2
sample,int,dense-4,clipping,16,4,3,256,26,21817000,10588160,2
sample,int,dense-4,clipping,16,4,4,256,26,21841200,10588160,2
sample,int,dense-4,clipping,16,4,5,256,26,22192800,10588160,2
sample,int,dense-4,clipping,16,4,6,256,26,22409300,10588160,2
summary,int,dense-4,clipping,84968.359,85317.188,87536.328
sample,int,dense-16,relationship,64,16,0,512,52,12114400,0,0
sample,int,dense-16,relationship,64,16,1,512,52,12298400,0,0
sample,int,dense-16,relationship,64,16,2,512,52,12283400,0,0
sample,int,dense-16,relationship,64,16,3,512,52,12236900,0,0
sample,int,dense-16,relationship,64,16,4,512,52,12279500,0,0
sample,int,dense-16,relationship,64,16,5,512,52,12272700,0,0
sample,int,dense-16,relationship,64,16,6,512,52,12272900,0,0
summary,int,dense-16,relationship,23660.938,23970.508,24020.312
sample,int,dense-16,clipping,64,16,0,64,7,26318500,9280512,2
sample,int,dense-16,clipping,64,16,1,64,7,25788600,9280512,2
sample,int,dense-16,clipping,64,16,2,64,7,26153600,9280512,2
sample,int,dense-16,clipping,64,16,3,64,7,25963300,9280512,2
sample,int,dense-16,clipping,64,16,4,64,7,26040800,9280512,2
sample,int,dense-16,clipping,64,16,5,64,7,25960900,9280512,2
sample,int,dense-16,clipping,64,16,6,64,7,25872800,9280512,2
summary,int,dense-16,clipping,402946.875,405676.562,411226.562
sample,int,dense-64,relationship,256,64,0,256,26,24909300,0,0
sample,int,dense-64,relationship,256,64,1,256,26,24926500,0,0
sample,int,dense-64,relationship,256,64,2,256,26,25933100,0,0
sample,int,dense-64,relationship,256,64,3,256,26,25033900,0,0
sample,int,dense-64,relationship,256,64,4,256,26,25721100,0,0
sample,int,dense-64,relationship,256,64,5,256,26,24941400,0,0
sample,int,dense-64,relationship,256,64,6,256,26,25922000,0,0
summary,int,dense-64,relationship,97301.953,97788.672,101301.172
sample,int,dense-64,clipping,256,64,0,16,2,29841200,8896512,2
sample,int,dense-64,clipping,256,64,1,16,2,30107600,8896512,2
sample,int,dense-64,clipping,256,64,2,16,2,30210400,8896512,2
sample,int,dense-64,clipping,256,64,3,16,2,30848800,8896512,2
sample,int,dense-64,clipping,256,64,4,16,2,30928300,8896512,2
sample,int,dense-64,clipping,256,64,5,16,2,30500700,8896512,2
sample,int,dense-64,clipping,256,64,6,16,2,30352900,8896512,2
summary,int,dense-64,clipping,1865075.000,1897056.250,1933018.750
sample,int,wide-integral,relationship,4,1,0,32768,3277,25219600,0,0
sample,int,wide-integral,relationship,4,1,1,32768,3277,25360000,0,0
sample,int,wide-integral,relationship,4,1,2,32768,3277,26367400,0,0
sample,int,wide-integral,relationship,4,1,3,32768,3277,25177500,0,0
sample,int,wide-integral,relationship,4,1,4,32768,3277,34530200,0,0
sample,int,wide-integral,relationship,4,1,5,32768,3277,25164300,0,0
sample,int,wide-integral,relationship,4,1,6,32768,3277,25271800,0,0
summary,int,wide-integral,relationship,767.953,771.234,1053.778
sample,int,wide-integral,clipping,4,1,0,2048,205,37210300,33914880,8
sample,int,wide-integral,clipping,4,1,1,2048,205,36228900,33914880,8
sample,int,wide-integral,clipping,4,1,2,2048,205,36543700,33914880,8
sample,int,wide-integral,clipping,4,1,3,2048,205,36482300,33914880,8
sample,int,wide-integral,clipping,4,1,4,2048,205,36365500,33914880,8
sample,int,wide-integral,clipping,4,1,5,2048,205,37341500,33914880,8
sample,int,wide-integral,clipping,4,1,6,2048,205,35765900,33914880,8
summary,int,wide-integral,clipping,17463.818,17813.623,18233.154
fixture,long,exterior,4,1,success,0
fixture,long,interior,4,4,success,1
fixture,long,crossing,4,7,success,1
fixture,long,boundary-only,4,10,success,1
fixture,long,boundary-overlap,4,11,success,1
fixture,long,isolated-tangent,4,3,success,0
fixture,long,degenerate-interior,4,4,success,0
fixture,long,degenerate-boundary,4,2,success,0
fixture,long,empty,0,1,success,0
fixture,long,concave-u,8,7,success,2
fixture,long,hole,8,7,success,2
fixture,long,hole-reversed,8,7,success,2
fixture,long,rational-crossing,3,7,success,1
fixture,long,sparse-1,4,7,success,1
fixture,long,sparse-4,16,7,success,1
fixture,long,sparse-16,64,7,success,1
fixture,long,sparse-64,256,7,success,1
fixture,long,dense-1,4,7,success,1
fixture,long,dense-4,16,7,success,4
fixture,long,dense-16,64,7,success,16
fixture,long,dense-64,256,7,success,64
fixture,long,wide-integral,4,7,success,1
fixture,long,endpoint-collapse,4,6,unrepresentableConstruction,0
fixture,long,gap-collapse,8,7,unrepresentableConstruction,0
preflight,long,24,PASS
sample,long,exterior,relationship,4,0,0,32768,3277,28017800,0,0
sample,long,exterior,relationship,4,0,1,32768,3277,28434800,0,0
sample,long,exterior,relationship,4,0,2,32768,3277,29043200,0,0
sample,long,exterior,relationship,4,0,3,32768,3277,28207400,0,0
sample,long,exterior,relationship,4,0,4,32768,3277,28143300,0,0
sample,long,exterior,relationship,4,0,5,32768,3277,27829400,0,0
sample,long,exterior,relationship,4,0,6,32768,3277,28080600,0,0
summary,long,exterior,relationship,849.286,858.865,886.328
sample,long,exterior,clipping,4,0,0,8192,820,26036400,67895296,16
sample,long,exterior,clipping,4,0,1,8192,820,26505700,67895296,16
sample,long,exterior,clipping,4,0,2,8192,820,25243900,67895296,16
sample,long,exterior,clipping,4,0,3,8192,820,25680800,67895296,16
sample,long,exterior,clipping,4,0,4,8192,820,25674600,67895296,16
sample,long,exterior,clipping,4,0,5,8192,820,25597000,67895296,16
sample,long,exterior,clipping,4,0,6,8192,820,25735000,67895296,16
summary,long,exterior,clipping,3081.531,3134.863,3235.559
sample,long,interior,relationship,4,1,0,32768,3277,27329300,0,0
sample,long,interior,relationship,4,1,1,32768,3277,27546600,0,0
sample,long,interior,relationship,4,1,2,32768,3277,36856400,0,0
sample,long,interior,relationship,4,1,3,32768,3277,27563800,0,0
sample,long,interior,relationship,4,1,4,32768,3277,27640700,0,0
sample,long,interior,relationship,4,1,5,32768,3277,27561700,0,0
sample,long,interior,relationship,4,1,6,32768,3277,28119800,0,0
summary,long,interior,relationship,834.024,841.180,1124.768
sample,long,interior,clipping,4,1,0,4096,410,30949500,34144256,8
sample,long,interior,clipping,4,1,1,4096,410,30656900,34144256,8
sample,long,interior,clipping,4,1,2,4096,410,30722400,34144256,8
sample,long,interior,clipping,4,1,3,4096,410,32241300,34144256,8
sample,long,interior,clipping,4,1,4,4096,410,31030900,34144256,8
sample,long,interior,clipping,4,1,5,4096,410,30547200,34144256,8
sample,long,interior,clipping,4,1,6,4096,410,31307800,34144256,8
summary,long,interior,clipping,7457.812,7556.030,7871.411
sample,long,crossing,relationship,4,1,0,32768,3277,27843500,0,0
sample,long,crossing,relationship,4,1,1,32768,3277,28575300,0,0
sample,long,crossing,relationship,4,1,2,32768,3277,27979900,0,0
sample,long,crossing,relationship,4,1,3,32768,3277,27786000,0,0
sample,long,crossing,relationship,4,1,4,32768,3277,27709600,0,0
sample,long,crossing,relationship,4,1,5,32768,3277,27826200,0,0
sample,long,crossing,relationship,4,1,6,32768,3277,27785500,0,0
summary,long,crossing,relationship,845.630,849.188,872.049
sample,long,crossing,clipping,4,1,0,2048,205,35148900,33914880,8
sample,long,crossing,clipping,4,1,1,2048,205,34767100,33914880,8
sample,long,crossing,clipping,4,1,2,2048,205,34727300,33914880,8
sample,long,crossing,clipping,4,1,3,2048,205,34684800,33914880,8
sample,long,crossing,clipping,4,1,4,2048,205,34657800,33914880,8
sample,long,crossing,clipping,4,1,5,2048,205,35023000,33914880,8
sample,long,crossing,clipping,4,1,6,2048,205,34318900,33914880,8
summary,long,crossing,clipping,16757.275,16956.689,17162.549
sample,long,boundary-only,relationship,4,1,0,16384,1639,16987600,0,0
sample,long,boundary-only,relationship,4,1,1,16384,1639,17022600,0,0
sample,long,boundary-only,relationship,4,1,2,16384,1639,17054300,0,0
sample,long,boundary-only,relationship,4,1,3,16384,1639,17578100,0,0
sample,long,boundary-only,relationship,4,1,4,16384,1639,19883800,0,0
sample,long,boundary-only,relationship,4,1,5,16384,1639,18283600,0,0
sample,long,boundary-only,relationship,4,1,6,16384,1639,20049700,0,0
summary,long,boundary-only,relationship,1036.841,1072.882,1223.737
sample,long,boundary-only,clipping,4,1,0,2048,205,23674600,42237952,10
sample,long,boundary-only,clipping,4,1,1,2048,205,23563000,42237952,10
sample,long,boundary-only,clipping,4,1,2,2048,205,23414200,42237952,10
sample,long,boundary-only,clipping,4,1,3,2048,205,22724600,42237952,10
sample,long,boundary-only,clipping,4,1,4,2048,205,23157100,42237952,10
sample,long,boundary-only,clipping,4,1,5,2048,205,22462500,42237952,10
sample,long,boundary-only,clipping,4,1,6,2048,205,22517500,42237952,10
summary,long,boundary-only,clipping,10968.018,11307.178,11559.863
sample,long,boundary-overlap,relationship,4,1,0,16384,1639,21798300,0,0
sample,long,boundary-overlap,relationship,4,1,1,16384,1639,21572000,0,0
sample,long,boundary-overlap,relationship,4,1,2,16384,1639,21600700,0,0
sample,long,boundary-overlap,relationship,4,1,3,16384,1639,22169200,0,0
sample,long,boundary-overlap,relationship,4,1,4,16384,1639,22379000,0,0
sample,long,boundary-overlap,relationship,4,1,5,16384,1639,21541200,0,0
sample,long,boundary-overlap,relationship,4,1,6,16384,1639,21747700,0,0
summary,long,boundary-overlap,relationship,1314.771,1327.374,1365.906
sample,long,boundary-overlap,clipping,4,1,0,2048,205,23737500,42303488,10
sample,long,boundary-overlap,clipping,4,1,1,2048,205,23522300,42303488,10
sample,long,boundary-overlap,clipping,4,1,2,2048,205,23926900,42303488,10
sample,long,boundary-overlap,clipping,4,1,3,2048,205,26195500,42303488,10
sample,long,boundary-overlap,clipping,4,1,4,2048,205,24936200,42303488,10
sample,long,boundary-overlap,clipping,4,1,5,2048,205,26547400,42303488,10
sample,long,boundary-overlap,clipping,4,1,6,2048,205,24663800,42303488,10
summary,long,boundary-overlap,clipping,11485.498,12042.871,12962.598
sample,long,isolated-tangent,relationship,4,0,0,16384,1639,20887600,0,0
sample,long,isolated-tangent,relationship,4,0,1,16384,1639,20567100,0,0
sample,long,isolated-tangent,relationship,4,0,2,16384,1639,20658500,0,0
sample,long,isolated-tangent,relationship,4,0,3,16384,1639,20795300,0,0
sample,long,isolated-tangent,relationship,4,0,4,16384,1639,19925600,0,0
sample,long,isolated-tangent,relationship,4,0,5,16384,1639,20196700,0,0
sample,long,isolated-tangent,relationship,4,0,6,16384,1639,20013100,0,0
summary,long,isolated-tangent,relationship,1216.162,1255.316,1274.878
sample,long,isolated-tangent,clipping,4,0,0,4096,410,19863800,67502080,16
sample,long,isolated-tangent,clipping,4,0,1,4096,410,19958900,67502080,16
sample,long,isolated-tangent,clipping,4,0,2,4096,410,20073100,67502080,16
sample,long,isolated-tangent,clipping,4,0,3,4096,410,21347300,67502080,16
sample,long,isolated-tangent,clipping,4,0,4,4096,410,19756300,67502080,16
sample,long,isolated-tangent,clipping,4,0,5,4096,410,19931100,67502080,16
sample,long,isolated-tangent,clipping,4,0,6,4096,410,19928200,67502080,16
summary,long,isolated-tangent,clipping,4823.315,4865.991,5211.743
sample,long,degenerate-interior,relationship,4,0,0,65536,6554,1929000,0,0
sample,long,degenerate-interior,relationship,4,0,1,65536,6554,1970300,0,0
sample,long,degenerate-interior,relationship,4,0,2,65536,6554,1986400,0,0
sample,long,degenerate-interior,relationship,4,0,3,65536,6554,1970200,0,0
sample,long,degenerate-interior,relationship,4,0,4,65536,6554,1941000,0,0
sample,long,degenerate-interior,relationship,4,0,5,65536,6554,1976200,0,0
sample,long,degenerate-interior,relationship,4,0,6,65536,6554,2104100,0,0
summary,long,degenerate-interior,relationship,29.434,30.064,32.106
sample,long,degenerate-interior,clipping,4,0,0,65536,6554,313600,0,0
sample,long,degenerate-interior,clipping,4,0,1,65536,6554,316500,0,0
sample,long,degenerate-interior,clipping,4,0,2,65536,6554,313500,0,0
sample,long,degenerate-interior,clipping,4,0,3,65536,6554,419900,0,0
sample,long,degenerate-interior,clipping,4,0,4,65536,6554,313500,0,0
sample,long,degenerate-interior,clipping,4,0,5,65536,6554,313500,0,0
sample,long,degenerate-interior,clipping,4,0,6,65536,6554,313500,0,0
summary,long,degenerate-interior,clipping,4.784,4.784,6.407
sample,long,degenerate-boundary,relationship,4,0,0,65536,6554,1940400,0,0
sample,long,degenerate-boundary,relationship,4,0,1,65536,6554,1947800,0,0
sample,long,degenerate-boundary,relationship,4,0,2,65536,6554,1897200,0,0
sample,long,degenerate-boundary,relationship,4,0,3,65536,6554,1898200,0,0
sample,long,degenerate-boundary,relationship,4,0,4,65536,6554,2042700,0,0
sample,long,degenerate-boundary,relationship,4,0,5,65536,6554,1887000,0,0
sample,long,degenerate-boundary,relationship,4,0,6,65536,6554,1880800,0,0
summary,long,degenerate-boundary,relationship,28.699,28.964,31.169
sample,long,degenerate-boundary,clipping,4,0,0,65536,6554,378400,0,0
sample,long,degenerate-boundary,clipping,4,0,1,65536,6554,377700,0,0
sample,long,degenerate-boundary,clipping,4,0,2,65536,6554,356400,0,0
sample,long,degenerate-boundary,clipping,4,0,3,65536,6554,313500,0,0
sample,long,degenerate-boundary,clipping,4,0,4,65536,6554,388800,0,0
sample,long,degenerate-boundary,clipping,4,0,5,65536,6554,354800,0,0
sample,long,degenerate-boundary,clipping,4,0,6,65536,6554,313500,0,0
summary,long,degenerate-boundary,clipping,4.784,5.438,5.933
sample,long,empty,relationship,0,0,0,65536,6554,793600,0,0
sample,long,empty,relationship,0,0,1,65536,6554,833200,0,0
sample,long,empty,relationship,0,0,2,65536,6554,794000,0,0
sample,long,empty,relationship,0,0,3,65536,6554,833300,0,0
sample,long,empty,relationship,0,0,4,65536,6554,791300,0,0
sample,long,empty,relationship,0,0,5,65536,6554,929400,0,0
sample,long,empty,relationship,0,0,6,65536,6554,932900,0,0
summary,long,empty,relationship,12.074,12.714,14.235
sample,long,empty,clipping,0,0,0,65536,6554,316300,0,0
sample,long,empty,clipping,0,0,1,65536,6554,313500,0,0
sample,long,empty,clipping,0,0,2,65536,6554,313500,0,0
sample,long,empty,clipping,0,0,3,65536,6554,355200,0,0
sample,long,empty,clipping,0,0,4,65536,6554,313500,0,0
sample,long,empty,clipping,0,0,5,65536,6554,313500,0,0
sample,long,empty,clipping,0,0,6,65536,6554,316100,0,0
summary,long,empty,clipping,4.784,4.784,5.420
sample,long,concave-u,relationship,8,2,0,8192,820,21400400,0,0
sample,long,concave-u,relationship,8,2,1,8192,820,22230100,0,0
sample,long,concave-u,relationship,8,2,2,8192,820,21078800,0,0
sample,long,concave-u,relationship,8,2,3,8192,820,20995500,0,0
sample,long,concave-u,relationship,8,2,4,8192,820,20958400,0,0
sample,long,concave-u,relationship,8,2,5,8192,820,20946800,0,0
sample,long,concave-u,relationship,8,2,6,8192,820,21043200,0,0
summary,long,concave-u,relationship,2556.982,2568.750,2713.635
sample,long,concave-u,clipping,8,2,0,512,52,21079200,12713984,3
sample,long,concave-u,clipping,8,2,1,512,52,21622200,12713984,3
sample,long,concave-u,clipping,8,2,2,512,52,21968500,12713984,3
sample,long,concave-u,clipping,8,2,3,512,52,21340400,12713984,3
sample,long,concave-u,clipping,8,2,4,512,52,21276800,12713984,3
sample,long,concave-u,clipping,8,2,5,512,52,21681600,12713984,3
sample,long,concave-u,clipping,8,2,6,512,52,20999400,12713984,3
summary,long,concave-u,clipping,41014.453,41680.469,42907.227
sample,long,hole,relationship,8,2,0,8192,820,21709600,0,0
sample,long,hole,relationship,8,2,1,8192,820,21806600,0,0
sample,long,hole,relationship,8,2,2,8192,820,22738100,0,0
sample,long,hole,relationship,8,2,3,8192,820,21709300,0,0
sample,long,hole,relationship,8,2,4,8192,820,21687000,0,0
sample,long,hole,relationship,8,2,5,8192,820,21169200,0,0
sample,long,hole,relationship,8,2,6,8192,820,21341900,0,0
summary,long,hole,relationship,2584.131,2650.061,2775.647
sample,long,hole,clipping,8,2,0,512,52,20139100,12713984,3
sample,long,hole,clipping,8,2,1,512,52,20255400,12713984,3
sample,long,hole,clipping,8,2,2,512,52,20879900,12713984,3
sample,long,hole,clipping,8,2,3,512,52,19700700,12713984,3
sample,long,hole,clipping,8,2,4,512,52,19754100,12713984,3
sample,long,hole,clipping,8,2,5,512,52,20016300,12713984,3
sample,long,hole,clipping,8,2,6,512,52,19937600,12713984,3
summary,long,hole,clipping,38477.930,39094.336,40781.055
sample,long,hole-reversed,relationship,8,2,0,8192,820,21065500,0,0
sample,long,hole-reversed,relationship,8,2,1,8192,820,21597300,0,0
sample,long,hole-reversed,relationship,8,2,2,8192,820,22019300,0,0
sample,long,hole-reversed,relationship,8,2,3,8192,820,20906400,0,0
sample,long,hole-reversed,relationship,8,2,4,8192,820,20846400,0,0
sample,long,hole-reversed,relationship,8,2,5,8192,820,20895100,0,0
sample,long,hole-reversed,relationship,8,2,6,8192,820,20900900,0,0
summary,long,hole-reversed,relationship,2544.727,2552.051,2687.903
sample,long,hole-reversed,clipping,8,2,0,512,52,20209600,12713984,3
sample,long,hole-reversed,clipping,8,2,1,512,52,20260100,12713984,3
sample,long,hole-reversed,clipping,8,2,2,512,52,20560800,12713984,3
sample,long,hole-reversed,clipping,8,2,3,512,52,20789000,12713984,3
sample,long,hole-reversed,clipping,8,2,4,512,52,20161800,12713984,3
sample,long,hole-reversed,clipping,8,2,5,512,52,20184800,12713984,3
sample,long,hole-reversed,clipping,8,2,6,512,52,20297800,12713984,3
summary,long,hole-reversed,clipping,39378.516,39570.508,40603.516
sample,long,rational-crossing,relationship,3,1,0,65536,6554,38671600,0,0
sample,long,rational-crossing,relationship,3,1,1,65536,6554,39090000,0,0
sample,long,rational-crossing,relationship,3,1,2,65536,6554,38366500,0,0
sample,long,rational-crossing,relationship,3,1,3,65536,6554,38218600,0,0
sample,long,rational-crossing,relationship,3,1,4,65536,6554,38948100,0,0
sample,long,rational-crossing,relationship,3,1,5,65536,6554,39049100,0,0
sample,long,rational-crossing,relationship,3,1,6,65536,6554,38963900,0,0
summary,long,rational-crossing,relationship,583.170,594.301,596.466
sample,long,rational-crossing,clipping,3,1,0,2048,205,34838800,33914880,8
sample,long,rational-crossing,clipping,3,1,1,2048,205,34631900,33914880,8
sample,long,rational-crossing,clipping,3,1,2,2048,205,36744100,33914880,8
sample,long,rational-crossing,clipping,3,1,3,2048,205,34150500,33914880,8
sample,long,rational-crossing,clipping,3,1,4,2048,205,34306700,33914880,8
sample,long,rational-crossing,clipping,3,1,5,2048,205,34710100,33914880,8
sample,long,rational-crossing,clipping,3,1,6,2048,205,46671400,33914880,8
summary,long,rational-crossing,clipping,16675.049,16948.291,22788.770
sample,long,sparse-1,relationship,4,1,0,32768,3277,31135900,0,0
sample,long,sparse-1,relationship,4,1,1,32768,3277,29732000,0,0
sample,long,sparse-1,relationship,4,1,2,32768,3277,31204400,0,0
sample,long,sparse-1,relationship,4,1,3,32768,3277,29203700,0,0
sample,long,sparse-1,relationship,4,1,4,32768,3277,29088400,0,0
sample,long,sparse-1,relationship,4,1,5,32768,3277,29598000,0,0
sample,long,sparse-1,relationship,4,1,6,32768,3277,29104100,0,0
summary,long,sparse-1,relationship,887.708,903.259,952.283
sample,long,sparse-1,clipping,4,1,0,2048,205,34962600,33914880,8
sample,long,sparse-1,clipping,4,1,1,2048,205,34260700,33914880,8
sample,long,sparse-1,clipping,4,1,2,2048,205,35799600,33914880,8
sample,long,sparse-1,clipping,4,1,3,2048,205,34593900,33914880,8
sample,long,sparse-1,clipping,4,1,4,2048,205,34263600,33914880,8
sample,long,sparse-1,clipping,4,1,5,2048,205,34315600,33914880,8
sample,long,sparse-1,clipping,4,1,6,2048,205,34329200,33914880,8
summary,long,sparse-1,clipping,16728.857,16762.305,17480.273
sample,long,sparse-4,relationship,16,1,0,8192,820,34613300,0,0
sample,long,sparse-4,relationship,16,1,1,8192,820,35704400,0,0
sample,long,sparse-4,relationship,16,1,2,8192,820,35682300,0,0
sample,long,sparse-4,relationship,16,1,3,8192,820,35197100,0,0
sample,long,sparse-4,relationship,16,1,4,8192,820,35852800,0,0
sample,long,sparse-4,relationship,16,1,5,8192,820,35061700,0,0
sample,long,sparse-4,relationship,16,1,6,8192,820,34833700,0,0
summary,long,sparse-4,relationship,4225.256,4296.521,4376.562
sample,long,sparse-4,clipping,16,1,0,1024,103,21818300,16957440,4
sample,long,sparse-4,clipping,16,1,1,1024,103,30610300,16957440,4
sample,long,sparse-4,clipping,16,1,2,1024,103,23906500,16957440,4
sample,long,sparse-4,clipping,16,1,3,1024,103,23026200,16957440,4
sample,long,sparse-4,clipping,16,1,4,1024,103,22003500,16957440,4
sample,long,sparse-4,clipping,16,1,5,1024,103,22115800,16957440,4
sample,long,sparse-4,clipping,16,1,6,1024,103,22420900,16957440,4
summary,long,sparse-4,clipping,21306.934,21895.410,29892.871
sample,long,sparse-16,relationship,64,1,0,2048,205,36839600,0,0
sample,long,sparse-16,relationship,64,1,1,2048,205,36271400,0,0
sample,long,sparse-16,relationship,64,1,2,2048,205,36052800,0,0
sample,long,sparse-16,relationship,64,1,3,2048,205,36071400,0,0
sample,long,sparse-16,relationship,64,1,4,2048,205,36148600,0,0
sample,long,sparse-16,relationship,64,1,5,2048,205,36254400,0,0
sample,long,sparse-16,relationship,64,1,6,2048,205,37899400,0,0
summary,long,sparse-16,relationship,17603.906,17702.344,18505.566
sample,long,sparse-16,clipping,64,1,0,512,52,20314500,8478720,2
sample,long,sparse-16,clipping,64,1,1,512,52,20179500,8478720,2
sample,long,sparse-16,clipping,64,1,2,512,52,20262500,8478720,2
sample,long,sparse-16,clipping,64,1,3,512,52,20503900,8478720,2
sample,long,sparse-16,clipping,64,1,4,512,52,20285000,8478720,2
sample,long,sparse-16,clipping,64,1,5,512,52,20926200,8478720,2
sample,long,sparse-16,clipping,64,1,6,512,52,21359900,8478720,2
summary,long,sparse-16,clipping,39413.086,39676.758,41718.555
sample,long,sparse-64,relationship,256,1,0,512,52,36547600,0,0
sample,long,sparse-64,relationship,256,1,1,512,52,37094900,0,0
sample,long,sparse-64,relationship,256,1,2,512,52,36893900,0,0
sample,long,sparse-64,relationship,256,1,3,512,52,37139300,0,0
sample,long,sparse-64,relationship,256,1,4,512,52,36574900,0,0
sample,long,sparse-64,relationship,256,1,5,512,52,36471100,0,0
sample,long,sparse-64,relationship,256,1,6,512,52,36456800,0,0
summary,long,sparse-64,relationship,71204.688,71435.352,72537.695
sample,long,sparse-64,clipping,256,1,0,256,26,29979200,4239360,1
sample,long,sparse-64,clipping,256,1,1,256,26,29247400,4239360,1
sample,long,sparse-64,clipping,256,1,2,256,26,29086100,4239360,1
sample,long,sparse-64,clipping,256,1,3,256,26,29009300,4239360,1
sample,long,sparse-64,clipping,256,1,4,256,26,32142300,4239360,1
sample,long,sparse-64,clipping,256,1,5,256,26,30137700,4239360,1
sample,long,sparse-64,clipping,256,1,6,256,26,30094100,4239360,1
summary,long,sparse-64,clipping,113317.578,117106.250,125555.859
sample,long,dense-1,relationship,4,1,0,32768,3277,32301900,0,0
sample,long,dense-1,relationship,4,1,1,32768,3277,34714700,0,0
sample,long,dense-1,relationship,4,1,2,32768,3277,28797200,0,0
sample,long,dense-1,relationship,4,1,3,32768,3277,30020700,0,0
sample,long,dense-1,relationship,4,1,4,32768,3277,31714300,0,0
sample,long,dense-1,relationship,4,1,5,32768,3277,28817700,0,0
sample,long,dense-1,relationship,4,1,6,32768,3277,28389800,0,0
summary,long,dense-1,relationship,866.388,916.159,1059.409
sample,long,dense-1,clipping,4,1,0,2048,205,36704500,33914880,8
sample,long,dense-1,clipping,4,1,1,2048,205,35257200,33914880,8
sample,long,dense-1,clipping,4,1,2,2048,205,35011600,33914880,8
sample,long,dense-1,clipping,4,1,3,2048,205,35014500,33914880,8
sample,long,dense-1,clipping,4,1,4,2048,205,34997000,33914880,8
sample,long,dense-1,clipping,4,1,5,2048,205,35403200,33914880,8
sample,long,dense-1,clipping,4,1,6,2048,205,35375700,33914880,8
summary,long,dense-1,clipping,17088.379,17215.430,17922.119
sample,long,dense-4,relationship,16,4,0,4096,410,24456900,0,0
sample,long,dense-4,relationship,16,4,1,4096,410,24395900,0,0
sample,long,dense-4,relationship,16,4,2,4096,410,24442700,0,0
sample,long,dense-4,relationship,16,4,3,4096,410,24347400,0,0
sample,long,dense-4,relationship,16,4,4,4096,410,35134500,0,0
sample,long,dense-4,relationship,16,4,5,4096,410,25540800,0,0
sample,long,dense-4,relationship,16,4,6,4096,410,23946300,0,0
summary,long,dense-4,relationship,5846.265,5967.456,8577.759
sample,long,dense-4,clipping,16,4,0,256,26,22248500,10588160,2
sample,long,dense-4,clipping,16,4,1,256,26,22507700,10588160,2
sample,long,dense-4,clipping,16,4,2,256,26,22124300,10588160,2
sample,long,dense-4,clipping,16,4,3,256,26,22513600,10588160,2
sample,long,dense-4,clipping,16,4,4,256,26,23466800,10588160,2
sample,long,dense-4,clipping,16,4,5,256,26,23915100,10588160,2
sample,long,dense-4,clipping,16,4,6,256,26,23752200,10588160,2
summary,long,dense-4,clipping,86423.047,87943.750,93418.359
sample,long,dense-16,relationship,64,16,0,1024,103,28840900,0,0
sample,long,dense-16,relationship,64,16,1,1024,103,27715900,0,0
sample,long,dense-16,relationship,64,16,2,1024,103,27835100,0,0
sample,long,dense-16,relationship,64,16,3,1024,103,27396800,0,0
sample,long,dense-16,relationship,64,16,4,1024,103,27195600,0,0
sample,long,dense-16,relationship,64,16,5,1024,103,26262600,0,0
sample,long,dense-16,relationship,64,16,6,1024,103,26397700,0,0
summary,long,dense-16,relationship,25647.070,26754.688,28164.941
sample,long,dense-16,clipping,64,16,0,64,7,27503900,9280512,2
sample,long,dense-16,clipping,64,16,1,64,7,26176400,9280512,2
sample,long,dense-16,clipping,64,16,2,64,7,26532900,9280512,2
sample,long,dense-16,clipping,64,16,3,64,7,26477100,9280512,2
sample,long,dense-16,clipping,64,16,4,64,7,26417000,9280512,2
sample,long,dense-16,clipping,64,16,5,64,7,26461900,9280512,2
sample,long,dense-16,clipping,64,16,6,64,7,26334600,9280512,2
summary,long,dense-16,clipping,409006.250,413467.188,429748.438
sample,long,dense-64,relationship,256,64,0,256,26,26810700,0,0
sample,long,dense-64,relationship,256,64,1,256,26,27554100,0,0
sample,long,dense-64,relationship,256,64,2,256,26,27488600,0,0
sample,long,dense-64,relationship,256,64,3,256,26,27352500,0,0
sample,long,dense-64,relationship,256,64,4,256,26,27434100,0,0
sample,long,dense-64,relationship,256,64,5,256,26,27592300,0,0
sample,long,dense-64,relationship,256,64,6,256,26,32490300,0,0
summary,long,dense-64,relationship,104729.297,107377.344,126915.234
sample,long,dense-64,clipping,256,64,0,16,2,31020600,8896512,3
sample,long,dense-64,clipping,256,64,1,16,2,30789900,8896512,3
sample,long,dense-64,clipping,256,64,2,16,2,31305700,8896512,3
sample,long,dense-64,clipping,256,64,3,16,2,31907500,8896512,3
sample,long,dense-64,clipping,256,64,4,16,2,30882400,8896512,3
sample,long,dense-64,clipping,256,64,5,16,2,30742000,8896512,3
sample,long,dense-64,clipping,256,64,6,16,2,31380000,8896512,3
summary,long,dense-64,clipping,1921375.000,1938787.500,1994218.750
sample,long,wide-integral,relationship,4,1,0,32768,3277,29610800,0,0
sample,long,wide-integral,relationship,4,1,1,32768,3277,30648100,0,0
sample,long,wide-integral,relationship,4,1,2,32768,3277,29037000,0,0
sample,long,wide-integral,relationship,4,1,3,32768,3277,29049200,0,0
sample,long,wide-integral,relationship,4,1,4,32768,3277,29009100,0,0
sample,long,wide-integral,relationship,4,1,5,32768,3277,29106200,0,0
sample,long,wide-integral,relationship,4,1,6,32768,3277,28964000,0,0
summary,long,wide-integral,relationship,883.911,886.511,935.306
sample,long,wide-integral,clipping,4,1,0,1024,103,20245400,16957440,4
sample,long,wide-integral,clipping,4,1,1,1024,103,20192500,16957440,4
sample,long,wide-integral,clipping,4,1,2,1024,103,20261800,16957440,4
sample,long,wide-integral,clipping,4,1,3,1024,103,20343100,16957440,4
sample,long,wide-integral,clipping,4,1,4,1024,103,20618700,16957440,4
sample,long,wide-integral,clipping,4,1,5,1024,103,20188700,16957440,4
sample,long,wide-integral,clipping,4,1,6,1024,103,20430600,16957440,4
summary,long,wide-integral,clipping,19715.527,19786.914,20135.449
sample,long,endpoint-collapse,relationship,4,0,0,16384,1639,21236000,0,0
sample,long,endpoint-collapse,relationship,4,0,1,16384,1639,21201200,0,0
sample,long,endpoint-collapse,relationship,4,0,2,16384,1639,21300600,0,0
sample,long,endpoint-collapse,relationship,4,0,3,16384,1639,21479400,0,0
sample,long,endpoint-collapse,relationship,4,0,4,16384,1639,21473300,0,0
sample,long,endpoint-collapse,relationship,4,0,5,16384,1639,21516800,0,0
sample,long,endpoint-collapse,relationship,4,0,6,16384,1639,21450800,0,0
summary,long,endpoint-collapse,relationship,1294.019,1309.253,1313.281
sample,long,endpoint-collapse,clipping,4,0,0,2048,205,39134400,33849344,8
sample,long,endpoint-collapse,clipping,4,0,1,2048,205,29731000,33849344,8
sample,long,endpoint-collapse,clipping,4,0,2,2048,205,30194400,33849344,8
sample,long,endpoint-collapse,clipping,4,0,3,2048,205,29793900,33849344,8
sample,long,endpoint-collapse,clipping,4,0,4,2048,205,30364600,33849344,8
sample,long,endpoint-collapse,clipping,4,0,5,2048,205,31874800,33849344,8
sample,long,endpoint-collapse,clipping,4,0,6,2048,205,30407100,33849344,8
summary,long,endpoint-collapse,clipping,14517.090,14826.465,19108.594
sample,long,gap-collapse,relationship,8,0,0,8192,820,24934900,0,0
sample,long,gap-collapse,relationship,8,0,1,8192,820,25036100,0,0
sample,long,gap-collapse,relationship,8,0,2,8192,820,24925600,0,0
sample,long,gap-collapse,relationship,8,0,3,8192,820,24880000,0,0
sample,long,gap-collapse,relationship,8,0,4,8192,820,25707800,0,0
sample,long,gap-collapse,relationship,8,0,5,8192,820,24795800,0,0
sample,long,gap-collapse,relationship,8,0,6,8192,820,24989600,0,0
summary,long,gap-collapse,relationship,3026.831,3043.811,3138.159
sample,long,gap-collapse,clipping,8,0,0,1024,103,38990100,25395200,6
sample,long,gap-collapse,clipping,8,0,1,1024,103,39019000,25395200,6
sample,long,gap-collapse,clipping,8,0,2,1024,103,38657600,25395200,6
sample,long,gap-collapse,clipping,8,0,3,1024,103,38765300,25395200,6
sample,long,gap-collapse,clipping,8,0,4,1024,103,38582000,25395200,6
sample,long,gap-collapse,clipping,8,0,5,1024,103,38490100,25395200,6
sample,long,gap-collapse,clipping,8,0,6,1024,103,40558300,25395200,6
summary,long,gap-collapse,clipping,37587.988,37856.738,39607.715
fixture,float,exterior,4,1,success,0
fixture,float,interior,4,4,success,1
fixture,float,crossing,4,7,success,1
fixture,float,boundary-only,4,10,success,1
fixture,float,boundary-overlap,4,11,success,1
fixture,float,isolated-tangent,4,3,success,0
fixture,float,degenerate-interior,4,4,success,0
fixture,float,degenerate-boundary,4,2,success,0
fixture,float,empty,0,1,success,0
fixture,float,concave-u,8,7,success,2
fixture,float,hole,8,7,success,2
fixture,float,hole-reversed,8,7,success,2
fixture,float,rational-crossing,3,7,success,1
fixture,float,sparse-1,4,7,success,1
fixture,float,sparse-4,16,7,success,1
fixture,float,sparse-16,64,7,success,1
fixture,float,sparse-64,256,7,success,1
fixture,float,dense-1,4,7,success,1
fixture,float,dense-4,16,7,success,4
fixture,float,dense-16,64,7,success,16
fixture,float,dense-64,256,7,success,64
fixture,float,subnormal,4,7,success,1
fixture,float,large-finite,4,7,success,1
preflight,float,23,PASS
sample,float,exterior,relationship,4,0,0,32768,3277,35499900,0,0
sample,float,exterior,relationship,4,0,1,32768,3277,35338100,0,0
sample,float,exterior,relationship,4,0,2,32768,3277,36712200,0,0
sample,float,exterior,relationship,4,0,3,32768,3277,42925900,0,0
sample,float,exterior,relationship,4,0,4,32768,3277,37153000,0,0
sample,float,exterior,relationship,4,0,5,32768,3277,36618700,0,0
sample,float,exterior,relationship,4,0,6,32768,3277,35822800,0,0
summary,float,exterior,relationship,1078.433,1117.514,1309.995
sample,float,exterior,clipping,4,0,0,8192,820,25518900,67895296,16
sample,float,exterior,clipping,4,0,1,8192,820,25668900,67895296,16
sample,float,exterior,clipping,4,0,2,8192,820,25426000,67895296,16
sample,float,exterior,clipping,4,0,3,8192,820,25785600,67895296,16
sample,float,exterior,clipping,4,0,4,8192,820,28906600,67895296,16
sample,float,exterior,clipping,4,0,5,8192,820,26537700,67895296,16
sample,float,exterior,clipping,4,0,6,8192,820,27276400,67895296,16
summary,float,exterior,clipping,3103.760,3147.656,3528.638
sample,float,interior,relationship,4,1,0,32768,3277,35312900,0,0
sample,float,interior,relationship,4,1,1,32768,3277,35222500,0,0
sample,float,interior,relationship,4,1,2,32768,3277,35486300,0,0
sample,float,interior,relationship,4,1,3,32768,3277,35923700,0,0
sample,float,interior,relationship,4,1,4,32768,3277,35398300,0,0
sample,float,interior,relationship,4,1,5,32768,3277,35617200,0,0
sample,float,interior,relationship,4,1,6,32768,3277,35448100,0,0
summary,float,interior,relationship,1074.905,1081.790,1096.304
sample,float,interior,clipping,4,1,0,4096,410,31870800,34144256,8
sample,float,interior,clipping,4,1,1,4096,410,31508000,34144256,8
sample,float,interior,clipping,4,1,2,4096,410,30888400,34144256,8
sample,float,interior,clipping,4,1,3,4096,410,31566100,34144256,8
sample,float,interior,clipping,4,1,4,4096,410,31625100,34144256,8
sample,float,interior,clipping,4,1,5,4096,410,32160400,34144256,8
sample,float,interior,clipping,4,1,6,4096,410,32351200,34144256,8
summary,float,interior,clipping,7541.113,7720.972,7898.242
sample,float,crossing,relationship,4,1,0,32768,3277,35398000,0,0
sample,float,crossing,relationship,4,1,1,32768,3277,35336500,0,0
sample,float,crossing,relationship,4,1,2,32768,3277,36604500,0,0
sample,float,crossing,relationship,4,1,3,32768,3277,35382300,0,0
sample,float,crossing,relationship,4,1,4,32768,3277,37209800,0,0
sample,float,crossing,relationship,4,1,5,32768,3277,35659000,0,0
sample,float,crossing,relationship,4,1,6,32768,3277,35433800,0,0
summary,float,crossing,relationship,1078.384,1081.354,1135.553
sample,float,crossing,clipping,4,1,0,2048,205,35785800,33914880,8
sample,float,crossing,clipping,4,1,1,2048,205,35131200,33914880,8
sample,float,crossing,clipping,4,1,2,2048,205,35819100,33914880,8
sample,float,crossing,clipping,4,1,3,2048,205,35804700,33914880,8
sample,float,crossing,clipping,4,1,4,2048,205,37370800,33914880,8
sample,float,crossing,clipping,4,1,5,2048,205,36135200,33914880,8
sample,float,crossing,clipping,4,1,6,2048,205,36348200,33914880,8
summary,float,crossing,clipping,17153.906,17489.795,18247.461
sample,float,boundary-only,relationship,4,1,0,16384,1639,21594100,0,0
sample,float,boundary-only,relationship,4,1,1,16384,1639,21072000,0,0
sample,float,boundary-only,relationship,4,1,2,16384,1639,21334500,0,0
sample,float,boundary-only,relationship,4,1,3,16384,1639,22402900,0,0
sample,float,boundary-only,relationship,4,1,4,16384,1639,20912500,0,0
sample,float,boundary-only,relationship,4,1,5,16384,1639,21024900,0,0
sample,float,boundary-only,relationship,4,1,6,16384,1639,20987800,0,0
summary,float,boundary-only,relationship,1276.398,1286.133,1367.365
sample,float,boundary-only,clipping,4,1,0,2048,205,23261500,42237952,10
sample,float,boundary-only,clipping,4,1,1,2048,205,22765000,42237952,10
sample,float,boundary-only,clipping,4,1,2,2048,205,23356200,42237952,10
sample,float,boundary-only,clipping,4,1,3,2048,205,23858200,42237952,10
sample,float,boundary-only,clipping,4,1,4,2048,205,22708700,42237952,10
sample,float,boundary-only,clipping,4,1,5,2048,205,22737000,42237952,10
sample,float,boundary-only,clipping,4,1,6,2048,205,32049900,42237952,10
summary,float,boundary-only,clipping,11088.232,11358.154,15649.365
sample,float,boundary-overlap,relationship,4,1,0,16384,1639,28511000,0,0
sample,float,boundary-overlap,relationship,4,1,1,16384,1639,29659900,0,0
sample,float,boundary-overlap,relationship,4,1,2,16384,1639,27638400,0,0
sample,float,boundary-overlap,relationship,4,1,3,16384,1639,27902600,0,0
sample,float,boundary-overlap,relationship,4,1,4,16384,1639,28190700,0,0
sample,float,boundary-overlap,relationship,4,1,5,16384,1639,28606100,0,0
sample,float,boundary-overlap,relationship,4,1,6,16384,1639,28035700,0,0
summary,float,boundary-overlap,relationship,1686.914,1720.624,1810.297
sample,float,boundary-overlap,clipping,4,1,0,2048,205,25309700,42303488,10
sample,float,boundary-overlap,clipping,4,1,1,2048,205,24642800,42303488,10
sample,float,boundary-overlap,clipping,4,1,2,2048,205,24736300,42303488,10
sample,float,boundary-overlap,clipping,4,1,3,2048,205,24607100,42303488,10
sample,float,boundary-overlap,clipping,4,1,4,2048,205,24682300,42303488,10
sample,float,boundary-overlap,clipping,4,1,5,2048,205,24582200,42303488,10
sample,float,boundary-overlap,clipping,4,1,6,2048,205,24537800,42303488,10
summary,float,boundary-overlap,clipping,11981.348,12032.617,12358.252
sample,float,isolated-tangent,relationship,4,0,0,16384,1639,33134100,0,0
sample,float,isolated-tangent,relationship,4,0,1,16384,1639,33561300,0,0
sample,float,isolated-tangent,relationship,4,0,2,16384,1639,33144600,0,0
sample,float,isolated-tangent,relationship,4,0,3,16384,1639,34295600,0,0
sample,float,isolated-tangent,relationship,4,0,4,16384,1639,33724400,0,0
sample,float,isolated-tangent,relationship,4,0,5,16384,1639,33286900,0,0
sample,float,isolated-tangent,relationship,4,0,6,16384,1639,33290400,0,0
summary,float,isolated-tangent,relationship,2022.345,2031.885,2093.237
sample,float,isolated-tangent,clipping,4,0,0,4096,410,25656000,67502080,16
sample,float,isolated-tangent,clipping,4,0,1,4096,410,25110800,67502080,16
sample,float,isolated-tangent,clipping,4,0,2,4096,410,26265800,67502080,16
sample,float,isolated-tangent,clipping,4,0,3,4096,410,24638100,67502080,16
sample,float,isolated-tangent,clipping,4,0,4,4096,410,24928000,67502080,16
sample,float,isolated-tangent,clipping,4,0,5,4096,410,29125700,67502080,16
sample,float,isolated-tangent,clipping,4,0,6,4096,410,30242500,67502080,16
summary,float,isolated-tangent,clipping,6015.161,6263.672,7383.423
sample,float,degenerate-interior,relationship,4,0,0,65536,6554,3195000,0,0
sample,float,degenerate-interior,relationship,4,0,1,65536,6554,3219400,0,0
sample,float,degenerate-interior,relationship,4,0,2,65536,6554,3252200,0,0
sample,float,degenerate-interior,relationship,4,0,3,65536,6554,3257100,0,0
sample,float,degenerate-interior,relationship,4,0,4,65536,6554,3287900,0,0
sample,float,degenerate-interior,relationship,4,0,5,65536,6554,3276600,0,0
sample,float,degenerate-interior,relationship,4,0,6,65536,6554,3152800,0,0
summary,float,degenerate-interior,relationship,48.108,49.625,50.169
sample,float,degenerate-interior,clipping,4,0,0,65536,6554,305600,0,0
sample,float,degenerate-interior,clipping,4,0,1,65536,6554,305600,0,0
sample,float,degenerate-interior,clipping,4,0,2,65536,6554,315800,0,0
sample,float,degenerate-interior,clipping,4,0,3,65536,6554,338100,0,0
sample,float,degenerate-interior,clipping,4,0,4,65536,6554,298600,0,0
sample,float,degenerate-interior,clipping,4,0,5,65536,6554,301600,0,0
sample,float,degenerate-interior,clipping,4,0,6,65536,6554,298700,0,0
summary,float,degenerate-interior,clipping,4.556,4.663,5.159
sample,float,degenerate-boundary,relationship,4,0,0,65536,6554,3226500,0,0
sample,float,degenerate-boundary,relationship,4,0,1,65536,6554,3119500,0,0
sample,float,degenerate-boundary,relationship,4,0,2,65536,6554,3173200,0,0
sample,float,degenerate-boundary,relationship,4,0,3,65536,6554,3286500,0,0
sample,float,degenerate-boundary,relationship,4,0,4,65536,6554,4039000,0,0
sample,float,degenerate-boundary,relationship,4,0,5,65536,6554,3229500,0,0
sample,float,degenerate-boundary,relationship,4,0,6,65536,6554,3171900,0,0
summary,float,degenerate-boundary,relationship,47.600,49.232,61.630
sample,float,degenerate-boundary,clipping,4,0,0,65536,6554,298800,0,0
sample,float,degenerate-boundary,clipping,4,0,1,65536,6554,298600,0,0
sample,float,degenerate-boundary,clipping,4,0,2,65536,6554,301500,0,0
sample,float,degenerate-boundary,clipping,4,0,3,65536,6554,339200,0,0
sample,float,degenerate-boundary,clipping,4,0,4,65536,6554,298900,0,0
sample,float,degenerate-boundary,clipping,4,0,5,65536,6554,301300,0,0
sample,float,degenerate-boundary,clipping,4,0,6,65536,6554,298600,0,0
summary,float,degenerate-boundary,clipping,4.556,4.561,5.176
sample,float,empty,relationship,0,0,0,65536,6554,1215200,0,0
sample,float,empty,relationship,0,0,1,65536,6554,1511700,0,0
sample,float,empty,relationship,0,0,2,65536,6554,968600,0,0
sample,float,empty,relationship,0,0,3,65536,6554,1040800,0,0
sample,float,empty,relationship,0,0,4,65536,6554,925300,0,0
sample,float,empty,relationship,0,0,5,65536,6554,968200,0,0
sample,float,empty,relationship,0,0,6,65536,6554,926700,0,0
summary,float,empty,relationship,14.119,14.780,23.067
sample,float,empty,clipping,0,0,0,65536,6554,298600,0,0
sample,float,empty,clipping,0,0,1,65536,6554,298700,0,0
sample,float,empty,clipping,0,0,2,65536,6554,301700,0,0
sample,float,empty,clipping,0,0,3,65536,6554,339200,0,0
sample,float,empty,clipping,0,0,4,65536,6554,298600,0,0
sample,float,empty,clipping,0,0,5,65536,6554,303100,0,0
sample,float,empty,clipping,0,0,6,65536,6554,298600,0,0
summary,float,empty,clipping,4.556,4.558,5.176
sample,float,concave-u,relationship,8,2,0,8192,820,24457600,0,0
sample,float,concave-u,relationship,8,2,1,8192,820,24192500,0,0
sample,float,concave-u,relationship,8,2,2,8192,820,24406400,0,0
sample,float,concave-u,relationship,8,2,3,8192,820,24190800,0,0
sample,float,concave-u,relationship,8,2,4,8192,820,24406400,0,0
sample,float,concave-u,relationship,8,2,5,8192,820,25821500,0,0
sample,float,concave-u,relationship,8,2,6,8192,820,24071900,0,0
summary,float,concave-u,relationship,2938.464,2979.297,3152.039
sample,float,concave-u,clipping,8,2,0,512,52,20757300,12713984,3
sample,float,concave-u,clipping,8,2,1,512,52,20824500,12713984,3
sample,float,concave-u,clipping,8,2,2,512,52,20740200,12713984,3
sample,float,concave-u,clipping,8,2,3,512,52,20766500,12713984,3
sample,float,concave-u,clipping,8,2,4,512,52,20431200,12713984,3
sample,float,concave-u,clipping,8,2,5,512,52,22113200,12713984,3
sample,float,concave-u,clipping,8,2,6,512,52,20506100,12713984,3
summary,float,concave-u,clipping,39904.688,40541.602,43189.844
sample,float,hole,relationship,8,2,0,8192,820,24528000,0,0
sample,float,hole,relationship,8,2,1,8192,820,25062800,0,0
sample,float,hole,relationship,8,2,2,8192,820,24659800,0,0
sample,float,hole,relationship,8,2,3,8192,820,24662400,0,0
sample,float,hole,relationship,8,2,4,8192,820,25236300,0,0
sample,float,hole,relationship,8,2,5,8192,820,25419100,0,0
sample,float,hole,relationship,8,2,6,8192,820,24616200,0,0
summary,float,hole,relationship,2994.141,3010.547,3102.917
sample,float,hole,clipping,8,2,0,512,52,20814400,12713984,3
sample,float,hole,clipping,8,2,1,512,52,21170300,12713984,3
sample,float,hole,clipping,8,2,2,512,52,21005800,12713984,3
sample,float,hole,clipping,8,2,3,512,52,20913900,12713984,3
sample,float,hole,clipping,8,2,4,512,52,21225900,12713984,3
sample,float,hole,clipping,8,2,5,512,52,21658100,12713984,3
sample,float,hole,clipping,8,2,6,512,52,20892400,12713984,3
summary,float,hole,clipping,40653.125,41026.953,42300.977
sample,float,hole-reversed,relationship,8,2,0,8192,820,33993900,0,0
sample,float,hole-reversed,relationship,8,2,1,8192,820,24843500,0,0
sample,float,hole-reversed,relationship,8,2,2,8192,820,24993400,0,0
sample,float,hole-reversed,relationship,8,2,3,8192,820,26931000,0,0
sample,float,hole-reversed,relationship,8,2,4,8192,820,24554100,0,0
sample,float,hole-reversed,relationship,8,2,5,8192,820,24714600,0,0
sample,float,hole-reversed,relationship,8,2,6,8192,820,24848400,0,0
summary,float,hole-reversed,relationship,2997.327,3033.252,4149.646
sample,float,hole-reversed,clipping,8,2,0,512,52,20987800,12713984,3
sample,float,hole-reversed,clipping,8,2,1,512,52,20727900,12713984,3
sample,float,hole-reversed,clipping,8,2,2,512,52,20914200,12713984,3
sample,float,hole-reversed,clipping,8,2,3,512,52,21707000,12713984,3
sample,float,hole-reversed,clipping,8,2,4,512,52,20740500,12713984,3
sample,float,hole-reversed,clipping,8,2,5,512,52,20696500,12713984,3
sample,float,hole-reversed,clipping,8,2,6,512,52,20917100,12713984,3
summary,float,hole-reversed,clipping,40422.852,40848.047,42396.484
sample,float,rational-crossing,relationship,3,1,0,32768,3277,24557600,0,0
sample,float,rational-crossing,relationship,3,1,1,32768,3277,24616300,0,0
sample,float,rational-crossing,relationship,3,1,2,32768,3277,24981700,0,0
sample,float,rational-crossing,relationship,3,1,3,32768,3277,26282800,0,0
sample,float,rational-crossing,relationship,3,1,4,32768,3277,24394400,0,0
sample,float,rational-crossing,relationship,3,1,5,32768,3277,24681300,0,0
sample,float,rational-crossing,relationship,3,1,6,32768,3277,24499300,0,0
summary,float,rational-crossing,relationship,744.458,751.230,802.087
sample,float,rational-crossing,clipping,3,1,0,2048,205,37116500,33914880,8
sample,float,rational-crossing,clipping,3,1,1,2048,205,35525600,33914880,8
sample,float,rational-crossing,clipping,3,1,2,2048,205,35663700,33914880,8
sample,float,rational-crossing,clipping,3,1,3,2048,205,35874500,33914880,8
sample,float,rational-crossing,clipping,3,1,4,2048,205,35975700,33914880,8
sample,float,rational-crossing,clipping,3,1,5,2048,205,36318500,33914880,8
sample,float,rational-crossing,clipping,3,1,6,2048,205,38212000,33914880,8
summary,float,rational-crossing,clipping,17346.484,17566.260,18658.203
sample,float,sparse-1,relationship,4,1,0,32768,3277,44077500,0,0
sample,float,sparse-1,relationship,4,1,1,32768,3277,34850800,0,0
sample,float,sparse-1,relationship,4,1,2,32768,3277,36223300,0,0
sample,float,sparse-1,relationship,4,1,3,32768,3277,34626600,0,0
sample,float,sparse-1,relationship,4,1,4,32768,3277,35139000,0,0
sample,float,sparse-1,relationship,4,1,5,32768,3277,34810600,0,0
sample,float,sparse-1,relationship,4,1,6,32768,3277,34901500,0,0
summary,float,sparse-1,relationship,1056.720,1065.109,1345.139
sample,float,sparse-1,clipping,4,1,0,2048,205,36475500,33914880,8
sample,float,sparse-1,clipping,4,1,1,2048,205,36941000,33914880,8
sample,float,sparse-1,clipping,4,1,2,2048,205,37011700,33914880,8
sample,float,sparse-1,clipping,4,1,3,2048,205,36141600,33914880,8
sample,float,sparse-1,clipping,4,1,4,2048,205,37047400,33914880,8
sample,float,sparse-1,clipping,4,1,5,2048,205,35936300,33914880,8
sample,float,sparse-1,clipping,4,1,6,2048,205,36056500,33914880,8
summary,float,sparse-1,clipping,17547.021,17810.303,18089.551
sample,float,sparse-4,relationship,16,1,0,4096,410,20468900,0,0
sample,float,sparse-4,relationship,16,1,1,4096,410,20319300,0,0
sample,float,sparse-4,relationship,16,1,2,4096,410,20948700,0,0
sample,float,sparse-4,relationship,16,1,3,4096,410,21434000,0,0
sample,float,sparse-4,relationship,16,1,4,4096,410,20246500,0,0
sample,float,sparse-4,relationship,16,1,5,4096,410,20452100,0,0
sample,float,sparse-4,relationship,16,1,6,4096,410,20379100,0,0
summary,float,sparse-4,relationship,4942.993,4993.188,5232.910
sample,float,sparse-4,clipping,16,1,0,1024,103,23699600,16957440,4
sample,float,sparse-4,clipping,16,1,1,1024,103,23517300,16957440,4
sample,float,sparse-4,clipping,16,1,2,1024,103,24052400,16957440,4
sample,float,sparse-4,clipping,16,1,3,1024,103,24607900,16957440,4
sample,float,sparse-4,clipping,16,1,4,1024,103,23937700,16957440,4
sample,float,sparse-4,clipping,16,1,5,1024,103,23775600,16957440,4
sample,float,sparse-4,clipping,16,1,6,1024,103,23600400,16957440,4
summary,float,sparse-4,clipping,22966.113,23218.359,24031.152
sample,float,sparse-16,relationship,64,1,0,1024,103,29693600,0,0
sample,float,sparse-16,relationship,64,1,1,1024,103,21367900,0,0
sample,float,sparse-16,relationship,64,1,2,1024,103,21956600,0,0
sample,float,sparse-16,relationship,64,1,3,1024,103,20567800,0,0
sample,float,sparse-16,relationship,64,1,4,1024,103,20506700,0,0
sample,float,sparse-16,relationship,64,1,5,1024,103,20516500,0,0
sample,float,sparse-16,relationship,64,1,6,1024,103,20516200,0,0
summary,float,sparse-16,relationship,20026.074,20085.742,28997.656
sample,float,sparse-16,clipping,64,1,0,512,52,22455500,8478720,2
sample,float,sparse-16,clipping,64,1,1,512,52,22425000,8478720,2
sample,float,sparse-16,clipping,64,1,2,512,52,23880300,8478720,2
sample,float,sparse-16,clipping,64,1,3,512,52,22606400,8478720,2
sample,float,sparse-16,clipping,64,1,4,512,52,22252900,8478720,2
sample,float,sparse-16,clipping,64,1,5,512,52,22472900,8478720,2
sample,float,sparse-16,clipping,64,1,6,512,52,22516700,8478720,2
summary,float,sparse-16,clipping,43462.695,43892.383,46641.211
sample,float,sparse-64,relationship,256,1,0,256,26,20404400,0,0
sample,float,sparse-64,relationship,256,1,1,256,26,20080200,0,0
sample,float,sparse-64,relationship,256,1,2,256,26,21691700,0,0
sample,float,sparse-64,relationship,256,1,3,256,26,20176500,0,0
sample,float,sparse-64,relationship,256,1,4,256,26,20213000,0,0
sample,float,sparse-64,relationship,256,1,5,256,26,20483200,0,0
sample,float,sparse-64,relationship,256,1,6,256,26,20546900,0,0
summary,float,sparse-64,relationship,78438.281,79704.688,84733.203
sample,float,sparse-64,clipping,256,1,0,256,26,32799900,4239360,1
sample,float,sparse-64,clipping,256,1,1,256,26,33020200,4239360,1
sample,float,sparse-64,clipping,256,1,2,256,26,32363600,4239360,1
sample,float,sparse-64,clipping,256,1,3,256,26,31960200,4239360,1
sample,float,sparse-64,clipping,256,1,4,256,26,31911000,4239360,1
sample,float,sparse-64,clipping,256,1,5,256,26,32259400,4239360,1
sample,float,sparse-64,clipping,256,1,6,256,26,32453900,4239360,1
summary,float,sparse-64,clipping,124652.344,126420.312,128985.156
sample,float,dense-1,relationship,4,1,0,32768,3277,34724200,0,0
sample,float,dense-1,relationship,4,1,1,32768,3277,34718400,0,0
sample,float,dense-1,relationship,4,1,2,32768,3277,36273600,0,0
sample,float,dense-1,relationship,4,1,3,32768,3277,45968800,0,0
sample,float,dense-1,relationship,4,1,4,32768,3277,34640500,0,0
sample,float,dense-1,relationship,4,1,5,32768,3277,35176000,0,0
sample,float,dense-1,relationship,4,1,6,32768,3277,34745500,0,0
summary,float,dense-1,relationship,1057.144,1060.349,1402.856
sample,float,dense-1,clipping,4,1,0,2048,205,37351900,33914880,8
sample,float,dense-1,clipping,4,1,1,2048,205,36177600,33914880,8
sample,float,dense-1,clipping,4,1,2,2048,205,36046800,33914880,8
sample,float,dense-1,clipping,4,1,3,2048,205,36179800,33914880,8
sample,float,dense-1,clipping,4,1,4,2048,205,35841000,33914880,8
sample,float,dense-1,clipping,4,1,5,2048,205,37292100,33914880,8
sample,float,dense-1,clipping,4,1,6,2048,205,35849400,33914880,8
summary,float,dense-1,clipping,17500.488,17664.844,18238.232
sample,float,dense-4,relationship,16,4,0,4096,410,27465500,0,0
sample,float,dense-4,relationship,16,4,1,4096,410,27441200,0,0
sample,float,dense-4,relationship,16,4,2,4096,410,27878700,0,0
sample,float,dense-4,relationship,16,4,3,4096,410,28606400,0,0
sample,float,dense-4,relationship,16,4,4,4096,410,27916000,0,0
sample,float,dense-4,relationship,16,4,5,4096,410,27433300,0,0
sample,float,dense-4,relationship,16,4,6,4096,410,27446300,0,0
summary,float,dense-4,relationship,6697.583,6705.444,6983.984
sample,float,dense-4,clipping,16,4,0,256,26,22911000,10588160,2
sample,float,dense-4,clipping,16,4,1,256,26,23174900,10588160,2
sample,float,dense-4,clipping,16,4,2,256,26,23486700,10588160,2
sample,float,dense-4,clipping,16,4,3,256,26,23167300,10588160,2
sample,float,dense-4,clipping,16,4,4,256,26,22895300,10588160,2
sample,float,dense-4,clipping,16,4,5,256,26,23043000,10588160,2
sample,float,dense-4,clipping,16,4,6,256,26,22805100,10588160,2
summary,float,dense-4,clipping,89082.422,90011.719,91744.922
sample,float,dense-16,relationship,64,16,0,1024,103,40335400,0,0
sample,float,dense-16,relationship,64,16,1,1024,103,30372500,0,0
sample,float,dense-16,relationship,64,16,2,1024,103,29237300,0,0
sample,float,dense-16,relationship,64,16,3,1024,103,29388700,0,0
sample,float,dense-16,relationship,64,16,4,1024,103,29461200,0,0
sample,float,dense-16,relationship,64,16,5,1024,103,29459800,0,0
sample,float,dense-16,relationship,64,16,6,1024,103,30184000,0,0
summary,float,dense-16,relationship,28552.051,28770.703,39390.039
sample,float,dense-16,clipping,64,16,0,64,7,27535800,9280512,2
sample,float,dense-16,clipping,64,16,1,64,7,27620200,9280512,2
sample,float,dense-16,clipping,64,16,2,64,7,27605500,9280512,2
sample,float,dense-16,clipping,64,16,3,64,7,27623100,9280512,2
sample,float,dense-16,clipping,64,16,4,64,7,26855200,9280512,2
sample,float,dense-16,clipping,64,16,5,64,7,27708600,9280512,2
sample,float,dense-16,clipping,64,16,6,64,7,26766100,9280512,2
summary,float,dense-16,clipping,418220.312,431335.938,432946.875
sample,float,dense-64,relationship,256,64,0,256,26,29709600,0,0
sample,float,dense-64,relationship,256,64,1,256,26,29922900,0,0
sample,float,dense-64,relationship,256,64,2,256,26,30237400,0,0
sample,float,dense-64,relationship,256,64,3,256,26,30419800,0,0
sample,float,dense-64,relationship,256,64,4,256,26,29736300,0,0
sample,float,dense-64,relationship,256,64,5,256,26,29878300,0,0
sample,float,dense-64,relationship,256,64,6,256,26,29783500,0,0
summary,float,dense-64,relationship,116053.125,116712.109,118827.344
sample,float,dense-64,clipping,256,64,0,16,2,32822700,8896512,2
sample,float,dense-64,clipping,256,64,1,16,2,31946500,8896512,2
sample,float,dense-64,clipping,256,64,2,16,2,32215300,8896512,2
sample,float,dense-64,clipping,256,64,3,16,2,31423300,8896512,2
sample,float,dense-64,clipping,256,64,4,16,2,31393700,8896512,2
sample,float,dense-64,clipping,256,64,5,16,2,31356700,8896512,2
sample,float,dense-64,clipping,256,64,6,16,2,42035700,8896512,2
summary,float,dense-64,clipping,1959793.750,1996656.250,2627231.250
sample,float,subnormal,relationship,4,1,0,32768,3277,34934200,0,0
sample,float,subnormal,relationship,4,1,1,32768,3277,34637100,0,0
sample,float,subnormal,relationship,4,1,2,32768,3277,35167600,0,0
sample,float,subnormal,relationship,4,1,3,32768,3277,35347000,0,0
sample,float,subnormal,relationship,4,1,4,32768,3277,34735200,0,0
sample,float,subnormal,relationship,4,1,5,32768,3277,34814100,0,0
sample,float,subnormal,relationship,4,1,6,32768,3277,34769100,0,0
summary,float,subnormal,relationship,1057.040,1062.442,1078.705
sample,float,subnormal,clipping,4,1,0,2048,205,35767000,33914880,8
sample,float,subnormal,clipping,4,1,1,2048,205,36260900,33914880,8
sample,float,subnormal,clipping,4,1,2,2048,205,35914000,33914880,8
sample,float,subnormal,clipping,4,1,3,2048,205,35842200,33914880,8
sample,float,subnormal,clipping,4,1,4,2048,205,35506700,33914880,8
sample,float,subnormal,clipping,4,1,5,2048,205,37077300,33914880,8
sample,float,subnormal,clipping,4,1,6,2048,205,35179000,33914880,8
summary,float,subnormal,clipping,17177.246,17501.074,18104.150
sample,float,large-finite,relationship,4,1,0,32768,3277,35295300,0,0
sample,float,large-finite,relationship,4,1,1,32768,3277,36371000,0,0
sample,float,large-finite,relationship,4,1,2,32768,3277,35145200,0,0
sample,float,large-finite,relationship,4,1,3,32768,3277,35251800,0,0
sample,float,large-finite,relationship,4,1,4,32768,3277,34988900,0,0
sample,float,large-finite,relationship,4,1,5,32768,3277,35059700,0,0
sample,float,large-finite,relationship,4,1,6,32768,3277,34928000,0,0
summary,float,large-finite,relationship,1065.918,1072.546,1109.955
sample,float,large-finite,clipping,4,1,0,1024,103,19153600,16957440,4
sample,float,large-finite,clipping,4,1,1,1024,103,19544300,16957440,4
sample,float,large-finite,clipping,4,1,2,1024,103,19542300,16957440,4
sample,float,large-finite,clipping,4,1,3,1024,103,19274700,16957440,4
sample,float,large-finite,clipping,4,1,4,1024,103,19379200,16957440,4
sample,float,large-finite,clipping,4,1,5,1024,103,19273300,16957440,4
sample,float,large-finite,clipping,4,1,6,1024,103,19152200,16957440,4
summary,float,large-finite,clipping,18703.320,18822.949,19086.230
fixture,double,exterior,4,1,success,0
fixture,double,interior,4,4,success,1
fixture,double,crossing,4,7,success,1
fixture,double,boundary-only,4,10,success,1
fixture,double,boundary-overlap,4,11,success,1
fixture,double,isolated-tangent,4,3,success,0
fixture,double,degenerate-interior,4,4,success,0
fixture,double,degenerate-boundary,4,2,success,0
fixture,double,empty,0,1,success,0
fixture,double,concave-u,8,7,success,2
fixture,double,hole,8,7,success,2
fixture,double,hole-reversed,8,7,success,2
fixture,double,rational-crossing,3,7,success,1
fixture,double,sparse-1,4,7,success,1
fixture,double,sparse-4,16,7,success,1
fixture,double,sparse-16,64,7,success,1
fixture,double,sparse-64,256,7,success,1
fixture,double,dense-1,4,7,success,1
fixture,double,dense-4,16,7,success,4
fixture,double,dense-16,64,7,success,16
fixture,double,dense-64,256,7,success,64
fixture,double,subnormal,4,7,success,1
fixture,double,large-finite,4,7,success,1
preflight,double,23,PASS
sample,double,exterior,relationship,4,0,0,32768,3277,34601600,0,0
sample,double,exterior,relationship,4,0,1,32768,3277,34582900,0,0
sample,double,exterior,relationship,4,0,2,32768,3277,34634400,0,0
sample,double,exterior,relationship,4,0,3,32768,3277,35087700,0,0
sample,double,exterior,relationship,4,0,4,32768,3277,35386500,0,0
sample,double,exterior,relationship,4,0,5,32768,3277,34966900,0,0
sample,double,exterior,relationship,4,0,6,32768,3277,34836100,0,0
summary,double,exterior,relationship,1055.386,1063.113,1079.910
sample,double,exterior,clipping,4,0,0,8192,820,28049000,67895296,16
sample,double,exterior,clipping,4,0,1,8192,820,29132200,67895296,16
sample,double,exterior,clipping,4,0,2,8192,820,27795400,67895296,16
sample,double,exterior,clipping,4,0,3,8192,820,27399400,67895296,16
sample,double,exterior,clipping,4,0,4,8192,820,27630300,67895296,16
sample,double,exterior,clipping,4,0,5,8192,820,27905500,67895296,16
sample,double,exterior,clipping,4,0,6,8192,820,27636100,67895296,16
summary,double,exterior,clipping,3344.653,3392.993,3556.177
sample,double,interior,relationship,4,1,0,32768,3277,34555500,0,0
sample,double,interior,relationship,4,1,1,32768,3277,34717900,0,0
sample,double,interior,relationship,4,1,2,32768,3277,35175900,0,0
sample,double,interior,relationship,4,1,3,32768,3277,34635500,0,0
sample,double,interior,relationship,4,1,4,32768,3277,34971700,0,0
sample,double,interior,relationship,4,1,5,32768,3277,39749900,0,0
sample,double,interior,relationship,4,1,6,32768,3277,38865900,0,0
summary,double,interior,relationship,1054.550,1067.252,1213.071
sample,double,interior,clipping,4,1,0,4096,410,32717900,34144256,8
sample,double,interior,clipping,4,1,1,4096,410,33745700,34144256,8
sample,double,interior,clipping,4,1,2,4096,410,33126500,34144256,8
sample,double,interior,clipping,4,1,3,4096,410,32802900,34144256,8
sample,double,interior,clipping,4,1,4,4096,410,32642000,34144256,8
sample,double,interior,clipping,4,1,5,4096,410,32673200,34144256,8
sample,double,interior,clipping,4,1,6,4096,410,32416000,34144256,8
summary,double,interior,clipping,7914.062,7987.769,8238.696
sample,double,crossing,relationship,4,1,0,32768,3277,34041800,0,0
sample,double,crossing,relationship,4,1,1,32768,3277,33818500,0,0
sample,double,crossing,relationship,4,1,2,32768,3277,33871400,0,0
sample,double,crossing,relationship,4,1,3,32768,3277,33785500,0,0
sample,double,crossing,relationship,4,1,4,32768,3277,35566800,0,0
sample,double,crossing,relationship,4,1,5,32768,3277,34322800,0,0
sample,double,crossing,relationship,4,1,6,32768,3277,33822000,0,0
summary,double,crossing,relationship,1031.052,1033.673,1085.413
sample,double,crossing,clipping,4,1,0,2048,205,37748300,33914880,8
sample,double,crossing,clipping,4,1,1,2048,205,37168500,33914880,8
sample,double,crossing,clipping,4,1,2,2048,205,36675900,33914880,8
sample,double,crossing,clipping,4,1,3,2048,205,36663800,33914880,8
sample,double,crossing,clipping,4,1,4,2048,205,36731000,33914880,8
sample,double,crossing,clipping,4,1,5,2048,205,36764400,33914880,8
sample,double,crossing,clipping,4,1,6,2048,205,38044100,33914880,8
summary,double,crossing,clipping,17902.246,17951.367,18576.221
sample,double,boundary-only,relationship,4,1,0,16384,1639,20851000,0,0
sample,double,boundary-only,relationship,4,1,1,16384,1639,20939500,0,0
sample,double,boundary-only,relationship,4,1,2,16384,1639,20786900,0,0
sample,double,boundary-only,relationship,4,1,3,16384,1639,20700200,0,0
sample,double,boundary-only,relationship,4,1,4,16384,1639,21067200,0,0
sample,double,boundary-only,relationship,4,1,5,16384,1639,22075000,0,0
sample,double,boundary-only,relationship,4,1,6,16384,1639,20498300,0,0
summary,double,boundary-only,relationship,1251.117,1272.644,1347.351
sample,double,boundary-only,clipping,4,1,0,2048,205,23073200,42237952,10
sample,double,boundary-only,clipping,4,1,1,2048,205,23274600,42237952,10
sample,double,boundary-only,clipping,4,1,2,2048,205,23166200,42237952,10
sample,double,boundary-only,clipping,4,1,3,2048,205,23165600,42237952,10
sample,double,boundary-only,clipping,4,1,4,2048,205,23555600,42237952,10
sample,double,boundary-only,clipping,4,1,5,2048,205,23849800,42237952,10
sample,double,boundary-only,clipping,4,1,6,2048,205,23848500,42237952,10
summary,double,boundary-only,clipping,11266.211,11364.551,11645.410
sample,double,boundary-overlap,relationship,4,1,0,16384,1639,42896600,0,0
sample,double,boundary-overlap,relationship,4,1,1,16384,1639,26842500,0,0
sample,double,boundary-overlap,relationship,4,1,2,16384,1639,27276800,0,0
sample,double,boundary-overlap,relationship,4,1,3,16384,1639,27379200,0,0
sample,double,boundary-overlap,relationship,4,1,4,16384,1639,26719900,0,0
sample,double,boundary-overlap,relationship,4,1,5,16384,1639,26652200,0,0
sample,double,boundary-overlap,relationship,4,1,6,16384,1639,27551200,0,0
summary,double,boundary-overlap,relationship,1626.721,1664.844,2618.201
sample,double,boundary-overlap,clipping,4,1,0,2048,205,25017200,42303488,10
sample,double,boundary-overlap,clipping,4,1,1,2048,205,26376800,42303488,10
sample,double,boundary-overlap,clipping,4,1,2,2048,205,25075000,42303488,10
sample,double,boundary-overlap,clipping,4,1,3,2048,205,25139900,42303488,10
sample,double,boundary-overlap,clipping,4,1,4,2048,205,25078200,42303488,10
sample,double,boundary-overlap,clipping,4,1,5,2048,205,25132800,42303488,10
sample,double,boundary-overlap,clipping,4,1,6,2048,205,24977900,42303488,10
summary,double,boundary-overlap,clipping,12196.240,12245.215,12879.297
sample,double,isolated-tangent,relationship,4,0,0,16384,1639,32913700,0,0
sample,double,isolated-tangent,relationship,4,0,1,16384,1639,39163600,0,0
sample,double,isolated-tangent,relationship,4,0,2,16384,1639,35474900,0,0
sample,double,isolated-tangent,relationship,4,0,3,16384,1639,32502900,0,0
sample,double,isolated-tangent,relationship,4,0,4,16384,1639,32281200,0,0
sample,double,isolated-tangent,relationship,4,0,5,16384,1639,33260900,0,0
sample,double,isolated-tangent,relationship,4,0,6,16384,1639,32309000,0,0
summary,double,isolated-tangent,relationship,1970.288,2008.893,2390.356
sample,double,isolated-tangent,clipping,4,0,0,4096,410,25322600,67502080,16
sample,double,isolated-tangent,clipping,4,0,1,4096,410,25017600,67502080,16
sample,double,isolated-tangent,clipping,4,0,2,4096,410,25059000,67502080,16
sample,double,isolated-tangent,clipping,4,0,3,4096,410,25549800,67502080,16
sample,double,isolated-tangent,clipping,4,0,4,4096,410,26287800,67502080,16
sample,double,isolated-tangent,clipping,4,0,5,4096,410,25031200,67502080,16
sample,double,isolated-tangent,clipping,4,0,6,4096,410,25257900,67502080,16
summary,double,isolated-tangent,clipping,6107.812,6166.479,6417.920
sample,double,degenerate-interior,relationship,4,0,0,65536,6554,3141800,0,0
sample,double,degenerate-interior,relationship,4,0,1,65536,6554,3010100,0,0
sample,double,degenerate-interior,relationship,4,0,2,65536,6554,3125100,0,0
sample,double,degenerate-interior,relationship,4,0,3,65536,6554,3051300,0,0
sample,double,degenerate-interior,relationship,4,0,4,65536,6554,3028400,0,0
sample,double,degenerate-interior,relationship,4,0,5,65536,6554,2984000,0,0
sample,double,degenerate-interior,relationship,4,0,6,65536,6554,2976400,0,0
summary,double,degenerate-interior,relationship,45.416,46.210,47.940
sample,double,degenerate-interior,clipping,4,0,0,65536,6554,283700,0,0
sample,double,degenerate-interior,clipping,4,0,1,65536,6554,286200,0,0
sample,double,degenerate-interior,clipping,4,0,2,65536,6554,312100,0,0
sample,double,degenerate-interior,clipping,4,0,3,65536,6554,323800,0,0
sample,double,degenerate-interior,clipping,4,0,4,65536,6554,286200,0,0
sample,double,degenerate-interior,clipping,4,0,5,65536,6554,461100,0,0
sample,double,degenerate-interior,clipping,4,0,6,65536,6554,328400,0,0
summary,double,degenerate-interior,clipping,4.329,4.762,7.036
sample,double,degenerate-boundary,relationship,4,0,0,65536,6554,2993000,0,0
sample,double,degenerate-boundary,relationship,4,0,1,65536,6554,3027600,0,0
sample,double,degenerate-boundary,relationship,4,0,2,65536,6554,3020600,0,0
sample,double,degenerate-boundary,relationship,4,0,3,65536,6554,3190400,0,0
sample,double,degenerate-boundary,relationship,4,0,4,65536,6554,2961700,0,0
sample,double,degenerate-boundary,relationship,4,0,5,65536,6554,2966100,0,0
sample,double,degenerate-boundary,relationship,4,0,6,65536,6554,2980100,0,0
summary,double,degenerate-boundary,relationship,45.192,45.670,48.682
sample,double,degenerate-boundary,clipping,4,0,0,65536,6554,283700,0,0
sample,double,degenerate-boundary,clipping,4,0,1,65536,6554,323200,0,0
sample,double,degenerate-boundary,clipping,4,0,2,65536,6554,296800,0,0
sample,double,degenerate-boundary,clipping,4,0,3,65536,6554,323500,0,0
sample,double,degenerate-boundary,clipping,4,0,4,65536,6554,283700,0,0
sample,double,degenerate-boundary,clipping,4,0,5,65536,6554,283600,0,0
sample,double,degenerate-boundary,clipping,4,0,6,65536,6554,283700,0,0
summary,double,degenerate-boundary,clipping,4.327,4.329,4.936
sample,double,empty,relationship,0,0,0,65536,6554,972700,0,0
sample,double,empty,relationship,0,0,1,65536,6554,1012300,0,0
sample,double,empty,relationship,0,0,2,65536,6554,972600,0,0
sample,double,empty,relationship,0,0,3,65536,6554,1011900,0,0
sample,double,empty,relationship,0,0,4,65536,6554,972600,0,0
sample,double,empty,relationship,0,0,5,65536,6554,972900,0,0
sample,double,empty,relationship,0,0,6,65536,6554,1012000,0,0
summary,double,empty,relationship,14.841,14.845,15.446
sample,double,empty,clipping,0,0,0,65536,6554,283700,0,0
sample,double,empty,clipping,0,0,1,65536,6554,283700,0,0
sample,double,empty,clipping,0,0,2,65536,6554,286500,0,0
sample,double,empty,clipping,0,0,3,65536,6554,323000,0,0
sample,double,empty,clipping,0,0,4,65536,6554,283700,0,0
sample,double,empty,clipping,0,0,5,65536,6554,286200,0,0
sample,double,empty,clipping,0,0,6,65536,6554,283700,0,0
summary,double,empty,clipping,4.329,4.329,4.929
sample,double,concave-u,relationship,8,2,0,8192,820,25624300,0,0
sample,double,concave-u,relationship,8,2,1,8192,820,23846400,0,0
sample,double,concave-u,relationship,8,2,2,8192,820,23916200,0,0
sample,double,concave-u,relationship,8,2,3,8192,820,23849400,0,0
sample,double,concave-u,relationship,8,2,4,8192,820,23846300,0,0
sample,double,concave-u,relationship,8,2,5,8192,820,23978100,0,0
sample,double,concave-u,relationship,8,2,6,8192,820,23797000,0,0
summary,double,concave-u,relationship,2904.907,2911.304,3127.966
sample,double,concave-u,clipping,8,2,0,512,52,21122400,12713984,3
sample,double,concave-u,clipping,8,2,1,512,52,21360100,12713984,3
sample,double,concave-u,clipping,8,2,2,512,52,21357600,12713984,3
sample,double,concave-u,clipping,8,2,3,512,52,21257300,12713984,3
sample,double,concave-u,clipping,8,2,4,512,52,21313200,12713984,3
sample,double,concave-u,clipping,8,2,5,512,52,21246400,12713984,3
sample,double,concave-u,clipping,8,2,6,512,52,21323800,12713984,3
summary,double,concave-u,clipping,41254.688,41627.344,41718.945
sample,double,hole,relationship,8,2,0,8192,820,24527500,0,0
sample,double,hole,relationship,8,2,1,8192,820,24444500,0,0
sample,double,hole,relationship,8,2,2,8192,820,32462700,0,0
sample,double,hole,relationship,8,2,3,8192,820,26096900,0,0
sample,double,hole,relationship,8,2,4,8192,820,24659800,0,0
sample,double,hole,relationship,8,2,5,8192,820,24473500,0,0
sample,double,hole,relationship,8,2,6,8192,820,25149000,0,0
summary,double,hole,relationship,2983.948,3010.229,3962.732
sample,double,hole,clipping,8,2,0,512,52,21237600,12713984,3
sample,double,hole,clipping,8,2,1,512,52,21355100,12713984,3
sample,double,hole,clipping,8,2,2,512,52,21312800,12713984,3
sample,double,hole,clipping,8,2,3,512,52,21304600,12713984,3
sample,double,hole,clipping,8,2,4,512,52,21269800,12713984,3
sample,double,hole,clipping,8,2,5,512,52,21264600,12713984,3
sample,double,hole,clipping,8,2,6,512,52,21657400,12713984,3
summary,double,hole,clipping,41479.688,41610.547,42299.609
sample,double,hole-reversed,relationship,8,2,0,8192,820,24352500,0,0
sample,double,hole-reversed,relationship,8,2,1,8192,820,24484000,0,0
sample,double,hole-reversed,relationship,8,2,2,8192,820,24674200,0,0
sample,double,hole-reversed,relationship,8,2,3,8192,820,24792100,0,0
sample,double,hole-reversed,relationship,8,2,4,8192,820,24236500,0,0
sample,double,hole-reversed,relationship,8,2,5,8192,820,24962600,0,0
sample,double,hole-reversed,relationship,8,2,6,8192,820,25123400,0,0
summary,double,hole-reversed,relationship,2958.557,3011.987,3066.821
sample,double,hole-reversed,clipping,8,2,0,512,52,21347300,12713984,3
sample,double,hole-reversed,clipping,8,2,1,512,52,21324700,12713984,3
sample,double,hole-reversed,clipping,8,2,2,512,52,21269600,12713984,3
sample,double,hole-reversed,clipping,8,2,3,512,52,21269000,12713984,3
sample,double,hole-reversed,clipping,8,2,4,512,52,21156200,12713984,3
sample,double,hole-reversed,clipping,8,2,5,512,52,21891100,12713984,3
sample,double,hole-reversed,clipping,8,2,6,512,52,22294800,12713984,3
summary,double,hole-reversed,clipping,41320.703,41649.805,43544.531
sample,double,rational-crossing,relationship,3,1,0,32768,3277,23832000,0,0
sample,double,rational-crossing,relationship,3,1,1,32768,3277,23628200,0,0
sample,double,rational-crossing,relationship,3,1,2,32768,3277,23667800,0,0
sample,double,rational-crossing,relationship,3,1,3,32768,3277,23599500,0,0
sample,double,rational-crossing,relationship,3,1,4,32768,3277,23869900,0,0
sample,double,rational-crossing,relationship,3,1,5,32768,3277,25666200,0,0
sample,double,rational-crossing,relationship,3,1,6,32768,3277,23502700,0,0
summary,double,rational-crossing,relationship,717.245,722.284,783.270
sample,double,rational-crossing,clipping,3,1,0,2048,205,36698600,33914880,8
sample,double,rational-crossing,clipping,3,1,1,2048,205,36939300,33914880,8
sample,double,rational-crossing,clipping,3,1,2,2048,205,36883600,33914880,8
sample,double,rational-crossing,clipping,3,1,3,2048,205,36459700,33914880,8
sample,double,rational-crossing,clipping,3,1,4,2048,205,36634600,33914880,8
sample,double,rational-crossing,clipping,3,1,5,2048,205,36513200,33914880,8
sample,double,rational-crossing,clipping,3,1,6,2048,205,36573100,33914880,8
summary,double,rational-crossing,clipping,17802.588,17887.988,18036.768
sample,double,sparse-1,relationship,4,1,0,32768,3277,33915700,0,0
sample,double,sparse-1,relationship,4,1,1,32768,3277,33867400,0,0
sample,double,sparse-1,relationship,4,1,2,32768,3277,33851900,0,0
sample,double,sparse-1,relationship,4,1,3,32768,3277,33960400,0,0
sample,double,sparse-1,relationship,4,1,4,32768,3277,35025300,0,0
sample,double,sparse-1,relationship,4,1,5,32768,3277,33904000,0,0
sample,double,sparse-1,relationship,4,1,6,32768,3277,33819200,0,0
summary,double,sparse-1,relationship,1032.080,1034.668,1068.887
sample,double,sparse-1,clipping,4,1,0,2048,205,38272400,33914880,8
sample,double,sparse-1,clipping,4,1,1,2048,205,36764700,33914880,8
sample,double,sparse-1,clipping,4,1,2,2048,205,36684900,33914880,8
sample,double,sparse-1,clipping,4,1,3,2048,205,37019000,33914880,8
sample,double,sparse-1,clipping,4,1,4,2048,205,37009200,33914880,8
sample,double,sparse-1,clipping,4,1,5,2048,205,37489800,33914880,8
sample,double,sparse-1,clipping,4,1,6,2048,205,37794700,33914880,8
summary,double,sparse-1,clipping,17912.549,18075.684,18687.695
sample,double,sparse-4,relationship,16,1,0,4096,410,20557500,0,0
sample,double,sparse-4,relationship,16,1,1,4096,410,20270200,0,0
sample,double,sparse-4,relationship,16,1,2,4096,410,29557000,0,0
sample,double,sparse-4,relationship,16,1,3,4096,410,20244600,0,0
sample,double,sparse-4,relationship,16,1,4,4096,410,20244900,0,0
sample,double,sparse-4,relationship,16,1,5,4096,410,21060400,0,0
sample,double,sparse-4,relationship,16,1,6,4096,410,20690000,0,0
summary,double,sparse-4,relationship,4942.529,5018.921,7216.064
sample,double,sparse-4,clipping,16,1,0,1024,103,24039100,16957440,4
sample,double,sparse-4,clipping,16,1,1,1024,103,24011000,16957440,4
sample,double,sparse-4,clipping,16,1,2,1024,103,24125600,16957440,4
sample,double,sparse-4,clipping,16,1,3,1024,103,23755700,16957440,4
sample,double,sparse-4,clipping,16,1,4,1024,103,26837300,16957440,4
sample,double,sparse-4,clipping,16,1,5,1024,103,25149300,16957440,4
sample,double,sparse-4,clipping,16,1,6,1024,103,23869500,16957440,4
summary,double,sparse-4,clipping,23198.926,23475.684,26208.301
sample,double,sparse-16,relationship,64,1,0,1024,103,20860400,0,0
sample,double,sparse-16,relationship,64,1,1,1024,103,20854100,0,0
sample,double,sparse-16,relationship,64,1,2,1024,103,20865400,0,0
sample,double,sparse-16,relationship,64,1,3,1024,103,20521400,0,0
sample,double,sparse-16,relationship,64,1,4,1024,103,21291700,0,0
sample,double,sparse-16,relationship,64,1,5,1024,103,21352500,0,0
sample,double,sparse-16,relationship,64,1,6,1024,103,20283300,0,0
summary,double,sparse-16,relationship,19807.910,20371.484,20852.051
sample,double,sparse-16,clipping,64,1,0,512,52,22506900,8478720,2
sample,double,sparse-16,clipping,64,1,1,512,52,22417000,8478720,2
sample,double,sparse-16,clipping,64,1,2,512,52,22402800,8478720,2
sample,double,sparse-16,clipping,64,1,3,512,52,22447000,8478720,2
sample,double,sparse-16,clipping,64,1,4,512,52,22884900,8478720,2
sample,double,sparse-16,clipping,64,1,5,512,52,23642100,8478720,2
sample,double,sparse-16,clipping,64,1,6,512,52,22484100,8478720,2
summary,double,sparse-16,clipping,43755.469,43914.258,46175.977
sample,double,sparse-64,relationship,256,1,0,256,26,20334700,0,0
sample,double,sparse-64,relationship,256,1,1,256,26,20344300,0,0
sample,double,sparse-64,relationship,256,1,2,256,26,20332100,0,0
sample,double,sparse-64,relationship,256,1,3,256,26,20324400,0,0
sample,double,sparse-64,relationship,256,1,4,256,26,21171100,0,0
sample,double,sparse-64,relationship,256,1,5,256,26,21274500,0,0
sample,double,sparse-64,relationship,256,1,6,256,26,20646100,0,0
summary,double,sparse-64,relationship,79392.188,79469.922,83103.516
sample,double,sparse-64,clipping,256,1,0,256,26,34713600,4239360,1
sample,double,sparse-64,clipping,256,1,1,256,26,41463500,4239360,1
sample,double,sparse-64,clipping,256,1,2,256,26,33306100,4239360,1
sample,double,sparse-64,clipping,256,1,3,256,26,32670100,4239360,1
sample,double,sparse-64,clipping,256,1,4,256,26,32462000,4239360,1
sample,double,sparse-64,clipping,256,1,5,256,26,32054600,4239360,1
sample,double,sparse-64,clipping,256,1,6,256,26,31962200,4239360,1
summary,double,sparse-64,clipping,124852.344,127617.578,161966.797
sample,double,dense-1,relationship,4,1,0,32768,3277,33823100,0,0
sample,double,dense-1,relationship,4,1,1,32768,3277,33988000,0,0
sample,double,dense-1,relationship,4,1,2,32768,3277,33891800,0,0
sample,double,dense-1,relationship,4,1,3,32768,3277,33967800,0,0
sample,double,dense-1,relationship,4,1,4,32768,3277,33909000,0,0
sample,double,dense-1,relationship,4,1,5,32768,3277,35107400,0,0
sample,double,dense-1,relationship,4,1,6,32768,3277,33824100,0,0
summary,double,dense-1,relationship,1032.199,1034.821,1071.393
sample,double,dense-1,clipping,4,1,0,2048,205,36903700,33914880,8
sample,double,dense-1,clipping,4,1,1,2048,205,37255500,33914880,8
sample,double,dense-1,clipping,4,1,2,2048,205,37529000,33914880,8
sample,double,dense-1,clipping,4,1,3,2048,205,36788600,33914880,8
sample,double,dense-1,clipping,4,1,4,2048,205,36961000,33914880,8
sample,double,dense-1,clipping,4,1,5,2048,205,37004400,33914880,8
sample,double,dense-1,clipping,4,1,6,2048,205,36723000,33914880,8
summary,double,dense-1,clipping,17931.152,18047.363,18324.707
sample,double,dense-4,relationship,16,4,0,4096,410,27353400,0,0
sample,double,dense-4,relationship,16,4,1,4096,410,27888000,0,0
sample,double,dense-4,relationship,16,4,2,4096,410,27882000,0,0
sample,double,dense-4,relationship,16,4,3,4096,410,28140800,0,0
sample,double,dense-4,relationship,16,4,4,4096,410,37367700,0,0
sample,double,dense-4,relationship,16,4,5,4096,410,27990500,0,0
sample,double,dense-4,relationship,16,4,6,4096,410,27698100,0,0
summary,double,dense-4,relationship,6678.076,6808.594,9122.974
sample,double,dense-4,clipping,16,4,0,256,26,23526000,10588160,2
sample,double,dense-4,clipping,16,4,1,256,26,23453000,10588160,2
sample,double,dense-4,clipping,16,4,2,256,26,23596000,10588160,2
sample,double,dense-4,clipping,16,4,3,256,26,23541300,10588160,2
sample,double,dense-4,clipping,16,4,4,256,26,23957500,10588160,2
sample,double,dense-4,clipping,16,4,5,256,26,23375800,10588160,2
sample,double,dense-4,clipping,16,4,6,256,26,23722000,10588160,2
summary,double,dense-4,clipping,91311.719,91958.203,93583.984
sample,double,dense-16,relationship,64,16,0,1024,103,29513600,0,0
sample,double,dense-16,relationship,64,16,1,1024,103,29961900,0,0
sample,double,dense-16,relationship,64,16,2,1024,103,30916500,0,0
sample,double,dense-16,relationship,64,16,3,1024,103,29547700,0,0
sample,double,dense-16,relationship,64,16,4,1024,103,29614200,0,0
sample,double,dense-16,relationship,64,16,5,1024,103,29504400,0,0
sample,double,dense-16,relationship,64,16,6,1024,103,29582900,0,0
summary,double,dense-16,relationship,28812.891,28889.551,30191.895
sample,double,dense-16,clipping,64,16,0,64,7,28496000,9280512,2
sample,double,dense-16,clipping,64,16,1,64,7,28041700,9280512,2
sample,double,dense-16,clipping,64,16,2,64,7,27840200,9280512,2
sample,double,dense-16,clipping,64,16,3,64,7,27734000,9280512,2
sample,double,dense-16,clipping,64,16,4,64,7,27786100,9280512,2
sample,double,dense-16,clipping,64,16,5,64,7,27754200,9280512,2
sample,double,dense-16,clipping,64,16,6,64,7,28011300,9280512,2
summary,double,dense-16,clipping,433343.750,435003.125,445250.000
sample,double,dense-64,relationship,256,64,0,256,26,29923200,0,0
sample,double,dense-64,relationship,256,64,1,256,26,30007800,0,0
sample,double,dense-64,relationship,256,64,2,256,26,30039200,0,0
sample,double,dense-64,relationship,256,64,3,256,26,31275100,0,0
sample,double,dense-64,relationship,256,64,4,256,26,39963500,0,0
sample,double,dense-64,relationship,256,64,5,256,26,30398300,0,0
sample,double,dense-64,relationship,256,64,6,256,26,29849100,0,0
summary,double,dense-64,relationship,116598.047,117340.625,156107.422
sample,double,dense-64,clipping,256,64,0,16,2,32311700,8896512,2
sample,double,dense-64,clipping,256,64,1,16,2,33325800,8896512,2
sample,double,dense-64,clipping,256,64,2,16,2,32190100,8896512,2
sample,double,dense-64,clipping,256,64,3,16,2,32443800,8896512,2
sample,double,dense-64,clipping,256,64,4,16,2,32348100,8896512,2
sample,double,dense-64,clipping,256,64,5,16,2,32371700,8896512,2
sample,double,dense-64,clipping,256,64,6,16,2,32260900,8896512,2
summary,double,dense-64,clipping,2011881.250,2021756.250,2082862.500
sample,double,subnormal,relationship,4,1,0,4096,410,29166900,0,0
sample,double,subnormal,relationship,4,1,1,4096,410,29091000,0,0
sample,double,subnormal,relationship,4,1,2,4096,410,29037600,0,0
sample,double,subnormal,relationship,4,1,3,4096,410,29002500,0,0
sample,double,subnormal,relationship,4,1,4,4096,410,29013700,0,0
sample,double,subnormal,relationship,4,1,5,4096,410,30037400,0,0
sample,double,subnormal,relationship,4,1,6,4096,410,28986200,0,0
summary,double,subnormal,relationship,7076.709,7089.258,7333.350
sample,double,subnormal,clipping,4,1,0,1024,103,27306300,16957440,4
sample,double,subnormal,clipping,4,1,1,1024,103,27227100,16957440,4
sample,double,subnormal,clipping,4,1,2,1024,103,27029100,16957440,4
sample,double,subnormal,clipping,4,1,3,1024,103,28717500,16957440,4
sample,double,subnormal,clipping,4,1,4,1024,103,27035300,16957440,4
sample,double,subnormal,clipping,4,1,5,1024,103,27630700,16957440,4
sample,double,subnormal,clipping,4,1,6,1024,103,27644400,16957440,4
summary,double,subnormal,clipping,26395.605,26666.309,28044.434
sample,double,large-finite,relationship,4,1,0,4096,410,30098700,0,0
sample,double,large-finite,relationship,4,1,1,4096,410,42419300,0,0
sample,double,large-finite,relationship,4,1,2,4096,410,30397400,0,0
sample,double,large-finite,relationship,4,1,3,4096,410,30644900,0,0
sample,double,large-finite,relationship,4,1,4,4096,410,30795700,0,0
sample,double,large-finite,relationship,4,1,5,4096,410,30765700,0,0
sample,double,large-finite,relationship,4,1,6,4096,410,30327100,0,0
summary,double,large-finite,relationship,7348.315,7481.665,10356.274
sample,double,large-finite,clipping,4,1,0,1024,103,33941400,16957440,4
sample,double,large-finite,clipping,4,1,1,1024,103,35907900,16957440,4
sample,double,large-finite,clipping,4,1,2,1024,103,35631400,16957440,4
sample,double,large-finite,clipping,4,1,3,1024,103,35198000,16957440,4
sample,double,large-finite,clipping,4,1,4,1024,103,35696400,16957440,4
sample,double,large-finite,clipping,4,1,5,1024,103,34839800,16957440,4
sample,double,large-finite,clipping,4,1,6,1024,103,34782400,16957440,4
summary,double,large-finite,clipping,33145.898,34373.047,35066.309
sink,18208775436811702204
