fixture_header,scalar,case,edges,expected_fact_bits,expected_status,expected_components
sample_header,scalar,case,operation,edges,expected_components,round,iterations,warmup,elapsed_ns,gc_bytes,gc_collections
summary_header,scalar,case,operation,min_ns_per_op,median_ns_per_op,max_ns_per_op
fixture,int,exterior,4,1,success,0
fixture,int,interior,4,4,success,1
fixture,int,crossing,4,7,success,1
fixture,int,boundary-only,4,10,success,1
fixture,int,boundary-overlap,4,11,success,1
fixture,int,isolated-tangent,4,3,success,0
fixture,int,degenerate-interior,4,4,success,0
fixture,int,degenerate-boundary,4,2,success,0
fixture,int,empty,0,1,success,0
fixture,int,concave-u,8,7,success,2
fixture,int,hole,8,7,success,2
fixture,int,hole-reversed,8,7,success,2
fixture,int,rational-crossing,3,7,success,1
fixture,int,sparse-1,4,7,success,1
fixture,int,sparse-4,16,7,success,1
fixture,int,sparse-16,64,7,success,1
fixture,int,sparse-64,256,7,success,1
fixture,int,dense-1,4,7,success,1
fixture,int,dense-4,16,7,success,4
fixture,int,dense-16,64,7,success,16
fixture,int,dense-64,256,7,success,64
fixture,int,wide-integral,4,7,success,1
preflight,int,22,PASS
sample,int,exterior,relationship,4,0,0,32768,3277,26847100,0,0
sample,int,exterior,relationship,4,0,1,32768,3277,27486400,0,0
sample,int,exterior,relationship,4,0,2,32768,3277,26915400,0,0
sample,int,exterior,relationship,4,0,3,32768,3277,26208300,0,0
sample,int,exterior,relationship,4,0,4,32768,3277,26209100,0,0
sample,int,exterior,relationship,4,0,5,32768,3277,25997200,0,0
sample,int,exterior,relationship,4,0,6,32768,3277,26519300,0,0
summary,int,exterior,relationship,793.372,809.305,838.818
sample,int,exterior,clipping,4,0,0,8192,820,23544500,67895296,16
sample,int,exterior,clipping,4,0,1,8192,820,25630300,67895296,16
sample,int,exterior,clipping,4,0,2,8192,820,35178200,67895296,16
sample,int,exterior,clipping,4,0,3,8192,820,24460600,67895296,16
sample,int,exterior,clipping,4,0,4,8192,820,24483100,67895296,16
sample,int,exterior,clipping,4,0,5,8192,820,24795300,67895296,16
sample,int,exterior,clipping,4,0,6,8192,820,24254800,67895296,16
summary,int,exterior,clipping,2874.084,2988.660,4294.214
sample,int,interior,relationship,4,1,0,32768,3277,25887200,0,0
sample,int,interior,relationship,4,1,1,32768,3277,25434900,0,0
sample,int,interior,relationship,4,1,2,32768,3277,25343400,0,0
sample,int,interior,relationship,4,1,3,32768,3277,25369900,0,0
sample,int,interior,relationship,4,1,4,32768,3277,25360000,0,0
sample,int,interior,relationship,4,1,5,32768,3277,25066800,0,0
sample,int,interior,relationship,4,1,6,32768,3277,25284000,0,0
summary,int,interior,relationship,764.978,773.926,790.015
sample,int,interior,clipping,4,1,0,4096,410,30212000,34144256,8
sample,int,interior,clipping,4,1,1,4096,410,30275800,34144256,8
sample,int,interior,clipping,4,1,2,4096,410,31805200,34144256,8
sample,int,interior,clipping,4,1,3,4096,410,30890700,34144256,8
sample,int,interior,clipping,4,1,4,4096,410,31260300,34144256,8
sample,int,interior,clipping,4,1,5,4096,410,32371700,34144256,8
sample,int,interior,clipping,4,1,6,4096,410,30927600,34144256,8
summary,int,interior,clipping,7375.977,7550.684,7903.247
sample,int,crossing,relationship,4,1,0,32768,3277,26881400,0,0
sample,int,crossing,relationship,4,1,1,32768,3277,26362500,0,0
sample,int,crossing,relationship,4,1,2,32768,3277,26784200,0,0
sample,int,crossing,relationship,4,1,3,32768,3277,26010600,0,0
sample,int,crossing,relationship,4,1,4,32768,3277,26208700,0,0
sample,int,crossing,relationship,4,1,5,32768,3277,25967800,0,0
sample,int,crossing,relationship,4,1,6,32768,3277,25865300,0,0
summary,int,crossing,relationship,789.346,799.826,820.355
sample,int,crossing,clipping,4,1,0,2048,205,35907900,33914880,8
sample,int,crossing,clipping,4,1,1,2048,205,44961000,33914880,8
sample,int,crossing,clipping,4,1,2,2048,205,35253200,33914880,8
sample,int,crossing,clipping,4,1,3,2048,205,35440900,33914880,8
sample,int,crossing,clipping,4,1,4,2048,205,35513100,33914880,8
sample,int,crossing,clipping,4,1,5,2048,205,35097300,33914880,8
sample,int,crossing,clipping,4,1,6,2048,205,35252200,33914880,8
summary,int,crossing,clipping,17137.354,17305.127,21953.613
sample,int,boundary-only,relationship,4,1,0,32768,3277,28963800,0,0
sample,int,boundary-only,relationship,4,1,1,32768,3277,29061800,0,0
sample,int,boundary-only,relationship,4,1,2,32768,3277,29165100,0,0
sample,int,boundary-only,relationship,4,1,3,32768,3277,29343700,0,0
sample,int,boundary-only,relationship,4,1,4,32768,3277,28962900,0,0
sample,int,boundary-only,relationship,4,1,5,32768,3277,29255200,0,0
sample,int,boundary-only,relationship,4,1,6,32768,3277,29544900,0,0
summary,int,boundary-only,relationship,883.878,890.048,901.639
sample,int,boundary-only,clipping,4,1,0,2048,205,22267600,42237952,10
sample,int,boundary-only,clipping,4,1,1,2048,205,22136100,42237952,10
sample,int,boundary-only,clipping,4,1,2,2048,205,23071300,42237952,10
sample,int,boundary-only,clipping,4,1,3,2048,205,22328900,42237952,10
sample,int,boundary-only,clipping,4,1,4,2048,205,22512800,42237952,10
sample,int,boundary-only,clipping,4,1,5,2048,205,22581400,42237952,10
sample,int,boundary-only,clipping,4,1,6,2048,205,22182200,42237952,10
summary,int,boundary-only,clipping,10808.643,10902.783,11265.283
sample,int,boundary-overlap,relationship,4,1,0,32768,3277,35459200,0,0
sample,int,boundary-overlap,relationship,4,1,1,32768,3277,35055200,0,0
sample,int,boundary-overlap,relationship,4,1,2,32768,3277,35135600,0,0
sample,int,boundary-overlap,relationship,4,1,3,32768,3277,35313000,0,0
sample,int,boundary-overlap,relationship,4,1,4,32768,3277,35310300,0,0
sample,int,boundary-overlap,relationship,4,1,5,32768,3277,36196400,0,0
sample,int,boundary-overlap,relationship,4,1,6,32768,3277,37521800,0,0
summary,int,boundary-overlap,relationship,1069.800,1077.667,1145.074
sample,int,boundary-overlap,clipping,4,1,0,2048,205,24246700,42303488,10
sample,int,boundary-overlap,clipping,4,1,1,2048,205,24385200,42303488,10
sample,int,boundary-overlap,clipping,4,1,2,2048,205,24138200,42303488,10
sample,int,boundary-overlap,clipping,4,1,3,2048,205,24213400,42303488,10
sample,int,boundary-overlap,clipping,4,1,4,2048,205,23694800,42303488,10
sample,int,boundary-overlap,clipping,4,1,5,2048,205,24180200,42303488,10
sample,int,boundary-overlap,clipping,4,1,6,2048,205,23678000,42303488,10
summary,int,boundary-overlap,clipping,11561.523,11806.738,11906.836
sample,int,isolated-tangent,relationship,4,0,0,32768,3277,35415200,0,0
sample,int,isolated-tangent,relationship,4,0,1,32768,3277,34678400,0,0
sample,int,isolated-tangent,relationship,4,0,2,32768,3277,34709100,0,0
sample,int,isolated-tangent,relationship,4,0,3,32768,3277,34458200,0,0
sample,int,isolated-tangent,relationship,4,0,4,32768,3277,34675600,0,0
sample,int,isolated-tangent,relationship,4,0,5,32768,3277,34632800,0,0
sample,int,isolated-tangent,relationship,4,0,6,32768,3277,34617200,0,0
summary,int,isolated-tangent,relationship,1051.581,1058.215,1080.786
sample,int,isolated-tangent,clipping,4,0,0,8192,820,39823100,135004160,32
sample,int,isolated-tangent,clipping,4,0,1,8192,820,40157000,135004160,32
sample,int,isolated-tangent,clipping,4,0,2,8192,820,38976700,135004160,32
sample,int,isolated-tangent,clipping,4,0,3,8192,820,38734700,135004160,32
sample,int,isolated-tangent,clipping,4,0,4,8192,820,37523100,135004160,32
sample,int,isolated-tangent,clipping,4,0,5,8192,820,36426300,135004160,32
sample,int,isolated-tangent,clipping,4,0,6,8192,820,35228100,135004160,32
summary,int,isolated-tangent,clipping,4300.305,4728.357,4901.978
sample,int,degenerate-interior,relationship,4,0,0,65536,6554,1777900,0,0
sample,int,degenerate-interior,relationship,4,0,1,65536,6554,1746700,0,0
sample,int,degenerate-interior,relationship,4,0,2,65536,6554,1689700,0,0
sample,int,degenerate-interior,relationship,4,0,3,65536,6554,1726200,0,0
sample,int,degenerate-interior,relationship,4,0,4,65536,6554,1785200,0,0
sample,int,degenerate-interior,relationship,4,0,5,65536,6554,1713500,0,0
sample,int,degenerate-interior,relationship,4,0,6,65536,6554,1723200,0,0
summary,int,degenerate-interior,relationship,25.783,26.340,27.240
sample,int,degenerate-interior,clipping,4,0,0,65536,6554,229100,0,0
sample,int,degenerate-interior,clipping,4,0,1,65536,6554,294600,0,0
sample,int,degenerate-interior,clipping,4,0,2,65536,6554,229100,0,0
sample,int,degenerate-interior,clipping,4,0,3,65536,6554,274000,0,0
sample,int,degenerate-interior,clipping,4,0,4,65536,6554,229200,0,0
sample,int,degenerate-interior,clipping,4,0,5,65536,6554,229200,0,0
sample,int,degenerate-interior,clipping,4,0,6,65536,6554,257700,0,0
summary,int,degenerate-interior,clipping,3.496,3.497,4.495
sample,int,degenerate-boundary,relationship,4,0,0,65536,6554,1766800,0,0
sample,int,degenerate-boundary,relationship,4,0,1,65536,6554,1705400,0,0
sample,int,degenerate-boundary,relationship,4,0,2,65536,6554,1866800,0,0
sample,int,degenerate-boundary,relationship,4,0,3,65536,6554,1889000,0,0
sample,int,degenerate-boundary,relationship,4,0,4,65536,6554,1961900,0,0
sample,int,degenerate-boundary,relationship,4,0,5,65536,6554,1878300,0,0
sample,int,degenerate-boundary,relationship,4,0,6,65536,6554,1849000,0,0
summary,int,degenerate-boundary,relationship,26.022,28.485,29.936
sample,int,degenerate-boundary,clipping,4,0,0,65536,6554,229200,0,0
sample,int,degenerate-boundary,clipping,4,0,1,65536,6554,287800,0,0
sample,int,degenerate-boundary,clipping,4,0,2,65536,6554,229100,0,0
sample,int,degenerate-boundary,clipping,4,0,3,65536,6554,336200,0,0
sample,int,degenerate-boundary,clipping,4,0,4,65536,6554,418500,0,0
sample,int,degenerate-boundary,clipping,4,0,5,65536,6554,294500,0,0
sample,int,degenerate-boundary,clipping,4,0,6,65536,6554,229200,0,0
summary,int,degenerate-boundary,clipping,3.496,4.391,6.386
sample,int,empty,relationship,0,0,0,65536,6554,310000,0,0
sample,int,empty,relationship,0,0,1,65536,6554,307500,0,0
sample,int,empty,relationship,0,0,2,65536,6554,307500,0,0
sample,int,empty,relationship,0,0,3,65536,6554,349700,0,0
sample,int,empty,relationship,0,0,4,65536,6554,307500,0,0
sample,int,empty,relationship,0,0,5,65536,6554,307500,0,0
sample,int,empty,relationship,0,0,6,65536,6554,310300,0,0
summary,int,empty,relationship,4.692,4.692,5.336
sample,int,empty,clipping,0,0,0,65536,6554,231600,0,0
sample,int,empty,clipping,0,0,1,65536,6554,229100,0,0
sample,int,empty,clipping,0,0,2,65536,6554,229100,0,0
sample,int,empty,clipping,0,0,3,65536,6554,245000,0,0
sample,int,empty,clipping,0,0,4,65536,6554,278400,0,0
sample,int,empty,clipping,0,0,5,65536,6554,234600,0,0
sample,int,empty,clipping,0,0,6,65536,6554,234600,0,0
summary,int,empty,clipping,3.496,3.580,4.248
sample,int,concave-u,relationship,8,2,0,8192,820,19527200,0,0
sample,int,concave-u,relationship,8,2,1,8192,820,19781300,0,0
sample,int,concave-u,relationship,8,2,2,8192,820,26858900,0,0
sample,int,concave-u,relationship,8,2,3,8192,820,21371100,0,0
sample,int,concave-u,relationship,8,2,4,8192,820,19381400,0,0
sample,int,concave-u,relationship,8,2,5,8192,820,19541900,0,0
sample,int,concave-u,relationship,8,2,6,8192,820,19687300,0,0
summary,int,concave-u,relationship,2365.894,2403.235,3278.674
sample,int,concave-u,clipping,8,2,0,512,52,19918600,12713984,3
sample,int,concave-u,clipping,8,2,1,512,52,20092200,12713984,3
sample,int,concave-u,clipping,8,2,2,512,52,19991700,12713984,3
sample,int,concave-u,clipping,8,2,3,512,52,20224500,12713984,3
sample,int,concave-u,clipping,8,2,4,512,52,20189800,12713984,3
sample,int,concave-u,clipping,8,2,5,512,52,20156100,12713984,3
sample,int,concave-u,clipping,8,2,6,512,52,20220900,12713984,3
summary,int,concave-u,clipping,38903.516,39367.383,39500.977
sample,int,hole,relationship,8,2,0,8192,820,20142500,0,0
sample,int,hole,relationship,8,2,1,8192,820,20369400,0,0
sample,int,hole,relationship,8,2,2,8192,820,20089500,0,0
sample,int,hole,relationship,8,2,3,8192,820,20098900,0,0
sample,int,hole,relationship,8,2,4,8192,820,20230200,0,0
sample,int,hole,relationship,8,2,5,8192,820,20259600,0,0
sample,int,hole,relationship,8,2,6,8192,820,20172200,0,0
summary,int,hole,relationship,2452.332,2462.427,2486.499
sample,int,hole,clipping,8,2,0,1024,103,40014000,25427968,6
sample,int,hole,clipping,8,2,1,1024,103,42172200,25427968,6
sample,int,hole,clipping,8,2,2,1024,103,42496200,25427968,6
sample,int,hole,clipping,8,2,3,1024,103,42894400,25427968,6
sample,int,hole,clipping,8,2,4,1024,103,42340000,25427968,6
sample,int,hole,clipping,8,2,5,1024,103,41548500,25427968,6
sample,int,hole,clipping,8,2,6,1024,103,42121500,25427968,6
summary,int,hole,clipping,39076.172,41183.789,41889.062
sample,int,hole-reversed,relationship,8,2,0,8192,820,20865400,0,0
sample,int,hole-reversed,relationship,8,2,1,8192,820,20836300,0,0
sample,int,hole-reversed,relationship,8,2,2,8192,820,21040900,0,0
sample,int,hole-reversed,relationship,8,2,3,8192,820,21736400,0,0
sample,int,hole-reversed,relationship,8,2,4,8192,820,20193700,0,0
sample,int,hole-reversed,relationship,8,2,5,8192,820,20250300,0,0
sample,int,hole-reversed,relationship,8,2,6,8192,820,31904200,0,0
summary,int,hole-reversed,relationship,2465.051,2547.046,3894.556
sample,int,hole-reversed,clipping,8,2,0,512,52,21141500,12713984,3
sample,int,hole-reversed,clipping,8,2,1,512,52,21413700,12713984,3
sample,int,hole-reversed,clipping,8,2,2,512,52,21152700,12713984,3
sample,int,hole-reversed,clipping,8,2,3,512,52,20986300,12713984,3
sample,int,hole-reversed,clipping,8,2,4,512,52,21041300,12713984,3
sample,int,hole-reversed,clipping,8,2,5,512,52,21204500,12713984,3
sample,int,hole-reversed,clipping,8,2,6,512,52,20686400,12713984,3
summary,int,hole-reversed,clipping,40403.125,41291.992,41823.633
sample,int,rational-crossing,relationship,3,1,0,65536,6554,36093900,0,0
sample,int,rational-crossing,relationship,3,1,1,65536,6554,35920300,0,0
sample,int,rational-crossing,relationship,3,1,2,65536,6554,35722900,0,0
sample,int,rational-crossing,relationship,3,1,3,65536,6554,35794600,0,0
sample,int,rational-crossing,relationship,3,1,4,65536,6554,35678600,0,0
sample,int,rational-crossing,relationship,3,1,5,65536,6554,35775200,0,0
sample,int,rational-crossing,relationship,3,1,6,65536,6554,36553200,0,0
summary,int,rational-crossing,relationship,544.412,546.182,557.758
sample,int,rational-crossing,clipping,3,1,0,2048,205,36011100,33914880,8
sample,int,rational-crossing,clipping,3,1,1,2048,205,36016000,33914880,8
sample,int,rational-crossing,clipping,3,1,2,2048,205,36287300,33914880,8
sample,int,rational-crossing,clipping,3,1,3,2048,205,35807900,33914880,8
sample,int,rational-crossing,clipping,3,1,4,2048,205,35742900,33914880,8
sample,int,rational-crossing,clipping,3,1,5,2048,205,35743400,33914880,8
sample,int,rational-crossing,clipping,3,1,6,2048,205,35688600,33914880,8
summary,int,rational-crossing,clipping,17426.074,17484.326,17718.408
sample,int,sparse-1,relationship,4,1,0,32768,3277,26219300,0,0
sample,int,sparse-1,relationship,4,1,1,32768,3277,26069400,0,0
sample,int,sparse-1,relationship,4,1,2,32768,3277,25561700,0,0
sample,int,sparse-1,relationship,4,1,3,32768,3277,35701600,0,0
sample,int,sparse-1,relationship,4,1,4,32768,3277,25945800,0,0
sample,int,sparse-1,relationship,4,1,5,32768,3277,26690900,0,0
sample,int,sparse-1,relationship,4,1,6,32768,3277,25925900,0,0
summary,int,sparse-1,relationship,780.081,795.575,1089.526
sample,int,sparse-1,clipping,4,1,0,2048,205,36133200,33914880,8
sample,int,sparse-1,clipping,4,1,1,2048,205,38157000,33914880,8
sample,int,sparse-1,clipping,4,1,2,2048,205,36358800,33914880,8
sample,int,sparse-1,clipping,4,1,3,2048,205,37522400,33914880,8
sample,int,sparse-1,clipping,4,1,4,2048,205,38167300,33914880,8
sample,int,sparse-1,clipping,4,1,5,2048,205,36618500,33914880,8
sample,int,sparse-1,clipping,4,1,6,2048,205,38075800,33914880,8
summary,int,sparse-1,clipping,17643.164,18321.484,18636.377
sample,int,sparse-4,relationship,16,1,0,8192,820,32812500,0,0
sample,int,sparse-4,relationship,16,1,1,8192,820,32446300,0,0
sample,int,sparse-4,relationship,16,1,2,8192,820,31529800,0,0
sample,int,sparse-4,relationship,16,1,3,8192,820,32075300,0,0
sample,int,sparse-4,relationship,16,1,4,8192,820,32119000,0,0
sample,int,sparse-4,relationship,16,1,5,8192,820,32001000,0,0
sample,int,sparse-4,relationship,16,1,6,8192,820,32226000,0,0
summary,int,sparse-4,relationship,3848.853,3920.776,4005.432
sample,int,sparse-4,clipping,16,1,0,1024,103,21526300,16957440,4
sample,int,sparse-4,clipping,16,1,1,1024,103,22147400,16957440,4
sample,int,sparse-4,clipping,16,1,2,1024,103,21633500,16957440,4
sample,int,sparse-4,clipping,16,1,3,1024,103,23907000,16957440,4
sample,int,sparse-4,clipping,16,1,4,1024,103,23588600,16957440,4
sample,int,sparse-4,clipping,16,1,5,1024,103,22233900,16957440,4
sample,int,sparse-4,clipping,16,1,6,1024,103,23338600,16957440,4
summary,int,sparse-4,clipping,21021.777,21712.793,23346.680
sample,int,sparse-16,relationship,64,1,0,2048,205,43075500,0,0
sample,int,sparse-16,relationship,64,1,1,2048,205,33392400,0,0
sample,int,sparse-16,relationship,64,1,2,2048,205,33029500,0,0
sample,int,sparse-16,relationship,64,1,3,2048,205,33541400,0,0
sample,int,sparse-16,relationship,64,1,4,2048,205,33714700,0,0
sample,int,sparse-16,relationship,64,1,5,2048,205,33813100,0,0
sample,int,sparse-16,relationship,64,1,6,2048,205,33709900,0,0
summary,int,sparse-16,relationship,16127.686,16459.912,21032.959
sample,int,sparse-16,clipping,64,1,0,1024,103,38601400,16957440,4
sample,int,sparse-16,clipping,64,1,1,1024,103,38801900,16957440,4
sample,int,sparse-16,clipping,64,1,2,1024,103,38651000,16957440,4
sample,int,sparse-16,clipping,64,1,3,1024,103,38843400,16957440,4
sample,int,sparse-16,clipping,64,1,4,1024,103,40233200,16957440,4
sample,int,sparse-16,clipping,64,1,5,1024,103,41044100,16957440,4
sample,int,sparse-16,clipping,64,1,6,1024,103,43318000,16957440,4
summary,int,sparse-16,clipping,37696.680,37933.008,42302.734
sample,int,sparse-64,relationship,256,1,0,512,52,34856400,0,0
sample,int,sparse-64,relationship,256,1,1,512,52,36948600,0,0
sample,int,sparse-64,relationship,256,1,2,512,52,35904800,0,0
sample,int,sparse-64,relationship,256,1,3,512,52,35870100,0,0
sample,int,sparse-64,relationship,256,1,4,512,52,37205300,0,0
sample,int,sparse-64,relationship,256,1,5,512,52,36974800,0,0
sample,int,sparse-64,relationship,256,1,6,512,52,37104200,0,0
summary,int,sparse-64,relationship,68078.906,72165.234,72666.602
sample,int,sparse-64,clipping,256,1,0,256,26,30670700,4239360,1
sample,int,sparse-64,clipping,256,1,1,256,26,38582800,4239360,1
sample,int,sparse-64,clipping,256,1,2,256,26,29785000,4239360,1
sample,int,sparse-64,clipping,256,1,3,256,26,28715900,4239360,1
sample,int,sparse-64,clipping,256,1,4,256,26,29919000,4239360,1
sample,int,sparse-64,clipping,256,1,5,256,26,29439800,4239360,1
sample,int,sparse-64,clipping,256,1,6,256,26,30135500,4239360,1
summary,int,sparse-64,clipping,112171.484,116871.094,150714.062
sample,int,dense-1,relationship,4,1,0,32768,3277,28708300,0,0
sample,int,dense-1,relationship,4,1,1,32768,3277,28073900,0,0
sample,int,dense-1,relationship,4,1,2,32768,3277,27840700,0,0
sample,int,dense-1,relationship,4,1,3,32768,3277,28348900,0,0
sample,int,dense-1,relationship,4,1,4,32768,3277,28682800,0,0
sample,int,dense-1,relationship,4,1,5,32768,3277,26875800,0,0
sample,int,dense-1,relationship,4,1,6,32768,3277,28254300,0,0
summary,int,dense-1,relationship,820.184,862.253,876.108
sample,int,dense-1,clipping,4,1,0,2048,205,37528600,33914880,8
sample,int,dense-1,clipping,4,1,1,2048,205,37203900,33914880,8
sample,int,dense-1,clipping,4,1,2,2048,205,38070400,33914880,8
sample,int,dense-1,clipping,4,1,3,2048,205,37331600,33914880,8
sample,int,dense-1,clipping,4,1,4,2048,205,37019600,33914880,8
sample,int,dense-1,clipping,4,1,5,2048,205,36771100,33914880,8
sample,int,dense-1,clipping,4,1,6,2048,205,37894900,33914880,8
summary,int,dense-1,clipping,17954.639,18228.320,18589.062
sample,int,dense-4,relationship,16,4,0,4096,410,23859000,0,0
sample,int,dense-4,relationship,16,4,1,4096,410,25417500,0,0
sample,int,dense-4,relationship,16,4,2,4096,410,23917200,0,0
sample,int,dense-4,relationship,16,4,3,4096,410,25323500,0,0
sample,int,dense-4,relationship,16,4,4,4096,410,24040200,0,0
sample,int,dense-4,relationship,16,4,5,4096,410,23611600,0,0
sample,int,dense-4,relationship,16,4,6,4096,410,26057600,0,0
summary,int,dense-4,relationship,5764.551,5869.189,6361.719
sample,int,dense-4,clipping,16,4,0,256,26,23720400,10588160,2
sample,int,dense-4,clipping,16,4,1,256,26,23816400,10588160,2
sample,int,dense-4,clipping,16,4,2,256,26,23457300,10588160,2
sample,int,dense-4,clipping,16,4,3,256,26,23232700,10588160,2
sample,int,dense-4,clipping,16,4,4,256,26,23221400,10588160,2
sample,int,dense-4,clipping,16,4,5,256,26,24045400,10588160,2
sample,int,dense-4,clipping,16,4,6,256,26,23136700,10588160,2
summary,int,dense-4,clipping,90377.734,91630.078,93927.344
sample,int,dense-16,relationship,64,16,0,1024,103,25720500,0,0
sample,int,dense-16,relationship,64,16,1,1024,103,26168600,0,0
sample,int,dense-16,relationship,64,16,2,1024,103,25906600,0,0
sample,int,dense-16,relationship,64,16,3,1024,103,26146500,0,0
sample,int,dense-16,relationship,64,16,4,1024,103,25913300,0,0
sample,int,dense-16,relationship,64,16,5,1024,103,26079800,0,0
sample,int,dense-16,relationship,64,16,6,1024,103,26137700,0,0
summary,int,dense-16,relationship,25117.676,25468.555,25555.273
sample,int,dense-16,clipping,64,16,0,64,7,28517100,9280512,2
sample,int,dense-16,clipping,64,16,1,64,7,28080100,9280512,2
sample,int,dense-16,clipping,64,16,2,64,7,28705900,9280512,2
sample,int,dense-16,clipping,64,16,3,64,7,27300700,9280512,2
sample,int,dense-16,clipping,64,16,4,64,7,26619800,9280512,2
sample,int,dense-16,clipping,64,16,5,64,7,26638500,9280512,2
sample,int,dense-16,clipping,64,16,6,64,7,26597600,9280512,2
summary,int,dense-16,clipping,415587.500,426573.438,448529.688
sample,int,dense-64,relationship,256,64,0,256,26,26143800,0,0
sample,int,dense-64,relationship,256,64,1,256,26,26094700,0,0
sample,int,dense-64,relationship,256,64,2,256,26,26328500,0,0
sample,int,dense-64,relationship,256,64,3,256,26,26147300,0,0
sample,int,dense-64,relationship,256,64,4,256,26,25998700,0,0
sample,int,dense-64,relationship,256,64,5,256,26,25957600,0,0
sample,int,dense-64,relationship,256,64,6,256,26,25850800,0,0
summary,int,dense-64,relationship,100979.688,101932.422,102845.703
sample,int,dense-64,clipping,256,64,0,16,2,40170400,8896512,2
sample,int,dense-64,clipping,256,64,1,16,2,30730500,8896512,2
sample,int,dense-64,clipping,256,64,2,16,2,30714400,8896512,2
sample,int,dense-64,clipping,256,64,3,16,2,31191300,8896512,2
sample,int,dense-64,clipping,256,64,4,16,2,31261500,8896512,2
sample,int,dense-64,clipping,256,64,5,16,2,31105300,8896512,2
sample,int,dense-64,clipping,256,64,6,16,2,31320800,8896512,2
summary,int,dense-64,clipping,1919650.000,1949456.250,2510650.000
sample,int,wide-integral,relationship,4,1,0,32768,3277,25923200,0,0
sample,int,wide-integral,relationship,4,1,1,32768,3277,25796600,0,0
sample,int,wide-integral,relationship,4,1,2,32768,3277,25649300,0,0
sample,int,wide-integral,relationship,4,1,3,32768,3277,25803900,0,0
sample,int,wide-integral,relationship,4,1,4,32768,3277,25960700,0,0
sample,int,wide-integral,relationship,4,1,5,32768,3277,25665600,0,0
sample,int,wide-integral,relationship,4,1,6,32768,3277,26540100,0,0
summary,int,wide-integral,relationship,782.755,787.473,809.940
sample,int,wide-integral,clipping,4,1,0,1024,103,19484300,16957440,4
sample,int,wide-integral,clipping,4,1,1,1024,103,19564100,16957440,4
sample,int,wide-integral,clipping,4,1,2,1024,103,19734100,16957440,4
sample,int,wide-integral,clipping,4,1,3,1024,103,20011300,16957440,4
sample,int,wide-integral,clipping,4,1,4,1024,103,19412400,16957440,4
sample,int,wide-integral,clipping,4,1,5,1024,103,19660700,16957440,4
sample,int,wide-integral,clipping,4,1,6,1024,103,19556700,16957440,4
summary,int,wide-integral,clipping,18957.422,19105.566,19542.285
fixture,long,exterior,4,1,success,0
fixture,long,interior,4,4,success,1
fixture,long,crossing,4,7,success,1
fixture,long,boundary-only,4,10,success,1
fixture,long,boundary-overlap,4,11,success,1
fixture,long,isolated-tangent,4,3,success,0
fixture,long,degenerate-interior,4,4,success,0
fixture,long,degenerate-boundary,4,2,success,0
fixture,long,empty,0,1,success,0
fixture,long,concave-u,8,7,success,2
fixture,long,hole,8,7,success,2
fixture,long,hole-reversed,8,7,success,2
fixture,long,rational-crossing,3,7,success,1
fixture,long,sparse-1,4,7,success,1
fixture,long,sparse-4,16,7,success,1
fixture,long,sparse-16,64,7,success,1
fixture,long,sparse-64,256,7,success,1
fixture,long,dense-1,4,7,success,1
fixture,long,dense-4,16,7,success,4
fixture,long,dense-16,64,7,success,16
fixture,long,dense-64,256,7,success,64
fixture,long,wide-integral,4,7,success,1
fixture,long,endpoint-collapse,4,6,unrepresentableConstruction,0
fixture,long,gap-collapse,8,7,unrepresentableConstruction,0
preflight,long,24,PASS
sample,long,exterior,relationship,4,0,0,32768,3277,30623000,0,0
sample,long,exterior,relationship,4,0,1,32768,3277,30926800,0,0
sample,long,exterior,relationship,4,0,2,32768,3277,31031900,0,0
sample,long,exterior,relationship,4,0,3,32768,3277,31084800,0,0
sample,long,exterior,relationship,4,0,4,32768,3277,31205200,0,0
sample,long,exterior,relationship,4,0,5,32768,3277,30972000,0,0
sample,long,exterior,relationship,4,0,6,32768,3277,30875900,0,0
summary,long,exterior,relationship,934.540,945.190,952.307
sample,long,exterior,clipping,4,0,0,8192,820,29694100,67895296,16
sample,long,exterior,clipping,4,0,1,8192,820,36827500,67895296,16
sample,long,exterior,clipping,4,0,2,8192,820,28202800,67895296,16
sample,long,exterior,clipping,4,0,3,8192,820,28104000,67895296,16
sample,long,exterior,clipping,4,0,4,8192,820,27835000,67895296,16
sample,long,exterior,clipping,4,0,5,8192,820,28056300,67895296,16
sample,long,exterior,clipping,4,0,6,8192,820,28216900,67895296,16
summary,long,exterior,clipping,3397.827,3442.725,4495.544
sample,long,interior,relationship,4,1,0,32768,3277,29973600,0,0
sample,long,interior,relationship,4,1,1,32768,3277,30757900,0,0
sample,long,interior,relationship,4,1,2,32768,3277,30441900,0,0
sample,long,interior,relationship,4,1,3,32768,3277,30331100,0,0
sample,long,interior,relationship,4,1,4,32768,3277,30298200,0,0
sample,long,interior,relationship,4,1,5,32768,3277,30180700,0,0
sample,long,interior,relationship,4,1,6,32768,3277,30358400,0,0
summary,long,interior,relationship,914.722,925.632,938.657
sample,long,interior,clipping,4,1,0,4096,410,34368300,34144256,8
sample,long,interior,clipping,4,1,1,4096,410,34234800,34144256,8
sample,long,interior,clipping,4,1,2,4096,410,33846300,34144256,8
sample,long,interior,clipping,4,1,3,4096,410,33723900,34144256,8
sample,long,interior,clipping,4,1,4,4096,410,33806700,34144256,8
sample,long,interior,clipping,4,1,5,4096,410,34032900,34144256,8
sample,long,interior,clipping,4,1,6,4096,410,33763400,34144256,8
summary,long,interior,clipping,8233.374,8263.257,8390.698
sample,long,crossing,relationship,4,1,0,32768,3277,30279600,0,0
sample,long,crossing,relationship,4,1,1,32768,3277,30241300,0,0
sample,long,crossing,relationship,4,1,2,32768,3277,30598800,0,0
sample,long,crossing,relationship,4,1,3,32768,3277,30681900,0,0
sample,long,crossing,relationship,4,1,4,32768,3277,30604200,0,0
sample,long,crossing,relationship,4,1,5,32768,3277,30235500,0,0
sample,long,crossing,relationship,4,1,6,32768,3277,39337200,0,0
summary,long,crossing,relationship,922.714,933.801,1200.476
sample,long,crossing,clipping,4,1,0,2048,205,37308700,33914880,8
sample,long,crossing,clipping,4,1,1,2048,205,37331100,33914880,8
sample,long,crossing,clipping,4,1,2,2048,205,37197000,33914880,8
sample,long,crossing,clipping,4,1,3,2048,205,37473700,33914880,8
sample,long,crossing,clipping,4,1,4,2048,205,37212300,33914880,8
sample,long,crossing,clipping,4,1,5,2048,205,37264600,33914880,8
sample,long,crossing,clipping,4,1,6,2048,205,37194800,33914880,8
summary,long,crossing,clipping,18161.523,18195.605,18297.705
sample,long,boundary-only,relationship,4,1,0,32768,3277,37666400,0,0
sample,long,boundary-only,relationship,4,1,1,32768,3277,39014300,0,0
sample,long,boundary-only,relationship,4,1,2,32768,3277,37446500,0,0
sample,long,boundary-only,relationship,4,1,3,32768,3277,37277000,0,0
sample,long,boundary-only,relationship,4,1,4,32768,3277,37998200,0,0
sample,long,boundary-only,relationship,4,1,5,32768,3277,36980800,0,0
sample,long,boundary-only,relationship,4,1,6,32768,3277,36306100,0,0
summary,long,boundary-only,relationship,1107.974,1142.776,1190.622
sample,long,boundary-only,clipping,4,1,0,2048,205,22387100,42237952,10
sample,long,boundary-only,clipping,4,1,1,2048,205,22540700,42237952,10
sample,long,boundary-only,clipping,4,1,2,2048,205,23005200,42237952,10
sample,long,boundary-only,clipping,4,1,3,2048,205,24038800,42237952,10
sample,long,boundary-only,clipping,4,1,4,2048,205,23017200,42237952,10
sample,long,boundary-only,clipping,4,1,5,2048,205,22954100,42237952,10
sample,long,boundary-only,clipping,4,1,6,2048,205,22664200,42237952,10
summary,long,boundary-only,clipping,10931.201,11208.057,11737.695
sample,long,boundary-overlap,relationship,4,1,0,16384,1639,22622900,0,0
sample,long,boundary-overlap,relationship,4,1,1,16384,1639,25797400,0,0
sample,long,boundary-overlap,relationship,4,1,2,16384,1639,28253300,0,0
sample,long,boundary-overlap,relationship,4,1,3,16384,1639,22444600,0,0
sample,long,boundary-overlap,relationship,4,1,4,16384,1639,22634000,0,0
sample,long,boundary-overlap,relationship,4,1,5,16384,1639,22581700,0,0
sample,long,boundary-overlap,relationship,4,1,6,16384,1639,22537600,0,0
summary,long,boundary-overlap,relationship,1369.910,1380.792,1724.445
sample,long,boundary-overlap,clipping,4,1,0,2048,205,24393400,42303488,10
sample,long,boundary-overlap,clipping,4,1,1,2048,205,24034700,42303488,10
sample,long,boundary-overlap,clipping,4,1,2,2048,205,24602000,42303488,10
sample,long,boundary-overlap,clipping,4,1,3,2048,205,24066000,42303488,10
sample,long,boundary-overlap,clipping,4,1,4,2048,205,24191000,42303488,10
sample,long,boundary-overlap,clipping,4,1,5,2048,205,27894100,42303488,10
sample,long,boundary-overlap,clipping,4,1,6,2048,205,26990700,42303488,10
summary,long,boundary-overlap,clipping,11735.693,11910.840,13620.166
sample,long,isolated-tangent,relationship,4,0,0,16384,1639,22455400,0,0
sample,long,isolated-tangent,relationship,4,0,1,16384,1639,23361600,0,0
sample,long,isolated-tangent,relationship,4,0,2,16384,1639,24352700,0,0
sample,long,isolated-tangent,relationship,4,0,3,16384,1639,23120400,0,0
sample,long,isolated-tangent,relationship,4,0,4,16384,1639,22744500,0,0
sample,long,isolated-tangent,relationship,4,0,5,16384,1639,22825600,0,0
sample,long,isolated-tangent,relationship,4,0,6,16384,1639,23270500,0,0
summary,long,isolated-tangent,relationship,1370.569,1411.157,1486.371
sample,long,isolated-tangent,clipping,4,0,0,4096,410,22291600,67502080,16
sample,long,isolated-tangent,clipping,4,0,1,4096,410,22006900,67502080,16
sample,long,isolated-tangent,clipping,4,0,2,4096,410,22519300,67502080,16
sample,long,isolated-tangent,clipping,4,0,3,4096,410,23498300,67502080,16
sample,long,isolated-tangent,clipping,4,0,4,4096,410,22666200,67502080,16
sample,long,isolated-tangent,clipping,4,0,5,4096,410,22724300,67502080,16
sample,long,isolated-tangent,clipping,4,0,6,4096,410,21792100,67502080,16
summary,long,isolated-tangent,clipping,5320.337,5497.876,5736.890
sample,long,degenerate-interior,relationship,4,0,0,65536,6554,2201000,0,0
sample,long,degenerate-interior,relationship,4,0,1,65536,6554,2773400,0,0
sample,long,degenerate-interior,relationship,4,0,2,65536,6554,2200300,0,0
sample,long,degenerate-interior,relationship,4,0,3,65536,6554,2171600,0,0
sample,long,degenerate-interior,relationship,4,0,4,65536,6554,2181400,0,0
sample,long,degenerate-interior,relationship,4,0,5,65536,6554,2151400,0,0
sample,long,degenerate-interior,relationship,4,0,6,65536,6554,2216700,0,0
summary,long,degenerate-interior,relationship,32.828,33.574,42.319
sample,long,degenerate-interior,clipping,4,0,0,65536,6554,292200,0,0
sample,long,degenerate-interior,clipping,4,0,1,65536,6554,292400,0,0
sample,long,degenerate-interior,clipping,4,0,2,65536,6554,295600,0,0
sample,long,degenerate-interior,clipping,4,0,3,65536,6554,363500,0,0
sample,long,degenerate-interior,clipping,4,0,4,65536,6554,377400,0,0
sample,long,degenerate-interior,clipping,4,0,5,65536,6554,691400,0,0
sample,long,degenerate-interior,clipping,4,0,6,65536,6554,296400,0,0
summary,long,degenerate-interior,clipping,4.459,4.523,10.550
sample,long,degenerate-boundary,relationship,4,0,0,65536,6554,2119800,0,0
sample,long,degenerate-boundary,relationship,4,0,1,65536,6554,2078600,0,0
sample,long,degenerate-boundary,relationship,4,0,2,65536,6554,2076400,0,0
sample,long,degenerate-boundary,relationship,4,0,3,65536,6554,2080500,0,0
sample,long,degenerate-boundary,relationship,4,0,4,65536,6554,2135500,0,0
sample,long,degenerate-boundary,relationship,4,0,5,65536,6554,2235700,0,0
sample,long,degenerate-boundary,relationship,4,0,6,65536,6554,2143100,0,0
summary,long,degenerate-boundary,relationship,31.683,32.346,34.114
sample,long,degenerate-boundary,clipping,4,0,0,65536,6554,292900,0,0
sample,long,degenerate-boundary,clipping,4,0,1,65536,6554,292100,0,0
sample,long,degenerate-boundary,clipping,4,0,2,65536,6554,295200,0,0
sample,long,degenerate-boundary,clipping,4,0,3,65536,6554,337700,0,0
sample,long,degenerate-boundary,clipping,4,0,4,65536,6554,291600,0,0
sample,long,degenerate-boundary,clipping,4,0,5,65536,6554,294300,0,0
sample,long,degenerate-boundary,clipping,4,0,6,65536,6554,292000,0,0
summary,long,degenerate-boundary,clipping,4.449,4.469,5.153
sample,long,empty,relationship,0,0,0,65536,6554,852000,0,0
sample,long,empty,relationship,0,0,1,65536,6554,896900,0,0
sample,long,empty,relationship,0,0,2,65536,6554,852000,0,0
sample,long,empty,relationship,0,0,3,65536,6554,893900,0,0
sample,long,empty,relationship,0,0,4,65536,6554,849100,0,0
sample,long,empty,relationship,0,0,5,65536,6554,925300,0,0
sample,long,empty,relationship,0,0,6,65536,6554,864200,0,0
summary,long,empty,relationship,12.956,13.187,14.119
sample,long,empty,clipping,0,0,0,65536,6554,308500,0,0
sample,long,empty,clipping,0,0,1,65536,6554,292200,0,0
sample,long,empty,clipping,0,0,2,65536,6554,601300,0,0
sample,long,empty,clipping,0,0,3,65536,6554,306900,0,0
sample,long,empty,clipping,0,0,4,65536,6554,291900,0,0
sample,long,empty,clipping,0,0,5,65536,6554,331400,0,0
sample,long,empty,clipping,0,0,6,65536,6554,340600,0,0
summary,long,empty,clipping,4.454,4.707,9.175
sample,long,concave-u,relationship,8,2,0,8192,820,22649400,0,0
sample,long,concave-u,relationship,8,2,1,8192,820,22326200,0,0
sample,long,concave-u,relationship,8,2,2,8192,820,23138000,0,0
sample,long,concave-u,relationship,8,2,3,8192,820,22823600,0,0
sample,long,concave-u,relationship,8,2,4,8192,820,22458900,0,0
sample,long,concave-u,relationship,8,2,5,8192,820,22698200,0,0
sample,long,concave-u,relationship,8,2,6,8192,820,31985600,0,0
summary,long,concave-u,relationship,2725.366,2770.776,3904.492
sample,long,concave-u,clipping,8,2,0,512,52,21974700,12713984,3
sample,long,concave-u,clipping,8,2,1,512,52,21565800,12713984,3
sample,long,concave-u,clipping,8,2,2,512,52,21650100,12713984,3
sample,long,concave-u,clipping,8,2,3,512,52,21871600,12713984,3
sample,long,concave-u,clipping,8,2,4,512,52,21658600,12713984,3
sample,long,concave-u,clipping,8,2,5,512,52,21687300,12713984,3
sample,long,concave-u,clipping,8,2,6,512,52,21653600,12713984,3
summary,long,concave-u,clipping,42120.703,42301.953,42919.336
sample,long,hole,relationship,8,2,0,8192,820,23262500,0,0
sample,long,hole,relationship,8,2,1,8192,820,22900000,0,0
sample,long,hole,relationship,8,2,2,8192,820,22994800,0,0
sample,long,hole,relationship,8,2,3,8192,820,23106500,0,0
sample,long,hole,relationship,8,2,4,8192,820,23117400,0,0
sample,long,hole,relationship,8,2,5,8192,820,23104800,0,0
sample,long,hole,relationship,8,2,6,8192,820,22752800,0,0
summary,long,hole,relationship,2777.441,2820.410,2839.661
sample,long,hole,clipping,8,2,0,512,52,21814100,12713984,3
sample,long,hole,clipping,8,2,1,512,52,21857300,12713984,3
sample,long,hole,clipping,8,2,2,512,52,21819400,12713984,3
sample,long,hole,clipping,8,2,3,512,52,21664800,12713984,3
sample,long,hole,clipping,8,2,4,512,52,21564400,12713984,3
sample,long,hole,clipping,8,2,5,512,52,21743100,12713984,3
sample,long,hole,clipping,8,2,6,512,52,21419500,12713984,3
summary,long,hole,clipping,41834.961,42466.992,42690.039
sample,long,hole-reversed,relationship,8,2,0,8192,820,22619900,0,0
sample,long,hole-reversed,relationship,8,2,1,8192,820,22824300,0,0
sample,long,hole-reversed,relationship,8,2,2,8192,820,22409400,0,0
sample,long,hole-reversed,relationship,8,2,3,8192,820,22671900,0,0
sample,long,hole-reversed,relationship,8,2,4,8192,820,22997600,0,0
sample,long,hole-reversed,relationship,8,2,5,8192,820,22315400,0,0
sample,long,hole-reversed,relationship,8,2,6,8192,820,22471900,0,0
summary,long,hole-reversed,relationship,2724.048,2761.218,2807.324
sample,long,hole-reversed,clipping,8,2,0,512,52,21590200,12713984,3
sample,long,hole-reversed,clipping,8,2,1,512,52,21321400,12713984,3
sample,long,hole-reversed,clipping,8,2,2,512,52,21338500,12713984,3
sample,long,hole-reversed,clipping,8,2,3,512,52,22667100,12713984,3
sample,long,hole-reversed,clipping,8,2,4,512,52,21575600,12713984,3
sample,long,hole-reversed,clipping,8,2,5,512,52,23394300,12713984,3
sample,long,hole-reversed,clipping,8,2,6,512,52,30118700,12713984,3
summary,long,hole-reversed,clipping,41643.359,42168.359,58825.586
sample,long,rational-crossing,relationship,3,1,0,32768,3277,20894000,0,0
sample,long,rational-crossing,relationship,3,1,1,32768,3277,21014600,0,0
sample,long,rational-crossing,relationship,3,1,2,32768,3277,20951100,0,0
sample,long,rational-crossing,relationship,3,1,3,32768,3277,20994000,0,0
sample,long,rational-crossing,relationship,3,1,4,32768,3277,20865800,0,0
sample,long,rational-crossing,relationship,3,1,5,32768,3277,21243600,0,0
sample,long,rational-crossing,relationship,3,1,6,32768,3277,21044100,0,0
summary,long,rational-crossing,relationship,636.774,640.686,648.303
sample,long,rational-crossing,clipping,3,1,0,2048,205,37224500,33914880,8
sample,long,rational-crossing,clipping,3,1,1,2048,205,36896000,33914880,8
sample,long,rational-crossing,clipping,3,1,2,2048,205,37472700,33914880,8
sample,long,rational-crossing,clipping,3,1,3,2048,205,37208400,33914880,8
sample,long,rational-crossing,clipping,3,1,4,2048,205,36911800,33914880,8
sample,long,rational-crossing,clipping,3,1,5,2048,205,36244000,33914880,8
sample,long,rational-crossing,clipping,3,1,6,2048,205,35709800,33914880,8
summary,long,rational-crossing,clipping,17436.426,18023.340,18297.217
sample,long,sparse-1,relationship,4,1,0,32768,3277,29507000,0,0
sample,long,sparse-1,relationship,4,1,1,32768,3277,28663000,0,0
sample,long,sparse-1,relationship,4,1,2,32768,3277,28535600,0,0
sample,long,sparse-1,relationship,4,1,3,32768,3277,29036300,0,0
sample,long,sparse-1,relationship,4,1,4,32768,3277,28800900,0,0
sample,long,sparse-1,relationship,4,1,5,32768,3277,29009600,0,0
sample,long,sparse-1,relationship,4,1,6,32768,3277,28785600,0,0
summary,long,sparse-1,relationship,870.837,878.934,900.482
sample,long,sparse-1,clipping,4,1,0,2048,205,36454100,33914880,8
sample,long,sparse-1,clipping,4,1,1,2048,205,39196100,33914880,8
sample,long,sparse-1,clipping,4,1,2,2048,205,36507400,33914880,8
sample,long,sparse-1,clipping,4,1,3,2048,205,47502300,33914880,8
sample,long,sparse-1,clipping,4,1,4,2048,205,36086200,33914880,8
sample,long,sparse-1,clipping,4,1,5,2048,205,36417300,33914880,8
sample,long,sparse-1,clipping,4,1,6,2048,205,36218400,33914880,8
summary,long,sparse-1,clipping,17620.215,17799.854,23194.482
sample,long,sparse-4,relationship,16,1,0,8192,820,36416300,0,0
sample,long,sparse-4,relationship,16,1,1,8192,820,36338500,0,0
sample,long,sparse-4,relationship,16,1,2,8192,820,37660000,0,0
sample,long,sparse-4,relationship,16,1,3,8192,820,36463400,0,0
sample,long,sparse-4,relationship,16,1,4,8192,820,40856900,0,0
sample,long,sparse-4,relationship,16,1,5,8192,820,38398200,0,0
sample,long,sparse-4,relationship,16,1,6,8192,820,38038100,0,0
summary,long,sparse-4,relationship,4435.852,4597.168,4987.415
sample,long,sparse-4,clipping,16,1,0,1024,103,23759400,16957440,4
sample,long,sparse-4,clipping,16,1,1,1024,103,24151100,16957440,4
sample,long,sparse-4,clipping,16,1,2,1024,103,24223800,16957440,4
sample,long,sparse-4,clipping,16,1,3,1024,103,24182700,16957440,4
sample,long,sparse-4,clipping,16,1,4,1024,103,23828700,16957440,4
sample,long,sparse-4,clipping,16,1,5,1024,103,23962900,16957440,4
sample,long,sparse-4,clipping,16,1,6,1024,103,24274300,16957440,4
summary,long,sparse-4,clipping,23202.539,23585.059,23705.371
sample,long,sparse-16,relationship,64,1,0,2048,205,39444300,0,0
sample,long,sparse-16,relationship,64,1,1,2048,205,39918100,0,0
sample,long,sparse-16,relationship,64,1,2,2048,205,39497700,0,0
sample,long,sparse-16,relationship,64,1,3,2048,205,39737300,0,0
sample,long,sparse-16,relationship,64,1,4,2048,205,39954200,0,0
sample,long,sparse-16,relationship,64,1,5,2048,205,48617700,0,0
sample,long,sparse-16,relationship,64,1,6,2048,205,39338400,0,0
summary,long,sparse-16,relationship,19208.203,19402.979,23739.111
sample,long,sparse-16,clipping,64,1,0,512,52,22029300,8478720,2
sample,long,sparse-16,clipping,64,1,1,512,52,22323200,8478720,2
sample,long,sparse-16,clipping,64,1,2,512,52,22199500,8478720,2
sample,long,sparse-16,clipping,64,1,3,512,52,22332600,8478720,2
sample,long,sparse-16,clipping,64,1,4,512,52,22403200,8478720,2
sample,long,sparse-16,clipping,64,1,5,512,52,22452500,8478720,2
sample,long,sparse-16,clipping,64,1,6,512,52,22143000,8478720,2
summary,long,sparse-16,clipping,43025.977,43600.000,43852.539
sample,long,sparse-64,relationship,256,1,0,256,26,20130900,0,0
sample,long,sparse-64,relationship,256,1,1,256,26,20335100,0,0
sample,long,sparse-64,relationship,256,1,2,256,26,20725200,0,0
sample,long,sparse-64,relationship,256,1,3,256,26,20285200,0,0
sample,long,sparse-64,relationship,256,1,4,256,26,20173300,0,0
sample,long,sparse-64,relationship,256,1,5,256,26,20138100,0,0
sample,long,sparse-64,relationship,256,1,6,256,26,20215000,0,0
summary,long,sparse-64,relationship,78636.328,78964.844,80957.812
sample,long,sparse-64,clipping,256,1,0,256,26,31653400,4239360,1
sample,long,sparse-64,clipping,256,1,1,256,26,31413900,4239360,1
sample,long,sparse-64,clipping,256,1,2,256,26,31516400,4239360,1
sample,long,sparse-64,clipping,256,1,3,256,26,31696100,4239360,1
sample,long,sparse-64,clipping,256,1,4,256,26,31274600,4239360,1
sample,long,sparse-64,clipping,256,1,5,256,26,31410200,4239360,1
sample,long,sparse-64,clipping,256,1,6,256,26,31496100,4239360,1
summary,long,sparse-64,clipping,122166.406,123031.641,123812.891
sample,long,dense-1,relationship,4,1,0,32768,3277,30559200,0,0
sample,long,dense-1,relationship,4,1,1,32768,3277,30681800,0,0
sample,long,dense-1,relationship,4,1,2,32768,3277,30799100,0,0
sample,long,dense-1,relationship,4,1,3,32768,3277,30487700,0,0
sample,long,dense-1,relationship,4,1,4,32768,3277,30650800,0,0
sample,long,dense-1,relationship,4,1,5,32768,3277,30717000,0,0
sample,long,dense-1,relationship,4,1,6,32768,3277,39982600,0,0
summary,long,dense-1,relationship,930.411,936.334,1220.172
sample,long,dense-1,clipping,4,1,0,2048,205,38564000,33914880,8
sample,long,dense-1,clipping,4,1,1,2048,205,37358300,33914880,8
sample,long,dense-1,clipping,4,1,2,2048,205,36789100,33914880,8
sample,long,dense-1,clipping,4,1,3,2048,205,36916300,33914880,8
sample,long,dense-1,clipping,4,1,4,2048,205,37249500,33914880,8
sample,long,dense-1,clipping,4,1,5,2048,205,37226400,33914880,8
sample,long,dense-1,clipping,4,1,6,2048,205,37255600,33914880,8
summary,long,dense-1,clipping,17963.428,18188.232,18830.078
sample,long,dense-4,relationship,16,4,0,4096,410,26011200,0,0
sample,long,dense-4,relationship,16,4,1,4096,410,25438600,0,0
sample,long,dense-4,relationship,16,4,2,4096,410,25290900,0,0
sample,long,dense-4,relationship,16,4,3,4096,410,25153200,0,0
sample,long,dense-4,relationship,16,4,4,4096,410,25145300,0,0
sample,long,dense-4,relationship,16,4,5,4096,410,24845600,0,0
sample,long,dense-4,relationship,16,4,6,4096,410,24703600,0,0
summary,long,dense-4,relationship,6031.152,6140.918,6350.391
sample,long,dense-4,clipping,16,4,0,256,26,22317300,10588160,2
sample,long,dense-4,clipping,16,4,1,256,26,22502100,10588160,2
sample,long,dense-4,clipping,16,4,2,256,26,22549600,10588160,2
sample,long,dense-4,clipping,16,4,3,256,26,22551900,10588160,2
sample,long,dense-4,clipping,16,4,4,256,26,22775200,10588160,2
sample,long,dense-4,clipping,16,4,5,256,26,22571500,10588160,2
sample,long,dense-4,clipping,16,4,6,256,26,22693500,10588160,2
summary,long,dense-4,clipping,87176.953,88093.359,88965.625
sample,long,dense-16,relationship,64,16,0,1024,103,27533200,0,0
sample,long,dense-16,relationship,64,16,1,1024,103,27354400,0,0
sample,long,dense-16,relationship,64,16,2,1024,103,27410500,0,0
sample,long,dense-16,relationship,64,16,3,1024,103,27468900,0,0
sample,long,dense-16,relationship,64,16,4,1024,103,27518900,0,0
sample,long,dense-16,relationship,64,16,5,1024,103,36795600,0,0
sample,long,dense-16,relationship,64,16,6,1024,103,27073200,0,0
summary,long,dense-16,relationship,26438.672,26825.098,35933.203
sample,long,dense-16,clipping,64,16,0,64,7,27636400,9280512,2
sample,long,dense-16,clipping,64,16,1,64,7,26715100,9280512,2
sample,long,dense-16,clipping,64,16,2,64,7,26813200,9280512,2
sample,long,dense-16,clipping,64,16,3,64,7,26676800,9280512,2
sample,long,dense-16,clipping,64,16,4,64,7,26804400,9280512,2
sample,long,dense-16,clipping,64,16,5,64,7,27259300,9280512,2
sample,long,dense-16,clipping,64,16,6,64,7,28209500,9280512,2
summary,long,dense-16,clipping,416825.000,418956.250,440773.438
sample,long,dense-64,relationship,256,64,0,256,26,29597800,0,0
sample,long,dense-64,relationship,256,64,1,256,26,30205000,0,0
sample,long,dense-64,relationship,256,64,2,256,26,30102200,0,0
sample,long,dense-64,relationship,256,64,3,256,26,29437400,0,0
sample,long,dense-64,relationship,256,64,4,256,26,29513500,0,0
sample,long,dense-64,relationship,256,64,5,256,26,29293900,0,0
sample,long,dense-64,relationship,256,64,6,256,26,29368600,0,0
summary,long,dense-64,relationship,114429.297,115287.109,117988.281
sample,long,dense-64,clipping,256,64,0,16,2,33309800,8896512,3
sample,long,dense-64,clipping,256,64,1,16,2,32711100,8896512,3
sample,long,dense-64,clipping,256,64,2,16,2,32979000,8896512,3
sample,long,dense-64,clipping,256,64,3,16,2,32924100,8896512,3
sample,long,dense-64,clipping,256,64,4,16,2,33261700,8896512,3
sample,long,dense-64,clipping,256,64,5,16,2,33807500,8896512,3
sample,long,dense-64,clipping,256,64,6,16,2,33429700,8896512,3
summary,long,dense-64,clipping,2044443.750,2078856.250,2112968.750
sample,long,wide-integral,relationship,4,1,0,32768,3277,32088900,0,0
sample,long,wide-integral,relationship,4,1,1,32768,3277,31726000,0,0
sample,long,wide-integral,relationship,4,1,2,32768,3277,43046000,0,0
sample,long,wide-integral,relationship,4,1,3,32768,3277,32518200,0,0
sample,long,wide-integral,relationship,4,1,4,32768,3277,32871400,0,0
sample,long,wide-integral,relationship,4,1,5,32768,3277,31876300,0,0
sample,long,wide-integral,relationship,4,1,6,32768,3277,32555300,0,0
summary,long,wide-integral,relationship,968.201,992.377,1313.660
sample,long,wide-integral,clipping,4,1,0,1024,103,23028500,16957440,4
sample,long,wide-integral,clipping,4,1,1,1024,103,22199700,16957440,4
sample,long,wide-integral,clipping,4,1,2,1024,103,22032500,16957440,4
sample,long,wide-integral,clipping,4,1,3,1024,103,22929700,16957440,4
sample,long,wide-integral,clipping,4,1,4,1024,103,22182800,16957440,4
sample,long,wide-integral,clipping,4,1,5,1024,103,22259200,16957440,4
sample,long,wide-integral,clipping,4,1,6,1024,103,22384400,16957440,4
summary,long,wide-integral,clipping,21516.113,21737.500,22488.770
sample,long,endpoint-collapse,relationship,4,0,0,16384,1639,22569900,0,0
sample,long,endpoint-collapse,relationship,4,0,1,16384,1639,22519500,0,0
sample,long,endpoint-collapse,relationship,4,0,2,16384,1639,23384600,0,0
sample,long,endpoint-collapse,relationship,4,0,3,16384,1639,22623200,0,0
sample,long,endpoint-collapse,relationship,4,0,4,16384,1639,22468700,0,0
sample,long,endpoint-collapse,relationship,4,0,5,16384,1639,23018400,0,0
sample,long,endpoint-collapse,relationship,4,0,6,16384,1639,22475500,0,0
summary,long,endpoint-collapse,relationship,1371.381,1377.557,1427.283
sample,long,endpoint-collapse,clipping,4,0,0,2048,205,32647900,33849344,8
sample,long,endpoint-collapse,clipping,4,0,1,2048,205,32277800,33849344,8
sample,long,endpoint-collapse,clipping,4,0,2,2048,205,32113100,33849344,8
sample,long,endpoint-collapse,clipping,4,0,3,2048,205,32193200,33849344,8
sample,long,endpoint-collapse,clipping,4,0,4,2048,205,32639100,33849344,8
sample,long,endpoint-collapse,clipping,4,0,5,2048,205,33111700,33849344,8
sample,long,endpoint-collapse,clipping,4,0,6,2048,205,32320000,33849344,8
summary,long,endpoint-collapse,clipping,15680.225,15781.250,16167.822
sample,long,gap-collapse,relationship,8,0,0,8192,820,28134800,0,0
sample,long,gap-collapse,relationship,8,0,1,8192,820,27118000,0,0
sample,long,gap-collapse,relationship,8,0,2,8192,820,27503000,0,0
sample,long,gap-collapse,relationship,8,0,3,8192,820,36247300,0,0
sample,long,gap-collapse,relationship,8,0,4,8192,820,27260600,0,0
sample,long,gap-collapse,relationship,8,0,5,8192,820,27264200,0,0
sample,long,gap-collapse,relationship,8,0,6,8192,820,26390200,0,0
summary,long,gap-collapse,relationship,3221.460,3328.149,4424.719
sample,long,gap-collapse,clipping,8,0,0,512,52,20481000,12697600,3
sample,long,gap-collapse,clipping,8,0,1,512,52,20545200,12697600,3
sample,long,gap-collapse,clipping,8,0,2,512,52,21093000,12697600,3
sample,long,gap-collapse,clipping,8,0,3,512,52,20468500,12697600,3
sample,long,gap-collapse,clipping,8,0,4,512,52,20637100,12697600,3
sample,long,gap-collapse,clipping,8,0,5,512,52,20341100,12697600,3
sample,long,gap-collapse,clipping,8,0,6,512,52,21091300,12697600,3
summary,long,gap-collapse,clipping,39728.711,40127.344,41197.266
fixture,float,exterior,4,1,success,0
fixture,float,interior,4,4,success,1
fixture,float,crossing,4,7,success,1
fixture,float,boundary-only,4,10,success,1
fixture,float,boundary-overlap,4,11,success,1
fixture,float,isolated-tangent,4,3,success,0
fixture,float,degenerate-interior,4,4,success,0
fixture,float,degenerate-boundary,4,2,success,0
fixture,float,empty,0,1,success,0
fixture,float,concave-u,8,7,success,2
fixture,float,hole,8,7,success,2
fixture,float,hole-reversed,8,7,success,2
fixture,float,rational-crossing,3,7,success,1
fixture,float,sparse-1,4,7,success,1
fixture,float,sparse-4,16,7,success,1
fixture,float,sparse-16,64,7,success,1
fixture,float,sparse-64,256,7,success,1
fixture,float,dense-1,4,7,success,1
fixture,float,dense-4,16,7,success,4
fixture,float,dense-16,64,7,success,16
fixture,float,dense-64,256,7,success,64
fixture,float,subnormal,4,7,success,1
fixture,float,large-finite,4,7,success,1
preflight,float,23,PASS
sample,float,exterior,relationship,4,0,0,32768,3277,36781000,0,0
sample,float,exterior,relationship,4,0,1,32768,3277,35893500,0,0
sample,float,exterior,relationship,4,0,2,32768,3277,35810700,0,0
sample,float,exterior,relationship,4,0,3,32768,3277,35646800,0,0
sample,float,exterior,relationship,4,0,4,32768,3277,35861500,0,0
sample,float,exterior,relationship,4,0,5,32768,3277,36399000,0,0
sample,float,exterior,relationship,4,0,6,32768,3277,36242700,0,0
summary,float,exterior,relationship,1087.854,1095.383,1122.467
sample,float,exterior,clipping,4,0,0,8192,820,29461700,67895296,16
sample,float,exterior,clipping,4,0,1,8192,820,29086600,67895296,16
sample,float,exterior,clipping,4,0,2,8192,820,28947900,67895296,16
sample,float,exterior,clipping,4,0,3,8192,820,28730400,67895296,16
sample,float,exterior,clipping,4,0,4,8192,820,28931700,67895296,16
sample,float,exterior,clipping,4,0,5,8192,820,28823300,67895296,16
sample,float,exterior,clipping,4,0,6,8192,820,28893600,67895296,16
summary,float,exterior,clipping,3507.129,3531.702,3596.399
sample,float,interior,relationship,4,1,0,32768,3277,36183000,0,0
sample,float,interior,relationship,4,1,1,32768,3277,44704800,0,0
sample,float,interior,relationship,4,1,2,32768,3277,35478100,0,0
sample,float,interior,relationship,4,1,3,32768,3277,35752600,0,0
sample,float,interior,relationship,4,1,4,32768,3277,36221300,0,0
sample,float,interior,relationship,4,1,5,32768,3277,36095800,0,0
sample,float,interior,relationship,4,1,6,32768,3277,35931900,0,0
summary,float,interior,relationship,1082.706,1101.556,1364.282
sample,float,interior,clipping,4,1,0,4096,410,36129200,34144256,8
sample,float,interior,clipping,4,1,1,4096,410,36329200,34144256,8
sample,float,interior,clipping,4,1,2,4096,410,35322300,34144256,8
sample,float,interior,clipping,4,1,3,4096,410,35592100,34144256,8
sample,float,interior,clipping,4,1,4,4096,410,35591800,34144256,8
sample,float,interior,clipping,4,1,5,4096,410,35232300,34144256,8
sample,float,interior,clipping,4,1,6,4096,410,35703100,34144256,8
summary,float,interior,clipping,8601.636,8689.478,8869.434
sample,float,crossing,relationship,4,1,0,32768,3277,37262600,0,0
sample,float,crossing,relationship,4,1,1,32768,3277,38210000,0,0
sample,float,crossing,relationship,4,1,2,32768,3277,38165400,0,0
sample,float,crossing,relationship,4,1,3,32768,3277,37680000,0,0
sample,float,crossing,relationship,4,1,4,32768,3277,37636900,0,0
sample,float,crossing,relationship,4,1,5,32768,3277,38313600,0,0
sample,float,crossing,relationship,4,1,6,32768,3277,37360600,0,0
summary,float,crossing,relationship,1137.164,1149.902,1169.238
sample,float,crossing,clipping,4,1,0,2048,205,39480600,33914880,8
sample,float,crossing,clipping,4,1,1,2048,205,49511100,33914880,8
sample,float,crossing,clipping,4,1,2,2048,205,40056500,33914880,8
sample,float,crossing,clipping,4,1,3,2048,205,39355200,33914880,8
sample,float,crossing,clipping,4,1,4,2048,205,40637500,33914880,8
sample,float,crossing,clipping,4,1,5,2048,205,38987800,33914880,8
sample,float,crossing,clipping,4,1,6,2048,205,39321900,33914880,8
summary,float,crossing,clipping,19037.012,19277.637,24175.342
sample,float,boundary-only,relationship,4,1,0,16384,1639,22494300,0,0
sample,float,boundary-only,relationship,4,1,1,16384,1639,22895200,0,0
sample,float,boundary-only,relationship,4,1,2,16384,1639,22148800,0,0
sample,float,boundary-only,relationship,4,1,3,16384,1639,22264500,0,0
sample,float,boundary-only,relationship,4,1,4,16384,1639,22017900,0,0
sample,float,boundary-only,relationship,4,1,5,16384,1639,22297000,0,0
sample,float,boundary-only,relationship,4,1,6,16384,1639,22369900,0,0
summary,float,boundary-only,relationship,1343.866,1360.901,1397.412
sample,float,boundary-only,clipping,4,1,0,2048,205,24562300,42237952,10
sample,float,boundary-only,clipping,4,1,1,2048,205,25426300,42237952,10
sample,float,boundary-only,clipping,4,1,2,2048,205,24722100,42237952,10
sample,float,boundary-only,clipping,4,1,3,2048,205,25144800,42237952,10
sample,float,boundary-only,clipping,4,1,4,2048,205,24826000,42237952,10
sample,float,boundary-only,clipping,4,1,5,2048,205,25289000,42237952,10
sample,float,boundary-only,clipping,4,1,6,2048,205,24684500,42237952,10
summary,float,boundary-only,clipping,11993.311,12122.070,12415.186
sample,float,boundary-overlap,relationship,4,1,0,16384,1639,30046800,0,0
sample,float,boundary-overlap,relationship,4,1,1,16384,1639,29319400,0,0
sample,float,boundary-overlap,relationship,4,1,2,16384,1639,29725000,0,0
sample,float,boundary-overlap,relationship,4,1,3,16384,1639,29937100,0,0
sample,float,boundary-overlap,relationship,4,1,4,16384,1639,29533900,0,0
sample,float,boundary-overlap,relationship,4,1,5,16384,1639,29050300,0,0
sample,float,boundary-overlap,relationship,4,1,6,16384,1639,28870400,0,0
summary,float,boundary-overlap,relationship,1762.109,1802.606,1833.911
sample,float,boundary-overlap,clipping,4,1,0,2048,205,26111200,42303488,10
sample,float,boundary-overlap,clipping,4,1,1,2048,205,36440400,42303488,10
sample,float,boundary-overlap,clipping,4,1,2,2048,205,26675500,42303488,10
sample,float,boundary-overlap,clipping,4,1,3,2048,205,26600500,42303488,10
sample,float,boundary-overlap,clipping,4,1,4,2048,205,26190800,42303488,10
sample,float,boundary-overlap,clipping,4,1,5,2048,205,26588200,42303488,10
sample,float,boundary-overlap,clipping,4,1,6,2048,205,26141600,42303488,10
summary,float,boundary-overlap,clipping,12749.609,12982.520,17793.164
sample,float,isolated-tangent,relationship,4,0,0,16384,1639,35074600,0,0
sample,float,isolated-tangent,relationship,4,0,1,16384,1639,35842100,0,0
sample,float,isolated-tangent,relationship,4,0,2,16384,1639,35645200,0,0
sample,float,isolated-tangent,relationship,4,0,3,16384,1639,35133500,0,0
sample,float,isolated-tangent,relationship,4,0,4,16384,1639,34738900,0,0
sample,float,isolated-tangent,relationship,4,0,5,16384,1639,34515600,0,0
sample,float,isolated-tangent,relationship,4,0,6,16384,1639,34441300,0,0
summary,float,isolated-tangent,relationship,2102.130,2140.784,2187.628
sample,float,isolated-tangent,clipping,4,0,0,4096,410,27586500,67502080,16
sample,float,isolated-tangent,clipping,4,0,1,4096,410,26546900,67502080,16
sample,float,isolated-tangent,clipping,4,0,2,4096,410,26577200,67502080,16
sample,float,isolated-tangent,clipping,4,0,3,4096,410,28525300,67502080,16
sample,float,isolated-tangent,clipping,4,0,4,4096,410,27462000,67502080,16
sample,float,isolated-tangent,clipping,4,0,5,4096,410,26887200,67502080,16
sample,float,isolated-tangent,clipping,4,0,6,4096,410,26457800,67502080,16
summary,float,isolated-tangent,clipping,6459.424,6564.258,6964.185
sample,float,degenerate-interior,relationship,4,0,0,65536,6554,3243600,0,0
sample,float,degenerate-interior,relationship,4,0,1,65536,6554,3183200,0,0
sample,float,degenerate-interior,relationship,4,0,2,65536,6554,3271200,0,0
sample,float,degenerate-interior,relationship,4,0,3,65536,6554,3206900,0,0
sample,float,degenerate-interior,relationship,4,0,4,65536,6554,3189700,0,0
sample,float,degenerate-interior,relationship,4,0,5,65536,6554,3133200,0,0
sample,float,degenerate-interior,relationship,4,0,6,65536,6554,3107100,0,0
summary,float,degenerate-interior,relationship,47.411,48.671,49.915
sample,float,degenerate-interior,clipping,4,0,0,65536,6554,305800,0,0
sample,float,degenerate-interior,clipping,4,0,1,65536,6554,308300,0,0
sample,float,degenerate-interior,clipping,4,0,2,65536,6554,305800,0,0
sample,float,degenerate-interior,clipping,4,0,3,65536,6554,347200,0,0
sample,float,degenerate-interior,clipping,4,0,4,65536,6554,308100,0,0
sample,float,degenerate-interior,clipping,4,0,5,65536,6554,305800,0,0
sample,float,degenerate-interior,clipping,4,0,6,65536,6554,357800,0,0
summary,float,degenerate-interior,clipping,4.666,4.701,5.460
sample,float,degenerate-boundary,relationship,4,0,0,65536,6554,3345000,0,0
sample,float,degenerate-boundary,relationship,4,0,1,65536,6554,3246900,0,0
sample,float,degenerate-boundary,relationship,4,0,2,65536,6554,3451400,0,0
sample,float,degenerate-boundary,relationship,4,0,3,65536,6554,3413300,0,0
sample,float,degenerate-boundary,relationship,4,0,4,65536,6554,3196100,0,0
sample,float,degenerate-boundary,relationship,4,0,5,65536,6554,3186100,0,0
sample,float,degenerate-boundary,relationship,4,0,6,65536,6554,3185200,0,0
summary,float,degenerate-boundary,relationship,48.602,49.544,52.664
sample,float,degenerate-boundary,clipping,4,0,0,65536,6554,305500,0,0
sample,float,degenerate-boundary,clipping,4,0,1,65536,6554,308400,0,0
sample,float,degenerate-boundary,clipping,4,0,2,65536,6554,622400,0,0
sample,float,degenerate-boundary,clipping,4,0,3,65536,6554,565400,0,0
sample,float,degenerate-boundary,clipping,4,0,4,65536,6554,612500,0,0
sample,float,degenerate-boundary,clipping,4,0,5,65536,6554,513600,0,0
sample,float,degenerate-boundary,clipping,4,0,6,65536,6554,725500,0,0
summary,float,degenerate-boundary,clipping,4.662,8.627,11.070
sample,float,empty,relationship,0,0,0,65536,6554,1279200,0,0
sample,float,empty,relationship,0,0,1,65536,6554,1360300,0,0
sample,float,empty,relationship,0,0,2,65536,6554,1290700,0,0
sample,float,empty,relationship,0,0,3,65536,6554,1358300,0,0
sample,float,empty,relationship,0,0,4,65536,6554,1311000,0,0
sample,float,empty,relationship,0,0,5,65536,6554,1267800,0,0
sample,float,empty,relationship,0,0,6,65536,6554,1255300,0,0
summary,float,empty,relationship,19.154,19.695,20.757
sample,float,empty,clipping,0,0,0,65536,6554,609100,0,0
sample,float,empty,clipping,0,0,1,65536,6554,691600,0,0
sample,float,empty,clipping,0,0,2,65536,6554,626500,0,0
sample,float,empty,clipping,0,0,3,65536,6554,706900,0,0
sample,float,empty,clipping,0,0,4,65536,6554,606000,0,0
sample,float,empty,clipping,0,0,5,65536,6554,670000,0,0
sample,float,empty,clipping,0,0,6,65536,6554,617200,0,0
summary,float,empty,clipping,9.247,9.560,10.786
sample,float,concave-u,relationship,8,2,0,4096,410,24597000,0,0
sample,float,concave-u,relationship,8,2,1,4096,410,21946200,0,0
sample,float,concave-u,relationship,8,2,2,4096,410,17692200,0,0
sample,float,concave-u,relationship,8,2,3,4096,410,12881700,0,0
sample,float,concave-u,relationship,8,2,4,4096,410,12354700,0,0
sample,float,concave-u,relationship,8,2,5,4096,410,18594000,0,0
sample,float,concave-u,relationship,8,2,6,4096,410,25062200,0,0
summary,float,concave-u,relationship,3016.284,4539.551,6118.701
sample,float,concave-u,clipping,8,2,0,512,52,37045300,12713984,3
sample,float,concave-u,clipping,8,2,1,512,52,35934400,12713984,3
sample,float,concave-u,clipping,8,2,2,512,52,31071500,12713984,3
sample,float,concave-u,clipping,8,2,3,512,52,23133100,12713984,3
sample,float,concave-u,clipping,8,2,4,512,52,22379400,12713984,3
sample,float,concave-u,clipping,8,2,5,512,52,23433100,12713984,3
sample,float,concave-u,clipping,8,2,6,512,52,22426400,12713984,3
summary,float,concave-u,clipping,43709.766,45767.773,72354.102
sample,float,hole,relationship,8,2,0,8192,820,26181000,0,0
sample,float,hole,relationship,8,2,1,8192,820,26676800,0,0
sample,float,hole,relationship,8,2,2,8192,820,26157000,0,0
sample,float,hole,relationship,8,2,3,8192,820,26039800,0,0
sample,float,hole,relationship,8,2,4,8192,820,26349700,0,0
sample,float,hole,relationship,8,2,5,8192,820,26993500,0,0
sample,float,hole,relationship,8,2,6,8192,820,26350500,0,0
summary,float,hole,relationship,3178.687,3216.516,3295.105
sample,float,hole,clipping,8,2,0,512,52,22304700,12713984,3
sample,float,hole,clipping,8,2,1,512,52,22303900,12713984,3
sample,float,hole,clipping,8,2,2,512,52,22581700,12713984,3
sample,float,hole,clipping,8,2,3,512,52,22274800,12713984,3
sample,float,hole,clipping,8,2,4,512,52,22513800,12713984,3
sample,float,hole,clipping,8,2,5,512,52,22824600,12713984,3
sample,float,hole,clipping,8,2,6,512,52,22187300,12713984,3
summary,float,hole,clipping,43334.570,43563.867,44579.297
sample,float,hole-reversed,relationship,8,2,0,8192,820,26315500,0,0
sample,float,hole-reversed,relationship,8,2,1,8192,820,26663600,0,0
sample,float,hole-reversed,relationship,8,2,2,8192,820,26337400,0,0
sample,float,hole-reversed,relationship,8,2,3,8192,820,26514400,0,0
sample,float,hole-reversed,relationship,8,2,4,8192,820,26755800,0,0
sample,float,hole-reversed,relationship,8,2,5,8192,820,26448500,0,0
sample,float,hole-reversed,relationship,8,2,6,8192,820,26644500,0,0
summary,float,hole-reversed,relationship,3212.341,3236.621,3266.089
sample,float,hole-reversed,clipping,8,2,0,512,52,31792600,12713984,3
sample,float,hole-reversed,clipping,8,2,1,512,52,22692400,12713984,3
sample,float,hole-reversed,clipping,8,2,2,512,52,22317500,12713984,3
sample,float,hole-reversed,clipping,8,2,3,512,52,22841400,12713984,3
sample,float,hole-reversed,clipping,8,2,4,512,52,22129200,12713984,3
sample,float,hole-reversed,clipping,8,2,5,512,52,22188100,12713984,3
sample,float,hole-reversed,clipping,8,2,6,512,52,22483200,12713984,3
summary,float,hole-reversed,clipping,43221.094,43912.500,62094.922
sample,float,rational-crossing,relationship,3,1,0,32768,3277,25262400,0,0
sample,float,rational-crossing,relationship,3,1,1,32768,3277,27815600,0,0
sample,float,rational-crossing,relationship,3,1,2,32768,3277,25594000,0,0
sample,float,rational-crossing,relationship,3,1,3,32768,3277,26530900,0,0
sample,float,rational-crossing,relationship,3,1,4,32768,3277,26221100,0,0
sample,float,rational-crossing,relationship,3,1,5,32768,3277,25786200,0,0
sample,float,rational-crossing,relationship,3,1,6,32768,3277,26029700,0,0
summary,float,rational-crossing,relationship,770.947,794.363,848.865
sample,float,rational-crossing,clipping,3,1,0,2048,205,38895900,33914880,8
sample,float,rational-crossing,clipping,3,1,1,2048,205,38883000,33914880,8
sample,float,rational-crossing,clipping,3,1,2,2048,205,39034600,33914880,8
sample,float,rational-crossing,clipping,3,1,3,2048,205,39067100,33914880,8
sample,float,rational-crossing,clipping,3,1,4,2048,205,38484400,33914880,8
sample,float,rational-crossing,clipping,3,1,5,2048,205,39311700,33914880,8
sample,float,rational-crossing,clipping,3,1,6,2048,205,38948000,33914880,8
summary,float,rational-crossing,clipping,18791.211,19017.578,19195.166
sample,float,sparse-1,relationship,4,1,0,32768,3277,36683400,0,0
sample,float,sparse-1,relationship,4,1,1,32768,3277,36098600,0,0
sample,float,sparse-1,relationship,4,1,2,32768,3277,36330100,0,0
sample,float,sparse-1,relationship,4,1,3,32768,3277,36282800,0,0
sample,float,sparse-1,relationship,4,1,4,32768,3277,36635600,0,0
sample,float,sparse-1,relationship,4,1,5,32768,3277,45691200,0,0
sample,float,sparse-1,relationship,4,1,6,32768,3277,36756400,0,0
summary,float,sparse-1,relationship,1101.642,1118.030,1394.385
sample,float,sparse-1,clipping,4,1,0,2048,205,39363300,33914880,8
sample,float,sparse-1,clipping,4,1,1,2048,205,38732000,33914880,8
sample,float,sparse-1,clipping,4,1,2,2048,205,38456900,33914880,8
sample,float,sparse-1,clipping,4,1,3,2048,205,38410900,33914880,8
sample,float,sparse-1,clipping,4,1,4,2048,205,37402100,33914880,8
sample,float,sparse-1,clipping,4,1,5,2048,205,37206800,33914880,8
sample,float,sparse-1,clipping,4,1,6,2048,205,36478700,33914880,8
summary,float,sparse-1,clipping,17811.865,18755.322,19220.361
sample,float,sparse-4,relationship,16,1,0,4096,410,20921300,0,0
sample,float,sparse-4,relationship,16,1,1,4096,410,20946900,0,0
sample,float,sparse-4,relationship,16,1,2,4096,410,20686900,0,0
sample,float,sparse-4,relationship,16,1,3,4096,410,20989400,0,0
sample,float,sparse-4,relationship,16,1,4,4096,410,20935800,0,0
sample,float,sparse-4,relationship,16,1,5,4096,410,20924100,0,0
sample,float,sparse-4,relationship,16,1,6,4096,410,21397600,0,0
summary,float,sparse-4,relationship,5050.513,5111.279,5224.023
sample,float,sparse-4,clipping,16,1,0,1024,103,24435700,16957440,4
sample,float,sparse-4,clipping,16,1,1,1024,103,24992300,16957440,4
sample,float,sparse-4,clipping,16,1,2,1024,103,25038800,16957440,4
sample,float,sparse-4,clipping,16,1,3,1024,103,23883700,16957440,4
sample,float,sparse-4,clipping,16,1,4,1024,103,23984500,16957440,4
sample,float,sparse-4,clipping,16,1,5,1024,103,24024100,16957440,4
sample,float,sparse-4,clipping,16,1,6,1024,103,24158400,16957440,4
summary,float,sparse-4,clipping,23323.926,23592.188,24451.953
sample,float,sparse-16,relationship,64,1,0,1024,103,21065200,0,0
sample,float,sparse-16,relationship,64,1,1,1024,103,21003400,0,0
sample,float,sparse-16,relationship,64,1,2,1024,103,20957100,0,0
sample,float,sparse-16,relationship,64,1,3,1024,103,20826500,0,0
sample,float,sparse-16,relationship,64,1,4,1024,103,21089800,0,0
sample,float,sparse-16,relationship,64,1,5,1024,103,20988600,0,0
sample,float,sparse-16,relationship,64,1,6,1024,103,30124900,0,0
summary,float,sparse-16,relationship,20338.379,20511.133,29418.848
sample,float,sparse-16,clipping,64,1,0,512,52,22783700,8478720,2
sample,float,sparse-16,clipping,64,1,1,512,52,23070900,8478720,2
sample,float,sparse-16,clipping,64,1,2,512,52,24235100,8478720,2
sample,float,sparse-16,clipping,64,1,3,512,52,22759600,8478720,2
sample,float,sparse-16,clipping,64,1,4,512,52,23489400,8478720,2
sample,float,sparse-16,clipping,64,1,5,512,52,24444300,8478720,2
sample,float,sparse-16,clipping,64,1,6,512,52,24479600,8478720,2
summary,float,sparse-16,clipping,44452.344,45877.734,47811.719
sample,float,sparse-64,relationship,256,1,0,256,26,22204400,0,0
sample,float,sparse-64,relationship,256,1,1,256,26,21317000,0,0
sample,float,sparse-64,relationship,256,1,2,256,26,21502000,0,0
sample,float,sparse-64,relationship,256,1,3,256,26,21740600,0,0
sample,float,sparse-64,relationship,256,1,4,256,26,21643900,0,0
sample,float,sparse-64,relationship,256,1,5,256,26,21494400,0,0
sample,float,sparse-64,relationship,256,1,6,256,26,22100500,0,0
summary,float,sparse-64,relationship,83269.531,84546.484,86735.938
sample,float,sparse-64,clipping,256,1,0,256,26,34398200,4239360,1
sample,float,sparse-64,clipping,256,1,1,256,26,34459700,4239360,1
sample,float,sparse-64,clipping,256,1,2,256,26,34719500,4239360,1
sample,float,sparse-64,clipping,256,1,3,256,26,34575600,4239360,1
sample,float,sparse-64,clipping,256,1,4,256,26,34567300,4239360,1
sample,float,sparse-64,clipping,256,1,5,256,26,34483600,4239360,1
sample,float,sparse-64,clipping,256,1,6,256,26,35077300,4239360,1
summary,float,sparse-64,clipping,134367.969,135028.516,137020.703
sample,float,dense-1,relationship,4,1,0,32768,3277,36633900,0,0
sample,float,dense-1,relationship,4,1,1,32768,3277,36818800,0,0
sample,float,dense-1,relationship,4,1,2,32768,3277,36863900,0,0
sample,float,dense-1,relationship,4,1,3,32768,3277,36520000,0,0
sample,float,dense-1,relationship,4,1,4,32768,3277,36634900,0,0
sample,float,dense-1,relationship,4,1,5,32768,3277,46043600,0,0
sample,float,dense-1,relationship,4,1,6,32768,3277,36517700,0,0
summary,float,dense-1,relationship,1114.432,1118.008,1405.139
sample,float,dense-1,clipping,4,1,0,2048,205,39440900,33914880,8
sample,float,dense-1,clipping,4,1,1,2048,205,39565800,33914880,8
sample,float,dense-1,clipping,4,1,2,2048,205,39010900,33914880,8
sample,float,dense-1,clipping,4,1,3,2048,205,39913900,33914880,8
sample,float,dense-1,clipping,4,1,4,2048,205,40513100,33914880,8
sample,float,dense-1,clipping,4,1,5,2048,205,39557400,33914880,8
sample,float,dense-1,clipping,4,1,6,2048,205,40291200,33914880,8
summary,float,dense-1,clipping,19048.291,19319.238,19781.787
sample,float,dense-4,relationship,16,4,0,4096,410,28731400,0,0
sample,float,dense-4,relationship,16,4,1,4096,410,29653200,0,0
sample,float,dense-4,relationship,16,4,2,4096,410,29423300,0,0
sample,float,dense-4,relationship,16,4,3,4096,410,29993600,0,0
sample,float,dense-4,relationship,16,4,4,4096,410,29204600,0,0
sample,float,dense-4,relationship,16,4,5,4096,410,30916600,0,0
sample,float,dense-4,relationship,16,4,6,4096,410,31017200,0,0
summary,float,dense-4,relationship,7014.502,7239.551,7572.559
sample,float,dense-4,clipping,16,4,0,256,26,24612100,10588160,2
sample,float,dense-4,clipping,16,4,1,256,26,24260500,10588160,2
sample,float,dense-4,clipping,16,4,2,256,26,24389200,10588160,2
sample,float,dense-4,clipping,16,4,3,256,26,24282800,10588160,2
sample,float,dense-4,clipping,16,4,4,256,26,24238200,10588160,2
sample,float,dense-4,clipping,16,4,5,256,26,23955300,10588160,2
sample,float,dense-4,clipping,16,4,6,256,26,24059600,10588160,2
summary,float,dense-4,clipping,93575.391,94767.578,96141.016
sample,float,dense-16,relationship,64,16,0,1024,103,40295500,0,0
sample,float,dense-16,relationship,64,16,1,1024,103,30546400,0,0
sample,float,dense-16,relationship,64,16,2,1024,103,30501600,0,0
sample,float,dense-16,relationship,64,16,3,1024,103,30435000,0,0
sample,float,dense-16,relationship,64,16,4,1024,103,30791300,0,0
sample,float,dense-16,relationship,64,16,5,1024,103,30873200,0,0
sample,float,dense-16,relationship,64,16,6,1024,103,30961300,0,0
summary,float,dense-16,relationship,29721.680,30069.629,39351.074
sample,float,dense-16,clipping,64,16,0,64,7,27723800,9280512,2
sample,float,dense-16,clipping,64,16,1,64,7,27725000,9280512,2
sample,float,dense-16,clipping,64,16,2,64,7,27645600,9280512,2
sample,float,dense-16,clipping,64,16,3,64,7,27324200,9280512,2
sample,float,dense-16,clipping,64,16,4,64,7,27851100,9280512,2
sample,float,dense-16,clipping,64,16,5,64,7,27595100,9280512,2
sample,float,dense-16,clipping,64,16,6,64,7,27600200,9280512,2
summary,float,dense-16,clipping,426940.625,431962.500,435173.438
sample,float,dense-64,relationship,256,64,0,256,26,30592100,0,0
sample,float,dense-64,relationship,256,64,1,256,26,30655900,0,0
sample,float,dense-64,relationship,256,64,2,256,26,30832300,0,0
sample,float,dense-64,relationship,256,64,3,256,26,31131200,0,0
sample,float,dense-64,relationship,256,64,4,256,26,30863000,0,0
sample,float,dense-64,relationship,256,64,5,256,26,30656400,0,0
sample,float,dense-64,relationship,256,64,6,256,26,30614000,0,0
summary,float,dense-64,relationship,119500.391,119751.562,121606.250
sample,float,dense-64,clipping,256,64,0,16,2,31915400,8896512,2
sample,float,dense-64,clipping,256,64,1,16,2,32281000,8896512,2
sample,float,dense-64,clipping,256,64,2,16,2,31863200,8896512,2
sample,float,dense-64,clipping,256,64,3,16,2,32074000,8896512,2
sample,float,dense-64,clipping,256,64,4,16,2,32103100,8896512,2
sample,float,dense-64,clipping,256,64,5,16,2,32096300,8896512,2
sample,float,dense-64,clipping,256,64,6,16,2,41346200,8896512,2
summary,float,dense-64,clipping,1991450.000,2006018.750,2584137.500
sample,float,subnormal,relationship,4,1,0,32768,3277,36132800,0,0
sample,float,subnormal,relationship,4,1,1,32768,3277,37476500,0,0
sample,float,subnormal,relationship,4,1,2,32768,3277,36937100,0,0
sample,float,subnormal,relationship,4,1,3,32768,3277,36448800,0,0
sample,float,subnormal,relationship,4,1,4,32768,3277,36407300,0,0
sample,float,subnormal,relationship,4,1,5,32768,3277,36351500,0,0
sample,float,subnormal,relationship,4,1,6,32768,3277,36241400,0,0
summary,float,subnormal,relationship,1102.686,1111.063,1143.692
sample,float,subnormal,clipping,4,1,0,1024,103,19216800,16957440,4
sample,float,subnormal,clipping,4,1,1,1024,103,19195900,16957440,4
sample,float,subnormal,clipping,4,1,2,1024,103,19082300,16957440,4
sample,float,subnormal,clipping,4,1,3,1024,103,19750200,16957440,4
sample,float,subnormal,clipping,4,1,4,1024,103,19655300,16957440,4
sample,float,subnormal,clipping,4,1,5,1024,103,19256000,16957440,4
sample,float,subnormal,clipping,4,1,6,1024,103,19297600,16957440,4
summary,float,subnormal,clipping,18635.059,18804.688,19287.305
sample,float,large-finite,relationship,4,1,0,32768,3277,38402000,0,0
sample,float,large-finite,relationship,4,1,1,32768,3277,37378700,0,0
sample,float,large-finite,relationship,4,1,2,32768,3277,38105600,0,0
sample,float,large-finite,relationship,4,1,3,32768,3277,38031400,0,0
sample,float,large-finite,relationship,4,1,4,32768,3277,36868800,0,0
sample,float,large-finite,relationship,4,1,5,32768,3277,36574100,0,0
sample,float,large-finite,relationship,4,1,6,32768,3277,36588600,0,0
summary,float,large-finite,relationship,1116.153,1140.707,1171.936
sample,float,large-finite,clipping,4,1,0,1024,103,20841000,16957440,4
sample,float,large-finite,clipping,4,1,1,1024,103,20582100,16957440,4
sample,float,large-finite,clipping,4,1,2,1024,103,21609100,16957440,4
sample,float,large-finite,clipping,4,1,3,1024,103,20506400,16957440,4
sample,float,large-finite,clipping,4,1,4,1024,103,24360700,16957440,4
sample,float,large-finite,clipping,4,1,5,1024,103,26389800,16957440,4
sample,float,large-finite,clipping,4,1,6,1024,103,20642500,16957440,4
summary,float,large-finite,clipping,20025.781,20352.539,25771.289
fixture,double,exterior,4,1,success,0
fixture,double,interior,4,4,success,1
fixture,double,crossing,4,7,success,1
fixture,double,boundary-only,4,10,success,1
fixture,double,boundary-overlap,4,11,success,1
fixture,double,isolated-tangent,4,3,success,0
fixture,double,degenerate-interior,4,4,success,0
fixture,double,degenerate-boundary,4,2,success,0
fixture,double,empty,0,1,success,0
fixture,double,concave-u,8,7,success,2
fixture,double,hole,8,7,success,2
fixture,double,hole-reversed,8,7,success,2
fixture,double,rational-crossing,3,7,success,1
fixture,double,sparse-1,4,7,success,1
fixture,double,sparse-4,16,7,success,1
fixture,double,sparse-16,64,7,success,1
fixture,double,sparse-64,256,7,success,1
fixture,double,dense-1,4,7,success,1
fixture,double,dense-4,16,7,success,4
fixture,double,dense-16,64,7,success,16
fixture,double,dense-64,256,7,success,64
fixture,double,subnormal,4,7,success,1
fixture,double,large-finite,4,7,success,1
preflight,double,23,PASS
sample,double,exterior,relationship,4,0,0,32768,3277,36943300,0,0
sample,double,exterior,relationship,4,0,1,32768,3277,36758300,0,0
sample,double,exterior,relationship,4,0,2,32768,3277,36871400,0,0
sample,double,exterior,relationship,4,0,3,32768,3277,36957800,0,0
sample,double,exterior,relationship,4,0,4,32768,3277,36847600,0,0
sample,double,exterior,relationship,4,0,5,32768,3277,36939200,0,0
sample,double,exterior,relationship,4,0,6,32768,3277,37186800,0,0
summary,double,exterior,relationship,1121.774,1127.295,1134.851
sample,double,exterior,clipping,4,0,0,8192,820,29314200,67895296,16
sample,double,exterior,clipping,4,0,1,8192,820,29801800,67895296,16
sample,double,exterior,clipping,4,0,2,8192,820,29691500,67895296,16
sample,double,exterior,clipping,4,0,3,8192,820,29674600,67895296,16
sample,double,exterior,clipping,4,0,4,8192,820,29691500,67895296,16
sample,double,exterior,clipping,4,0,5,8192,820,29800500,67895296,16
sample,double,exterior,clipping,4,0,6,8192,820,29963800,67895296,16
summary,double,exterior,clipping,3578.394,3624.451,3657.690
sample,double,interior,relationship,4,1,0,32768,3277,36547400,0,0
sample,double,interior,relationship,4,1,1,32768,3277,36284100,0,0
sample,double,interior,relationship,4,1,2,32768,3277,36301200,0,0
sample,double,interior,relationship,4,1,3,32768,3277,36455400,0,0
sample,double,interior,relationship,4,1,4,32768,3277,36496800,0,0
sample,double,interior,relationship,4,1,5,32768,3277,36770700,0,0
sample,double,interior,relationship,4,1,6,32768,3277,36556700,0,0
summary,double,interior,relationship,1107.303,1113.794,1122.153
sample,double,interior,clipping,4,1,0,2048,205,17380200,17072128,4
sample,double,interior,clipping,4,1,1,2048,205,17401300,17072128,4
sample,double,interior,clipping,4,1,2,2048,205,17616500,17072128,4
sample,double,interior,clipping,4,1,3,2048,205,17290000,17072128,4
sample,double,interior,clipping,4,1,4,2048,205,17373600,17072128,4
sample,double,interior,clipping,4,1,5,2048,205,17543800,17072128,4
sample,double,interior,clipping,4,1,6,2048,205,17157900,17072128,4
summary,double,interior,clipping,8377.881,8486.426,8601.807
sample,double,crossing,relationship,4,1,0,32768,3277,35144900,0,0
sample,double,crossing,relationship,4,1,1,32768,3277,35139000,0,0
sample,double,crossing,relationship,4,1,2,32768,3277,34978300,0,0
sample,double,crossing,relationship,4,1,3,32768,3277,35288900,0,0
sample,double,crossing,relationship,4,1,4,32768,3277,35779300,0,0
sample,double,crossing,relationship,4,1,5,32768,3277,35614600,0,0
sample,double,crossing,relationship,4,1,6,32768,3277,35669700,0,0
summary,double,crossing,relationship,1067.453,1076.932,1091.898
sample,double,crossing,clipping,4,1,0,2048,205,37713300,33914880,8
sample,double,crossing,clipping,4,1,1,2048,205,37263800,33914880,8
sample,double,crossing,clipping,4,1,2,2048,205,37042000,33914880,8
sample,double,crossing,clipping,4,1,3,2048,205,37158100,33914880,8
sample,double,crossing,clipping,4,1,4,2048,205,37133200,33914880,8
sample,double,crossing,clipping,4,1,5,2048,205,37129600,33914880,8
sample,double,crossing,clipping,4,1,6,2048,205,37212600,33914880,8
summary,double,crossing,clipping,18086.914,18143.604,18414.697
sample,double,boundary-only,relationship,4,1,0,16384,1639,21216600,0,0
sample,double,boundary-only,relationship,4,1,1,16384,1639,21255700,0,0
sample,double,boundary-only,relationship,4,1,2,16384,1639,21148900,0,0
sample,double,boundary-only,relationship,4,1,3,16384,1639,21100200,0,0
sample,double,boundary-only,relationship,4,1,4,16384,1639,21266800,0,0
sample,double,boundary-only,relationship,4,1,5,16384,1639,21322800,0,0
sample,double,boundary-only,relationship,4,1,6,16384,1639,21283200,0,0
summary,double,boundary-only,relationship,1287.854,1297.345,1301.440
sample,double,boundary-only,clipping,4,1,0,2048,205,24132500,42237952,10
sample,double,boundary-only,clipping,4,1,1,2048,205,25769400,42237952,10
sample,double,boundary-only,clipping,4,1,2,2048,205,24553100,42237952,10
sample,double,boundary-only,clipping,4,1,3,2048,205,25198000,42237952,10
sample,double,boundary-only,clipping,4,1,4,2048,205,24473600,42237952,10
sample,double,boundary-only,clipping,4,1,5,2048,205,25269500,42237952,10
sample,double,boundary-only,clipping,4,1,6,2048,205,24604700,42237952,10
summary,double,boundary-only,clipping,11783.447,12014.014,12582.715
sample,double,boundary-overlap,relationship,4,1,0,16384,1639,28763600,0,0
sample,double,boundary-overlap,relationship,4,1,1,16384,1639,28193300,0,0
sample,double,boundary-overlap,relationship,4,1,2,16384,1639,29043700,0,0
sample,double,boundary-overlap,relationship,4,1,3,16384,1639,28878500,0,0
sample,double,boundary-overlap,relationship,4,1,4,16384,1639,28994100,0,0
sample,double,boundary-overlap,relationship,4,1,5,16384,1639,28356600,0,0
sample,double,boundary-overlap,relationship,4,1,6,16384,1639,29285900,0,0
summary,double,boundary-overlap,relationship,1720.782,1762.604,1787.469
sample,double,boundary-overlap,clipping,4,1,0,2048,205,28531100,42303488,10
sample,double,boundary-overlap,clipping,4,1,1,2048,205,27008400,42303488,10
sample,double,boundary-overlap,clipping,4,1,2,2048,205,28048500,42303488,10
sample,double,boundary-overlap,clipping,4,1,3,2048,205,27498900,42303488,10
sample,double,boundary-overlap,clipping,4,1,4,2048,205,27396700,42303488,10
sample,double,boundary-overlap,clipping,4,1,5,2048,205,27726300,42303488,10
sample,double,boundary-overlap,clipping,4,1,6,2048,205,27008500,42303488,10
summary,double,boundary-overlap,clipping,13187.695,13427.197,13931.201
sample,double,isolated-tangent,relationship,4,0,0,16384,1639,35141100,0,0
sample,double,isolated-tangent,relationship,4,0,1,16384,1639,34941800,0,0
sample,double,isolated-tangent,relationship,4,0,2,16384,1639,34976500,0,0
sample,double,isolated-tangent,relationship,4,0,3,16384,1639,35171500,0,0
sample,double,isolated-tangent,relationship,4,0,4,16384,1639,35132000,0,0
sample,double,isolated-tangent,relationship,4,0,5,16384,1639,44816800,0,0
sample,double,isolated-tangent,relationship,4,0,6,16384,1639,35178300,0,0
summary,double,isolated-tangent,relationship,2132.678,2144.843,2735.400
sample,double,isolated-tangent,clipping,4,0,0,4096,410,27667400,67502080,16
sample,double,isolated-tangent,clipping,4,0,1,4096,410,27720200,67502080,16
sample,double,isolated-tangent,clipping,4,0,2,4096,410,28033000,67502080,16
sample,double,isolated-tangent,clipping,4,0,3,4096,410,27210300,67502080,16
sample,double,isolated-tangent,clipping,4,0,4,4096,410,27235100,67502080,16
sample,double,isolated-tangent,clipping,4,0,5,4096,410,27256500,67502080,16
sample,double,isolated-tangent,clipping,4,0,6,4096,410,26744400,67502080,16
summary,double,isolated-tangent,clipping,6529.395,6654.419,6843.994
sample,double,degenerate-interior,relationship,4,0,0,65536,6554,3124800,0,0
sample,double,degenerate-interior,relationship,4,0,1,65536,6554,3123100,0,0
sample,double,degenerate-interior,relationship,4,0,2,65536,6554,3144500,0,0
sample,double,degenerate-interior,relationship,4,0,3,65536,6554,3561300,0,0
sample,double,degenerate-interior,relationship,4,0,4,65536,6554,3300500,0,0
sample,double,degenerate-interior,relationship,4,0,5,65536,6554,3109300,0,0
sample,double,degenerate-interior,relationship,4,0,6,65536,6554,3128300,0,0
summary,double,degenerate-interior,relationship,47.444,47.734,54.341
sample,double,degenerate-interior,clipping,4,0,0,65536,6554,328400,0,0
sample,double,degenerate-interior,clipping,4,0,1,65536,6554,281500,0,0
sample,double,degenerate-interior,clipping,4,0,2,65536,6554,328400,0,0
sample,double,degenerate-interior,clipping,4,0,3,65536,6554,375400,0,0
sample,double,degenerate-interior,clipping,4,0,4,65536,6554,328400,0,0
sample,double,degenerate-interior,clipping,4,0,5,65536,6554,331400,0,0
sample,double,degenerate-interior,clipping,4,0,6,65536,6554,372700,0,0
summary,double,degenerate-interior,clipping,4.295,5.011,5.728
sample,double,degenerate-boundary,relationship,4,0,0,65536,6554,3092300,0,0
sample,double,degenerate-boundary,relationship,4,0,1,65536,6554,3105000,0,0
sample,double,degenerate-boundary,relationship,4,0,2,65536,6554,3067700,0,0
sample,double,degenerate-boundary,relationship,4,0,3,65536,6554,3428500,0,0
sample,double,degenerate-boundary,relationship,4,0,4,65536,6554,3118300,0,0
sample,double,degenerate-boundary,relationship,4,0,5,65536,6554,3074700,0,0
sample,double,degenerate-boundary,relationship,4,0,6,65536,6554,3072000,0,0
summary,double,degenerate-boundary,relationship,46.809,47.185,52.315
sample,double,degenerate-boundary,clipping,4,0,0,65536,6554,328400,0,0
sample,double,degenerate-boundary,clipping,4,0,1,65536,6554,281500,0,0
sample,double,degenerate-boundary,clipping,4,0,2,65536,6554,281500,0,0
sample,double,degenerate-boundary,clipping,4,0,3,65536,6554,362100,0,0
sample,double,degenerate-boundary,clipping,4,0,4,65536,6554,328500,0,0
sample,double,degenerate-boundary,clipping,4,0,5,65536,6554,285400,0,0
sample,double,degenerate-boundary,clipping,4,0,6,65536,6554,281500,0,0
summary,double,degenerate-boundary,clipping,4.295,4.355,5.525
sample,double,empty,relationship,0,0,0,65536,6554,1273100,0,0
sample,double,empty,relationship,0,0,1,65536,6554,1152300,0,0
sample,double,empty,relationship,0,0,2,65536,6554,1075900,0,0
sample,double,empty,relationship,0,0,3,65536,6554,1067300,0,0
sample,double,empty,relationship,0,0,4,65536,6554,1063300,0,0
sample,double,empty,relationship,0,0,5,65536,6554,1063200,0,0
sample,double,empty,relationship,0,0,6,65536,6554,1063500,0,0
summary,double,empty,relationship,16.223,16.286,19.426
sample,double,empty,clipping,0,0,0,65536,6554,285400,0,0
sample,double,empty,clipping,0,0,1,65536,6554,371400,0,0
sample,double,empty,clipping,0,0,2,65536,6554,281500,0,0
sample,double,empty,clipping,0,0,3,65536,6554,334100,0,0
sample,double,empty,clipping,0,0,4,65536,6554,328400,0,0
sample,double,empty,clipping,0,0,5,65536,6554,328400,0,0
sample,double,empty,clipping,0,0,6,65536,6554,375000,0,0
summary,double,empty,clipping,4.295,5.011,5.722
sample,double,concave-u,relationship,8,2,0,8192,820,25280700,0,0
sample,double,concave-u,relationship,8,2,1,8192,820,24889800,0,0
sample,double,concave-u,relationship,8,2,2,8192,820,25280100,0,0
sample,double,concave-u,relationship,8,2,3,8192,820,24922300,0,0
sample,double,concave-u,relationship,8,2,4,8192,820,25282200,0,0
sample,double,concave-u,relationship,8,2,5,8192,820,24950300,0,0
sample,double,concave-u,relationship,8,2,6,8192,820,25536500,0,0
summary,double,concave-u,relationship,3038.306,3085.950,3117.249
sample,double,concave-u,clipping,8,2,0,512,52,22298100,12713984,3
sample,double,concave-u,clipping,8,2,1,512,52,22261200,12713984,3
sample,double,concave-u,clipping,8,2,2,512,52,22635300,12713984,3
sample,double,concave-u,clipping,8,2,3,512,52,22247900,12713984,3
sample,double,concave-u,clipping,8,2,4,512,52,22539000,12713984,3
sample,double,concave-u,clipping,8,2,5,512,52,23034600,12713984,3
sample,double,concave-u,clipping,8,2,6,512,52,24142700,12713984,3
summary,double,concave-u,clipping,43452.930,44021.484,47153.711
sample,double,hole,relationship,8,2,0,8192,820,26837600,0,0
sample,double,hole,relationship,8,2,1,8192,820,27199600,0,0
sample,double,hole,relationship,8,2,2,8192,820,26912500,0,0
sample,double,hole,relationship,8,2,3,8192,820,26577500,0,0
sample,double,hole,relationship,8,2,4,8192,820,26731800,0,0
sample,double,hole,relationship,8,2,5,8192,820,35453000,0,0
sample,double,hole,relationship,8,2,6,8192,820,25545400,0,0
summary,double,hole,relationship,3118.335,3276.074,4327.759
sample,double,hole,clipping,8,2,0,512,52,22717700,12713984,3
sample,double,hole,clipping,8,2,1,512,52,22379500,12713984,3
sample,double,hole,clipping,8,2,2,512,52,22599100,12713984,3
sample,double,hole,clipping,8,2,3,512,52,22352200,12713984,3
sample,double,hole,clipping,8,2,4,512,52,21951900,12713984,3
sample,double,hole,clipping,8,2,5,512,52,21776400,12713984,3
sample,double,hole,clipping,8,2,6,512,52,21687700,12713984,3
summary,double,hole,clipping,42358.789,43656.641,44370.508
sample,double,hole-reversed,relationship,8,2,0,8192,820,25540900,0,0
sample,double,hole-reversed,relationship,8,2,1,8192,820,25241900,0,0
sample,double,hole-reversed,relationship,8,2,2,8192,820,25366900,0,0
sample,double,hole-reversed,relationship,8,2,3,8192,820,25524200,0,0
sample,double,hole-reversed,relationship,8,2,4,8192,820,25262200,0,0
sample,double,hole-reversed,relationship,8,2,5,8192,820,25138900,0,0
sample,double,hole-reversed,relationship,8,2,6,8192,820,24992300,0,0
summary,double,hole-reversed,relationship,3050.818,3083.765,3117.786
sample,double,hole-reversed,clipping,8,2,0,512,52,21819200,12713984,3
sample,double,hole-reversed,clipping,8,2,1,512,52,24175000,12713984,3
sample,double,hole-reversed,clipping,8,2,2,512,52,22183200,12713984,3
sample,double,hole-reversed,clipping,8,2,3,512,52,22392400,12713984,3
sample,double,hole-reversed,clipping,8,2,4,512,52,22865400,12713984,3
sample,double,hole-reversed,clipping,8,2,5,512,52,22373000,12713984,3
sample,double,hole-reversed,clipping,8,2,6,512,52,22394100,12713984,3
summary,double,hole-reversed,clipping,42615.625,43735.156,47216.797
sample,double,rational-crossing,relationship,3,1,0,32768,3277,25315100,0,0
sample,double,rational-crossing,relationship,3,1,1,32768,3277,24776300,0,0
sample,double,rational-crossing,relationship,3,1,2,32768,3277,24694200,0,0
sample,double,rational-crossing,relationship,3,1,3,32768,3277,24722700,0,0
sample,double,rational-crossing,relationship,3,1,4,32768,3277,24644300,0,0
sample,double,rational-crossing,relationship,3,1,5,32768,3277,24691200,0,0
sample,double,rational-crossing,relationship,3,1,6,32768,3277,25864800,0,0
summary,double,rational-crossing,relationship,752.084,754.477,789.331
sample,double,rational-crossing,clipping,3,1,0,2048,205,48710100,33914880,8
sample,double,rational-crossing,clipping,3,1,1,2048,205,39956300,33914880,8
sample,double,rational-crossing,clipping,3,1,2,2048,205,39034700,33914880,8
sample,double,rational-crossing,clipping,3,1,3,2048,205,38947300,33914880,8
sample,double,rational-crossing,clipping,3,1,4,2048,205,39211300,33914880,8
sample,double,rational-crossing,clipping,3,1,5,2048,205,38833000,33914880,8
sample,double,rational-crossing,clipping,3,1,6,2048,205,39552200,33914880,8
summary,double,rational-crossing,clipping,18961.426,19146.143,23784.229
sample,double,sparse-1,relationship,4,1,0,32768,3277,36624600,0,0
sample,double,sparse-1,relationship,4,1,1,32768,3277,36635800,0,0
sample,double,sparse-1,relationship,4,1,2,32768,3277,37345100,0,0
sample,double,sparse-1,relationship,4,1,3,32768,3277,37083900,0,0
sample,double,sparse-1,relationship,4,1,4,32768,3277,36838700,0,0
sample,double,sparse-1,relationship,4,1,5,32768,3277,36395200,0,0
sample,double,sparse-1,relationship,4,1,6,32768,3277,36497800,0,0
summary,double,sparse-1,relationship,1110.693,1118.036,1139.682
sample,double,sparse-1,clipping,4,1,0,1024,103,19606700,16957440,4
sample,double,sparse-1,clipping,4,1,1,1024,103,19995100,16957440,4
sample,double,sparse-1,clipping,4,1,2,1024,103,20659300,16957440,4
sample,double,sparse-1,clipping,4,1,3,1024,103,20067100,16957440,4
sample,double,sparse-1,clipping,4,1,4,1024,103,19917600,16957440,4
sample,double,sparse-1,clipping,4,1,5,1024,103,19975900,16957440,4
sample,double,sparse-1,clipping,4,1,6,1024,103,20361700,16957440,4
summary,double,sparse-1,clipping,19147.168,19526.465,20175.098
sample,double,sparse-4,relationship,16,1,0,4096,410,21766500,0,0
sample,double,sparse-4,relationship,16,1,1,4096,410,21766000,0,0
sample,double,sparse-4,relationship,16,1,2,4096,410,21773700,0,0
sample,double,sparse-4,relationship,16,1,3,4096,410,21841600,0,0
sample,double,sparse-4,relationship,16,1,4,4096,410,22200300,0,0
sample,double,sparse-4,relationship,16,1,5,4096,410,21675100,0,0
sample,double,sparse-4,relationship,16,1,6,4096,410,21797300,0,0
summary,double,sparse-4,relationship,5291.772,5315.845,5419.995
sample,double,sparse-4,clipping,16,1,0,1024,103,25704800,16957440,4
sample,double,sparse-4,clipping,16,1,1,1024,103,25440300,16957440,4
sample,double,sparse-4,clipping,16,1,2,1024,103,25948100,16957440,4
sample,double,sparse-4,clipping,16,1,3,1024,103,25382400,16957440,4
sample,double,sparse-4,clipping,16,1,4,1024,103,25684500,16957440,4
sample,double,sparse-4,clipping,16,1,5,1024,103,25013200,16957440,4
sample,double,sparse-4,clipping,16,1,6,1024,103,25514800,16957440,4
summary,double,sparse-4,clipping,24426.953,24916.797,25339.941
sample,double,sparse-16,relationship,64,1,0,1024,103,21686800,0,0
sample,double,sparse-16,relationship,64,1,1,1024,103,21463900,0,0
sample,double,sparse-16,relationship,64,1,2,1024,103,21493000,0,0
sample,double,sparse-16,relationship,64,1,3,1024,103,21727900,0,0
sample,double,sparse-16,relationship,64,1,4,1024,103,21460700,0,0
sample,double,sparse-16,relationship,64,1,5,1024,103,21396300,0,0
sample,double,sparse-16,relationship,64,1,6,1024,103,21826900,0,0
summary,double,sparse-16,relationship,20894.824,20989.258,21315.332
sample,double,sparse-16,clipping,64,1,0,512,52,23614300,8478720,2
sample,double,sparse-16,clipping,64,1,1,512,52,23803000,8478720,2
sample,double,sparse-16,clipping,64,1,2,512,52,23826100,8478720,2
sample,double,sparse-16,clipping,64,1,3,512,52,23524800,8478720,2
sample,double,sparse-16,clipping,64,1,4,512,52,23894400,8478720,2
sample,double,sparse-16,clipping,64,1,5,512,52,23488400,8478720,2
sample,double,sparse-16,clipping,64,1,6,512,52,24227700,8478720,2
summary,double,sparse-16,clipping,45875.781,46490.234,47319.727
sample,double,sparse-64,relationship,256,1,0,256,26,21938900,0,0
sample,double,sparse-64,relationship,256,1,1,256,26,21821600,0,0
sample,double,sparse-64,relationship,256,1,2,256,26,21561800,0,0
sample,double,sparse-64,relationship,256,1,3,256,26,23071200,0,0
sample,double,sparse-64,relationship,256,1,4,256,26,21862700,0,0
sample,double,sparse-64,relationship,256,1,5,256,26,21653900,0,0
sample,double,sparse-64,relationship,256,1,6,256,26,22228100,0,0
summary,double,sparse-64,relationship,84225.781,85401.172,90121.875
sample,double,sparse-64,clipping,256,1,0,256,26,34196600,4239360,1
sample,double,sparse-64,clipping,256,1,1,256,26,34033400,4239360,1
sample,double,sparse-64,clipping,256,1,2,256,26,34647500,4239360,1
sample,double,sparse-64,clipping,256,1,3,256,26,44793700,4239360,1
sample,double,sparse-64,clipping,256,1,4,256,26,34562300,4239360,1
sample,double,sparse-64,clipping,256,1,5,256,26,34348100,4239360,1
sample,double,sparse-64,clipping,256,1,6,256,26,33971300,4239360,1
summary,double,sparse-64,clipping,132700.391,134172.266,174975.391
sample,double,dense-1,relationship,4,1,0,32768,3277,36560800,0,0
sample,double,dense-1,relationship,4,1,1,32768,3277,37343900,0,0
sample,double,dense-1,relationship,4,1,2,32768,3277,40453900,0,0
sample,double,dense-1,relationship,4,1,3,32768,3277,37072300,0,0
sample,double,dense-1,relationship,4,1,4,32768,3277,37191600,0,0
sample,double,dense-1,relationship,4,1,5,32768,3277,38765900,0,0
sample,double,dense-1,relationship,4,1,6,32768,3277,37303400,0,0
summary,double,dense-1,relationship,1115.747,1138.409,1234.555
sample,double,dense-1,clipping,4,1,0,2048,205,38635000,33914880,8
sample,double,dense-1,clipping,4,1,1,2048,205,37409900,33914880,8
sample,double,dense-1,clipping,4,1,2,2048,205,38243600,33914880,8
sample,double,dense-1,clipping,4,1,3,2048,205,39158200,33914880,8
sample,double,dense-1,clipping,4,1,4,2048,205,38372900,33914880,8
sample,double,dense-1,clipping,4,1,5,2048,205,38241300,33914880,8
sample,double,dense-1,clipping,4,1,6,2048,205,37861300,33914880,8
summary,double,dense-1,clipping,18266.553,18673.633,19120.215
sample,double,dense-4,relationship,16,4,0,4096,410,27917500,0,0
sample,double,dense-4,relationship,16,4,1,4096,410,28109600,0,0
sample,double,dense-4,relationship,16,4,2,4096,410,28888600,0,0
sample,double,dense-4,relationship,16,4,3,4096,410,30648500,0,0
sample,double,dense-4,relationship,16,4,4,4096,410,38704500,0,0
sample,double,dense-4,relationship,16,4,5,4096,410,29480800,0,0
sample,double,dense-4,relationship,16,4,6,4096,410,31035500,0,0
summary,double,dense-4,relationship,6815.796,7197.461,9449.341
sample,double,dense-4,clipping,16,4,0,256,26,27962100,10588160,2
sample,double,dense-4,clipping,16,4,1,256,26,25703600,10588160,2
sample,double,dense-4,clipping,16,4,2,256,26,26280500,10588160,2
sample,double,dense-4,clipping,16,4,3,256,26,26626400,10588160,2
sample,double,dense-4,clipping,16,4,4,256,26,26387700,10588160,2
sample,double,dense-4,clipping,16,4,5,256,26,25730800,10588160,2
sample,double,dense-4,clipping,16,4,6,256,26,25583100,10588160,2
summary,double,dense-4,clipping,99933.984,102658.203,109226.953
sample,double,dense-16,relationship,64,16,0,1024,103,32282700,0,0
sample,double,dense-16,relationship,64,16,1,1024,103,31947700,0,0
sample,double,dense-16,relationship,64,16,2,1024,103,32317800,0,0
sample,double,dense-16,relationship,64,16,3,1024,103,32436800,0,0
sample,double,dense-16,relationship,64,16,4,1024,103,31797300,0,0
sample,double,dense-16,relationship,64,16,5,1024,103,32156500,0,0
sample,double,dense-16,relationship,64,16,6,1024,103,31966900,0,0
summary,double,dense-16,relationship,31052.051,31402.832,31676.562
sample,double,dense-16,clipping,64,16,0,64,7,30052000,9280512,2
sample,double,dense-16,clipping,64,16,1,64,7,30219800,9280512,2
sample,double,dense-16,clipping,64,16,2,64,7,30018100,9280512,2
sample,double,dense-16,clipping,64,16,3,64,7,30057100,9280512,2
sample,double,dense-16,clipping,64,16,4,64,7,29926000,9280512,2
sample,double,dense-16,clipping,64,16,5,64,7,30086000,9280512,2
sample,double,dense-16,clipping,64,16,6,64,7,30126300,9280512,2
summary,double,dense-16,clipping,467593.750,469642.188,472184.375
sample,double,dense-64,relationship,256,64,0,256,26,32140800,0,0
sample,double,dense-64,relationship,256,64,1,256,26,41885300,0,0
sample,double,dense-64,relationship,256,64,2,256,26,32239800,0,0
sample,double,dense-64,relationship,256,64,3,256,26,32554700,0,0
sample,double,dense-64,relationship,256,64,4,256,26,32717400,0,0
sample,double,dense-64,relationship,256,64,5,256,26,33560800,0,0
sample,double,dense-64,relationship,256,64,6,256,26,32531400,0,0
summary,double,dense-64,relationship,125550.000,127166.797,163614.453
sample,double,dense-64,clipping,256,64,0,16,2,34933100,8896512,2
sample,double,dense-64,clipping,256,64,1,16,2,34810300,8896512,2
sample,double,dense-64,clipping,256,64,2,16,2,35220700,8896512,2
sample,double,dense-64,clipping,256,64,3,16,2,35017500,8896512,2
sample,double,dense-64,clipping,256,64,4,16,2,35125300,8896512,2
sample,double,dense-64,clipping,256,64,5,16,2,35301900,8896512,2
sample,double,dense-64,clipping,256,64,6,16,2,35149400,8896512,2
summary,double,dense-64,clipping,2175643.750,2195331.250,2206368.750
sample,double,subnormal,relationship,4,1,0,4096,410,30950600,0,0
sample,double,subnormal,relationship,4,1,1,4096,410,32414900,0,0
sample,double,subnormal,relationship,4,1,2,4096,410,32142000,0,0
sample,double,subnormal,relationship,4,1,3,4096,410,31313000,0,0
sample,double,subnormal,relationship,4,1,4,4096,410,31192600,0,0
sample,double,subnormal,relationship,4,1,5,4096,410,31205700,0,0
sample,double,subnormal,relationship,4,1,6,4096,410,30896800,0,0
summary,double,subnormal,relationship,7543.164,7618.579,7913.794
sample,double,subnormal,clipping,4,1,0,1024,103,29508600,16957440,4
sample,double,subnormal,clipping,4,1,1,1024,103,30165600,16957440,4
sample,double,subnormal,clipping,4,1,2,1024,103,30121400,16957440,4
sample,double,subnormal,clipping,4,1,3,1024,103,30051800,16957440,4
sample,double,subnormal,clipping,4,1,4,1024,103,28860100,16957440,4
sample,double,subnormal,clipping,4,1,5,1024,103,39907300,16957440,4
sample,double,subnormal,clipping,4,1,6,1024,103,28548900,16957440,4
summary,double,subnormal,clipping,27879.785,29347.461,38971.973
sample,double,large-finite,relationship,4,1,0,4096,410,30566400,0,0
sample,double,large-finite,relationship,4,1,1,4096,410,30441900,0,0
sample,double,large-finite,relationship,4,1,2,4096,410,30810200,0,0
sample,double,large-finite,relationship,4,1,3,4096,410,31402000,0,0
sample,double,large-finite,relationship,4,1,4,4096,410,31110200,0,0
sample,double,large-finite,relationship,4,1,5,4096,410,31351700,0,0
sample,double,large-finite,relationship,4,1,6,4096,410,30972900,0,0
summary,double,large-finite,relationship,7432.104,7561.743,7666.504
sample,double,large-finite,clipping,4,1,0,1024,103,35356100,16957440,4
sample,double,large-finite,clipping,4,1,1,1024,103,35033500,16957440,4
sample,double,large-finite,clipping,4,1,2,1024,103,34383000,16957440,4
sample,double,large-finite,clipping,4,1,3,1024,103,34263900,16957440,4
sample,double,large-finite,clipping,4,1,4,1024,103,34162300,16957440,4
sample,double,large-finite,clipping,4,1,5,1024,103,34508600,16957440,4
sample,double,large-finite,clipping,4,1,6,1024,103,34198800,16957440,4
summary,double,large-finite,clipping,33361.621,33577.148,34527.441
sink,9493261194911967049
