fixture_header,scalar,case,edges,expected_fact_bits,expected_status,expected_components
sample_header,scalar,case,operation,edges,expected_components,round,iterations,warmup,elapsed_ns,gc_bytes,gc_collections
summary_header,scalar,case,operation,min_ns_per_op,median_ns_per_op,max_ns_per_op
fixture,int,exterior,4,1,success,0
fixture,int,interior,4,4,success,1
fixture,int,crossing,4,7,success,1
fixture,int,boundary-only,4,10,success,1
fixture,int,boundary-overlap,4,11,success,1
fixture,int,isolated-tangent,4,3,success,0
fixture,int,degenerate-interior,4,4,success,0
fixture,int,degenerate-boundary,4,2,success,0
fixture,int,empty,0,1,success,0
fixture,int,concave-u,8,7,success,2
fixture,int,hole,8,7,success,2
fixture,int,hole-reversed,8,7,success,2
fixture,int,rational-crossing,3,7,success,1
fixture,int,sparse-1,4,7,success,1
fixture,int,sparse-4,16,7,success,1
fixture,int,sparse-16,64,7,success,1
fixture,int,sparse-64,256,7,success,1
fixture,int,dense-1,4,7,success,1
fixture,int,dense-4,16,7,success,4
fixture,int,dense-16,64,7,success,16
fixture,int,dense-64,256,7,success,64
fixture,int,wide-integral,4,7,success,1
preflight,int,22,PASS
sample,int,exterior,relationship,4,0,0,32768,3277,24403300,0,0
sample,int,exterior,relationship,4,0,1,32768,3277,24321100,0,0
sample,int,exterior,relationship,4,0,2,32768,3277,24336500,0,0
sample,int,exterior,relationship,4,0,3,32768,3277,25622800,0,0
sample,int,exterior,relationship,4,0,4,32768,3277,24297400,0,0
sample,int,exterior,relationship,4,0,5,32768,3277,24494200,0,0
sample,int,exterior,relationship,4,0,6,32768,3277,24687200,0,0
summary,int,exterior,relationship,741.498,744.730,781.946
sample,int,exterior,clipping,4,0,0,8192,820,21915700,67895296,16
sample,int,exterior,clipping,4,0,1,8192,820,21781200,67895296,16
sample,int,exterior,clipping,4,0,2,8192,820,21925300,67895296,16
sample,int,exterior,clipping,4,0,3,8192,820,22666000,67895296,16
sample,int,exterior,clipping,4,0,4,8192,820,22574600,67895296,16
sample,int,exterior,clipping,4,0,5,8192,820,22287700,67895296,16
sample,int,exterior,clipping,4,0,6,8192,820,22556000,67895296,16
summary,int,exterior,clipping,2658.838,2720.667,2766.846
sample,int,interior,relationship,4,1,0,32768,3277,23685800,0,0
sample,int,interior,relationship,4,1,1,32768,3277,23803000,0,0
sample,int,interior,relationship,4,1,2,32768,3277,23694200,0,0
sample,int,interior,relationship,4,1,3,32768,3277,23792700,0,0
sample,int,interior,relationship,4,1,4,32768,3277,24091000,0,0
sample,int,interior,relationship,4,1,5,32768,3277,24348800,0,0
sample,int,interior,relationship,4,1,6,32768,3277,23452600,0,0
summary,int,interior,relationship,715.717,726.096,743.066
sample,int,interior,clipping,4,1,0,4096,410,29343200,34144256,8
sample,int,interior,clipping,4,1,1,4096,410,29289200,34144256,8
sample,int,interior,clipping,4,1,2,4096,410,29489900,34144256,8
sample,int,interior,clipping,4,1,3,4096,410,30675600,34144256,8
sample,int,interior,clipping,4,1,4,4096,410,28938400,34144256,8
sample,int,interior,clipping,4,1,5,4096,410,38537600,34144256,8
sample,int,interior,clipping,4,1,6,4096,410,29477000,34144256,8
summary,int,interior,clipping,7065.039,7196.533,9408.594
sample,int,crossing,relationship,4,1,0,32768,3277,24659200,0,0
sample,int,crossing,relationship,4,1,1,32768,3277,24877200,0,0
sample,int,crossing,relationship,4,1,2,32768,3277,23715000,0,0
sample,int,crossing,relationship,4,1,3,32768,3277,24058900,0,0
sample,int,crossing,relationship,4,1,4,32768,3277,24416700,0,0
sample,int,crossing,relationship,4,1,5,32768,3277,24043400,0,0
sample,int,crossing,relationship,4,1,6,32768,3277,24001500,0,0
summary,int,crossing,relationship,723.724,734.219,759.192
sample,int,crossing,clipping,4,1,0,2048,205,33018900,33914880,8
sample,int,crossing,clipping,4,1,1,2048,205,33022500,33914880,8
sample,int,crossing,clipping,4,1,2,2048,205,33213600,33914880,8
sample,int,crossing,clipping,4,1,3,2048,205,33209300,33914880,8
sample,int,crossing,clipping,4,1,4,2048,205,33514000,33914880,8
sample,int,crossing,clipping,4,1,5,2048,205,34516100,33914880,8
sample,int,crossing,clipping,4,1,6,2048,205,33119800,33914880,8
summary,int,crossing,clipping,16122.510,16215.479,16853.564
sample,int,boundary-only,relationship,4,1,0,32768,3277,26713200,0,0
sample,int,boundary-only,relationship,4,1,1,32768,3277,27042500,0,0
sample,int,boundary-only,relationship,4,1,2,32768,3277,26666100,0,0
sample,int,boundary-only,relationship,4,1,3,32768,3277,28343800,0,0
sample,int,boundary-only,relationship,4,1,4,32768,3277,26708800,0,0
sample,int,boundary-only,relationship,4,1,5,32768,3277,27364200,0,0
sample,int,boundary-only,relationship,4,1,6,32768,3277,27181200,0,0
summary,int,boundary-only,relationship,813.785,825.272,864.984
sample,int,boundary-only,clipping,4,1,0,2048,205,21402800,42237952,10
sample,int,boundary-only,clipping,4,1,1,2048,205,21093600,42237952,10
sample,int,boundary-only,clipping,4,1,2,2048,205,21872100,42237952,10
sample,int,boundary-only,clipping,4,1,3,2048,205,21552700,42237952,10
sample,int,boundary-only,clipping,4,1,4,2048,205,21002300,42237952,10
sample,int,boundary-only,clipping,4,1,5,2048,205,20798700,42237952,10
sample,int,boundary-only,clipping,4,1,6,2048,205,30854800,42237952,10
summary,int,boundary-only,clipping,10155.615,10450.586,15065.820
sample,int,boundary-overlap,relationship,4,1,0,32768,3277,33548500,0,0
sample,int,boundary-overlap,relationship,4,1,1,32768,3277,33641900,0,0
sample,int,boundary-overlap,relationship,4,1,2,32768,3277,33124900,0,0
sample,int,boundary-overlap,relationship,4,1,3,32768,3277,34808300,0,0
sample,int,boundary-overlap,relationship,4,1,4,32768,3277,33468500,0,0
sample,int,boundary-overlap,relationship,4,1,5,32768,3277,33253100,0,0
sample,int,boundary-overlap,relationship,4,1,6,32768,3277,33852100,0,0
summary,int,boundary-overlap,relationship,1010.892,1023.819,1062.265
sample,int,boundary-overlap,clipping,4,1,0,2048,205,23602900,42303488,10
sample,int,boundary-overlap,clipping,4,1,1,2048,205,22555400,42303488,10
sample,int,boundary-overlap,clipping,4,1,2,2048,205,22360900,42303488,10
sample,int,boundary-overlap,clipping,4,1,3,2048,205,22347500,42303488,10
sample,int,boundary-overlap,clipping,4,1,4,2048,205,22279700,42303488,10
sample,int,boundary-overlap,clipping,4,1,5,2048,205,24454100,42303488,10
sample,int,boundary-overlap,clipping,4,1,6,2048,205,23852500,42303488,10
summary,int,boundary-overlap,clipping,10878.760,11013.379,11940.479
sample,int,isolated-tangent,relationship,4,0,0,32768,3277,35926000,0,0
sample,int,isolated-tangent,relationship,4,0,1,32768,3277,33481300,0,0
sample,int,isolated-tangent,relationship,4,0,2,32768,3277,33522500,0,0
sample,int,isolated-tangent,relationship,4,0,3,32768,3277,34446000,0,0
sample,int,isolated-tangent,relationship,4,0,4,32768,3277,33395800,0,0
sample,int,isolated-tangent,relationship,4,0,5,32768,3277,32880500,0,0
sample,int,isolated-tangent,relationship,4,0,6,32768,3277,32702900,0,0
summary,int,isolated-tangent,relationship,998.013,1021.768,1096.375
sample,int,isolated-tangent,clipping,4,0,0,8192,820,37745300,135004160,32
sample,int,isolated-tangent,clipping,4,0,1,8192,820,35448800,135004160,32
sample,int,isolated-tangent,clipping,4,0,2,8192,820,46724800,135004160,32
sample,int,isolated-tangent,clipping,4,0,3,8192,820,37365800,135004160,32
sample,int,isolated-tangent,clipping,4,0,4,8192,820,35836200,135004160,32
sample,int,isolated-tangent,clipping,4,0,5,8192,820,35897000,135004160,32
sample,int,isolated-tangent,clipping,4,0,6,8192,820,34924600,135004160,32
summary,int,isolated-tangent,clipping,4263.257,4381.958,5703.711
sample,int,degenerate-interior,relationship,4,0,0,65536,6554,1699700,0,0
sample,int,degenerate-interior,relationship,4,0,1,65536,6554,1670700,0,0
sample,int,degenerate-interior,relationship,4,0,2,65536,6554,1830300,0,0
sample,int,degenerate-interior,relationship,4,0,3,65536,6554,1787600,0,0
sample,int,degenerate-interior,relationship,4,0,4,65536,6554,1697700,0,0
sample,int,degenerate-interior,relationship,4,0,5,65536,6554,1684400,0,0
sample,int,degenerate-interior,relationship,4,0,6,65536,6554,1687700,0,0
summary,int,degenerate-interior,relationship,25.493,25.905,27.928
sample,int,degenerate-interior,clipping,4,0,0,65536,6554,224000,0,0
sample,int,degenerate-interior,clipping,4,0,1,65536,6554,224000,0,0
sample,int,degenerate-interior,clipping,4,0,2,65536,6554,224000,0,0
sample,int,degenerate-interior,clipping,4,0,3,65536,6554,227500,0,0
sample,int,degenerate-interior,clipping,4,0,4,65536,6554,264400,0,0
sample,int,degenerate-interior,clipping,4,0,5,65536,6554,224000,0,0
sample,int,degenerate-interior,clipping,4,0,6,65536,6554,227000,0,0
summary,int,degenerate-interior,clipping,3.418,3.418,4.034
sample,int,degenerate-boundary,relationship,4,0,0,65536,6554,1666200,0,0
sample,int,degenerate-boundary,relationship,4,0,1,65536,6554,1859000,0,0
sample,int,degenerate-boundary,relationship,4,0,2,65536,6554,1719900,0,0
sample,int,degenerate-boundary,relationship,4,0,3,65536,6554,1675800,0,0
sample,int,degenerate-boundary,relationship,4,0,4,65536,6554,1691100,0,0
sample,int,degenerate-boundary,relationship,4,0,5,65536,6554,1676700,0,0
sample,int,degenerate-boundary,relationship,4,0,6,65536,6554,1712000,0,0
summary,int,degenerate-boundary,relationship,25.424,25.804,28.366
sample,int,degenerate-boundary,clipping,4,0,0,65536,6554,226100,0,0
sample,int,degenerate-boundary,clipping,4,0,1,65536,6554,343000,0,0
sample,int,degenerate-boundary,clipping,4,0,2,65536,6554,268400,0,0
sample,int,degenerate-boundary,clipping,4,0,3,65536,6554,272600,0,0
sample,int,degenerate-boundary,clipping,4,0,4,65536,6554,224000,0,0
sample,int,degenerate-boundary,clipping,4,0,5,65536,6554,223900,0,0
sample,int,degenerate-boundary,clipping,4,0,6,65536,6554,224000,0,0
summary,int,degenerate-boundary,clipping,3.416,3.450,5.234
sample,int,empty,relationship,0,0,0,65536,6554,300600,0,0
sample,int,empty,relationship,0,0,1,65536,6554,305300,0,0
sample,int,empty,relationship,0,0,2,65536,6554,300600,0,0
sample,int,empty,relationship,0,0,3,65536,6554,340400,0,0
sample,int,empty,relationship,0,0,4,65536,6554,300600,0,0
sample,int,empty,relationship,0,0,5,65536,6554,300500,0,0
sample,int,empty,relationship,0,0,6,65536,6554,300500,0,0
summary,int,empty,relationship,4.585,4.587,5.194
sample,int,empty,clipping,0,0,0,65536,6554,224000,0,0
sample,int,empty,clipping,0,0,1,65536,6554,373300,0,0
sample,int,empty,clipping,0,0,2,65536,6554,231200,0,0
sample,int,empty,clipping,0,0,3,65536,6554,265900,0,0
sample,int,empty,clipping,0,0,4,65536,6554,262200,0,0
sample,int,empty,clipping,0,0,5,65536,6554,224000,0,0
sample,int,empty,clipping,0,0,6,65536,6554,224000,0,0
summary,int,empty,clipping,3.418,3.528,5.696
sample,int,concave-u,relationship,8,2,0,16384,1639,38639000,0,0
sample,int,concave-u,relationship,8,2,1,16384,1639,37335500,0,0
sample,int,concave-u,relationship,8,2,2,16384,1639,38247000,0,0
sample,int,concave-u,relationship,8,2,3,16384,1639,37616900,0,0
sample,int,concave-u,relationship,8,2,4,16384,1639,37674100,0,0
sample,int,concave-u,relationship,8,2,5,16384,1639,39238500,0,0
sample,int,concave-u,relationship,8,2,6,16384,1639,37287200,0,0
summary,int,concave-u,relationship,2275.830,2299.445,2394.928
sample,int,concave-u,clipping,8,2,0,1024,103,39360900,25427968,6
sample,int,concave-u,clipping,8,2,1,1024,103,40817300,25427968,6
sample,int,concave-u,clipping,8,2,2,1024,103,39215800,25427968,6
sample,int,concave-u,clipping,8,2,3,1024,103,39998900,25427968,6
sample,int,concave-u,clipping,8,2,4,1024,103,39428600,25427968,6
sample,int,concave-u,clipping,8,2,5,1024,103,39390800,25427968,6
sample,int,concave-u,clipping,8,2,6,1024,103,40203700,25427968,6
summary,int,concave-u,clipping,38296.680,38504.492,39860.645
sample,int,hole,relationship,8,2,0,16384,1639,47944300,0,0
sample,int,hole,relationship,8,2,1,16384,1639,38565900,0,0
sample,int,hole,relationship,8,2,2,16384,1639,40360700,0,0
sample,int,hole,relationship,8,2,3,16384,1639,38452000,0,0
sample,int,hole,relationship,8,2,4,16384,1639,38837600,0,0
sample,int,hole,relationship,8,2,5,16384,1639,38835100,0,0
sample,int,hole,relationship,8,2,6,16384,1639,38667200,0,0
summary,int,hole,relationship,2346.924,2370.306,2926.288
sample,int,hole,clipping,8,2,0,512,52,19781800,12713984,3
sample,int,hole,clipping,8,2,1,512,52,19679900,12713984,3
sample,int,hole,clipping,8,2,2,512,52,19667900,12713984,3
sample,int,hole,clipping,8,2,3,512,52,19767300,12713984,3
sample,int,hole,clipping,8,2,4,512,52,19777500,12713984,3
sample,int,hole,clipping,8,2,5,512,52,19816200,12713984,3
sample,int,hole,clipping,8,2,6,512,52,19748900,12713984,3
summary,int,hole,clipping,38413.867,38608.008,38703.516
sample,int,hole-reversed,relationship,8,2,0,16384,1639,38645800,0,0
sample,int,hole-reversed,relationship,8,2,1,16384,1639,38542200,0,0
sample,int,hole-reversed,relationship,8,2,2,16384,1639,38534600,0,0
sample,int,hole-reversed,relationship,8,2,3,16384,1639,39074900,0,0
sample,int,hole-reversed,relationship,8,2,4,16384,1639,39247900,0,0
sample,int,hole-reversed,relationship,8,2,5,16384,1639,38494900,0,0
sample,int,hole-reversed,relationship,8,2,6,16384,1639,38601400,0,0
summary,int,hole-reversed,relationship,2349.542,2356.042,2395.502
sample,int,hole-reversed,clipping,8,2,0,1024,103,39549300,25427968,6
sample,int,hole-reversed,clipping,8,2,1,1024,103,38941300,25427968,6
sample,int,hole-reversed,clipping,8,2,2,1024,103,38838100,25427968,6
sample,int,hole-reversed,clipping,8,2,3,1024,103,48303300,25427968,6
sample,int,hole-reversed,clipping,8,2,4,1024,103,39562800,25427968,6
sample,int,hole-reversed,clipping,8,2,5,1024,103,39603700,25427968,6
sample,int,hole-reversed,clipping,8,2,6,1024,103,39024800,25427968,6
summary,int,hole-reversed,clipping,37927.832,38622.363,47171.191
sample,int,rational-crossing,relationship,3,1,0,65536,6554,33203900,0,0
sample,int,rational-crossing,relationship,3,1,1,65536,6554,34479300,0,0
sample,int,rational-crossing,relationship,3,1,2,65536,6554,33072000,0,0
sample,int,rational-crossing,relationship,3,1,3,65536,6554,33071700,0,0
sample,int,rational-crossing,relationship,3,1,4,65536,6554,33085600,0,0
sample,int,rational-crossing,relationship,3,1,5,65536,6554,33121600,0,0
sample,int,rational-crossing,relationship,3,1,6,65536,6554,33055300,0,0
summary,int,rational-crossing,relationship,504.384,504.846,526.112
sample,int,rational-crossing,clipping,3,1,0,2048,205,33801400,33914880,8
sample,int,rational-crossing,clipping,3,1,1,2048,205,33981800,33914880,8
sample,int,rational-crossing,clipping,3,1,2,2048,205,33888800,33914880,8
sample,int,rational-crossing,clipping,3,1,3,2048,205,34418900,33914880,8
sample,int,rational-crossing,clipping,3,1,4,2048,205,34320700,33914880,8
sample,int,rational-crossing,clipping,3,1,5,2048,205,33397200,33914880,8
sample,int,rational-crossing,clipping,3,1,6,2048,205,33836300,33914880,8
summary,int,rational-crossing,clipping,16307.227,16547.266,16806.104
sample,int,sparse-1,relationship,4,1,0,32768,3277,24023700,0,0
sample,int,sparse-1,relationship,4,1,1,32768,3277,24707400,0,0
sample,int,sparse-1,relationship,4,1,2,32768,3277,24640100,0,0
sample,int,sparse-1,relationship,4,1,3,32768,3277,23867800,0,0
sample,int,sparse-1,relationship,4,1,4,32768,3277,23756400,0,0
sample,int,sparse-1,relationship,4,1,5,32768,3277,24169500,0,0
sample,int,sparse-1,relationship,4,1,6,32768,3277,24070000,0,0
summary,int,sparse-1,relationship,724.988,734.558,754.010
sample,int,sparse-1,clipping,4,1,0,1024,103,16729600,16957440,4
sample,int,sparse-1,clipping,4,1,1,1024,103,17241000,16957440,4
sample,int,sparse-1,clipping,4,1,2,1024,103,17471800,16957440,4
sample,int,sparse-1,clipping,4,1,3,1024,103,16616400,16957440,4
sample,int,sparse-1,clipping,4,1,4,1024,103,16864500,16957440,4
sample,int,sparse-1,clipping,4,1,5,1024,103,16667200,16957440,4
sample,int,sparse-1,clipping,4,1,6,1024,103,16821300,16957440,4
summary,int,sparse-1,clipping,16226.953,16427.051,17062.305
sample,int,sparse-4,relationship,16,1,0,8192,820,30478300,0,0
sample,int,sparse-4,relationship,16,1,1,8192,820,31048500,0,0
sample,int,sparse-4,relationship,16,1,2,8192,820,31386200,0,0
sample,int,sparse-4,relationship,16,1,3,8192,820,30630900,0,0
sample,int,sparse-4,relationship,16,1,4,8192,820,30577100,0,0
sample,int,sparse-4,relationship,16,1,5,8192,820,30575700,0,0
sample,int,sparse-4,relationship,16,1,6,8192,820,30581400,0,0
summary,int,sparse-4,relationship,3720.496,3733.081,3831.323
sample,int,sparse-4,clipping,16,1,0,1024,103,21977500,16957440,4
sample,int,sparse-4,clipping,16,1,1,1024,103,21064000,16957440,4
sample,int,sparse-4,clipping,16,1,2,1024,103,21137700,16957440,4
sample,int,sparse-4,clipping,16,1,3,1024,103,21543100,16957440,4
sample,int,sparse-4,clipping,16,1,4,1024,103,21379600,16957440,4
sample,int,sparse-4,clipping,16,1,5,1024,103,21369500,16957440,4
sample,int,sparse-4,clipping,16,1,6,1024,103,21406500,16957440,4
summary,int,sparse-4,clipping,20570.312,20878.516,21462.402
sample,int,sparse-16,relationship,64,1,0,2048,205,31201400,0,0
sample,int,sparse-16,relationship,64,1,1,2048,205,31762000,0,0
sample,int,sparse-16,relationship,64,1,2,2048,205,31842300,0,0
sample,int,sparse-16,relationship,64,1,3,2048,205,31812900,0,0
sample,int,sparse-16,relationship,64,1,4,2048,205,31743300,0,0
sample,int,sparse-16,relationship,64,1,5,2048,205,33420700,0,0
sample,int,sparse-16,relationship,64,1,6,2048,205,31996000,0,0
summary,int,sparse-16,relationship,15235.059,15533.643,16318.701
sample,int,sparse-16,clipping,64,1,0,1024,103,47913000,16957440,4
sample,int,sparse-16,clipping,64,1,1,1024,103,39706800,16957440,4
sample,int,sparse-16,clipping,64,1,2,1024,103,37750000,16957440,4
sample,int,sparse-16,clipping,64,1,3,1024,103,38258100,16957440,4
sample,int,sparse-16,clipping,64,1,4,1024,103,38565600,16957440,4
sample,int,sparse-16,clipping,64,1,5,1024,103,38309200,16957440,4
sample,int,sparse-16,clipping,64,1,6,1024,103,39435500,16957440,4
summary,int,sparse-16,clipping,36865.234,37661.719,46790.039
sample,int,sparse-64,relationship,256,1,0,512,52,32077000,0,0
sample,int,sparse-64,relationship,256,1,1,512,52,31982600,0,0
sample,int,sparse-64,relationship,256,1,2,512,52,32022100,0,0
sample,int,sparse-64,relationship,256,1,3,512,52,33234100,0,0
sample,int,sparse-64,relationship,256,1,4,512,52,31930100,0,0
sample,int,sparse-64,relationship,256,1,5,512,52,32175800,0,0
sample,int,sparse-64,relationship,256,1,6,512,52,32028800,0,0
summary,int,sparse-64,relationship,62363.477,62556.250,64910.352
sample,int,sparse-64,clipping,256,1,0,256,26,26373800,4239360,1
sample,int,sparse-64,clipping,256,1,1,256,26,27897600,4239360,1
sample,int,sparse-64,clipping,256,1,2,256,26,26104700,4239360,1
sample,int,sparse-64,clipping,256,1,3,256,26,25925500,4239360,1
sample,int,sparse-64,clipping,256,1,4,256,26,26452600,4239360,1
sample,int,sparse-64,clipping,256,1,5,256,26,26404500,4239360,1
sample,int,sparse-64,clipping,256,1,6,256,26,26451800,4239360,1
summary,int,sparse-64,clipping,101271.484,103142.578,108975.000
sample,int,dense-1,relationship,4,1,0,32768,3277,25175300,0,0
sample,int,dense-1,relationship,4,1,1,32768,3277,24095600,0,0
sample,int,dense-1,relationship,4,1,2,32768,3277,24327100,0,0
sample,int,dense-1,relationship,4,1,3,32768,3277,24125700,0,0
sample,int,dense-1,relationship,4,1,4,32768,3277,24153600,0,0
sample,int,dense-1,relationship,4,1,5,32768,3277,24330000,0,0
sample,int,dense-1,relationship,4,1,6,32768,3277,24022600,0,0
summary,int,dense-1,relationship,733.112,737.109,768.289
sample,int,dense-1,clipping,4,1,0,2048,205,33704900,33914880,8
sample,int,dense-1,clipping,4,1,1,2048,205,33932700,33914880,8
sample,int,dense-1,clipping,4,1,2,2048,205,33999100,33914880,8
sample,int,dense-1,clipping,4,1,3,2048,205,33636000,33914880,8
sample,int,dense-1,clipping,4,1,4,2048,205,35073500,33914880,8
sample,int,dense-1,clipping,4,1,5,2048,205,34075800,33914880,8
sample,int,dense-1,clipping,4,1,6,2048,205,33748300,33914880,8
summary,int,dense-1,clipping,16423.828,16568.701,17125.732
sample,int,dense-4,relationship,16,4,0,4096,410,22067500,0,0
sample,int,dense-4,relationship,16,4,1,4096,410,22092500,0,0
sample,int,dense-4,relationship,16,4,2,4096,410,22965200,0,0
sample,int,dense-4,relationship,16,4,3,4096,410,23491600,0,0
sample,int,dense-4,relationship,16,4,4,4096,410,22242600,0,0
sample,int,dense-4,relationship,16,4,5,4096,410,21795200,0,0
sample,int,dense-4,relationship,16,4,6,4096,410,22599700,0,0
summary,int,dense-4,relationship,5321.094,5430.322,5735.254
sample,int,dense-4,clipping,16,4,0,256,26,22288400,10588160,2
sample,int,dense-4,clipping,16,4,1,256,26,21831900,10588160,2
sample,int,dense-4,clipping,16,4,2,256,26,22349900,10588160,2
sample,int,dense-4,clipping,16,4,3,256,26,22526800,10588160,2
sample,int,dense-4,clipping,16,4,4,256,26,21473200,10588160,2
sample,int,dense-4,clipping,16,4,5,256,26,21533700,10588160,2
sample,int,dense-4,clipping,16,4,6,256,26,21943500,10588160,2
summary,int,dense-4,clipping,83879.688,85716.797,87995.312
sample,int,dense-16,relationship,64,16,0,1024,103,24361100,0,0
sample,int,dense-16,relationship,64,16,1,1024,103,25186400,0,0
sample,int,dense-16,relationship,64,16,2,1024,103,25462000,0,0
sample,int,dense-16,relationship,64,16,3,1024,103,24665600,0,0
sample,int,dense-16,relationship,64,16,4,1024,103,24108300,0,0
sample,int,dense-16,relationship,64,16,5,1024,103,24546400,0,0
sample,int,dense-16,relationship,64,16,6,1024,103,24438600,0,0
summary,int,dense-16,relationship,23543.262,23971.094,24865.234
sample,int,dense-16,clipping,64,16,0,64,7,36747900,9280512,2
sample,int,dense-16,clipping,64,16,1,64,7,25626400,9280512,2
sample,int,dense-16,clipping,64,16,2,64,7,25762100,9280512,2
sample,int,dense-16,clipping,64,16,3,64,7,25885300,9280512,2
sample,int,dense-16,clipping,64,16,4,64,7,26101800,9280512,2
sample,int,dense-16,clipping,64,16,5,64,7,26055400,9280512,2
sample,int,dense-16,clipping,64,16,6,64,7,26027500,9280512,2
summary,int,dense-16,clipping,400412.500,406679.688,574185.938
sample,int,dense-64,relationship,256,64,0,256,26,24949500,0,0
sample,int,dense-64,relationship,256,64,1,256,26,24787600,0,0
sample,int,dense-64,relationship,256,64,2,256,26,24890800,0,0
sample,int,dense-64,relationship,256,64,3,256,26,24889100,0,0
sample,int,dense-64,relationship,256,64,4,256,26,24861300,0,0
sample,int,dense-64,relationship,256,64,5,256,26,24870500,0,0
sample,int,dense-64,relationship,256,64,6,256,26,25537200,0,0
summary,int,dense-64,relationship,96826.562,97223.047,99754.688
sample,int,dense-64,clipping,256,64,0,16,2,30053400,8896512,2
sample,int,dense-64,clipping,256,64,1,16,2,30312500,8896512,2
sample,int,dense-64,clipping,256,64,2,16,2,30294000,8896512,2
sample,int,dense-64,clipping,256,64,3,16,2,30355700,8896512,2
sample,int,dense-64,clipping,256,64,4,16,2,31616400,8896512,2
sample,int,dense-64,clipping,256,64,5,16,2,30158500,8896512,2
sample,int,dense-64,clipping,256,64,6,16,2,30047800,8896512,2
summary,int,dense-64,clipping,1877987.500,1893375.000,1976025.000
sample,int,wide-integral,relationship,4,1,0,32768,3277,24306600,0,0
sample,int,wide-integral,relationship,4,1,1,32768,3277,24181100,0,0
sample,int,wide-integral,relationship,4,1,2,32768,3277,24856600,0,0
sample,int,wide-integral,relationship,4,1,3,32768,3277,25531000,0,0
sample,int,wide-integral,relationship,4,1,4,32768,3277,24276500,0,0
sample,int,wide-integral,relationship,4,1,5,32768,3277,24367300,0,0
sample,int,wide-integral,relationship,4,1,6,32768,3277,24231600,0,0
summary,int,wide-integral,relationship,737.949,741.779,779.144
sample,int,wide-integral,clipping,4,1,0,2048,205,37406300,33914880,8
sample,int,wide-integral,clipping,4,1,1,2048,205,45541600,33914880,8
sample,int,wide-integral,clipping,4,1,2,2048,205,36323600,33914880,8
sample,int,wide-integral,clipping,4,1,3,2048,205,36630100,33914880,8
sample,int,wide-integral,clipping,4,1,4,2048,205,36418100,33914880,8
sample,int,wide-integral,clipping,4,1,5,2048,205,36544400,33914880,8
sample,int,wide-integral,clipping,4,1,6,2048,205,37014600,33914880,8
summary,int,wide-integral,clipping,17736.133,17885.791,22237.109
fixture,long,exterior,4,1,success,0
fixture,long,interior,4,4,success,1
fixture,long,crossing,4,7,success,1
fixture,long,boundary-only,4,10,success,1
fixture,long,boundary-overlap,4,11,success,1
fixture,long,isolated-tangent,4,3,success,0
fixture,long,degenerate-interior,4,4,success,0
fixture,long,degenerate-boundary,4,2,success,0
fixture,long,empty,0,1,success,0
fixture,long,concave-u,8,7,success,2
fixture,long,hole,8,7,success,2
fixture,long,hole-reversed,8,7,success,2
fixture,long,rational-crossing,3,7,success,1
fixture,long,sparse-1,4,7,success,1
fixture,long,sparse-4,16,7,success,1
fixture,long,sparse-16,64,7,success,1
fixture,long,sparse-64,256,7,success,1
fixture,long,dense-1,4,7,success,1
fixture,long,dense-4,16,7,success,4
fixture,long,dense-16,64,7,success,16
fixture,long,dense-64,256,7,success,64
fixture,long,wide-integral,4,7,success,1
fixture,long,endpoint-collapse,4,6,unrepresentableConstruction,0
fixture,long,gap-collapse,8,7,unrepresentableConstruction,0
preflight,long,24,PASS
sample,long,exterior,relationship,4,0,0,32768,3277,28217800,0,0
sample,long,exterior,relationship,4,0,1,32768,3277,28331800,0,0
sample,long,exterior,relationship,4,0,2,32768,3277,28171500,0,0
sample,long,exterior,relationship,4,0,3,32768,3277,28909600,0,0
sample,long,exterior,relationship,4,0,4,32768,3277,28974700,0,0
sample,long,exterior,relationship,4,0,5,32768,3277,28964600,0,0
sample,long,exterior,relationship,4,0,6,32768,3277,28104400,0,0
summary,long,exterior,relationship,857.678,864.618,884.238
sample,long,exterior,clipping,4,0,0,8192,820,26284300,67895296,16
sample,long,exterior,clipping,4,0,1,8192,820,27322100,67895296,16
sample,long,exterior,clipping,4,0,2,8192,820,25985100,67895296,16
sample,long,exterior,clipping,4,0,3,8192,820,26629200,67895296,16
sample,long,exterior,clipping,4,0,4,8192,820,25826200,67895296,16
sample,long,exterior,clipping,4,0,5,8192,820,25914900,67895296,16
sample,long,exterior,clipping,4,0,6,8192,820,25872100,67895296,16
summary,long,exterior,clipping,3152.612,3172.009,3335.217
sample,long,interior,relationship,4,1,0,32768,3277,28114700,0,0
sample,long,interior,relationship,4,1,1,32768,3277,27232200,0,0
sample,long,interior,relationship,4,1,2,32768,3277,27455800,0,0
sample,long,interior,relationship,4,1,3,32768,3277,27569700,0,0
sample,long,interior,relationship,4,1,4,32768,3277,27327600,0,0
sample,long,interior,relationship,4,1,5,32768,3277,27829900,0,0
sample,long,interior,relationship,4,1,6,32768,3277,28263300,0,0
summary,long,interior,relationship,831.061,841.360,862.527
sample,long,interior,clipping,4,1,0,4096,410,31573200,34144256,8
sample,long,interior,clipping,4,1,1,4096,410,31486100,34144256,8
sample,long,interior,clipping,4,1,2,4096,410,31392500,34144256,8
sample,long,interior,clipping,4,1,3,4096,410,31387000,34144256,8
sample,long,interior,clipping,4,1,4,4096,410,31661000,34144256,8
sample,long,interior,clipping,4,1,5,4096,410,30867300,34144256,8
sample,long,interior,clipping,4,1,6,4096,410,31226300,34144256,8
summary,long,interior,clipping,7535.962,7664.185,7729.736
sample,long,crossing,relationship,4,1,0,32768,3277,27800100,0,0
sample,long,crossing,relationship,4,1,1,32768,3277,27958700,0,0
sample,long,crossing,relationship,4,1,2,32768,3277,28760800,0,0
sample,long,crossing,relationship,4,1,3,32768,3277,28393100,0,0
sample,long,crossing,relationship,4,1,4,32768,3277,27802500,0,0
sample,long,crossing,relationship,4,1,5,32768,3277,27971300,0,0
sample,long,crossing,relationship,4,1,6,32768,3277,27751400,0,0
summary,long,crossing,relationship,846.906,853.232,877.710
sample,long,crossing,clipping,4,1,0,2048,205,36434500,33914880,8
sample,long,crossing,clipping,4,1,1,2048,205,35800900,33914880,8
sample,long,crossing,clipping,4,1,2,2048,205,35532300,33914880,8
sample,long,crossing,clipping,4,1,3,2048,205,35432600,33914880,8
sample,long,crossing,clipping,4,1,4,2048,205,35302100,33914880,8
sample,long,crossing,clipping,4,1,5,2048,205,35523400,33914880,8
sample,long,crossing,clipping,4,1,6,2048,205,34779100,33914880,8
summary,long,crossing,clipping,16981.982,17345.410,17790.283
sample,long,boundary-only,relationship,4,1,0,32768,3277,34164800,0,0
sample,long,boundary-only,relationship,4,1,1,32768,3277,35109000,0,0
sample,long,boundary-only,relationship,4,1,2,32768,3277,33961800,0,0
sample,long,boundary-only,relationship,4,1,3,32768,3277,43654400,0,0
sample,long,boundary-only,relationship,4,1,4,32768,3277,34832300,0,0
sample,long,boundary-only,relationship,4,1,5,32768,3277,34746600,0,0
sample,long,boundary-only,relationship,4,1,6,32768,3277,34589600,0,0
summary,long,boundary-only,relationship,1036.432,1060.382,1332.227
sample,long,boundary-only,clipping,4,1,0,2048,205,21880700,42237952,10
sample,long,boundary-only,clipping,4,1,1,2048,205,22395700,42237952,10
sample,long,boundary-only,clipping,4,1,2,2048,205,22542700,42237952,10
sample,long,boundary-only,clipping,4,1,3,2048,205,22387300,42237952,10
sample,long,boundary-only,clipping,4,1,4,2048,205,22551300,42237952,10
sample,long,boundary-only,clipping,4,1,5,2048,205,22266300,42237952,10
sample,long,boundary-only,clipping,4,1,6,2048,205,22404400,42237952,10
summary,long,boundary-only,clipping,10683.936,10935.400,11011.377
sample,long,boundary-overlap,relationship,4,1,0,16384,1639,21644300,0,0
sample,long,boundary-overlap,relationship,4,1,1,16384,1639,22033900,0,0
sample,long,boundary-overlap,relationship,4,1,2,16384,1639,22023600,0,0
sample,long,boundary-overlap,relationship,4,1,3,16384,1639,21970700,0,0
sample,long,boundary-overlap,relationship,4,1,4,16384,1639,22084200,0,0
sample,long,boundary-overlap,relationship,4,1,5,16384,1639,21909800,0,0
sample,long,boundary-overlap,relationship,4,1,6,16384,1639,22152700,0,0
summary,long,boundary-overlap,relationship,1321.063,1344.214,1352.094
sample,long,boundary-overlap,clipping,4,1,0,2048,205,23889600,42303488,10
sample,long,boundary-overlap,clipping,4,1,1,2048,205,24022400,42303488,10
sample,long,boundary-overlap,clipping,4,1,2,2048,205,24081600,42303488,10
sample,long,boundary-overlap,clipping,4,1,3,2048,205,23978000,42303488,10
sample,long,boundary-overlap,clipping,4,1,4,2048,205,24099400,42303488,10
sample,long,boundary-overlap,clipping,4,1,5,2048,205,23983100,42303488,10
sample,long,boundary-overlap,clipping,4,1,6,2048,205,24906000,42303488,10
summary,long,boundary-overlap,clipping,11664.844,11729.688,12161.133
sample,long,isolated-tangent,relationship,4,0,0,16384,1639,20385800,0,0
sample,long,isolated-tangent,relationship,4,0,1,16384,1639,20485000,0,0
sample,long,isolated-tangent,relationship,4,0,2,16384,1639,20385100,0,0
sample,long,isolated-tangent,relationship,4,0,3,16384,1639,20423400,0,0
sample,long,isolated-tangent,relationship,4,0,4,16384,1639,20394700,0,0
sample,long,isolated-tangent,relationship,4,0,5,16384,1639,20140200,0,0
sample,long,isolated-tangent,relationship,4,0,6,16384,1639,21499000,0,0
summary,long,isolated-tangent,relationship,1229.260,1244.794,1312.195
sample,long,isolated-tangent,clipping,4,0,0,4096,410,26030900,67502080,16
sample,long,isolated-tangent,clipping,4,0,1,4096,410,24198300,67502080,16
sample,long,isolated-tangent,clipping,4,0,2,4096,410,20601500,67502080,16
sample,long,isolated-tangent,clipping,4,0,3,4096,410,20538600,67502080,16
sample,long,isolated-tangent,clipping,4,0,4,4096,410,20378800,67502080,16
sample,long,isolated-tangent,clipping,4,0,5,4096,410,20072200,67502080,16
sample,long,isolated-tangent,clipping,4,0,6,4096,410,20712400,67502080,16
summary,long,isolated-tangent,clipping,4900.439,5029.663,6355.200
sample,long,degenerate-interior,relationship,4,0,0,65536,6554,1967500,0,0
sample,long,degenerate-interior,relationship,4,0,1,65536,6554,1991900,0,0
sample,long,degenerate-interior,relationship,4,0,2,65536,6554,1920600,0,0
sample,long,degenerate-interior,relationship,4,0,3,65536,6554,1932000,0,0
sample,long,degenerate-interior,relationship,4,0,4,65536,6554,1965900,0,0
sample,long,degenerate-interior,relationship,4,0,5,65536,6554,2144300,0,0
sample,long,degenerate-interior,relationship,4,0,6,65536,6554,1974400,0,0
summary,long,degenerate-interior,relationship,29.306,30.022,32.719
sample,long,degenerate-interior,clipping,4,0,0,65536,6554,316300,0,0
sample,long,degenerate-interior,clipping,4,0,1,65536,6554,313500,0,0
sample,long,degenerate-interior,clipping,4,0,2,65536,6554,313500,0,0
sample,long,degenerate-interior,clipping,4,0,3,65536,6554,357700,0,0
sample,long,degenerate-interior,clipping,4,0,4,65536,6554,313500,0,0
sample,long,degenerate-interior,clipping,4,0,5,65536,6554,313500,0,0
sample,long,degenerate-interior,clipping,4,0,6,65536,6554,316400,0,0
summary,long,degenerate-interior,clipping,4.784,4.784,5.458
sample,long,degenerate-boundary,relationship,4,0,0,65536,6554,1922600,0,0
sample,long,degenerate-boundary,relationship,4,0,1,65536,6554,1901600,0,0
sample,long,degenerate-boundary,relationship,4,0,2,65536,6554,1890200,0,0
sample,long,degenerate-boundary,relationship,4,0,3,65536,6554,2068800,0,0
sample,long,degenerate-boundary,relationship,4,0,4,65536,6554,1901300,0,0
sample,long,degenerate-boundary,relationship,4,0,5,65536,6554,1912000,0,0
sample,long,degenerate-boundary,relationship,4,0,6,65536,6554,1929300,0,0
summary,long,degenerate-boundary,relationship,28.842,29.175,31.567
sample,long,degenerate-boundary,clipping,4,0,0,65536,6554,313500,0,0
sample,long,degenerate-boundary,clipping,4,0,1,65536,6554,381100,0,0
sample,long,degenerate-boundary,clipping,4,0,2,65536,6554,353800,0,0
sample,long,degenerate-boundary,clipping,4,0,3,65536,6554,380900,0,0
sample,long,degenerate-boundary,clipping,4,0,4,65536,6554,316400,0,0
sample,long,degenerate-boundary,clipping,4,0,5,65536,6554,353600,0,0
sample,long,degenerate-boundary,clipping,4,0,6,65536,6554,323900,0,0
summary,long,degenerate-boundary,clipping,4.784,5.396,5.815
sample,long,empty,relationship,0,0,0,65536,6554,793600,0,0
sample,long,empty,relationship,0,0,1,65536,6554,833400,0,0
sample,long,empty,relationship,0,0,2,65536,6554,793400,0,0
sample,long,empty,relationship,0,0,3,65536,6554,833200,0,0
sample,long,empty,relationship,0,0,4,65536,6554,793800,0,0
sample,long,empty,relationship,0,0,5,65536,6554,971900,0,0
sample,long,empty,relationship,0,0,6,65536,6554,791300,0,0
summary,long,empty,relationship,12.074,12.112,14.830
sample,long,empty,clipping,0,0,0,65536,6554,315700,0,0
sample,long,empty,clipping,0,0,1,65536,6554,313500,0,0
sample,long,empty,clipping,0,0,2,65536,6554,313500,0,0
sample,long,empty,clipping,0,0,3,65536,6554,355400,0,0
sample,long,empty,clipping,0,0,4,65536,6554,313500,0,0
sample,long,empty,clipping,0,0,5,65536,6554,313500,0,0
sample,long,empty,clipping,0,0,6,65536,6554,316500,0,0
summary,long,empty,clipping,4.784,4.784,5.423
sample,long,concave-u,relationship,8,2,0,8192,820,21493300,0,0
sample,long,concave-u,relationship,8,2,1,8192,820,21116400,0,0
sample,long,concave-u,relationship,8,2,2,8192,820,21580900,0,0
sample,long,concave-u,relationship,8,2,3,8192,820,21454600,0,0
sample,long,concave-u,relationship,8,2,4,8192,820,22012300,0,0
sample,long,concave-u,relationship,8,2,5,8192,820,21361000,0,0
sample,long,concave-u,relationship,8,2,6,8192,820,21268600,0,0
summary,long,concave-u,relationship,2577.686,2618.970,2687.048
sample,long,concave-u,clipping,8,2,0,512,52,20122300,12713984,3
sample,long,concave-u,clipping,8,2,1,512,52,20193900,12713984,3
sample,long,concave-u,clipping,8,2,2,512,52,20142900,12713984,3
sample,long,concave-u,clipping,8,2,3,512,52,19984700,12713984,3
sample,long,concave-u,clipping,8,2,4,512,52,20225800,12713984,3
sample,long,concave-u,clipping,8,2,5,512,52,20570200,12713984,3
sample,long,concave-u,clipping,8,2,6,512,52,19814800,12713984,3
summary,long,concave-u,clipping,38700.781,39341.602,40176.172
sample,long,hole,relationship,8,2,0,8192,820,21343700,0,0
sample,long,hole,relationship,8,2,1,8192,820,21419800,0,0
sample,long,hole,relationship,8,2,2,8192,820,21291500,0,0
sample,long,hole,relationship,8,2,3,8192,820,23167300,0,0
sample,long,hole,relationship,8,2,4,8192,820,22102700,0,0
sample,long,hole,relationship,8,2,5,8192,820,21872400,0,0
sample,long,hole,relationship,8,2,6,8192,820,21778100,0,0
summary,long,hole,relationship,2599.060,2658.459,2828.040
sample,long,hole,clipping,8,2,0,512,52,19869500,12713984,3
sample,long,hole,clipping,8,2,1,512,52,19776100,12713984,3
sample,long,hole,clipping,8,2,2,512,52,19953700,12713984,3
sample,long,hole,clipping,8,2,3,512,52,19870700,12713984,3
sample,long,hole,clipping,8,2,4,512,52,20090900,12713984,3
sample,long,hole,clipping,8,2,5,512,52,20551500,12713984,3
sample,long,hole,clipping,8,2,6,512,52,20886800,12713984,3
summary,long,hole,clipping,38625.195,38972.070,40794.531
sample,long,hole-reversed,relationship,8,2,0,8192,820,20939400,0,0
sample,long,hole-reversed,relationship,8,2,1,8192,820,31087900,0,0
sample,long,hole-reversed,relationship,8,2,2,8192,820,21280900,0,0
sample,long,hole-reversed,relationship,8,2,3,8192,820,21350300,0,0
sample,long,hole-reversed,relationship,8,2,4,8192,820,21304800,0,0
sample,long,hole-reversed,relationship,8,2,5,8192,820,21405500,0,0
sample,long,hole-reversed,relationship,8,2,6,8192,820,21545800,0,0
summary,long,hole-reversed,relationship,2556.079,2606.238,3794.910
sample,long,hole-reversed,clipping,8,2,0,512,52,20015300,12713984,3
sample,long,hole-reversed,clipping,8,2,1,512,52,19878100,12713984,3
sample,long,hole-reversed,clipping,8,2,2,512,52,20067600,12713984,3
sample,long,hole-reversed,clipping,8,2,3,512,52,19966000,12713984,3
sample,long,hole-reversed,clipping,8,2,4,512,52,19768400,12713984,3
sample,long,hole-reversed,clipping,8,2,5,512,52,19865900,12713984,3
sample,long,hole-reversed,clipping,8,2,6,512,52,20862900,12713984,3
summary,long,hole-reversed,clipping,38610.156,38996.094,40747.852
sample,long,rational-crossing,relationship,3,1,0,65536,6554,39055600,0,0
sample,long,rational-crossing,relationship,3,1,1,65536,6554,39430100,0,0
sample,long,rational-crossing,relationship,3,1,2,65536,6554,38915100,0,0
sample,long,rational-crossing,relationship,3,1,3,65536,6554,39037500,0,0
sample,long,rational-crossing,relationship,3,1,4,65536,6554,38647200,0,0
sample,long,rational-crossing,relationship,3,1,5,65536,6554,38703400,0,0
sample,long,rational-crossing,relationship,3,1,6,65536,6554,38502500,0,0
summary,long,rational-crossing,relationship,587.502,593.797,601.656
sample,long,rational-crossing,clipping,3,1,0,2048,205,34130000,33914880,8
sample,long,rational-crossing,clipping,3,1,1,2048,205,34320700,33914880,8
sample,long,rational-crossing,clipping,3,1,2,2048,205,34349500,33914880,8
sample,long,rational-crossing,clipping,3,1,3,2048,205,34478600,33914880,8
sample,long,rational-crossing,clipping,3,1,4,2048,205,35684100,33914880,8
sample,long,rational-crossing,clipping,3,1,5,2048,205,34633600,33914880,8
sample,long,rational-crossing,clipping,3,1,6,2048,205,35054600,33914880,8
summary,long,rational-crossing,clipping,16665.039,16835.254,17423.877
sample,long,sparse-1,relationship,4,1,0,32768,3277,27783800,0,0
sample,long,sparse-1,relationship,4,1,1,32768,3277,27596500,0,0
sample,long,sparse-1,relationship,4,1,2,32768,3277,28335100,0,0
sample,long,sparse-1,relationship,4,1,3,32768,3277,27922100,0,0
sample,long,sparse-1,relationship,4,1,4,32768,3277,27771600,0,0
sample,long,sparse-1,relationship,4,1,5,32768,3277,27755100,0,0
sample,long,sparse-1,relationship,4,1,6,32768,3277,27701600,0,0
summary,long,sparse-1,relationship,842.178,847.522,864.719
sample,long,sparse-1,clipping,4,1,0,2048,205,34289800,33914880,8
sample,long,sparse-1,clipping,4,1,1,2048,205,34510200,33914880,8
sample,long,sparse-1,clipping,4,1,2,2048,205,34844000,33914880,8
sample,long,sparse-1,clipping,4,1,3,2048,205,34532800,33914880,8
sample,long,sparse-1,clipping,4,1,4,2048,205,34307200,33914880,8
sample,long,sparse-1,clipping,4,1,5,2048,205,35865700,33914880,8
sample,long,sparse-1,clipping,4,1,6,2048,205,34364400,33914880,8
summary,long,sparse-1,clipping,16743.066,16850.684,17512.549
sample,long,sparse-4,relationship,16,1,0,8192,820,34684900,0,0
sample,long,sparse-4,relationship,16,1,1,8192,820,35138900,0,0
sample,long,sparse-4,relationship,16,1,2,8192,820,35519600,0,0
sample,long,sparse-4,relationship,16,1,3,8192,820,34742700,0,0
sample,long,sparse-4,relationship,16,1,4,8192,820,35101100,0,0
sample,long,sparse-4,relationship,16,1,5,8192,820,35028700,0,0
sample,long,sparse-4,relationship,16,1,6,8192,820,34695000,0,0
summary,long,sparse-4,relationship,4233.997,4275.964,4335.889
sample,long,sparse-4,clipping,16,1,0,1024,103,22102100,16957440,4
sample,long,sparse-4,clipping,16,1,1,1024,103,22027800,16957440,4
sample,long,sparse-4,clipping,16,1,2,1024,103,22302200,16957440,4
sample,long,sparse-4,clipping,16,1,3,1024,103,22227400,16957440,4
sample,long,sparse-4,clipping,16,1,4,1024,103,31743400,16957440,4
sample,long,sparse-4,clipping,16,1,5,1024,103,22205700,16957440,4
sample,long,sparse-4,clipping,16,1,6,1024,103,22111500,16957440,4
summary,long,sparse-4,clipping,21511.523,21685.254,30999.414
sample,long,sparse-16,relationship,64,1,0,2048,205,36127700,0,0
sample,long,sparse-16,relationship,64,1,1,2048,205,36354700,0,0
sample,long,sparse-16,relationship,64,1,2,2048,205,36348700,0,0
sample,long,sparse-16,relationship,64,1,3,2048,205,37040400,0,0
sample,long,sparse-16,relationship,64,1,4,2048,205,35979800,0,0
sample,long,sparse-16,relationship,64,1,5,2048,205,36271400,0,0
sample,long,sparse-16,relationship,64,1,6,2048,205,36263000,0,0
summary,long,sparse-16,relationship,17568.262,17710.645,18086.133
sample,long,sparse-16,clipping,64,1,0,512,52,20597200,8478720,2
sample,long,sparse-16,clipping,64,1,1,512,52,21672500,8478720,2
sample,long,sparse-16,clipping,64,1,2,512,52,20638400,8478720,2
sample,long,sparse-16,clipping,64,1,3,512,52,20304700,8478720,2
sample,long,sparse-16,clipping,64,1,4,512,52,20359400,8478720,2
sample,long,sparse-16,clipping,64,1,5,512,52,20652200,8478720,2
sample,long,sparse-16,clipping,64,1,6,512,52,20640200,8478720,2
summary,long,sparse-16,clipping,39657.617,40309.375,42329.102
sample,long,sparse-64,relationship,256,1,0,512,52,37228600,0,0
sample,long,sparse-64,relationship,256,1,1,512,52,36043800,0,0
sample,long,sparse-64,relationship,256,1,2,512,52,36173200,0,0
sample,long,sparse-64,relationship,256,1,3,512,52,36343000,0,0
sample,long,sparse-64,relationship,256,1,4,512,52,36522000,0,0
sample,long,sparse-64,relationship,256,1,5,512,52,36879600,0,0
sample,long,sparse-64,relationship,256,1,6,512,52,37496800,0,0
summary,long,sparse-64,relationship,70398.047,71332.031,73235.938
sample,long,sparse-64,clipping,256,1,0,256,26,29213400,4239360,1
sample,long,sparse-64,clipping,256,1,1,256,26,38601800,4239360,1
sample,long,sparse-64,clipping,256,1,2,256,26,29193200,4239360,1
sample,long,sparse-64,clipping,256,1,3,256,26,29846100,4239360,1
sample,long,sparse-64,clipping,256,1,4,256,26,28783000,4239360,1
sample,long,sparse-64,clipping,256,1,5,256,26,28775900,4239360,1
sample,long,sparse-64,clipping,256,1,6,256,26,29533800,4239360,1
summary,long,sparse-64,clipping,112405.859,114114.844,150788.281
sample,long,dense-1,relationship,4,1,0,32768,3277,28323900,0,0
sample,long,dense-1,relationship,4,1,1,32768,3277,28293800,0,0
sample,long,dense-1,relationship,4,1,2,32768,3277,28254500,0,0
sample,long,dense-1,relationship,4,1,3,32768,3277,27801500,0,0
sample,long,dense-1,relationship,4,1,4,32768,3277,27735800,0,0
sample,long,dense-1,relationship,4,1,5,32768,3277,27722800,0,0
sample,long,dense-1,relationship,4,1,6,32768,3277,27761300,0,0
summary,long,dense-1,relationship,846.033,848.434,864.377
sample,long,dense-1,clipping,4,1,0,2048,205,34298000,33914880,8
sample,long,dense-1,clipping,4,1,1,2048,205,34321000,33914880,8
sample,long,dense-1,clipping,4,1,2,2048,205,34507300,33914880,8
sample,long,dense-1,clipping,4,1,3,2048,205,34294700,33914880,8
sample,long,dense-1,clipping,4,1,4,2048,205,35959400,33914880,8
sample,long,dense-1,clipping,4,1,5,2048,205,34701800,33914880,8
sample,long,dense-1,clipping,4,1,6,2048,205,34819300,33914880,8
summary,long,dense-1,clipping,16745.459,16849.268,17558.301
sample,long,dense-4,relationship,16,4,0,4096,410,24268500,0,0
sample,long,dense-4,relationship,16,4,1,4096,410,24189100,0,0
sample,long,dense-4,relationship,16,4,2,4096,410,25627200,0,0
sample,long,dense-4,relationship,16,4,3,4096,410,24225600,0,0
sample,long,dense-4,relationship,16,4,4,4096,410,23883200,0,0
sample,long,dense-4,relationship,16,4,5,4096,410,24481400,0,0
sample,long,dense-4,relationship,16,4,6,4096,410,24410700,0,0
summary,long,dense-4,relationship,5830.859,5924.927,6256.641
sample,long,dense-4,clipping,16,4,0,256,26,28561800,10588160,2
sample,long,dense-4,clipping,16,4,1,256,26,22791300,10588160,2
sample,long,dense-4,clipping,16,4,2,256,26,21977800,10588160,2
sample,long,dense-4,clipping,16,4,3,256,26,22236700,10588160,2
sample,long,dense-4,clipping,16,4,4,256,26,21763700,10588160,2
sample,long,dense-4,clipping,16,4,5,256,26,21852200,10588160,2
sample,long,dense-4,clipping,16,4,6,256,26,23523200,10588160,2
summary,long,dense-4,clipping,85014.453,86862.109,111569.531
sample,long,dense-16,relationship,64,16,0,1024,103,28495600,0,0
sample,long,dense-16,relationship,64,16,1,1024,103,27647100,0,0
sample,long,dense-16,relationship,64,16,2,1024,103,26855900,0,0
sample,long,dense-16,relationship,64,16,3,1024,103,27404500,0,0
sample,long,dense-16,relationship,64,16,4,1024,103,27585900,0,0
sample,long,dense-16,relationship,64,16,5,1024,103,27363700,0,0
sample,long,dense-16,relationship,64,16,6,1024,103,27266300,0,0
summary,long,dense-16,relationship,26226.465,26762.207,27827.734
sample,long,dense-16,clipping,64,16,0,64,7,26388000,9280512,2
sample,long,dense-16,clipping,64,16,1,64,7,26409100,9280512,2
sample,long,dense-16,clipping,64,16,2,64,7,26424700,9280512,2
sample,long,dense-16,clipping,64,16,3,64,7,26487800,9280512,2
sample,long,dense-16,clipping,64,16,4,64,7,26328000,9280512,2
sample,long,dense-16,clipping,64,16,5,64,7,26710000,9280512,2
sample,long,dense-16,clipping,64,16,6,64,7,27034900,9280512,2
summary,long,dense-16,clipping,411375.000,412885.938,422420.312
sample,long,dense-64,relationship,256,64,0,256,26,27395500,0,0
sample,long,dense-64,relationship,256,64,1,256,26,27365900,0,0
sample,long,dense-64,relationship,256,64,2,256,26,27504900,0,0
sample,long,dense-64,relationship,256,64,3,256,26,27052400,0,0
sample,long,dense-64,relationship,256,64,4,256,26,28933800,0,0
sample,long,dense-64,relationship,256,64,5,256,26,27167800,0,0
sample,long,dense-64,relationship,256,64,6,256,26,27261300,0,0
summary,long,dense-64,relationship,105673.438,106898.047,113022.656
sample,long,dense-64,clipping,256,64,0,16,2,30829100,8896512,3
sample,long,dense-64,clipping,256,64,1,16,2,40661600,8896512,3
sample,long,dense-64,clipping,256,64,2,16,2,39422700,8896512,3
sample,long,dense-64,clipping,256,64,3,16,2,30542600,8896512,3
sample,long,dense-64,clipping,256,64,4,16,2,31407300,8896512,3
sample,long,dense-64,clipping,256,64,5,16,2,31583200,8896512,3
sample,long,dense-64,clipping,256,64,6,16,2,31517600,8896512,3
summary,long,dense-64,clipping,1908912.500,1969850.000,2541350.000
sample,long,wide-integral,relationship,4,1,0,32768,3277,29083300,0,0
sample,long,wide-integral,relationship,4,1,1,32768,3277,29079300,0,0
sample,long,wide-integral,relationship,4,1,2,32768,3277,28943900,0,0
sample,long,wide-integral,relationship,4,1,3,32768,3277,29135200,0,0
sample,long,wide-integral,relationship,4,1,4,32768,3277,31961700,0,0
sample,long,wide-integral,relationship,4,1,5,32768,3277,30186400,0,0
sample,long,wide-integral,relationship,4,1,6,32768,3277,29696200,0,0
summary,long,wide-integral,relationship,883.298,889.136,975.394
sample,long,wide-integral,clipping,4,1,0,1024,103,20634300,16957440,4
sample,long,wide-integral,clipping,4,1,1,1024,103,20900900,16957440,4
sample,long,wide-integral,clipping,4,1,2,1024,103,20500800,16957440,4
sample,long,wide-integral,clipping,4,1,3,1024,103,20503100,16957440,4
sample,long,wide-integral,clipping,4,1,4,1024,103,20227200,16957440,4
sample,long,wide-integral,clipping,4,1,5,1024,103,21632100,16957440,4
sample,long,wide-integral,clipping,4,1,6,1024,103,20229000,16957440,4
summary,long,wide-integral,clipping,19753.125,20022.559,21125.098
sample,long,endpoint-collapse,relationship,4,0,0,16384,1639,20795500,0,0
sample,long,endpoint-collapse,relationship,4,0,1,16384,1639,20876400,0,0
sample,long,endpoint-collapse,relationship,4,0,2,16384,1639,20893200,0,0
sample,long,endpoint-collapse,relationship,4,0,3,16384,1639,21153200,0,0
sample,long,endpoint-collapse,relationship,4,0,4,16384,1639,21167700,0,0
sample,long,endpoint-collapse,relationship,4,0,5,16384,1639,21132600,0,0
sample,long,endpoint-collapse,relationship,4,0,6,16384,1639,25348400,0,0
summary,long,endpoint-collapse,relationship,1269.257,1289.832,1547.144
sample,long,endpoint-collapse,clipping,4,0,0,2048,205,30967800,33849344,8
sample,long,endpoint-collapse,clipping,4,0,1,2048,205,30913900,33849344,8
sample,long,endpoint-collapse,clipping,4,0,2,2048,205,30319100,33849344,8
sample,long,endpoint-collapse,clipping,4,0,3,2048,205,41206800,33849344,8
sample,long,endpoint-collapse,clipping,4,0,4,2048,205,29898500,33849344,8
sample,long,endpoint-collapse,clipping,4,0,5,2048,205,29939100,33849344,8
sample,long,endpoint-collapse,clipping,4,0,6,2048,205,30176900,33849344,8
summary,long,endpoint-collapse,clipping,14598.877,14804.248,20120.508
sample,long,gap-collapse,relationship,8,0,0,8192,820,24888100,0,0
sample,long,gap-collapse,relationship,8,0,1,8192,820,25679800,0,0
sample,long,gap-collapse,relationship,8,0,2,8192,820,25607700,0,0
sample,long,gap-collapse,relationship,8,0,3,8192,820,24664400,0,0
sample,long,gap-collapse,relationship,8,0,4,8192,820,24907500,0,0
sample,long,gap-collapse,relationship,8,0,5,8192,820,24799500,0,0
sample,long,gap-collapse,relationship,8,0,6,8192,820,24881700,0,0
summary,long,gap-collapse,relationship,3010.791,3038.098,3134.741
sample,long,gap-collapse,clipping,8,0,0,1024,103,38388500,25395200,6
sample,long,gap-collapse,clipping,8,0,1,1024,103,38528600,25395200,6
sample,long,gap-collapse,clipping,8,0,2,1024,103,38513800,25395200,6
sample,long,gap-collapse,clipping,8,0,3,1024,103,38502100,25395200,6
sample,long,gap-collapse,clipping,8,0,4,1024,103,39121900,25395200,6
sample,long,gap-collapse,clipping,8,0,5,1024,103,38058400,25395200,6
sample,long,gap-collapse,clipping,8,0,6,1024,103,37873900,25395200,6
summary,long,gap-collapse,clipping,36986.230,37599.707,38204.980
fixture,float,exterior,4,1,success,0
fixture,float,interior,4,4,success,1
fixture,float,crossing,4,7,success,1
fixture,float,boundary-only,4,10,success,1
fixture,float,boundary-overlap,4,11,success,1
fixture,float,isolated-tangent,4,3,success,0
fixture,float,degenerate-interior,4,4,success,0
fixture,float,degenerate-boundary,4,2,success,0
fixture,float,empty,0,1,success,0
fixture,float,concave-u,8,7,success,2
fixture,float,hole,8,7,success,2
fixture,float,hole-reversed,8,7,success,2
fixture,float,rational-crossing,3,7,success,1
fixture,float,sparse-1,4,7,success,1
fixture,float,sparse-4,16,7,success,1
fixture,float,sparse-16,64,7,success,1
fixture,float,sparse-64,256,7,success,1
fixture,float,dense-1,4,7,success,1
fixture,float,dense-4,16,7,success,4
fixture,float,dense-16,64,7,success,16
fixture,float,dense-64,256,7,success,64
fixture,float,subnormal,4,7,success,1
fixture,float,large-finite,4,7,success,1
preflight,float,23,PASS
sample,float,exterior,relationship,4,0,0,32768,3277,37292900,0,0
sample,float,exterior,relationship,4,0,1,32768,3277,35818600,0,0
sample,float,exterior,relationship,4,0,2,32768,3277,35765500,0,0
sample,float,exterior,relationship,4,0,3,32768,3277,35645400,0,0
sample,float,exterior,relationship,4,0,4,32768,3277,35861000,0,0
sample,float,exterior,relationship,4,0,5,32768,3277,36071000,0,0
sample,float,exterior,relationship,4,0,6,32768,3277,45698900,0,0
summary,float,exterior,relationship,1087.811,1094.391,1394.620
sample,float,exterior,clipping,4,0,0,8192,820,25642600,67895296,16
sample,float,exterior,clipping,4,0,1,8192,820,25711100,67895296,16
sample,float,exterior,clipping,4,0,2,8192,820,25417600,67895296,16
sample,float,exterior,clipping,4,0,3,8192,820,25762900,67895296,16
sample,float,exterior,clipping,4,0,4,8192,820,26081100,67895296,16
sample,float,exterior,clipping,4,0,5,8192,820,25750100,67895296,16
sample,float,exterior,clipping,4,0,6,8192,820,25835200,67895296,16
summary,float,exterior,clipping,3102.734,3143.323,3183.728
sample,float,interior,relationship,4,1,0,32768,3277,35973200,0,0
sample,float,interior,relationship,4,1,1,32768,3277,37423400,0,0
sample,float,interior,relationship,4,1,2,32768,3277,36077600,0,0
sample,float,interior,relationship,4,1,3,32768,3277,35429400,0,0
sample,float,interior,relationship,4,1,4,32768,3277,35344200,0,0
sample,float,interior,relationship,4,1,5,32768,3277,35402200,0,0
sample,float,interior,relationship,4,1,6,32768,3277,36308800,0,0
summary,float,interior,relationship,1078.619,1097.815,1142.072
sample,float,interior,clipping,4,1,0,4096,410,31621200,34144256,8
sample,float,interior,clipping,4,1,1,4096,410,31418200,34144256,8
sample,float,interior,clipping,4,1,2,4096,410,31451600,34144256,8
sample,float,interior,clipping,4,1,3,4096,410,31420100,34144256,8
sample,float,interior,clipping,4,1,4,4096,410,31766600,34144256,8
sample,float,interior,clipping,4,1,5,4096,410,31103700,34144256,8
sample,float,interior,clipping,4,1,6,4096,410,31265800,34144256,8
summary,float,interior,clipping,7593.677,7670.923,7755.518
sample,float,crossing,relationship,4,1,0,32768,3277,36314900,0,0
sample,float,crossing,relationship,4,1,1,32768,3277,46765000,0,0
sample,float,crossing,relationship,4,1,2,32768,3277,36043300,0,0
sample,float,crossing,relationship,4,1,3,32768,3277,36190500,0,0
sample,float,crossing,relationship,4,1,4,32768,3277,35767300,0,0
sample,float,crossing,relationship,4,1,5,32768,3277,35713000,0,0
sample,float,crossing,relationship,4,1,6,32768,3277,37261300,0,0
summary,float,crossing,relationship,1089.874,1104.446,1427.155
sample,float,crossing,clipping,4,1,0,2048,205,36044100,33914880,8
sample,float,crossing,clipping,4,1,1,2048,205,36048100,33914880,8
sample,float,crossing,clipping,4,1,2,2048,205,39045900,33914880,8
sample,float,crossing,clipping,4,1,3,2048,205,35972200,33914880,8
sample,float,crossing,clipping,4,1,4,2048,205,36859500,33914880,8
sample,float,crossing,clipping,4,1,5,2048,205,36702200,33914880,8
sample,float,crossing,clipping,4,1,6,2048,205,36630500,33914880,8
summary,float,crossing,clipping,17564.551,17885.986,19065.381
sample,float,boundary-only,relationship,4,1,0,16384,1639,21737300,0,0
sample,float,boundary-only,relationship,4,1,1,16384,1639,21053100,0,0
sample,float,boundary-only,relationship,4,1,2,16384,1639,20961200,0,0
sample,float,boundary-only,relationship,4,1,3,16384,1639,21269800,0,0
sample,float,boundary-only,relationship,4,1,4,16384,1639,21169500,0,0
sample,float,boundary-only,relationship,4,1,5,16384,1639,21182000,0,0
sample,float,boundary-only,relationship,4,1,6,16384,1639,21219300,0,0
summary,float,boundary-only,relationship,1279.370,1292.847,1326.740
sample,float,boundary-only,clipping,4,1,0,2048,205,23527300,42237952,10
sample,float,boundary-only,clipping,4,1,1,2048,205,22671300,42237952,10
sample,float,boundary-only,clipping,4,1,2,2048,205,22670600,42237952,10
sample,float,boundary-only,clipping,4,1,3,2048,205,23119500,42237952,10
sample,float,boundary-only,clipping,4,1,4,2048,205,23031300,42237952,10
sample,float,boundary-only,clipping,4,1,5,2048,205,23809500,42237952,10
sample,float,boundary-only,clipping,4,1,6,2048,205,23351000,42237952,10
summary,float,boundary-only,clipping,11069.629,11288.818,11625.732
sample,float,boundary-overlap,relationship,4,1,0,16384,1639,37491400,0,0
sample,float,boundary-overlap,relationship,4,1,1,16384,1639,28158500,0,0
sample,float,boundary-overlap,relationship,4,1,2,16384,1639,28078800,0,0
sample,float,boundary-overlap,relationship,4,1,3,16384,1639,28291700,0,0
sample,float,boundary-overlap,relationship,4,1,4,16384,1639,28000200,0,0
sample,float,boundary-overlap,relationship,4,1,5,16384,1639,28463000,0,0
sample,float,boundary-overlap,relationship,4,1,6,16384,1639,28590700,0,0
summary,float,boundary-overlap,relationship,1708.997,1726.788,2288.293
sample,float,boundary-overlap,clipping,4,1,0,2048,205,24949300,42303488,10
sample,float,boundary-overlap,clipping,4,1,1,2048,205,24712200,42303488,10
sample,float,boundary-overlap,clipping,4,1,2,2048,205,24777700,42303488,10
sample,float,boundary-overlap,clipping,4,1,3,2048,205,24403500,42303488,10
sample,float,boundary-overlap,clipping,4,1,4,2048,205,27396700,42303488,10
sample,float,boundary-overlap,clipping,4,1,5,2048,205,24714300,42303488,10
sample,float,boundary-overlap,clipping,4,1,6,2048,205,24320200,42303488,10
summary,float,boundary-overlap,clipping,11875.098,12067.529,13377.295
sample,float,isolated-tangent,relationship,4,0,0,16384,1639,33259800,0,0
sample,float,isolated-tangent,relationship,4,0,1,16384,1639,33789100,0,0
sample,float,isolated-tangent,relationship,4,0,2,16384,1639,34325500,0,0
sample,float,isolated-tangent,relationship,4,0,3,16384,1639,33078200,0,0
sample,float,isolated-tangent,relationship,4,0,4,16384,1639,33334300,0,0
sample,float,isolated-tangent,relationship,4,0,5,16384,1639,33249300,0,0
sample,float,isolated-tangent,relationship,4,0,6,16384,1639,33173700,0,0
summary,float,isolated-tangent,relationship,2018.933,2030.017,2095.062
sample,float,isolated-tangent,clipping,4,0,0,4096,410,25159300,67502080,16
sample,float,isolated-tangent,clipping,4,0,1,4096,410,25009200,67502080,16
sample,float,isolated-tangent,clipping,4,0,2,4096,410,25218800,67502080,16
sample,float,isolated-tangent,clipping,4,0,3,4096,410,25131500,67502080,16
sample,float,isolated-tangent,clipping,4,0,4,4096,410,25362100,67502080,16
sample,float,isolated-tangent,clipping,4,0,5,4096,410,25002600,67502080,16
sample,float,isolated-tangent,clipping,4,0,6,4096,410,25401000,67502080,16
summary,float,isolated-tangent,clipping,6104.150,6142.407,6201.416
sample,float,degenerate-interior,relationship,4,0,0,65536,6554,3208100,0,0
sample,float,degenerate-interior,relationship,4,0,1,65536,6554,4091900,0,0
sample,float,degenerate-interior,relationship,4,0,2,65536,6554,3165300,0,0
sample,float,degenerate-interior,relationship,4,0,3,65536,6554,3144800,0,0
sample,float,degenerate-interior,relationship,4,0,4,65536,6554,3102800,0,0
sample,float,degenerate-interior,relationship,4,0,5,65536,6554,3297200,0,0
sample,float,degenerate-interior,relationship,4,0,6,65536,6554,3249300,0,0
summary,float,degenerate-interior,relationship,47.345,48.952,62.437
sample,float,degenerate-interior,clipping,4,0,0,65536,6554,298900,0,0
sample,float,degenerate-interior,clipping,4,0,1,65536,6554,303900,0,0
sample,float,degenerate-interior,clipping,4,0,2,65536,6554,298600,0,0
sample,float,degenerate-interior,clipping,4,0,3,65536,6554,339800,0,0
sample,float,degenerate-interior,clipping,4,0,4,65536,6554,303000,0,0
sample,float,degenerate-interior,clipping,4,0,5,65536,6554,305600,0,0
sample,float,degenerate-interior,clipping,4,0,6,65536,6554,298600,0,0
summary,float,degenerate-interior,clipping,4.556,4.623,5.185
sample,float,degenerate-boundary,relationship,4,0,0,65536,6554,3337000,0,0
sample,float,degenerate-boundary,relationship,4,0,1,65536,6554,3169300,0,0
sample,float,degenerate-boundary,relationship,4,0,2,65536,6554,3183000,0,0
sample,float,degenerate-boundary,relationship,4,0,3,65536,6554,3149900,0,0
sample,float,degenerate-boundary,relationship,4,0,4,65536,6554,3158800,0,0
sample,float,degenerate-boundary,relationship,4,0,5,65536,6554,3274500,0,0
sample,float,degenerate-boundary,relationship,4,0,6,65536,6554,6502000,0,0
summary,float,degenerate-boundary,relationship,48.064,48.569,99.213
sample,float,degenerate-boundary,clipping,4,0,0,65536,6554,978000,0,0
sample,float,degenerate-boundary,clipping,4,0,1,65536,6554,695200,0,0
sample,float,degenerate-boundary,clipping,4,0,2,65536,6554,936600,0,0
sample,float,degenerate-boundary,clipping,4,0,3,65536,6554,1258000,0,0
sample,float,degenerate-boundary,clipping,4,0,4,65536,6554,918000,0,0
sample,float,degenerate-boundary,clipping,4,0,5,65536,6554,692200,0,0
sample,float,degenerate-boundary,clipping,4,0,6,65536,6554,305900,0,0
summary,float,degenerate-boundary,clipping,4.668,14.008,19.196
sample,float,empty,relationship,0,0,0,65536,6554,948200,0,0
sample,float,empty,relationship,0,0,1,65536,6554,986000,0,0
sample,float,empty,relationship,0,0,2,65536,6554,985000,0,0
sample,float,empty,relationship,0,0,3,65536,6554,950500,0,0
sample,float,empty,relationship,0,0,4,65536,6554,988400,0,0
sample,float,empty,relationship,0,0,5,65536,6554,944700,0,0
sample,float,empty,relationship,0,0,6,65536,6554,985300,0,0
summary,float,empty,relationship,14.415,15.030,15.082
sample,float,empty,clipping,0,0,0,65536,6554,305600,0,0
sample,float,empty,clipping,0,0,1,65536,6554,305500,0,0
sample,float,empty,clipping,0,0,2,65536,6554,308400,0,0
sample,float,empty,clipping,0,0,3,65536,6554,346100,0,0
sample,float,empty,clipping,0,0,4,65536,6554,305600,0,0
sample,float,empty,clipping,0,0,5,65536,6554,305600,0,0
sample,float,empty,clipping,0,0,6,65536,6554,305500,0,0
summary,float,empty,clipping,4.662,4.663,5.281
sample,float,concave-u,relationship,8,2,0,8192,820,24146400,0,0
sample,float,concave-u,relationship,8,2,1,8192,820,24221900,0,0
sample,float,concave-u,relationship,8,2,2,8192,820,25707100,0,0
sample,float,concave-u,relationship,8,2,3,8192,820,23866300,0,0
sample,float,concave-u,relationship,8,2,4,8192,820,24093700,0,0
sample,float,concave-u,relationship,8,2,5,8192,820,24225200,0,0
sample,float,concave-u,relationship,8,2,6,8192,820,24141500,0,0
summary,float,concave-u,relationship,2913.367,2947.559,3138.074
sample,float,concave-u,clipping,8,2,0,512,52,20816100,12713984,3
sample,float,concave-u,clipping,8,2,1,512,52,22204400,12713984,3
sample,float,concave-u,clipping,8,2,2,512,52,21890800,12713984,3
sample,float,concave-u,clipping,8,2,3,512,52,20786200,12713984,3
sample,float,concave-u,clipping,8,2,4,512,52,20817800,12713984,3
sample,float,concave-u,clipping,8,2,5,512,52,20625200,12713984,3
sample,float,concave-u,clipping,8,2,6,512,52,20812200,12713984,3
summary,float,concave-u,clipping,40283.594,40656.445,43367.969
sample,float,hole,relationship,8,2,0,8192,820,24801400,0,0
sample,float,hole,relationship,8,2,1,8192,820,25114800,0,0
sample,float,hole,relationship,8,2,2,8192,820,26234900,0,0
sample,float,hole,relationship,8,2,3,8192,820,25150600,0,0
sample,float,hole,relationship,8,2,4,8192,820,24862200,0,0
sample,float,hole,relationship,8,2,5,8192,820,24783900,0,0
sample,float,hole,relationship,8,2,6,8192,820,24776900,0,0
summary,float,hole,relationship,3024.524,3034.937,3202.502
sample,float,hole,clipping,8,2,0,512,52,21307400,12713984,3
sample,float,hole,clipping,8,2,1,512,52,21425900,12713984,3
sample,float,hole,clipping,8,2,2,512,52,20749600,12713984,3
sample,float,hole,clipping,8,2,3,512,52,20844100,12713984,3
sample,float,hole,clipping,8,2,4,512,52,21001500,12713984,3
sample,float,hole,clipping,8,2,5,512,52,20802900,12713984,3
sample,float,hole,clipping,8,2,6,512,52,20803500,12713984,3
summary,float,hole,clipping,40526.562,40711.133,41847.461
sample,float,hole-reversed,relationship,8,2,0,8192,820,25771000,0,0
sample,float,hole-reversed,relationship,8,2,1,8192,820,25886100,0,0
sample,float,hole-reversed,relationship,8,2,2,8192,820,24582300,0,0
sample,float,hole-reversed,relationship,8,2,3,8192,820,24838400,0,0
sample,float,hole-reversed,relationship,8,2,4,8192,820,34136800,0,0
sample,float,hole-reversed,relationship,8,2,5,8192,820,24951600,0,0
sample,float,hole-reversed,relationship,8,2,6,8192,820,24923800,0,0
summary,float,hole-reversed,relationship,3000.769,3045.850,4167.090
sample,float,hole-reversed,clipping,8,2,0,512,52,21480100,12713984,3
sample,float,hole-reversed,clipping,8,2,1,512,52,21010900,12713984,3
sample,float,hole-reversed,clipping,8,2,2,512,52,20743900,12713984,3
sample,float,hole-reversed,clipping,8,2,3,512,52,20893700,12713984,3
sample,float,hole-reversed,clipping,8,2,4,512,52,20693400,12713984,3
sample,float,hole-reversed,clipping,8,2,5,512,52,20698400,12713984,3
sample,float,hole-reversed,clipping,8,2,6,512,52,20693800,12713984,3
summary,float,hole-reversed,clipping,40416.797,40515.430,41953.320
sample,float,rational-crossing,relationship,3,1,0,32768,3277,25660800,0,0
sample,float,rational-crossing,relationship,3,1,1,32768,3277,25525100,0,0
sample,float,rational-crossing,relationship,3,1,2,32768,3277,24665100,0,0
sample,float,rational-crossing,relationship,3,1,3,32768,3277,24672100,0,0
sample,float,rational-crossing,relationship,3,1,4,32768,3277,24701600,0,0
sample,float,rational-crossing,relationship,3,1,5,32768,3277,24618800,0,0
sample,float,rational-crossing,relationship,3,1,6,32768,3277,24520900,0,0
summary,float,rational-crossing,relationship,748.318,752.933,783.105
sample,float,rational-crossing,clipping,3,1,0,2048,205,35908300,33914880,8
sample,float,rational-crossing,clipping,3,1,1,2048,205,35720100,33914880,8
sample,float,rational-crossing,clipping,3,1,2,2048,205,35648800,33914880,8
sample,float,rational-crossing,clipping,3,1,3,2048,205,36019700,33914880,8
sample,float,rational-crossing,clipping,3,1,4,2048,205,36330100,33914880,8
sample,float,rational-crossing,clipping,3,1,5,2048,205,35241400,33914880,8
sample,float,rational-crossing,clipping,3,1,6,2048,205,35882500,33914880,8
summary,float,rational-crossing,clipping,17207.715,17520.752,17739.307
sample,float,sparse-1,relationship,4,1,0,32768,3277,35815400,0,0
sample,float,sparse-1,relationship,4,1,1,32768,3277,34820500,0,0
sample,float,sparse-1,relationship,4,1,2,32768,3277,34903300,0,0
sample,float,sparse-1,relationship,4,1,3,32768,3277,44631600,0,0
sample,float,sparse-1,relationship,4,1,4,32768,3277,34594800,0,0
sample,float,sparse-1,relationship,4,1,5,32768,3277,35144000,0,0
sample,float,sparse-1,relationship,4,1,6,32768,3277,35424100,0,0
summary,float,sparse-1,relationship,1055.750,1072.510,1362.048
sample,float,sparse-1,clipping,4,1,0,2048,205,35663500,33914880,8
sample,float,sparse-1,clipping,4,1,1,2048,205,35987200,33914880,8
sample,float,sparse-1,clipping,4,1,2,2048,205,37862500,33914880,8
sample,float,sparse-1,clipping,4,1,3,2048,205,35914300,33914880,8
sample,float,sparse-1,clipping,4,1,4,2048,205,36201000,33914880,8
sample,float,sparse-1,clipping,4,1,5,2048,205,36108700,33914880,8
sample,float,sparse-1,clipping,4,1,6,2048,205,36061100,33914880,8
summary,float,sparse-1,clipping,17413.818,17607.959,18487.549
sample,float,sparse-4,relationship,16,1,0,4096,410,21429200,0,0
sample,float,sparse-4,relationship,16,1,1,4096,410,20165300,0,0
sample,float,sparse-4,relationship,16,1,2,4096,410,20125900,0,0
sample,float,sparse-4,relationship,16,1,3,4096,410,20425700,0,0
sample,float,sparse-4,relationship,16,1,4,4096,410,20353000,0,0
sample,float,sparse-4,relationship,16,1,5,4096,410,20311600,0,0
sample,float,sparse-4,relationship,16,1,6,4096,410,20373500,0,0
summary,float,sparse-4,relationship,4913.550,4968.994,5231.738
sample,float,sparse-4,clipping,16,1,0,1024,103,24540000,16957440,4
sample,float,sparse-4,clipping,16,1,1,1024,103,23476000,16957440,4
sample,float,sparse-4,clipping,16,1,2,1024,103,23496800,16957440,4
sample,float,sparse-4,clipping,16,1,3,1024,103,23735600,16957440,4
sample,float,sparse-4,clipping,16,1,4,1024,103,23711500,16957440,4
sample,float,sparse-4,clipping,16,1,5,1024,103,23837700,16957440,4
sample,float,sparse-4,clipping,16,1,6,1024,103,23566700,16957440,4
summary,float,sparse-4,clipping,22925.781,23155.762,23964.844
sample,float,sparse-16,relationship,64,1,0,1024,103,20322100,0,0
sample,float,sparse-16,relationship,64,1,1,1024,103,20300800,0,0
sample,float,sparse-16,relationship,64,1,2,1024,103,20588500,0,0
sample,float,sparse-16,relationship,64,1,3,1024,103,20532000,0,0
sample,float,sparse-16,relationship,64,1,4,1024,103,28239000,0,0
sample,float,sparse-16,relationship,64,1,5,1024,103,22070400,0,0
sample,float,sparse-16,relationship,64,1,6,1024,103,20377400,0,0
summary,float,sparse-16,relationship,19825.000,20050.781,27577.148
sample,float,sparse-16,clipping,64,1,0,512,52,22108500,8478720,2
sample,float,sparse-16,clipping,64,1,1,512,52,22360100,8478720,2
sample,float,sparse-16,clipping,64,1,2,512,52,22479500,8478720,2
sample,float,sparse-16,clipping,64,1,3,512,52,22488800,8478720,2
sample,float,sparse-16,clipping,64,1,4,512,52,22487300,8478720,2
sample,float,sparse-16,clipping,64,1,5,512,52,22565000,8478720,2
sample,float,sparse-16,clipping,64,1,6,512,52,22445900,8478720,2
summary,float,sparse-16,clipping,43180.664,43905.273,44072.266
sample,float,sparse-64,relationship,256,1,0,256,26,20116700,0,0
sample,float,sparse-64,relationship,256,1,1,256,26,22048300,0,0
sample,float,sparse-64,relationship,256,1,2,256,26,21240000,0,0
sample,float,sparse-64,relationship,256,1,3,256,26,20772900,0,0
sample,float,sparse-64,relationship,256,1,4,256,26,20777700,0,0
sample,float,sparse-64,relationship,256,1,5,256,26,20826700,0,0
sample,float,sparse-64,relationship,256,1,6,256,26,20862600,0,0
summary,float,sparse-64,relationship,78580.859,81354.297,86126.172
sample,float,sparse-64,clipping,256,1,0,256,26,32273800,4239360,1
sample,float,sparse-64,clipping,256,1,1,256,26,33861400,4239360,1
sample,float,sparse-64,clipping,256,1,2,256,26,33785800,4239360,1
sample,float,sparse-64,clipping,256,1,3,256,26,33768800,4239360,1
sample,float,sparse-64,clipping,256,1,4,256,26,32800400,4239360,1
sample,float,sparse-64,clipping,256,1,5,256,26,32666600,4239360,1
sample,float,sparse-64,clipping,256,1,6,256,26,31832800,4239360,1
summary,float,sparse-64,clipping,124346.875,128126.562,132271.094
sample,float,dense-1,relationship,4,1,0,32768,3277,34919900,0,0
sample,float,dense-1,relationship,4,1,1,32768,3277,37192100,0,0
sample,float,dense-1,relationship,4,1,2,32768,3277,35270800,0,0
sample,float,dense-1,relationship,4,1,3,32768,3277,34808500,0,0
sample,float,dense-1,relationship,4,1,4,32768,3277,34780800,0,0
sample,float,dense-1,relationship,4,1,5,32768,3277,43807400,0,0
sample,float,dense-1,relationship,4,1,6,32768,3277,35680400,0,0
summary,float,dense-1,relationship,1061.426,1076.379,1336.896
sample,float,dense-1,clipping,4,1,0,2048,205,36742700,33914880,8
sample,float,dense-1,clipping,4,1,1,2048,205,36731000,33914880,8
sample,float,dense-1,clipping,4,1,2,2048,205,36252500,33914880,8
sample,float,dense-1,clipping,4,1,3,2048,205,37563100,33914880,8
sample,float,dense-1,clipping,4,1,4,2048,205,35758300,33914880,8
sample,float,dense-1,clipping,4,1,5,2048,205,36296600,33914880,8
sample,float,dense-1,clipping,4,1,6,2048,205,36055000,33914880,8
summary,float,dense-1,clipping,17460.107,17722.949,18341.357
sample,float,dense-4,relationship,16,4,0,4096,410,29149200,0,0
sample,float,dense-4,relationship,16,4,1,4096,410,31276700,0,0
sample,float,dense-4,relationship,16,4,2,4096,410,30488100,0,0
sample,float,dense-4,relationship,16,4,3,4096,410,28870000,0,0
sample,float,dense-4,relationship,16,4,4,4096,410,28739300,0,0
sample,float,dense-4,relationship,16,4,5,4096,410,28724000,0,0
sample,float,dense-4,relationship,16,4,6,4096,410,28275700,0,0
summary,float,dense-4,relationship,6903.247,7048.340,7635.913
sample,float,dense-4,clipping,16,4,0,256,26,22799600,10588160,2
sample,float,dense-4,clipping,16,4,1,256,26,23122700,10588160,2
sample,float,dense-4,clipping,16,4,2,256,26,22909700,10588160,2
sample,float,dense-4,clipping,16,4,3,256,26,22837600,10588160,2
sample,float,dense-4,clipping,16,4,4,256,26,22790000,10588160,2
sample,float,dense-4,clipping,16,4,5,256,26,22793400,10588160,2
sample,float,dense-4,clipping,16,4,6,256,26,23554600,10588160,2
summary,float,dense-4,clipping,89023.438,89209.375,92010.156
sample,float,dense-16,relationship,64,16,0,1024,103,29327200,0,0
sample,float,dense-16,relationship,64,16,1,1024,103,29292000,0,0
sample,float,dense-16,relationship,64,16,2,1024,103,38392800,0,0
sample,float,dense-16,relationship,64,16,3,1024,103,29960600,0,0
sample,float,dense-16,relationship,64,16,4,1024,103,30008700,0,0
sample,float,dense-16,relationship,64,16,5,1024,103,29177500,0,0
sample,float,dense-16,relationship,64,16,6,1024,103,29411200,0,0
summary,float,dense-16,relationship,28493.652,28721.875,37492.969
sample,float,dense-16,clipping,64,16,0,64,7,27008400,9280512,2
sample,float,dense-16,clipping,64,16,1,64,7,27688500,9280512,2
sample,float,dense-16,clipping,64,16,2,64,7,27774800,9280512,2
sample,float,dense-16,clipping,64,16,3,64,7,27069500,9280512,2
sample,float,dense-16,clipping,64,16,4,64,7,27163900,9280512,2
sample,float,dense-16,clipping,64,16,5,64,7,27047800,9280512,2
sample,float,dense-16,clipping,64,16,6,64,7,27086600,9280512,2
summary,float,dense-16,clipping,422006.250,423228.125,433981.250
sample,float,dense-64,relationship,256,64,0,256,26,30567900,0,0
sample,float,dense-64,relationship,256,64,1,256,26,31345700,0,0
sample,float,dense-64,relationship,256,64,2,256,26,30606000,0,0
sample,float,dense-64,relationship,256,64,3,256,26,30348500,0,0
sample,float,dense-64,relationship,256,64,4,256,26,30349300,0,0
sample,float,dense-64,relationship,256,64,5,256,26,30112100,0,0
sample,float,dense-64,relationship,256,64,6,256,26,31058300,0,0
summary,float,dense-64,relationship,117625.391,119405.859,122444.141
sample,float,dense-64,clipping,256,64,0,16,2,31352000,8896512,2
sample,float,dense-64,clipping,256,64,1,16,2,31391000,8896512,2
sample,float,dense-64,clipping,256,64,2,16,2,31292700,8896512,2
sample,float,dense-64,clipping,256,64,3,16,2,31460500,8896512,2
sample,float,dense-64,clipping,256,64,4,16,2,32240200,8896512,2
sample,float,dense-64,clipping,256,64,5,16,2,31348900,8896512,2
sample,float,dense-64,clipping,256,64,6,16,2,31533100,8896512,2
summary,float,dense-64,clipping,1955793.750,1961937.500,2015012.500
sample,float,subnormal,relationship,4,1,0,32768,3277,36321100,0,0
sample,float,subnormal,relationship,4,1,1,32768,3277,34947800,0,0
sample,float,subnormal,relationship,4,1,2,32768,3277,34819700,0,0
sample,float,subnormal,relationship,4,1,3,32768,3277,34926500,0,0
sample,float,subnormal,relationship,4,1,4,32768,3277,34907800,0,0
sample,float,subnormal,relationship,4,1,5,32768,3277,34725800,0,0
sample,float,subnormal,relationship,4,1,6,32768,3277,36781400,0,0
summary,float,subnormal,relationship,1059.747,1065.872,1122.479
sample,float,subnormal,clipping,4,1,0,2048,205,35935300,33914880,8
sample,float,subnormal,clipping,4,1,1,2048,205,35746100,33914880,8
sample,float,subnormal,clipping,4,1,2,2048,205,37389700,33914880,8
sample,float,subnormal,clipping,4,1,3,2048,205,35932800,33914880,8
sample,float,subnormal,clipping,4,1,4,2048,205,35815400,33914880,8
sample,float,subnormal,clipping,4,1,5,2048,205,35879400,33914880,8
sample,float,subnormal,clipping,4,1,6,2048,205,35911900,33914880,8
summary,float,subnormal,clipping,17454.150,17535.107,18256.689
sample,float,large-finite,relationship,4,1,0,32768,3277,35466300,0,0
sample,float,large-finite,relationship,4,1,1,32768,3277,35722700,0,0
sample,float,large-finite,relationship,4,1,2,32768,3277,35550200,0,0
sample,float,large-finite,relationship,4,1,3,32768,3277,35410500,0,0
sample,float,large-finite,relationship,4,1,4,32768,3277,36139600,0,0
sample,float,large-finite,relationship,4,1,5,32768,3277,35615200,0,0
sample,float,large-finite,relationship,4,1,6,32768,3277,35633200,0,0
summary,float,large-finite,relationship,1080.643,1086.890,1102.893
sample,float,large-finite,clipping,4,1,0,2048,205,48876100,33914880,8
sample,float,large-finite,clipping,4,1,1,2048,205,38318400,33914880,8
sample,float,large-finite,clipping,4,1,2,2048,205,38123900,33914880,8
sample,float,large-finite,clipping,4,1,3,2048,205,38593900,33914880,8
sample,float,large-finite,clipping,4,1,4,2048,205,38519900,33914880,8
sample,float,large-finite,clipping,4,1,5,2048,205,38852600,33914880,8
sample,float,large-finite,clipping,4,1,6,2048,205,38934700,33914880,8
summary,float,large-finite,clipping,18615.186,18844.678,23865.283
fixture,double,exterior,4,1,success,0
fixture,double,interior,4,4,success,1
fixture,double,crossing,4,7,success,1
fixture,double,boundary-only,4,10,success,1
fixture,double,boundary-overlap,4,11,success,1
fixture,double,isolated-tangent,4,3,success,0
fixture,double,degenerate-interior,4,4,success,0
fixture,double,degenerate-boundary,4,2,success,0
fixture,double,empty,0,1,success,0
fixture,double,concave-u,8,7,success,2
fixture,double,hole,8,7,success,2
fixture,double,hole-reversed,8,7,success,2
fixture,double,rational-crossing,3,7,success,1
fixture,double,sparse-1,4,7,success,1
fixture,double,sparse-4,16,7,success,1
fixture,double,sparse-16,64,7,success,1
fixture,double,sparse-64,256,7,success,1
fixture,double,dense-1,4,7,success,1
fixture,double,dense-4,16,7,success,4
fixture,double,dense-16,64,7,success,16
fixture,double,dense-64,256,7,success,64
fixture,double,subnormal,4,7,success,1
fixture,double,large-finite,4,7,success,1
preflight,double,23,PASS
sample,double,exterior,relationship,4,0,0,32768,3277,34445200,0,0
sample,double,exterior,relationship,4,0,1,32768,3277,34397600,0,0
sample,double,exterior,relationship,4,0,2,32768,3277,36795300,0,0
sample,double,exterior,relationship,4,0,3,32768,3277,34358400,0,0
sample,double,exterior,relationship,4,0,4,32768,3277,34635400,0,0
sample,double,exterior,relationship,4,0,5,32768,3277,34407500,0,0
sample,double,exterior,relationship,4,0,6,32768,3277,34538900,0,0
summary,double,exterior,relationship,1048.535,1051.184,1122.903
sample,double,exterior,clipping,4,0,0,8192,820,27671200,67895296,16
sample,double,exterior,clipping,4,0,1,8192,820,27673400,67895296,16
sample,double,exterior,clipping,4,0,2,8192,820,27833400,67895296,16
sample,double,exterior,clipping,4,0,3,8192,820,27583800,67895296,16
sample,double,exterior,clipping,4,0,4,8192,820,28459900,67895296,16
sample,double,exterior,clipping,4,0,5,8192,820,27562900,67895296,16
sample,double,exterior,clipping,4,0,6,8192,820,29197000,67895296,16
summary,double,exterior,clipping,3364.612,3378.101,3564.087
sample,double,interior,relationship,4,1,0,32768,3277,35775000,0,0
sample,double,interior,relationship,4,1,1,32768,3277,34444000,0,0
sample,double,interior,relationship,4,1,2,32768,3277,44975900,0,0
sample,double,interior,relationship,4,1,3,32768,3277,34764000,0,0
sample,double,interior,relationship,4,1,4,32768,3277,34341400,0,0
sample,double,interior,relationship,4,1,5,32768,3277,34334300,0,0
sample,double,interior,relationship,4,1,6,32768,3277,34366200,0,0
summary,double,interior,relationship,1047.800,1051.147,1372.556
sample,double,interior,clipping,4,1,0,4096,410,32501600,34144256,8
sample,double,interior,clipping,4,1,1,4096,410,32503500,34144256,8
sample,double,interior,clipping,4,1,2,4096,410,32562700,34144256,8
sample,double,interior,clipping,4,1,3,4096,410,32539300,34144256,8
sample,double,interior,clipping,4,1,4,4096,410,32343700,34144256,8
sample,double,interior,clipping,4,1,5,4096,410,35803700,34144256,8
sample,double,interior,clipping,4,1,6,4096,410,33090300,34144256,8
summary,double,interior,clipping,7896.411,7944.165,8741.138
sample,double,crossing,relationship,4,1,0,32768,3277,34646800,0,0
sample,double,crossing,relationship,4,1,1,32768,3277,34277500,0,0
sample,double,crossing,relationship,4,1,2,32768,3277,35652900,0,0
sample,double,crossing,relationship,4,1,3,32768,3277,33945100,0,0
sample,double,crossing,relationship,4,1,4,32768,3277,33936300,0,0
sample,double,crossing,relationship,4,1,5,32768,3277,33916600,0,0
sample,double,crossing,relationship,4,1,6,32768,3277,33828300,0,0
summary,double,crossing,relationship,1032.358,1035.922,1088.040
sample,double,crossing,clipping,4,1,0,2048,205,36535400,33914880,8
sample,double,crossing,clipping,4,1,1,2048,205,36698500,33914880,8
sample,double,crossing,clipping,4,1,2,2048,205,36461000,33914880,8
sample,double,crossing,clipping,4,1,3,2048,205,36276800,33914880,8
sample,double,crossing,clipping,4,1,4,2048,205,47633700,33914880,8
sample,double,crossing,clipping,4,1,5,2048,205,36363600,33914880,8
sample,double,crossing,clipping,4,1,6,2048,205,36815400,33914880,8
summary,double,crossing,clipping,17713.281,17839.551,23258.643
sample,double,boundary-only,relationship,4,1,0,16384,1639,20234500,0,0
sample,double,boundary-only,relationship,4,1,1,16384,1639,20772300,0,0
sample,double,boundary-only,relationship,4,1,2,16384,1639,21539400,0,0
sample,double,boundary-only,relationship,4,1,3,16384,1639,19881600,0,0
sample,double,boundary-only,relationship,4,1,4,16384,1639,20064200,0,0
sample,double,boundary-only,relationship,4,1,5,16384,1639,20209700,0,0
sample,double,boundary-only,relationship,4,1,6,16384,1639,20240500,0,0
summary,double,boundary-only,relationship,1213.477,1235.016,1314.661
sample,double,boundary-only,clipping,4,1,0,2048,205,23226700,42237952,10
sample,double,boundary-only,clipping,4,1,1,2048,205,23049100,42237952,10
sample,double,boundary-only,clipping,4,1,2,2048,205,24376500,42237952,10
sample,double,boundary-only,clipping,4,1,3,2048,205,22910600,42237952,10
sample,double,boundary-only,clipping,4,1,4,2048,205,23372300,42237952,10
sample,double,boundary-only,clipping,4,1,5,2048,205,23001400,42237952,10
sample,double,boundary-only,clipping,4,1,6,2048,205,23273500,42237952,10
summary,double,boundary-only,clipping,11186.816,11341.162,11902.588
sample,double,boundary-overlap,relationship,4,1,0,16384,1639,26547600,0,0
sample,double,boundary-overlap,relationship,4,1,1,16384,1639,28292000,0,0
sample,double,boundary-overlap,relationship,4,1,2,16384,1639,27074900,0,0
sample,double,boundary-overlap,relationship,4,1,3,16384,1639,27128800,0,0
sample,double,boundary-overlap,relationship,4,1,4,16384,1639,27380900,0,0
sample,double,boundary-overlap,relationship,4,1,5,16384,1639,27427000,0,0
sample,double,boundary-overlap,relationship,4,1,6,16384,1639,27404600,0,0
summary,double,boundary-overlap,relationship,1620.337,1671.198,1726.807
sample,double,boundary-overlap,clipping,4,1,0,2048,205,25202000,42303488,10
sample,double,boundary-overlap,clipping,4,1,1,2048,205,24838000,42303488,10
sample,double,boundary-overlap,clipping,4,1,2,2048,205,24712900,42303488,10
sample,double,boundary-overlap,clipping,4,1,3,2048,205,24993200,42303488,10
sample,double,boundary-overlap,clipping,4,1,4,2048,205,24934200,42303488,10
sample,double,boundary-overlap,clipping,4,1,5,2048,205,24877000,42303488,10
sample,double,boundary-overlap,clipping,4,1,6,2048,205,24738000,42303488,10
summary,double,boundary-overlap,clipping,12066.846,12146.973,12305.664
sample,double,isolated-tangent,relationship,4,0,0,16384,1639,32219400,0,0
sample,double,isolated-tangent,relationship,4,0,1,16384,1639,32173400,0,0
sample,double,isolated-tangent,relationship,4,0,2,16384,1639,32299500,0,0
sample,double,isolated-tangent,relationship,4,0,3,16384,1639,32096000,0,0
sample,double,isolated-tangent,relationship,4,0,4,16384,1639,33527800,0,0
sample,double,isolated-tangent,relationship,4,0,5,16384,1639,31999600,0,0
sample,double,isolated-tangent,relationship,4,0,6,16384,1639,32217600,0,0
summary,double,isolated-tangent,relationship,1953.101,1966.406,2046.375
sample,double,isolated-tangent,clipping,4,0,0,4096,410,25475300,67502080,16
sample,double,isolated-tangent,clipping,4,0,1,4096,410,26003100,67502080,16
sample,double,isolated-tangent,clipping,4,0,2,4096,410,25777400,67502080,16
sample,double,isolated-tangent,clipping,4,0,3,4096,410,25100100,67502080,16
sample,double,isolated-tangent,clipping,4,0,4,4096,410,25347200,67502080,16
sample,double,isolated-tangent,clipping,4,0,5,4096,410,25095300,67502080,16
sample,double,isolated-tangent,clipping,4,0,6,4096,410,24989700,67502080,16
summary,double,isolated-tangent,clipping,6101.001,6188.281,6348.413
sample,double,degenerate-interior,relationship,4,0,0,65536,6554,2974000,0,0
sample,double,degenerate-interior,relationship,4,0,1,65536,6554,2971500,0,0
sample,double,degenerate-interior,relationship,4,0,2,65536,6554,2945100,0,0
sample,double,degenerate-interior,relationship,4,0,3,65536,6554,2988800,0,0
sample,double,degenerate-interior,relationship,4,0,4,65536,6554,3100500,0,0
sample,double,degenerate-interior,relationship,4,0,5,65536,6554,2965100,0,0
sample,double,degenerate-interior,relationship,4,0,6,65536,6554,3058300,0,0
summary,double,degenerate-interior,relationship,44.939,45.380,47.310
sample,double,degenerate-interior,clipping,4,0,0,65536,6554,286200,0,0
sample,double,degenerate-interior,clipping,4,0,1,65536,6554,283700,0,0
sample,double,degenerate-interior,clipping,4,0,2,65536,6554,283700,0,0
sample,double,degenerate-interior,clipping,4,0,3,65536,6554,325600,0,0
sample,double,degenerate-interior,clipping,4,0,4,65536,6554,283700,0,0
sample,double,degenerate-interior,clipping,4,0,5,65536,6554,283700,0,0
sample,double,degenerate-interior,clipping,4,0,6,65536,6554,350100,0,0
summary,double,degenerate-interior,clipping,4.329,4.329,5.342
sample,double,degenerate-boundary,relationship,4,0,0,65536,6554,3004400,0,0
sample,double,degenerate-boundary,relationship,4,0,1,65536,6554,2963800,0,0
sample,double,degenerate-boundary,relationship,4,0,2,65536,6554,2943000,0,0
sample,double,degenerate-boundary,relationship,4,0,3,65536,6554,2941200,0,0
sample,double,degenerate-boundary,relationship,4,0,4,65536,6554,2916500,0,0
sample,double,degenerate-boundary,relationship,4,0,5,65536,6554,3097100,0,0
sample,double,degenerate-boundary,relationship,4,0,6,65536,6554,3020900,0,0
summary,double,degenerate-boundary,relationship,44.502,45.224,47.258
sample,double,degenerate-boundary,clipping,4,0,0,65536,6554,279800,0,0
sample,double,degenerate-boundary,clipping,4,0,1,65536,6554,292600,0,0
sample,double,degenerate-boundary,clipping,4,0,2,65536,6554,283700,0,0
sample,double,degenerate-boundary,clipping,4,0,3,65536,6554,325500,0,0
sample,double,degenerate-boundary,clipping,4,0,4,65536,6554,283700,0,0
sample,double,degenerate-boundary,clipping,4,0,5,65536,6554,283700,0,0
sample,double,degenerate-boundary,clipping,4,0,6,65536,6554,291900,0,0
summary,double,degenerate-boundary,clipping,4.269,4.329,4.967
sample,double,empty,relationship,0,0,0,65536,6554,1056700,0,0
sample,double,empty,relationship,0,0,1,65536,6554,952700,0,0
sample,double,empty,relationship,0,0,2,65536,6554,990500,0,0
sample,double,empty,relationship,0,0,3,65536,6554,951300,0,0
sample,double,empty,relationship,0,0,4,65536,6554,1054200,0,0
sample,double,empty,relationship,0,0,5,65536,6554,1255300,0,0
sample,double,empty,relationship,0,0,6,65536,6554,1271700,0,0
summary,double,empty,relationship,14.516,16.086,19.405
sample,double,empty,clipping,0,0,0,65536,6554,277400,0,0
sample,double,empty,clipping,0,0,1,65536,6554,287100,0,0
sample,double,empty,clipping,0,0,2,65536,6554,301400,0,0
sample,double,empty,clipping,0,0,3,65536,6554,319500,0,0
sample,double,empty,clipping,0,0,4,65536,6554,280200,0,0
sample,double,empty,clipping,0,0,5,65536,6554,341700,0,0
sample,double,empty,clipping,0,0,6,65536,6554,277400,0,0
summary,double,empty,clipping,4.233,4.381,5.214
sample,double,concave-u,relationship,8,2,0,8192,820,25062600,0,0
sample,double,concave-u,relationship,8,2,1,8192,820,24387200,0,0
sample,double,concave-u,relationship,8,2,2,8192,820,24586000,0,0
sample,double,concave-u,relationship,8,2,3,8192,820,24363600,0,0
sample,double,concave-u,relationship,8,2,4,8192,820,24252600,0,0
sample,double,concave-u,relationship,8,2,5,8192,820,24149400,0,0
sample,double,concave-u,relationship,8,2,6,8192,820,24277300,0,0
summary,double,concave-u,relationship,2947.925,2974.072,3059.399
sample,double,concave-u,clipping,8,2,0,512,52,21301800,12713984,3
sample,double,concave-u,clipping,8,2,1,512,52,21285500,12713984,3
sample,double,concave-u,clipping,8,2,2,512,52,21291000,12713984,3
sample,double,concave-u,clipping,8,2,3,512,52,21310800,12713984,3
sample,double,concave-u,clipping,8,2,4,512,52,21191000,12713984,3
sample,double,concave-u,clipping,8,2,5,512,52,21579000,12713984,3
sample,double,concave-u,clipping,8,2,6,512,52,21867100,12713984,3
summary,double,concave-u,clipping,41388.672,41605.078,42709.180
sample,double,hole,relationship,8,2,0,8192,820,24329900,0,0
sample,double,hole,relationship,8,2,1,8192,820,24373900,0,0
sample,double,hole,relationship,8,2,2,8192,820,24311900,0,0
sample,double,hole,relationship,8,2,3,8192,820,24360100,0,0
sample,double,hole,relationship,8,2,4,8192,820,26698800,0,0
sample,double,hole,relationship,8,2,5,8192,820,25507900,0,0
sample,double,hole,relationship,8,2,6,8192,820,24938900,0,0
summary,double,hole,relationship,2967.761,2975.330,3259.131
sample,double,hole,clipping,8,2,0,512,52,22333500,12713984,3
sample,double,hole,clipping,8,2,1,512,52,21822500,12713984,3
sample,double,hole,clipping,8,2,2,512,52,21803600,12713984,3
sample,double,hole,clipping,8,2,3,512,52,21429600,12713984,3
sample,double,hole,clipping,8,2,4,512,52,21794900,12713984,3
sample,double,hole,clipping,8,2,5,512,52,21833100,12713984,3
sample,double,hole,clipping,8,2,6,512,52,21329700,12713984,3
summary,double,hole,clipping,41659.570,42585.156,43620.117
sample,double,hole-reversed,relationship,8,2,0,8192,820,24732600,0,0
sample,double,hole-reversed,relationship,8,2,1,8192,820,23952800,0,0
sample,double,hole-reversed,relationship,8,2,2,8192,820,24326600,0,0
sample,double,hole-reversed,relationship,8,2,3,8192,820,25109000,0,0
sample,double,hole-reversed,relationship,8,2,4,8192,820,25263400,0,0
sample,double,hole-reversed,relationship,8,2,5,8192,820,24405100,0,0
sample,double,hole-reversed,relationship,8,2,6,8192,820,24293000,0,0
summary,double,hole-reversed,relationship,2923.926,2979.138,3083.911
sample,double,hole-reversed,clipping,8,2,0,512,52,21639700,12713984,3
sample,double,hole-reversed,clipping,8,2,1,512,52,21339300,12713984,3
sample,double,hole-reversed,clipping,8,2,2,512,52,21040700,12713984,3
sample,double,hole-reversed,clipping,8,2,3,512,52,21546400,12713984,3
sample,double,hole-reversed,clipping,8,2,4,512,52,21957700,12713984,3
sample,double,hole-reversed,clipping,8,2,5,512,52,21102000,12713984,3
sample,double,hole-reversed,clipping,8,2,6,512,52,21027900,12713984,3
summary,double,hole-reversed,clipping,41070.117,41678.320,42886.133
sample,double,rational-crossing,relationship,3,1,0,32768,3277,23920000,0,0
sample,double,rational-crossing,relationship,3,1,1,32768,3277,23836600,0,0
sample,double,rational-crossing,relationship,3,1,2,32768,3277,23655900,0,0
sample,double,rational-crossing,relationship,3,1,3,32768,3277,25479300,0,0
sample,double,rational-crossing,relationship,3,1,4,32768,3277,23592100,0,0
sample,double,rational-crossing,relationship,3,1,5,32768,3277,23607200,0,0
sample,double,rational-crossing,relationship,3,1,6,32768,3277,33245200,0,0
summary,double,rational-crossing,relationship,719.974,727.435,1014.563
sample,double,rational-crossing,clipping,3,1,0,2048,205,37596500,33914880,8
sample,double,rational-crossing,clipping,3,1,1,2048,205,36015100,33914880,8
sample,double,rational-crossing,clipping,3,1,2,2048,205,36613700,33914880,8
sample,double,rational-crossing,clipping,3,1,3,2048,205,36985400,33914880,8
sample,double,rational-crossing,clipping,3,1,4,2048,205,36936500,33914880,8
sample,double,rational-crossing,clipping,3,1,5,2048,205,37112000,33914880,8
sample,double,rational-crossing,clipping,3,1,6,2048,205,37287100,33914880,8
summary,double,rational-crossing,clipping,17585.498,18059.277,18357.666
sample,double,sparse-1,relationship,4,1,0,32768,3277,33932000,0,0
sample,double,sparse-1,relationship,4,1,1,32768,3277,33963400,0,0
sample,double,sparse-1,relationship,4,1,2,32768,3277,34788700,0,0
sample,double,sparse-1,relationship,4,1,3,32768,3277,34403800,0,0
sample,double,sparse-1,relationship,4,1,4,32768,3277,33951000,0,0
sample,double,sparse-1,relationship,4,1,5,32768,3277,33986600,0,0
sample,double,sparse-1,relationship,4,1,6,32768,3277,33990400,0,0
summary,double,sparse-1,relationship,1035.522,1037.189,1061.667
sample,double,sparse-1,clipping,4,1,0,2048,205,36710500,33914880,8
sample,double,sparse-1,clipping,4,1,1,2048,205,36795500,33914880,8
sample,double,sparse-1,clipping,4,1,2,2048,205,37357500,33914880,8
sample,double,sparse-1,clipping,4,1,3,2048,205,36973300,33914880,8
sample,double,sparse-1,clipping,4,1,4,2048,205,37794500,33914880,8
sample,double,sparse-1,clipping,4,1,5,2048,205,36477700,33914880,8
sample,double,sparse-1,clipping,4,1,6,2048,205,36356300,33914880,8
summary,double,sparse-1,clipping,17752.100,17966.553,18454.346
sample,double,sparse-4,relationship,16,1,0,4096,410,20267500,0,0
sample,double,sparse-4,relationship,16,1,1,4096,410,20438800,0,0
sample,double,sparse-4,relationship,16,1,2,4096,410,20545700,0,0
sample,double,sparse-4,relationship,16,1,3,4096,410,20679300,0,0
sample,double,sparse-4,relationship,16,1,4,4096,410,20184500,0,0
sample,double,sparse-4,relationship,16,1,5,4096,410,20233500,0,0
sample,double,sparse-4,relationship,16,1,6,4096,410,20281200,0,0
summary,double,sparse-4,relationship,4927.856,4951.465,5048.657
sample,double,sparse-4,clipping,16,1,0,1024,103,24066900,16957440,4
sample,double,sparse-4,clipping,16,1,1,1024,103,24058700,16957440,4
sample,double,sparse-4,clipping,16,1,2,1024,103,24325300,16957440,4
sample,double,sparse-4,clipping,16,1,3,1024,103,25580600,16957440,4
sample,double,sparse-4,clipping,16,1,4,1024,103,23892200,16957440,4
sample,double,sparse-4,clipping,16,1,5,1024,103,23832300,16957440,4
sample,double,sparse-4,clipping,16,1,6,1024,103,24129800,16957440,4
summary,double,sparse-4,clipping,23273.730,23502.832,24981.055
sample,double,sparse-16,relationship,64,1,0,1024,103,23664800,0,0
sample,double,sparse-16,relationship,64,1,1,1024,103,22159900,0,0
sample,double,sparse-16,relationship,64,1,2,1024,103,22691400,0,0
sample,double,sparse-16,relationship,64,1,3,1024,103,22287100,0,0
sample,double,sparse-16,relationship,64,1,4,1024,103,21462900,0,0
sample,double,sparse-16,relationship,64,1,5,1024,103,21931600,0,0
sample,double,sparse-16,relationship,64,1,6,1024,103,22777000,0,0
summary,double,sparse-16,relationship,20959.863,21764.746,23110.156
sample,double,sparse-16,clipping,64,1,0,512,52,23921600,8478720,2
sample,double,sparse-16,clipping,64,1,1,512,52,24458100,8478720,2
sample,double,sparse-16,clipping,64,1,2,512,52,25833300,8478720,2
sample,double,sparse-16,clipping,64,1,3,512,52,24051300,8478720,2
sample,double,sparse-16,clipping,64,1,4,512,52,25788900,8478720,2
sample,double,sparse-16,clipping,64,1,5,512,52,23822200,8478720,2
sample,double,sparse-16,clipping,64,1,6,512,52,23612600,8478720,2
summary,double,sparse-16,clipping,46118.359,46975.195,50455.664
sample,double,sparse-64,relationship,256,1,0,256,26,20283400,0,0
sample,double,sparse-64,relationship,256,1,1,256,26,21520200,0,0
sample,double,sparse-64,relationship,256,1,2,256,26,20385700,0,0
sample,double,sparse-64,relationship,256,1,3,256,26,20327800,0,0
sample,double,sparse-64,relationship,256,1,4,256,26,20350400,0,0
sample,double,sparse-64,relationship,256,1,5,256,26,20416100,0,0
sample,double,sparse-64,relationship,256,1,6,256,26,29511200,0,0
summary,double,sparse-64,relationship,79232.031,79631.641,115278.125
sample,double,sparse-64,clipping,256,1,0,256,26,33019600,4239360,1
sample,double,sparse-64,clipping,256,1,1,256,26,31816500,4239360,1
sample,double,sparse-64,clipping,256,1,2,256,26,32252400,4239360,1
sample,double,sparse-64,clipping,256,1,3,256,26,32195000,4239360,1
sample,double,sparse-64,clipping,256,1,4,256,26,32317800,4239360,1
sample,double,sparse-64,clipping,256,1,5,256,26,31990200,4239360,1
sample,double,sparse-64,clipping,256,1,6,256,26,33277800,4239360,1
summary,double,sparse-64,clipping,124283.203,125985.938,129991.406
sample,double,dense-1,relationship,4,1,0,32768,3277,33915500,0,0
sample,double,dense-1,relationship,4,1,1,32768,3277,34521000,0,0
sample,double,dense-1,relationship,4,1,2,32768,3277,36049500,0,0
sample,double,dense-1,relationship,4,1,3,32768,3277,37711200,0,0
sample,double,dense-1,relationship,4,1,4,32768,3277,36278900,0,0
sample,double,dense-1,relationship,4,1,5,32768,3277,34645700,0,0
sample,double,dense-1,relationship,4,1,6,32768,3277,34595400,0,0
summary,double,dense-1,relationship,1035.019,1057.303,1150.854
sample,double,dense-1,clipping,4,1,0,2048,205,36958600,33914880,8
sample,double,dense-1,clipping,4,1,1,2048,205,36636300,33914880,8
sample,double,dense-1,clipping,4,1,2,2048,205,36261600,33914880,8
sample,double,dense-1,clipping,4,1,3,2048,205,36479400,33914880,8
sample,double,dense-1,clipping,4,1,4,2048,205,37514900,33914880,8
sample,double,dense-1,clipping,4,1,5,2048,205,38141400,33914880,8
sample,double,dense-1,clipping,4,1,6,2048,205,37165500,33914880,8
summary,double,dense-1,clipping,17705.859,18046.191,18623.730
sample,double,dense-4,relationship,16,4,0,4096,410,27241700,0,0
sample,double,dense-4,relationship,16,4,1,4096,410,27536300,0,0
sample,double,dense-4,relationship,16,4,2,4096,410,28661800,0,0
sample,double,dense-4,relationship,16,4,3,4096,410,26993500,0,0
sample,double,dense-4,relationship,16,4,4,4096,410,27285200,0,0
sample,double,dense-4,relationship,16,4,5,4096,410,27522600,0,0
sample,double,dense-4,relationship,16,4,6,4096,410,27283100,0,0
summary,double,dense-4,relationship,6590.210,6661.426,6997.510
sample,double,dense-4,clipping,16,4,0,256,26,24767300,10588160,2
sample,double,dense-4,clipping,16,4,1,256,26,23394500,10588160,2
sample,double,dense-4,clipping,16,4,2,256,26,23848500,10588160,2
sample,double,dense-4,clipping,16,4,3,256,26,23459800,10588160,2
sample,double,dense-4,clipping,16,4,4,256,26,23436300,10588160,2
sample,double,dense-4,clipping,16,4,5,256,26,23651000,10588160,2
sample,double,dense-4,clipping,16,4,6,256,26,23482700,10588160,2
summary,double,dense-4,clipping,91384.766,91729.297,96747.266
sample,double,dense-16,relationship,64,16,0,1024,103,29737800,0,0
sample,double,dense-16,relationship,64,16,1,1024,103,29584300,0,0
sample,double,dense-16,relationship,64,16,2,1024,103,29621200,0,0
sample,double,dense-16,relationship,64,16,3,1024,103,30600800,0,0
sample,double,dense-16,relationship,64,16,4,1024,103,33239800,0,0
sample,double,dense-16,relationship,64,16,5,1024,103,30167900,0,0
sample,double,dense-16,relationship,64,16,6,1024,103,29978100,0,0
summary,double,dense-16,relationship,28890.918,29275.488,32460.742
sample,double,dense-16,clipping,64,16,0,64,7,27839100,9280512,2
sample,double,dense-16,clipping,64,16,1,64,7,27876900,9280512,2
sample,double,dense-16,clipping,64,16,2,64,7,27787400,9280512,2
sample,double,dense-16,clipping,64,16,3,64,7,28590800,9280512,2
sample,double,dense-16,clipping,64,16,4,64,7,28363800,9280512,2
sample,double,dense-16,clipping,64,16,5,64,7,27884500,9280512,2
sample,double,dense-16,clipping,64,16,6,64,7,28204300,9280512,2
summary,double,dense-16,clipping,434178.125,435695.312,446731.250
sample,double,dense-64,relationship,256,64,0,256,26,29649900,0,0
sample,double,dense-64,relationship,256,64,1,256,26,31458000,0,0
sample,double,dense-64,relationship,256,64,2,256,26,30649000,0,0
sample,double,dense-64,relationship,256,64,3,256,26,31041200,0,0
sample,double,dense-64,relationship,256,64,4,256,26,30579700,0,0
sample,double,dense-64,relationship,256,64,5,256,26,30676300,0,0
sample,double,dense-64,relationship,256,64,6,256,26,30356200,0,0
summary,double,dense-64,relationship,115819.922,119722.656,122882.812
sample,double,dense-64,clipping,256,64,0,16,2,32248800,8896512,2
sample,double,dense-64,clipping,256,64,1,16,2,32592100,8896512,2
sample,double,dense-64,clipping,256,64,2,16,2,32368400,8896512,2
sample,double,dense-64,clipping,256,64,3,16,2,32331000,8896512,2
sample,double,dense-64,clipping,256,64,4,16,2,32339400,8896512,2
sample,double,dense-64,clipping,256,64,5,16,2,32835700,8896512,2
sample,double,dense-64,clipping,256,64,6,16,2,32481800,8896512,2
summary,double,dense-64,clipping,2015550.000,2023025.000,2052231.250
sample,double,subnormal,relationship,4,1,0,4096,410,29013000,0,0
sample,double,subnormal,relationship,4,1,1,4096,410,28703300,0,0
sample,double,subnormal,relationship,4,1,2,4096,410,30397800,0,0
sample,double,subnormal,relationship,4,1,3,4096,410,28913300,0,0
sample,double,subnormal,relationship,4,1,4,4096,410,29118200,0,0
sample,double,subnormal,relationship,4,1,5,4096,410,28915100,0,0
sample,double,subnormal,relationship,4,1,6,4096,410,29003600,0,0
summary,double,subnormal,relationship,7007.642,7080.957,7421.338
sample,double,subnormal,clipping,4,1,0,1024,103,29503700,16957440,4
sample,double,subnormal,clipping,4,1,1,1024,103,27397100,16957440,4
sample,double,subnormal,clipping,4,1,2,1024,103,27736400,16957440,4
sample,double,subnormal,clipping,4,1,3,1024,103,27315400,16957440,4
sample,double,subnormal,clipping,4,1,4,1024,103,27421400,16957440,4
sample,double,subnormal,clipping,4,1,5,1024,103,29274900,16957440,4
sample,double,subnormal,clipping,4,1,6,1024,103,34676100,16957440,4
summary,double,subnormal,clipping,26675.195,27086.328,33863.379
sample,double,large-finite,relationship,4,1,0,4096,410,30147200,0,0
sample,double,large-finite,relationship,4,1,1,4096,410,30244300,0,0
sample,double,large-finite,relationship,4,1,2,4096,410,30182900,0,0
sample,double,large-finite,relationship,4,1,3,4096,410,30192500,0,0
sample,double,large-finite,relationship,4,1,4,4096,410,31667200,0,0
sample,double,large-finite,relationship,4,1,5,4096,410,30202800,0,0
sample,double,large-finite,relationship,4,1,6,4096,410,30309400,0,0
summary,double,large-finite,relationship,7360.156,7373.730,7731.250
sample,double,large-finite,clipping,4,1,0,1024,103,33783900,16957440,4
sample,double,large-finite,clipping,4,1,1,1024,103,35365000,16957440,4
sample,double,large-finite,clipping,4,1,2,1024,103,33772700,16957440,4
sample,double,large-finite,clipping,4,1,3,1024,103,34084800,16957440,4
sample,double,large-finite,clipping,4,1,4,1024,103,33933800,16957440,4
sample,double,large-finite,clipping,4,1,5,1024,103,33957300,16957440,4
sample,double,large-finite,clipping,4,1,6,1024,103,33612900,16957440,4
summary,double,large-finite,clipping,32825.098,33138.477,34536.133
sink,17742226940810306186
