fixture_header,scalar,case,edges,expected_fact_bits,expected_status,expected_components
sample_header,scalar,case,operation,edges,expected_components,round,iterations,warmup,elapsed_ns,gc_bytes,gc_collections
summary_header,scalar,case,operation,min_ns_per_op,median_ns_per_op,max_ns_per_op
fixture,int,exterior,4,1,success,0
fixture,int,interior,4,4,success,1
fixture,int,crossing,4,7,success,1
fixture,int,boundary-only,4,10,success,1
fixture,int,boundary-overlap,4,11,success,1
fixture,int,isolated-tangent,4,3,success,0
fixture,int,degenerate-interior,4,4,success,0
fixture,int,degenerate-boundary,4,2,success,0
fixture,int,empty,0,1,success,0
fixture,int,concave-u,8,7,success,2
fixture,int,hole,8,7,success,2
fixture,int,hole-reversed,8,7,success,2
fixture,int,rational-crossing,3,7,success,1
fixture,int,sparse-1,4,7,success,1
fixture,int,sparse-4,16,7,success,1
fixture,int,sparse-16,64,7,success,1
fixture,int,sparse-64,256,7,success,1
fixture,int,dense-1,4,7,success,1
fixture,int,dense-4,16,7,success,4
fixture,int,dense-16,64,7,success,16
fixture,int,dense-64,256,7,success,64
fixture,int,wide-integral,4,7,success,1
preflight,int,22,PASS
sample,int,exterior,relationship,4,0,0,32768,3277,27828200,0,0
sample,int,exterior,relationship,4,0,1,32768,3277,27646700,0,0
sample,int,exterior,relationship,4,0,2,32768,3277,27001500,0,0
sample,int,exterior,relationship,4,0,3,32768,3277,27070400,0,0
sample,int,exterior,relationship,4,0,4,32768,3277,26974700,0,0
sample,int,exterior,relationship,4,0,5,32768,3277,27089100,0,0
sample,int,exterior,relationship,4,0,6,32768,3277,27001800,0,0
summary,int,exterior,relationship,823.203,826.123,849.249
sample,int,exterior,clipping,4,0,0,8192,820,28324200,202113024,48
sample,int,exterior,clipping,4,0,1,8192,820,27683200,202113024,48
sample,int,exterior,clipping,4,0,2,8192,820,27594400,202113024,48
sample,int,exterior,clipping,4,0,3,8192,820,27630900,202113024,48
sample,int,exterior,clipping,4,0,4,8192,820,27534200,202113024,48
sample,int,exterior,clipping,4,0,5,8192,820,27300000,202113024,48
sample,int,exterior,clipping,4,0,6,8192,820,27902700,202113024,48
summary,int,exterior,clipping,3332.520,3372.913,3457.544
sample,int,interior,relationship,4,1,0,32768,3277,26350500,0,0
sample,int,interior,relationship,4,1,1,32768,3277,26031900,0,0
sample,int,interior,relationship,4,1,2,32768,3277,25993400,0,0
sample,int,interior,relationship,4,1,3,32768,3277,25818400,0,0
sample,int,interior,relationship,4,1,4,32768,3277,25813300,0,0
sample,int,interior,relationship,4,1,5,32768,3277,25015300,0,0
sample,int,interior,relationship,4,1,6,32768,3277,24664500,0,0
summary,int,interior,relationship,752.701,787.915,804.153
sample,int,interior,clipping,4,1,0,2048,205,16238000,50626560,12
sample,int,interior,clipping,4,1,1,2048,205,16484000,50626560,12
sample,int,interior,clipping,4,1,2,2048,205,16526600,50626560,12
sample,int,interior,clipping,4,1,3,2048,205,16358500,50626560,12
sample,int,interior,clipping,4,1,4,2048,205,16708700,50626560,12
sample,int,interior,clipping,4,1,5,2048,205,16469400,50626560,12
sample,int,interior,clipping,4,1,6,2048,205,16167600,50626560,12
summary,int,interior,clipping,7894.336,8041.699,8158.545
sample,int,crossing,relationship,4,1,0,32768,3277,26198100,0,0
sample,int,crossing,relationship,4,1,1,32768,3277,26003500,0,0
sample,int,crossing,relationship,4,1,2,32768,3277,25407000,0,0
sample,int,crossing,relationship,4,1,3,32768,3277,25333700,0,0
sample,int,crossing,relationship,4,1,4,32768,3277,25407400,0,0
sample,int,crossing,relationship,4,1,5,32768,3277,25269300,0,0
sample,int,crossing,relationship,4,1,6,32768,3277,25128400,0,0
summary,int,crossing,relationship,766.858,775.360,799.503
sample,int,crossing,clipping,4,1,0,2048,205,34644300,50692096,12
sample,int,crossing,clipping,4,1,1,2048,205,34775200,50692096,12
sample,int,crossing,clipping,4,1,2,2048,205,34431700,50692096,12
sample,int,crossing,clipping,4,1,3,2048,205,34753600,50692096,12
sample,int,crossing,clipping,4,1,4,2048,205,34513700,50692096,12
sample,int,crossing,clipping,4,1,5,2048,205,34302600,50692096,12
sample,int,crossing,clipping,4,1,6,2048,205,34858600,50692096,12
summary,int,crossing,clipping,16749.316,16916.162,17020.801
sample,int,boundary-only,relationship,4,1,0,32768,3277,31120200,0,0
sample,int,boundary-only,relationship,4,1,1,32768,3277,30452700,0,0
sample,int,boundary-only,relationship,4,1,2,32768,3277,30119600,0,0
sample,int,boundary-only,relationship,4,1,3,32768,3277,31557000,0,0
sample,int,boundary-only,relationship,4,1,4,32768,3277,31378800,0,0
sample,int,boundary-only,relationship,4,1,5,32768,3277,30465800,0,0
sample,int,boundary-only,relationship,4,1,6,32768,3277,31604600,0,0
summary,int,boundary-only,relationship,919.177,949.713,964.496
sample,int,boundary-only,clipping,4,1,0,2048,205,27764900,50626560,12
sample,int,boundary-only,clipping,4,1,1,2048,205,23729000,50626560,12
sample,int,boundary-only,clipping,4,1,2,2048,205,24103400,50626560,12
sample,int,boundary-only,clipping,4,1,3,2048,205,23484800,50626560,12
sample,int,boundary-only,clipping,4,1,4,2048,205,24156700,50626560,12
sample,int,boundary-only,clipping,4,1,5,2048,205,23150100,50626560,12
sample,int,boundary-only,clipping,4,1,6,2048,205,24479800,50626560,12
summary,int,boundary-only,clipping,11303.760,11769.238,13557.080
sample,int,boundary-overlap,relationship,4,1,0,32768,3277,40141900,0,0
sample,int,boundary-overlap,relationship,4,1,1,32768,3277,37027600,0,0
sample,int,boundary-overlap,relationship,4,1,2,32768,3277,37637900,0,0
sample,int,boundary-overlap,relationship,4,1,3,32768,3277,38041700,0,0
sample,int,boundary-overlap,relationship,4,1,4,32768,3277,37710600,0,0
sample,int,boundary-overlap,relationship,4,1,5,32768,3277,37639700,0,0
sample,int,boundary-overlap,relationship,4,1,6,32768,3277,37268800,0,0
summary,int,boundary-overlap,relationship,1129.993,1148.672,1225.034
sample,int,boundary-overlap,clipping,4,1,0,2048,205,25045300,50692096,12
sample,int,boundary-overlap,clipping,4,1,1,2048,205,25631800,50692096,12
sample,int,boundary-overlap,clipping,4,1,2,2048,205,25376700,50692096,12
sample,int,boundary-overlap,clipping,4,1,3,2048,205,25183100,50692096,12
sample,int,boundary-overlap,clipping,4,1,4,2048,205,24766200,50692096,12
sample,int,boundary-overlap,clipping,4,1,5,2048,205,25778200,50692096,12
sample,int,boundary-overlap,clipping,4,1,6,2048,205,25235200,50692096,12
summary,int,boundary-overlap,clipping,12092.871,12321.875,12587.012
sample,int,isolated-tangent,relationship,4,0,0,32768,3277,36259800,0,0
sample,int,isolated-tangent,relationship,4,0,1,32768,3277,36071900,0,0
sample,int,isolated-tangent,relationship,4,0,2,32768,3277,35655400,0,0
sample,int,isolated-tangent,relationship,4,0,3,32768,3277,35997900,0,0
sample,int,isolated-tangent,relationship,4,0,4,32768,3277,36884900,0,0
sample,int,isolated-tangent,relationship,4,0,5,32768,3277,45930300,0,0
sample,int,isolated-tangent,relationship,4,0,6,32768,3277,36981700,0,0
summary,int,isolated-tangent,relationship,1088.116,1106.561,1401.682
sample,int,isolated-tangent,clipping,4,0,0,4096,410,20351700,101056512,24
sample,int,isolated-tangent,clipping,4,0,1,4096,410,21353500,101056512,24
sample,int,isolated-tangent,clipping,4,0,2,4096,410,20400000,101056512,24
sample,int,isolated-tangent,clipping,4,0,3,4096,410,20387200,101056512,24
sample,int,isolated-tangent,clipping,4,0,4,4096,410,20257200,101056512,24
sample,int,isolated-tangent,clipping,4,0,5,4096,410,20620100,101056512,24
sample,int,isolated-tangent,clipping,4,0,6,4096,410,21000700,101056512,24
summary,int,isolated-tangent,clipping,4945.605,4980.469,5213.257
sample,int,degenerate-interior,relationship,4,0,0,65536,6554,1978400,0,0
sample,int,degenerate-interior,relationship,4,0,1,65536,6554,1985000,0,0
sample,int,degenerate-interior,relationship,4,0,2,65536,6554,2028200,0,0
sample,int,degenerate-interior,relationship,4,0,3,65536,6554,2653100,0,0
sample,int,degenerate-interior,relationship,4,0,4,65536,6554,2403900,0,0
sample,int,degenerate-interior,relationship,4,0,5,65536,6554,2036600,0,0
sample,int,degenerate-interior,relationship,4,0,6,65536,6554,2000600,0,0
summary,int,degenerate-interior,relationship,30.188,30.948,40.483
sample,int,degenerate-interior,clipping,4,0,0,65536,6554,250300,0,0
sample,int,degenerate-interior,clipping,4,0,1,65536,6554,250300,0,0
sample,int,degenerate-interior,clipping,4,0,2,65536,6554,250200,0,0
sample,int,degenerate-interior,clipping,4,0,3,65536,6554,300900,0,0
sample,int,degenerate-interior,clipping,4,0,4,65536,6554,278900,0,0
sample,int,degenerate-interior,clipping,4,0,5,65536,6554,250200,0,0
sample,int,degenerate-interior,clipping,4,0,6,65536,6554,254600,0,0
summary,int,degenerate-interior,clipping,3.818,3.819,4.591
sample,int,degenerate-boundary,relationship,4,0,0,65536,6554,2170700,0,0
sample,int,degenerate-boundary,relationship,4,0,1,65536,6554,2428600,0,0
sample,int,degenerate-boundary,relationship,4,0,2,65536,6554,1909700,0,0
sample,int,degenerate-boundary,relationship,4,0,3,65536,6554,1933100,0,0
sample,int,degenerate-boundary,relationship,4,0,4,65536,6554,1982200,0,0
sample,int,degenerate-boundary,relationship,4,0,5,65536,6554,1996700,0,0
sample,int,degenerate-boundary,relationship,4,0,6,65536,6554,1984100,0,0
summary,int,degenerate-boundary,relationship,29.140,30.275,37.057
sample,int,degenerate-boundary,clipping,4,0,0,65536,6554,267100,0,0
sample,int,degenerate-boundary,clipping,4,0,1,65536,6554,256300,0,0
sample,int,degenerate-boundary,clipping,4,0,2,65536,6554,256300,0,0
sample,int,degenerate-boundary,clipping,4,0,3,65536,6554,302600,0,0
sample,int,degenerate-boundary,clipping,4,0,4,65536,6554,268500,0,0
sample,int,degenerate-boundary,clipping,4,0,5,65536,6554,256400,0,0
sample,int,degenerate-boundary,clipping,4,0,6,65536,6554,259100,0,0
summary,int,degenerate-boundary,clipping,3.911,3.954,4.617
sample,int,empty,relationship,0,0,0,65536,6554,385800,0,0
sample,int,empty,relationship,0,0,1,65536,6554,443300,0,0
sample,int,empty,relationship,0,0,2,65536,6554,607700,0,0
sample,int,empty,relationship,0,0,3,65536,6554,338900,0,0
sample,int,empty,relationship,0,0,4,65536,6554,321400,0,0
sample,int,empty,relationship,0,0,5,65536,6554,380100,0,0
sample,int,empty,relationship,0,0,6,65536,6554,322500,0,0
summary,int,empty,relationship,4.904,5.800,9.273
sample,int,empty,clipping,0,0,0,65536,6554,303400,0,0
sample,int,empty,clipping,0,0,1,65536,6554,256400,0,0
sample,int,empty,clipping,0,0,2,65536,6554,261400,0,0
sample,int,empty,clipping,0,0,3,65536,6554,256300,0,0
sample,int,empty,clipping,0,0,4,65536,6554,306500,0,0
sample,int,empty,clipping,0,0,5,65536,6554,261100,0,0
sample,int,empty,clipping,0,0,6,65536,6554,256300,0,0
summary,int,empty,clipping,3.911,3.984,4.677
sample,int,concave-u,relationship,8,2,0,8192,820,21268700,0,0
sample,int,concave-u,relationship,8,2,1,8192,820,21976000,0,0
sample,int,concave-u,relationship,8,2,2,8192,820,20768800,0,0
sample,int,concave-u,relationship,8,2,3,8192,820,21219400,0,0
sample,int,concave-u,relationship,8,2,4,8192,820,20475600,0,0
sample,int,concave-u,relationship,8,2,5,8192,820,20307900,0,0
sample,int,concave-u,relationship,8,2,6,8192,820,20582700,0,0
summary,int,concave-u,relationship,2478.992,2535.254,2682.617
sample,int,concave-u,clipping,8,2,0,512,52,21215900,21102592,5
sample,int,concave-u,clipping,8,2,1,512,52,22368200,21102592,5
sample,int,concave-u,clipping,8,2,2,512,52,21440100,21102592,5
sample,int,concave-u,clipping,8,2,3,512,52,21233600,21102592,5
sample,int,concave-u,clipping,8,2,4,512,52,21891800,21102592,5
sample,int,concave-u,clipping,8,2,5,512,52,21911600,21102592,5
sample,int,concave-u,clipping,8,2,6,512,52,21724800,21102592,5
summary,int,concave-u,clipping,41437.305,42431.250,43687.891
sample,int,hole,relationship,8,2,0,8192,820,20916100,0,0
sample,int,hole,relationship,8,2,1,8192,820,20764500,0,0
sample,int,hole,relationship,8,2,2,8192,820,20958000,0,0
sample,int,hole,relationship,8,2,3,8192,820,20794100,0,0
sample,int,hole,relationship,8,2,4,8192,820,20652500,0,0
sample,int,hole,relationship,8,2,5,8192,820,20787300,0,0
sample,int,hole,relationship,8,2,6,8192,820,20635400,0,0
summary,int,hole,relationship,2518.970,2537.512,2558.350
sample,int,hole,clipping,8,2,0,512,52,20309300,21102592,5
sample,int,hole,clipping,8,2,1,512,52,20234600,21102592,5
sample,int,hole,clipping,8,2,2,512,52,20196700,21102592,5
sample,int,hole,clipping,8,2,3,512,52,30456000,21102592,5
sample,int,hole,clipping,8,2,4,512,52,20241900,21102592,5
sample,int,hole,clipping,8,2,5,512,52,20416900,21102592,5
sample,int,hole,clipping,8,2,6,512,52,20406200,21102592,5
summary,int,hole,clipping,39446.680,39666.602,59484.375
sample,int,hole-reversed,relationship,8,2,0,16384,1639,40187200,0,0
sample,int,hole-reversed,relationship,8,2,1,16384,1639,40181500,0,0
sample,int,hole-reversed,relationship,8,2,2,16384,1639,39876400,0,0
sample,int,hole-reversed,relationship,8,2,3,16384,1639,40239300,0,0
sample,int,hole-reversed,relationship,8,2,4,16384,1639,40151400,0,0
sample,int,hole-reversed,relationship,8,2,5,16384,1639,40097600,0,0
sample,int,hole-reversed,relationship,8,2,6,16384,1639,40284700,0,0
summary,int,hole-reversed,relationship,2433.862,2452.484,2458.783
sample,int,hole-reversed,clipping,8,2,0,512,52,20171000,21102592,5
sample,int,hole-reversed,clipping,8,2,1,512,52,20397800,21102592,5
sample,int,hole-reversed,clipping,8,2,2,512,52,20228800,21102592,5
sample,int,hole-reversed,clipping,8,2,3,512,52,20205100,21102592,5
sample,int,hole-reversed,clipping,8,2,4,512,52,20314500,21102592,5
sample,int,hole-reversed,clipping,8,2,5,512,52,20253300,21102592,5
sample,int,hole-reversed,clipping,8,2,6,512,52,20327100,21102592,5
summary,int,hole-reversed,clipping,39396.484,39557.227,39839.453
sample,int,rational-crossing,relationship,3,1,0,65536,6554,36322900,0,0
sample,int,rational-crossing,relationship,3,1,1,65536,6554,36610500,0,0
sample,int,rational-crossing,relationship,3,1,2,65536,6554,36833800,0,0
sample,int,rational-crossing,relationship,3,1,3,65536,6554,37714800,0,0
sample,int,rational-crossing,relationship,3,1,4,65536,6554,37050000,0,0
sample,int,rational-crossing,relationship,3,1,5,65536,6554,37525200,0,0
sample,int,rational-crossing,relationship,3,1,6,65536,6554,37087300,0,0
summary,int,rational-crossing,relationship,554.243,565.338,575.482
sample,int,rational-crossing,clipping,3,1,0,2048,205,37033900,42303488,10
sample,int,rational-crossing,clipping,3,1,1,2048,205,36828400,42303488,10
sample,int,rational-crossing,clipping,3,1,2,2048,205,36713400,42303488,10
sample,int,rational-crossing,clipping,3,1,3,2048,205,37661300,42303488,10
sample,int,rational-crossing,clipping,3,1,4,2048,205,37121400,42303488,10
sample,int,rational-crossing,clipping,3,1,5,2048,205,37103000,42303488,10
sample,int,rational-crossing,clipping,3,1,6,2048,205,36633600,42303488,10
summary,int,rational-crossing,clipping,17887.500,18082.959,18389.307
sample,int,sparse-1,relationship,4,1,0,32768,3277,26355300,0,0
sample,int,sparse-1,relationship,4,1,1,32768,3277,27544900,0,0
sample,int,sparse-1,relationship,4,1,2,32768,3277,27338200,0,0
sample,int,sparse-1,relationship,4,1,3,32768,3277,26370600,0,0
sample,int,sparse-1,relationship,4,1,4,32768,3277,27475100,0,0
sample,int,sparse-1,relationship,4,1,5,32768,3277,27738700,0,0
sample,int,sparse-1,relationship,4,1,6,32768,3277,26662600,0,0
summary,int,sparse-1,relationship,804.300,834.296,846.518
sample,int,sparse-1,clipping,4,1,0,2048,205,37255700,50692096,12
sample,int,sparse-1,clipping,4,1,1,2048,205,37245000,50692096,12
sample,int,sparse-1,clipping,4,1,2,2048,205,38135400,50692096,12
sample,int,sparse-1,clipping,4,1,3,2048,205,37381200,50692096,12
sample,int,sparse-1,clipping,4,1,4,2048,205,37139300,50692096,12
sample,int,sparse-1,clipping,4,1,5,2048,205,37798800,50692096,12
sample,int,sparse-1,clipping,4,1,6,2048,205,38515100,50692096,12
summary,int,sparse-1,clipping,18134.424,18252.539,18806.201
sample,int,sparse-4,relationship,16,1,0,8192,820,34818800,0,0
sample,int,sparse-4,relationship,16,1,1,8192,820,47575700,0,0
sample,int,sparse-4,relationship,16,1,2,8192,820,33648700,0,0
sample,int,sparse-4,relationship,16,1,3,8192,820,33323400,0,0
sample,int,sparse-4,relationship,16,1,4,8192,820,33467200,0,0
sample,int,sparse-4,relationship,16,1,5,8192,820,33487500,0,0
sample,int,sparse-4,relationship,16,1,6,8192,820,33425100,0,0
summary,int,sparse-4,relationship,4067.798,4087.830,5807.581
sample,int,sparse-4,clipping,16,1,0,1024,103,26176000,75677696,18
sample,int,sparse-4,clipping,16,1,1,1024,103,25646900,75677696,18
sample,int,sparse-4,clipping,16,1,2,1024,103,26122600,75677696,18
sample,int,sparse-4,clipping,16,1,3,1024,103,26315500,75677696,18
sample,int,sparse-4,clipping,16,1,4,1024,103,25927200,75677696,18
sample,int,sparse-4,clipping,16,1,5,1024,103,26325200,75677696,18
sample,int,sparse-4,clipping,16,1,6,1024,103,25815500,75677696,18
summary,int,sparse-4,clipping,25045.801,25510.352,25708.203
sample,int,sparse-16,relationship,64,1,0,2048,205,34902700,0,0
sample,int,sparse-16,relationship,64,1,1,2048,205,35627400,0,0
sample,int,sparse-16,relationship,64,1,2,2048,205,35655400,0,0
sample,int,sparse-16,relationship,64,1,3,2048,205,35148300,0,0
sample,int,sparse-16,relationship,64,1,4,2048,205,35726400,0,0
sample,int,sparse-16,relationship,64,1,5,2048,205,35344200,0,0
sample,int,sparse-16,relationship,64,1,6,2048,205,35470400,0,0
summary,int,sparse-16,relationship,17042.334,17319.531,17444.531
sample,int,sparse-16,clipping,64,1,0,512,52,24602800,142696448,36
sample,int,sparse-16,clipping,64,1,1,512,52,24665400,142696448,36
sample,int,sparse-16,clipping,64,1,2,512,52,23492400,142696448,36
sample,int,sparse-16,clipping,64,1,3,512,52,23630300,142696448,36
sample,int,sparse-16,clipping,64,1,4,512,52,24584900,142696448,36
sample,int,sparse-16,clipping,64,1,5,512,52,24624100,142696448,36
sample,int,sparse-16,clipping,64,1,6,512,52,25072500,142696448,36
summary,int,sparse-16,clipping,45883.594,48052.344,48969.727
sample,int,sparse-64,relationship,256,1,0,512,52,34652300,0,0
sample,int,sparse-64,relationship,256,1,1,512,52,33952700,0,0
sample,int,sparse-64,relationship,256,1,2,512,52,34283800,0,0
sample,int,sparse-64,relationship,256,1,3,512,52,33692200,0,0
sample,int,sparse-64,relationship,256,1,4,512,52,33685000,0,0
sample,int,sparse-64,relationship,256,1,5,512,52,33501900,0,0
sample,int,sparse-64,relationship,256,1,6,512,52,33382100,0,0
summary,int,sparse-64,relationship,65199.414,65805.078,67680.273
sample,int,sparse-64,clipping,256,1,0,256,26,35568100,280014848,127
sample,int,sparse-64,clipping,256,1,1,256,26,35281800,280014848,127
sample,int,sparse-64,clipping,256,1,2,256,26,35337300,280014848,127
sample,int,sparse-64,clipping,256,1,3,256,26,35501400,280014848,127
sample,int,sparse-64,clipping,256,1,4,256,26,35579300,280014848,127
sample,int,sparse-64,clipping,256,1,5,256,26,35427800,280014848,127
sample,int,sparse-64,clipping,256,1,6,256,26,37873400,280014848,127
summary,int,sparse-64,clipping,137819.531,138677.344,147942.969
sample,int,dense-1,relationship,4,1,0,32768,3277,27831300,0,0
sample,int,dense-1,relationship,4,1,1,32768,3277,27625600,0,0
sample,int,dense-1,relationship,4,1,2,32768,3277,27122800,0,0
sample,int,dense-1,relationship,4,1,3,32768,3277,27280200,0,0
sample,int,dense-1,relationship,4,1,4,32768,3277,26994300,0,0
sample,int,dense-1,relationship,4,1,5,32768,3277,27501600,0,0
sample,int,dense-1,relationship,4,1,6,32768,3277,26914100,0,0
summary,int,dense-1,relationship,821.353,832.526,849.344
sample,int,dense-1,clipping,4,1,0,2048,205,39209600,50692096,12
sample,int,dense-1,clipping,4,1,1,2048,205,39989000,50692096,12
sample,int,dense-1,clipping,4,1,2,2048,205,49218100,50692096,12
sample,int,dense-1,clipping,4,1,3,2048,205,40507500,50692096,12
sample,int,dense-1,clipping,4,1,4,2048,205,38634500,50692096,12
sample,int,dense-1,clipping,4,1,5,2048,205,38311900,50692096,12
sample,int,dense-1,clipping,4,1,6,2048,205,38126600,50692096,12
summary,int,dense-1,clipping,18616.504,19145.312,24032.275
sample,int,dense-4,relationship,16,4,0,4096,410,24121600,0,0
sample,int,dense-4,relationship,16,4,1,4096,410,24775100,0,0
sample,int,dense-4,relationship,16,4,2,4096,410,24565100,0,0
sample,int,dense-4,relationship,16,4,3,4096,410,24664700,0,0
sample,int,dense-4,relationship,16,4,4,4096,410,24228700,0,0
sample,int,dense-4,relationship,16,4,5,4096,410,24258600,0,0
sample,int,dense-4,relationship,16,4,6,4096,410,24370900,0,0
summary,int,dense-4,relationship,5889.062,5949.927,6048.608
sample,int,dense-4,clipping,16,4,0,256,26,24640000,18976768,4
sample,int,dense-4,clipping,16,4,1,256,26,23596700,18976768,4
sample,int,dense-4,clipping,16,4,2,256,26,23979600,18976768,4
sample,int,dense-4,clipping,16,4,3,256,26,24452200,18976768,4
sample,int,dense-4,clipping,16,4,4,256,26,23965200,18976768,4
sample,int,dense-4,clipping,16,4,5,256,26,24080800,18976768,4
sample,int,dense-4,clipping,16,4,6,256,26,23619800,18976768,4
summary,int,dense-4,clipping,92174.609,93670.312,96250.000
sample,int,dense-16,relationship,64,16,0,1024,103,27031600,0,0
sample,int,dense-16,relationship,64,16,1,1024,103,26927000,0,0
sample,int,dense-16,relationship,64,16,2,1024,103,27134200,0,0
sample,int,dense-16,relationship,64,16,3,1024,103,26745900,0,0
sample,int,dense-16,relationship,64,16,4,1024,103,27290400,0,0
sample,int,dense-16,relationship,64,16,5,1024,103,27229800,0,0
sample,int,dense-16,relationship,64,16,6,1024,103,27095600,0,0
summary,int,dense-16,relationship,26119.043,26460.547,26650.781
sample,int,dense-16,clipping,64,16,0,64,7,29033800,17931264,4
sample,int,dense-16,clipping,64,16,1,64,7,28685200,17931264,4
sample,int,dense-16,clipping,64,16,2,64,7,39016400,17931264,4
sample,int,dense-16,clipping,64,16,3,64,7,28439900,17931264,4
sample,int,dense-16,clipping,64,16,4,64,7,28906200,17931264,4
sample,int,dense-16,clipping,64,16,5,64,7,28823500,17931264,4
sample,int,dense-16,clipping,64,16,6,64,7,29087600,17931264,4
summary,int,dense-16,clipping,444373.438,451659.375,609631.250
sample,int,dense-64,relationship,256,64,0,256,26,27537000,0,0
sample,int,dense-64,relationship,256,64,1,256,26,27226300,0,0
sample,int,dense-64,relationship,256,64,2,256,26,27568900,0,0
sample,int,dense-64,relationship,256,64,3,256,26,27526700,0,0
sample,int,dense-64,relationship,256,64,4,256,26,27446200,0,0
sample,int,dense-64,relationship,256,64,5,256,26,28017900,0,0
sample,int,dense-64,relationship,256,64,6,256,26,27669500,0,0
summary,int,dense-64,relationship,106352.734,107566.406,109444.922
sample,int,dense-64,clipping,256,64,0,16,2,33449200,17612800,7
sample,int,dense-64,clipping,256,64,1,16,2,33537300,17612800,7
sample,int,dense-64,clipping,256,64,2,16,2,33628300,17612800,7
sample,int,dense-64,clipping,256,64,3,16,2,33504500,17612800,7
sample,int,dense-64,clipping,256,64,4,16,2,33381600,17612800,7
sample,int,dense-64,clipping,256,64,5,16,2,33426900,17612800,7
sample,int,dense-64,clipping,256,64,6,16,2,32923100,17612800,7
summary,int,dense-64,clipping,2057693.750,2090575.000,2101768.750
sample,int,wide-integral,relationship,4,1,0,32768,3277,25648500,0,0
sample,int,wide-integral,relationship,4,1,1,32768,3277,25500800,0,0
sample,int,wide-integral,relationship,4,1,2,32768,3277,25453600,0,0
sample,int,wide-integral,relationship,4,1,3,32768,3277,25220900,0,0
sample,int,wide-integral,relationship,4,1,4,32768,3277,25441000,0,0
sample,int,wide-integral,relationship,4,1,5,32768,3277,25519800,0,0
sample,int,wide-integral,relationship,4,1,6,32768,3277,25878200,0,0
summary,int,wide-integral,relationship,769.681,778.223,789.740
sample,int,wide-integral,clipping,4,1,0,2048,205,44091800,50692096,12
sample,int,wide-integral,clipping,4,1,1,2048,205,37417400,50692096,12
sample,int,wide-integral,clipping,4,1,2,2048,205,37571900,50692096,12
sample,int,wide-integral,clipping,4,1,3,2048,205,37377800,50692096,12
sample,int,wide-integral,clipping,4,1,4,2048,205,37648300,50692096,12
sample,int,wide-integral,clipping,4,1,5,2048,205,37271900,50692096,12
sample,int,wide-integral,clipping,4,1,6,2048,205,37592200,50692096,12
summary,int,wide-integral,clipping,18199.170,18345.654,21529.199
fixture,long,exterior,4,1,success,0
fixture,long,interior,4,4,success,1
fixture,long,crossing,4,7,success,1
fixture,long,boundary-only,4,10,success,1
fixture,long,boundary-overlap,4,11,success,1
fixture,long,isolated-tangent,4,3,success,0
fixture,long,degenerate-interior,4,4,success,0
fixture,long,degenerate-boundary,4,2,success,0
fixture,long,empty,0,1,success,0
fixture,long,concave-u,8,7,success,2
fixture,long,hole,8,7,success,2
fixture,long,hole-reversed,8,7,success,2
fixture,long,rational-crossing,3,7,success,1
fixture,long,sparse-1,4,7,success,1
fixture,long,sparse-4,16,7,success,1
fixture,long,sparse-16,64,7,success,1
fixture,long,sparse-64,256,7,success,1
fixture,long,dense-1,4,7,success,1
fixture,long,dense-4,16,7,success,4
fixture,long,dense-16,64,7,success,16
fixture,long,dense-64,256,7,success,64
fixture,long,wide-integral,4,7,success,1
fixture,long,endpoint-collapse,4,6,unrepresentableConstruction,0
fixture,long,gap-collapse,8,7,unrepresentableConstruction,0
preflight,long,24,PASS
sample,long,exterior,relationship,4,0,0,32768,3277,28938500,0,0
sample,long,exterior,relationship,4,0,1,32768,3277,28875900,0,0
sample,long,exterior,relationship,4,0,2,32768,3277,29089900,0,0
sample,long,exterior,relationship,4,0,3,32768,3277,29101200,0,0
sample,long,exterior,relationship,4,0,4,32768,3277,29024000,0,0
sample,long,exterior,relationship,4,0,5,32768,3277,29031400,0,0
sample,long,exterior,relationship,4,0,6,32768,3277,30089400,0,0
summary,long,exterior,relationship,881.223,885.968,918.256
sample,long,exterior,clipping,4,0,0,8192,820,31762800,202113024,49
sample,long,exterior,clipping,4,0,1,8192,820,31741100,202113024,49
sample,long,exterior,clipping,4,0,2,8192,820,31635900,202113024,49
sample,long,exterior,clipping,4,0,3,8192,820,31430400,202113024,49
sample,long,exterior,clipping,4,0,4,8192,820,32113400,202113024,49
sample,long,exterior,clipping,4,0,5,8192,820,32038600,202113024,49
sample,long,exterior,clipping,4,0,6,8192,820,31335300,202113024,49
summary,long,exterior,clipping,3825.110,3874.646,3920.093
sample,long,interior,relationship,4,1,0,32768,3277,29518100,0,0
sample,long,interior,relationship,4,1,1,32768,3277,30387500,0,0
sample,long,interior,relationship,4,1,2,32768,3277,29886700,0,0
sample,long,interior,relationship,4,1,3,32768,3277,34274700,0,0
sample,long,interior,relationship,4,1,4,32768,3277,36136900,0,0
sample,long,interior,relationship,4,1,5,32768,3277,30050700,0,0
sample,long,interior,relationship,4,1,6,32768,3277,31939600,0,0
summary,long,interior,relationship,900.821,927.353,1102.811
sample,long,interior,clipping,4,1,0,4096,410,37478800,101253120,24
sample,long,interior,clipping,4,1,1,4096,410,37392500,101253120,24
sample,long,interior,clipping,4,1,2,4096,410,37291900,101253120,24
sample,long,interior,clipping,4,1,3,4096,410,37497100,101253120,24
sample,long,interior,clipping,4,1,4,4096,410,37105400,101253120,24
sample,long,interior,clipping,4,1,5,4096,410,37596400,101253120,24
sample,long,interior,clipping,4,1,6,4096,410,37887100,101253120,24
summary,long,interior,clipping,9058.936,9150.098,9249.780
sample,long,crossing,relationship,4,1,0,32768,3277,30812500,0,0
sample,long,crossing,relationship,4,1,1,32768,3277,30314000,0,0
sample,long,crossing,relationship,4,1,2,32768,3277,30396500,0,0
sample,long,crossing,relationship,4,1,3,32768,3277,30986500,0,0
sample,long,crossing,relationship,4,1,4,32768,3277,32333100,0,0
sample,long,crossing,relationship,4,1,5,32768,3277,31661500,0,0
sample,long,crossing,relationship,4,1,6,32768,3277,32114400,0,0
summary,long,crossing,relationship,925.110,945.633,986.728
sample,long,crossing,clipping,4,1,0,2048,205,38600900,50692096,12
sample,long,crossing,clipping,4,1,1,2048,205,39000800,50692096,12
sample,long,crossing,clipping,4,1,2,2048,205,41651500,50692096,12
sample,long,crossing,clipping,4,1,3,2048,205,39997100,50692096,12
sample,long,crossing,clipping,4,1,4,2048,205,43113200,50692096,12
sample,long,crossing,clipping,4,1,5,2048,205,48976200,50692096,12
sample,long,crossing,clipping,4,1,6,2048,205,39898100,50692096,12
summary,long,crossing,clipping,18848.096,19529.834,23914.160
sample,long,boundary-only,relationship,4,1,0,32768,3277,37250600,0,0
sample,long,boundary-only,relationship,4,1,1,32768,3277,36740300,0,0
sample,long,boundary-only,relationship,4,1,2,32768,3277,37819600,0,0
sample,long,boundary-only,relationship,4,1,3,32768,3277,37240700,0,0
sample,long,boundary-only,relationship,4,1,4,32768,3277,37134300,0,0
sample,long,boundary-only,relationship,4,1,5,32768,3277,37440600,0,0
sample,long,boundary-only,relationship,4,1,6,32768,3277,37916400,0,0
summary,long,boundary-only,relationship,1121.225,1136.798,1157.117
sample,long,boundary-only,clipping,4,1,0,2048,205,24749100,50626560,12
sample,long,boundary-only,clipping,4,1,1,2048,205,25585500,50626560,12
sample,long,boundary-only,clipping,4,1,2,2048,205,24642300,50626560,12
sample,long,boundary-only,clipping,4,1,3,2048,205,25312800,50626560,12
sample,long,boundary-only,clipping,4,1,4,2048,205,24659600,50626560,12
sample,long,boundary-only,clipping,4,1,5,2048,205,25176300,50626560,12
sample,long,boundary-only,clipping,4,1,6,2048,205,23970600,50626560,12
summary,long,boundary-only,clipping,11704.395,12084.521,12492.920
sample,long,boundary-overlap,relationship,4,1,0,16384,1639,22511500,0,0
sample,long,boundary-overlap,relationship,4,1,1,16384,1639,22513100,0,0
sample,long,boundary-overlap,relationship,4,1,2,16384,1639,21922500,0,0
sample,long,boundary-overlap,relationship,4,1,3,16384,1639,21835200,0,0
sample,long,boundary-overlap,relationship,4,1,4,16384,1639,22129000,0,0
sample,long,boundary-overlap,relationship,4,1,5,16384,1639,22265800,0,0
sample,long,boundary-overlap,relationship,4,1,6,16384,1639,22488700,0,0
summary,long,boundary-overlap,relationship,1332.715,1358.997,1374.091
sample,long,boundary-overlap,clipping,4,1,0,2048,205,24274300,50692096,12
sample,long,boundary-overlap,clipping,4,1,1,2048,205,24138500,50692096,12
sample,long,boundary-overlap,clipping,4,1,2,2048,205,24232700,50692096,12
sample,long,boundary-overlap,clipping,4,1,3,2048,205,24532400,50692096,12
sample,long,boundary-overlap,clipping,4,1,4,2048,205,34939700,50692096,12
sample,long,boundary-overlap,clipping,4,1,5,2048,205,24316500,50692096,12
sample,long,boundary-overlap,clipping,4,1,6,2048,205,24225200,50692096,12
summary,long,boundary-overlap,clipping,11786.377,11852.686,17060.400
sample,long,isolated-tangent,relationship,4,0,0,16384,1639,20582200,0,0
sample,long,isolated-tangent,relationship,4,0,1,16384,1639,20530000,0,0
sample,long,isolated-tangent,relationship,4,0,2,16384,1639,21078600,0,0
sample,long,isolated-tangent,relationship,4,0,3,16384,1639,20474600,0,0
sample,long,isolated-tangent,relationship,4,0,4,16384,1639,20720600,0,0
sample,long,isolated-tangent,relationship,4,0,5,16384,1639,20713100,0,0
sample,long,isolated-tangent,relationship,4,0,6,16384,1639,20944200,0,0
summary,long,isolated-tangent,relationship,1249.670,1264.227,1286.536
sample,long,isolated-tangent,clipping,4,0,0,4096,410,20710500,101056512,24
sample,long,isolated-tangent,clipping,4,0,1,4096,410,20564200,101056512,24
sample,long,isolated-tangent,clipping,4,0,2,4096,410,20359800,101056512,24
sample,long,isolated-tangent,clipping,4,0,3,4096,410,20341500,101056512,24
sample,long,isolated-tangent,clipping,4,0,4,4096,410,20782100,101056512,24
sample,long,isolated-tangent,clipping,4,0,5,4096,410,20709100,101056512,24
sample,long,isolated-tangent,clipping,4,0,6,4096,410,20593800,101056512,24
summary,long,isolated-tangent,clipping,4966.187,5027.783,5073.755
sample,long,degenerate-interior,relationship,4,0,0,65536,6554,2012700,0,0
sample,long,degenerate-interior,relationship,4,0,1,65536,6554,2024400,0,0
sample,long,degenerate-interior,relationship,4,0,2,65536,6554,2037200,0,0
sample,long,degenerate-interior,relationship,4,0,3,65536,6554,2094400,0,0
sample,long,degenerate-interior,relationship,4,0,4,65536,6554,1989500,0,0
sample,long,degenerate-interior,relationship,4,0,5,65536,6554,2110700,0,0
sample,long,degenerate-interior,relationship,4,0,6,65536,6554,2022800,0,0
summary,long,degenerate-interior,relationship,30.357,30.890,32.207
sample,long,degenerate-interior,clipping,4,0,0,65536,6554,299100,0,0
sample,long,degenerate-interior,clipping,4,0,1,65536,6554,285400,0,0
sample,long,degenerate-interior,clipping,4,0,2,65536,6554,285600,0,0
sample,long,degenerate-interior,clipping,4,0,3,65536,6554,329600,0,0
sample,long,degenerate-interior,clipping,4,0,4,65536,6554,285200,0,0
sample,long,degenerate-interior,clipping,4,0,5,65536,6554,285000,0,0
sample,long,degenerate-interior,clipping,4,0,6,65536,6554,305300,0,0
summary,long,degenerate-interior,clipping,4.349,4.358,5.029
sample,long,degenerate-boundary,relationship,4,0,0,65536,6554,2104100,0,0
sample,long,degenerate-boundary,relationship,4,0,1,65536,6554,2047700,0,0
sample,long,degenerate-boundary,relationship,4,0,2,65536,6554,2315800,0,0
sample,long,degenerate-boundary,relationship,4,0,3,65536,6554,2151000,0,0
sample,long,degenerate-boundary,relationship,4,0,4,65536,6554,2526300,0,0
sample,long,degenerate-boundary,relationship,4,0,5,65536,6554,2113200,0,0
sample,long,degenerate-boundary,relationship,4,0,6,65536,6554,1927400,0,0
summary,long,degenerate-boundary,relationship,29.410,32.245,38.548
sample,long,degenerate-boundary,clipping,4,0,0,65536,6554,280800,0,0
sample,long,degenerate-boundary,clipping,4,0,1,65536,6554,278500,0,0
sample,long,degenerate-boundary,clipping,4,0,2,65536,6554,278400,0,0
sample,long,degenerate-boundary,clipping,4,0,3,65536,6554,347100,0,0
sample,long,degenerate-boundary,clipping,4,0,4,65536,6554,291900,0,0
sample,long,degenerate-boundary,clipping,4,0,5,65536,6554,291900,0,0
sample,long,degenerate-boundary,clipping,4,0,6,65536,6554,303700,0,0
summary,long,degenerate-boundary,clipping,4.248,4.454,5.296
sample,long,empty,relationship,0,0,0,65536,6554,791200,0,0
sample,long,empty,relationship,0,0,1,65536,6554,834300,0,0
sample,long,empty,relationship,0,0,2,65536,6554,793500,0,0
sample,long,empty,relationship,0,0,3,65536,6554,834200,0,0
sample,long,empty,relationship,0,0,4,65536,6554,793900,0,0
sample,long,empty,relationship,0,0,5,65536,6554,835700,0,0
sample,long,empty,relationship,0,0,6,65536,6554,793900,0,0
summary,long,empty,relationship,12.073,12.114,12.752
sample,long,empty,clipping,0,0,0,65536,6554,274300,0,0
sample,long,empty,clipping,0,0,1,65536,6554,271700,0,0
sample,long,empty,clipping,0,0,2,65536,6554,272100,0,0
sample,long,empty,clipping,0,0,3,65536,6554,392900,0,0
sample,long,empty,clipping,0,0,4,65536,6554,278400,0,0
sample,long,empty,clipping,0,0,5,65536,6554,278200,0,0
sample,long,empty,clipping,0,0,6,65536,6554,296100,0,0
summary,long,empty,clipping,4.146,4.245,5.995
sample,long,concave-u,relationship,8,2,0,8192,820,22944100,0,0
sample,long,concave-u,relationship,8,2,1,8192,820,23034600,0,0
sample,long,concave-u,relationship,8,2,2,8192,820,22166100,0,0
sample,long,concave-u,relationship,8,2,3,8192,820,24255500,0,0
sample,long,concave-u,relationship,8,2,4,8192,820,22216700,0,0
sample,long,concave-u,relationship,8,2,5,8192,820,23146900,0,0
sample,long,concave-u,relationship,8,2,6,8192,820,23380300,0,0
summary,long,concave-u,relationship,2705.823,2811.841,2960.876
sample,long,concave-u,clipping,8,2,0,512,52,22179600,21102592,5
sample,long,concave-u,clipping,8,2,1,512,52,22436700,21102592,5
sample,long,concave-u,clipping,8,2,2,512,52,22684300,21102592,5
sample,long,concave-u,clipping,8,2,3,512,52,23367700,21102592,5
sample,long,concave-u,clipping,8,2,4,512,52,22582100,21102592,5
sample,long,concave-u,clipping,8,2,5,512,52,22629400,21102592,5
sample,long,concave-u,clipping,8,2,6,512,52,22228800,21102592,5
summary,long,concave-u,clipping,43319.531,44105.664,45640.039
sample,long,hole,relationship,8,2,0,8192,820,22910900,0,0
sample,long,hole,relationship,8,2,1,8192,820,29594400,0,0
sample,long,hole,relationship,8,2,2,8192,820,26458800,0,0
sample,long,hole,relationship,8,2,3,8192,820,22792100,0,0
sample,long,hole,relationship,8,2,4,8192,820,23935200,0,0
sample,long,hole,relationship,8,2,5,8192,820,22646500,0,0
sample,long,hole,relationship,8,2,6,8192,820,23175300,0,0
summary,long,hole,relationship,2764.465,2829.016,3612.598
sample,long,hole,clipping,8,2,0,512,52,22136400,21102592,5
sample,long,hole,clipping,8,2,1,512,52,22286300,21102592,5
sample,long,hole,clipping,8,2,2,512,52,22710200,21102592,5
sample,long,hole,clipping,8,2,3,512,52,22285700,21102592,5
sample,long,hole,clipping,8,2,4,512,52,22303500,21102592,5
sample,long,hole,clipping,8,2,5,512,52,22506100,21102592,5
sample,long,hole,clipping,8,2,6,512,52,22048800,21102592,5
summary,long,hole,clipping,43064.062,43527.930,44355.859
sample,long,hole-reversed,relationship,8,2,0,8192,820,22886000,0,0
sample,long,hole-reversed,relationship,8,2,1,8192,820,23517800,0,0
sample,long,hole-reversed,relationship,8,2,2,8192,820,23006100,0,0
sample,long,hole-reversed,relationship,8,2,3,8192,820,23293600,0,0
sample,long,hole-reversed,relationship,8,2,4,8192,820,22853100,0,0
sample,long,hole-reversed,relationship,8,2,5,8192,820,22738400,0,0
sample,long,hole-reversed,relationship,8,2,6,8192,820,23351200,0,0
summary,long,hole-reversed,relationship,2775.684,2808.362,2870.825
sample,long,hole-reversed,clipping,8,2,0,512,52,22001000,21102592,5
sample,long,hole-reversed,clipping,8,2,1,512,52,22065100,21102592,5
sample,long,hole-reversed,clipping,8,2,2,512,52,23422400,21102592,5
sample,long,hole-reversed,clipping,8,2,3,512,52,22216100,21102592,5
sample,long,hole-reversed,clipping,8,2,4,512,52,21836700,21102592,5
sample,long,hole-reversed,clipping,8,2,5,512,52,22807500,21102592,5
sample,long,hole-reversed,clipping,8,2,6,512,52,22222800,21102592,5
summary,long,hole-reversed,clipping,42649.805,43390.820,45746.875
sample,long,rational-crossing,relationship,3,1,0,32768,3277,20425000,0,0
sample,long,rational-crossing,relationship,3,1,1,32768,3277,20358800,0,0
sample,long,rational-crossing,relationship,3,1,2,32768,3277,20888700,0,0
sample,long,rational-crossing,relationship,3,1,3,32768,3277,20764100,0,0
sample,long,rational-crossing,relationship,3,1,4,32768,3277,20530800,0,0
sample,long,rational-crossing,relationship,3,1,5,32768,3277,20448600,0,0
sample,long,rational-crossing,relationship,3,1,6,32768,3277,20350100,0,0
summary,long,rational-crossing,relationship,621.036,624.042,637.473
sample,long,rational-crossing,clipping,3,1,0,2048,205,37709900,42303488,10
sample,long,rational-crossing,clipping,3,1,1,2048,205,38095800,42303488,10
sample,long,rational-crossing,clipping,3,1,2,2048,205,38028200,42303488,10
sample,long,rational-crossing,clipping,3,1,3,2048,205,37886200,42303488,10
sample,long,rational-crossing,clipping,3,1,4,2048,205,37717300,42303488,10
sample,long,rational-crossing,clipping,3,1,5,2048,205,38053000,42303488,10
sample,long,rational-crossing,clipping,3,1,6,2048,205,38469700,42303488,10
summary,long,rational-crossing,clipping,18413.037,18568.457,18784.033
sample,long,sparse-1,relationship,4,1,0,32768,3277,30724300,0,0
sample,long,sparse-1,relationship,4,1,1,32768,3277,30313400,0,0
sample,long,sparse-1,relationship,4,1,2,32768,3277,30589300,0,0
sample,long,sparse-1,relationship,4,1,3,32768,3277,30568200,0,0
sample,long,sparse-1,relationship,4,1,4,32768,3277,30435800,0,0
sample,long,sparse-1,relationship,4,1,5,32768,3277,31093200,0,0
sample,long,sparse-1,relationship,4,1,6,32768,3277,30300100,0,0
summary,long,sparse-1,relationship,924.686,932.867,948.889
sample,long,sparse-1,clipping,4,1,0,2048,205,36624500,50692096,12
sample,long,sparse-1,clipping,4,1,1,2048,205,36453600,50692096,12
sample,long,sparse-1,clipping,4,1,2,2048,205,35658100,50692096,12
sample,long,sparse-1,clipping,4,1,3,2048,205,36152400,50692096,12
sample,long,sparse-1,clipping,4,1,4,2048,205,35938100,50692096,12
sample,long,sparse-1,clipping,4,1,5,2048,205,39115500,50692096,12
sample,long,sparse-1,clipping,4,1,6,2048,205,42491800,50692096,12
summary,long,sparse-1,clipping,17411.182,17799.609,20747.949
sample,long,sparse-4,relationship,16,1,0,8192,820,51174400,0,0
sample,long,sparse-4,relationship,16,1,1,8192,820,39280300,0,0
sample,long,sparse-4,relationship,16,1,2,8192,820,42046200,0,0
sample,long,sparse-4,relationship,16,1,3,8192,820,36683700,0,0
sample,long,sparse-4,relationship,16,1,4,8192,820,35952800,0,0
sample,long,sparse-4,relationship,16,1,5,8192,820,35883700,0,0
sample,long,sparse-4,relationship,16,1,6,8192,820,35879200,0,0
summary,long,sparse-4,relationship,4379.785,4477.991,6246.875
sample,long,sparse-4,clipping,16,1,0,1024,103,25775200,75677696,19
sample,long,sparse-4,clipping,16,1,1,1024,103,25900500,75677696,19
sample,long,sparse-4,clipping,16,1,2,1024,103,25984900,75677696,19
sample,long,sparse-4,clipping,16,1,3,1024,103,25254000,75677696,19
sample,long,sparse-4,clipping,16,1,4,1024,103,27086000,75677696,19
sample,long,sparse-4,clipping,16,1,5,1024,103,26324800,75677696,19
sample,long,sparse-4,clipping,16,1,6,1024,103,28276000,75677696,19
summary,long,sparse-4,clipping,24662.109,25375.879,27613.281
sample,long,sparse-16,relationship,64,1,0,2048,205,39319000,0,0
sample,long,sparse-16,relationship,64,1,1,2048,205,38618600,0,0
sample,long,sparse-16,relationship,64,1,2,2048,205,38488800,0,0
sample,long,sparse-16,relationship,64,1,3,2048,205,39439300,0,0
sample,long,sparse-16,relationship,64,1,4,2048,205,38560900,0,0
sample,long,sparse-16,relationship,64,1,5,2048,205,38947400,0,0
sample,long,sparse-16,relationship,64,1,6,2048,205,39551500,0,0
summary,long,sparse-16,relationship,18793.359,19017.285,19312.256
sample,long,sparse-16,clipping,64,1,0,512,52,28710300,142696448,46
sample,long,sparse-16,clipping,64,1,1,512,52,28928100,142696448,46
sample,long,sparse-16,clipping,64,1,2,512,52,30334000,142696448,46
sample,long,sparse-16,clipping,64,1,3,512,52,39045500,142696448,46
sample,long,sparse-16,clipping,64,1,4,512,52,29743700,142696448,46
sample,long,sparse-16,clipping,64,1,5,512,52,29322600,142696448,46
sample,long,sparse-16,clipping,64,1,6,512,52,28563400,142696448,46
summary,long,sparse-16,clipping,55787.891,57270.703,76260.742
sample,long,sparse-64,relationship,256,1,0,256,26,19771300,0,0
sample,long,sparse-64,relationship,256,1,1,256,26,19747500,0,0
sample,long,sparse-64,relationship,256,1,2,256,26,19588900,0,0
sample,long,sparse-64,relationship,256,1,3,256,26,20373200,0,0
sample,long,sparse-64,relationship,256,1,4,256,26,19873700,0,0
sample,long,sparse-64,relationship,256,1,5,256,26,19618800,0,0
sample,long,sparse-64,relationship,256,1,6,256,26,19997900,0,0
summary,long,sparse-64,relationship,76519.141,77231.641,79582.812
sample,long,sparse-64,clipping,256,1,0,64,7,22169900,70003712,8
sample,long,sparse-64,clipping,256,1,1,64,7,22140600,70003712,8
sample,long,sparse-64,clipping,256,1,2,64,7,21745100,70003712,8
sample,long,sparse-64,clipping,256,1,3,64,7,21837300,70003712,8
sample,long,sparse-64,clipping,256,1,4,64,7,22892800,70003712,8
sample,long,sparse-64,clipping,256,1,5,64,7,21471300,70003712,8
sample,long,sparse-64,clipping,256,1,6,64,7,21820000,70003712,8
summary,long,sparse-64,clipping,335489.062,341207.812,357700.000
sample,long,dense-1,relationship,4,1,0,32768,3277,30376700,0,0
sample,long,dense-1,relationship,4,1,1,32768,3277,30423000,0,0
sample,long,dense-1,relationship,4,1,2,32768,3277,30180600,0,0
sample,long,dense-1,relationship,4,1,3,32768,3277,30338600,0,0
sample,long,dense-1,relationship,4,1,4,32768,3277,30119300,0,0
sample,long,dense-1,relationship,4,1,5,32768,3277,31102500,0,0
sample,long,dense-1,relationship,4,1,6,32768,3277,30356800,0,0
summary,long,dense-1,relationship,919.168,926.416,949.173
sample,long,dense-1,clipping,4,1,0,2048,205,38537800,50692096,12
sample,long,dense-1,clipping,4,1,1,2048,205,39468200,50692096,12
sample,long,dense-1,clipping,4,1,2,2048,205,39134300,50692096,12
sample,long,dense-1,clipping,4,1,3,2048,205,38954200,50692096,12
sample,long,dense-1,clipping,4,1,4,2048,205,48218900,50692096,12
sample,long,dense-1,clipping,4,1,5,2048,205,38490600,50692096,12
sample,long,dense-1,clipping,4,1,6,2048,205,38891700,50692096,12
summary,long,dense-1,clipping,18794.238,19020.605,23544.385
sample,long,dense-4,relationship,16,4,0,4096,410,27147900,0,0
sample,long,dense-4,relationship,16,4,1,4096,410,26901700,0,0
sample,long,dense-4,relationship,16,4,2,4096,410,26128300,0,0
sample,long,dense-4,relationship,16,4,3,4096,410,26526400,0,0
sample,long,dense-4,relationship,16,4,4,4096,410,26530100,0,0
sample,long,dense-4,relationship,16,4,5,4096,410,26736100,0,0
sample,long,dense-4,relationship,16,4,6,4096,410,26827700,0,0
summary,long,dense-4,relationship,6378.979,6527.368,6627.905
sample,long,dense-4,clipping,16,4,0,256,26,24533400,18976768,4
sample,long,dense-4,clipping,16,4,1,256,26,25142200,18976768,4
sample,long,dense-4,clipping,16,4,2,256,26,24452200,18976768,4
sample,long,dense-4,clipping,16,4,3,256,26,24938800,18976768,4
sample,long,dense-4,clipping,16,4,4,256,26,24342100,18976768,4
sample,long,dense-4,clipping,16,4,5,256,26,23852700,18976768,4
sample,long,dense-4,clipping,16,4,6,256,26,23191400,18976768,4
summary,long,dense-4,clipping,90591.406,95516.406,98211.719
sample,long,dense-16,relationship,64,16,0,1024,103,27038500,0,0
sample,long,dense-16,relationship,64,16,1,1024,103,26877500,0,0
sample,long,dense-16,relationship,64,16,2,1024,103,27119700,0,0
sample,long,dense-16,relationship,64,16,3,1024,103,26958800,0,0
sample,long,dense-16,relationship,64,16,4,1024,103,26897100,0,0
sample,long,dense-16,relationship,64,16,5,1024,103,30345700,0,0
sample,long,dense-16,relationship,64,16,6,1024,103,31234600,0,0
summary,long,dense-16,relationship,26247.559,26404.785,30502.539
sample,long,dense-16,clipping,64,16,0,64,7,27650600,17931264,5
sample,long,dense-16,clipping,64,16,1,64,7,27583600,17931264,5
sample,long,dense-16,clipping,64,16,2,64,7,27466600,17931264,5
sample,long,dense-16,clipping,64,16,3,64,7,27888100,17931264,5
sample,long,dense-16,clipping,64,16,4,64,7,36902900,17931264,5
sample,long,dense-16,clipping,64,16,5,64,7,27205100,17931264,5
sample,long,dense-16,clipping,64,16,6,64,7,27677300,17931264,5
summary,long,dense-16,clipping,425079.688,432040.625,576607.812
sample,long,dense-64,relationship,256,64,0,256,26,27669800,0,0
sample,long,dense-64,relationship,256,64,1,256,26,27548800,0,0
sample,long,dense-64,relationship,256,64,2,256,26,27559900,0,0
sample,long,dense-64,relationship,256,64,3,256,26,27553900,0,0
sample,long,dense-64,relationship,256,64,4,256,26,27882700,0,0
sample,long,dense-64,relationship,256,64,5,256,26,27947600,0,0
sample,long,dense-64,relationship,256,64,6,256,26,27653700,0,0
summary,long,dense-64,relationship,107612.500,108022.266,109170.312
sample,long,dense-64,clipping,256,64,0,16,2,34292800,17612800,1
sample,long,dense-64,clipping,256,64,1,16,2,32736200,17612800,1
sample,long,dense-64,clipping,256,64,2,16,2,33535400,17612800,1
sample,long,dense-64,clipping,256,64,3,16,2,33410800,17612800,1
sample,long,dense-64,clipping,256,64,4,16,2,33849500,17612800,1
sample,long,dense-64,clipping,256,64,5,16,2,33660500,17612800,1
sample,long,dense-64,clipping,256,64,6,16,2,33421200,17612800,1
summary,long,dense-64,clipping,2046012.500,2095962.500,2143300.000
sample,long,wide-integral,relationship,4,1,0,32768,3277,31775900,0,0
sample,long,wide-integral,relationship,4,1,1,32768,3277,31966500,0,0
sample,long,wide-integral,relationship,4,1,2,32768,3277,31557100,0,0
sample,long,wide-integral,relationship,4,1,3,32768,3277,31939100,0,0
sample,long,wide-integral,relationship,4,1,4,32768,3277,31359200,0,0
sample,long,wide-integral,relationship,4,1,5,32768,3277,31953300,0,0
sample,long,wide-integral,relationship,4,1,6,32768,3277,31607600,0,0
summary,long,wide-integral,relationship,957.007,969.724,975.540
sample,long,wide-integral,clipping,4,1,0,1024,103,22313000,25346048,6
sample,long,wide-integral,clipping,4,1,1,1024,103,29198900,25346048,6
sample,long,wide-integral,clipping,4,1,2,1024,103,25703000,25346048,6
sample,long,wide-integral,clipping,4,1,3,1024,103,23465500,25346048,6
sample,long,wide-integral,clipping,4,1,4,1024,103,22386700,25346048,6
sample,long,wide-integral,clipping,4,1,5,1024,103,22705200,25346048,6
sample,long,wide-integral,clipping,4,1,6,1024,103,23398200,25346048,6
summary,long,wide-integral,clipping,21790.039,22849.805,28514.551
sample,long,endpoint-collapse,relationship,4,0,0,16384,1639,22456900,0,0
sample,long,endpoint-collapse,relationship,4,0,1,16384,1639,22971900,0,0
sample,long,endpoint-collapse,relationship,4,0,2,16384,1639,22614500,0,0
sample,long,endpoint-collapse,relationship,4,0,3,16384,1639,23278900,0,0
sample,long,endpoint-collapse,relationship,4,0,4,16384,1639,23307900,0,0
sample,long,endpoint-collapse,relationship,4,0,5,16384,1639,22488400,0,0
sample,long,endpoint-collapse,relationship,4,0,6,16384,1639,23746500,0,0
summary,long,endpoint-collapse,relationship,1370.660,1402.094,1449.371
sample,long,endpoint-collapse,clipping,4,0,0,2048,205,33281700,50626560,12
sample,long,endpoint-collapse,clipping,4,0,1,2048,205,33427800,50626560,12
sample,long,endpoint-collapse,clipping,4,0,2,2048,205,33279300,50626560,12
sample,long,endpoint-collapse,clipping,4,0,3,2048,205,33403400,50626560,12
sample,long,endpoint-collapse,clipping,4,0,4,2048,205,33389000,50626560,12
sample,long,endpoint-collapse,clipping,4,0,5,2048,205,33371200,50626560,12
sample,long,endpoint-collapse,clipping,4,0,6,2048,205,33471100,50626560,12
summary,long,endpoint-collapse,clipping,16249.658,16303.223,16343.311
sample,long,gap-collapse,relationship,8,0,0,8192,820,26592000,0,0
sample,long,gap-collapse,relationship,8,0,1,8192,820,26135400,0,0
sample,long,gap-collapse,relationship,8,0,2,8192,820,26603300,0,0
sample,long,gap-collapse,relationship,8,0,3,8192,820,26237600,0,0
sample,long,gap-collapse,relationship,8,0,4,8192,820,27864600,0,0
sample,long,gap-collapse,relationship,8,0,5,8192,820,29905500,0,0
sample,long,gap-collapse,relationship,8,0,6,8192,820,30426300,0,0
summary,long,gap-collapse,relationship,3190.356,3247.473,3714.148
sample,long,gap-collapse,clipping,8,0,0,512,52,21670200,21086208,5
sample,long,gap-collapse,clipping,8,0,1,512,52,21266500,21086208,5
sample,long,gap-collapse,clipping,8,0,2,512,52,22108000,21086208,5
sample,long,gap-collapse,clipping,8,0,3,512,52,30737200,21086208,5
sample,long,gap-collapse,clipping,8,0,4,512,52,21524300,21086208,5
sample,long,gap-collapse,clipping,8,0,5,512,52,21174000,21086208,5
sample,long,gap-collapse,clipping,8,0,6,512,52,21058400,21086208,5
summary,long,gap-collapse,clipping,41129.688,42039.648,60033.594
fixture,float,exterior,4,1,success,0
fixture,float,interior,4,4,success,1
fixture,float,crossing,4,7,success,1
fixture,float,boundary-only,4,10,success,1
fixture,float,boundary-overlap,4,11,success,1
fixture,float,isolated-tangent,4,3,success,0
fixture,float,degenerate-interior,4,4,success,0
fixture,float,degenerate-boundary,4,2,success,0
fixture,float,empty,0,1,success,0
fixture,float,concave-u,8,7,success,2
fixture,float,hole,8,7,success,2
fixture,float,hole-reversed,8,7,success,2
fixture,float,rational-crossing,3,7,success,1
fixture,float,sparse-1,4,7,success,1
fixture,float,sparse-4,16,7,success,1
fixture,float,sparse-16,64,7,success,1
fixture,float,sparse-64,256,7,success,1
fixture,float,dense-1,4,7,success,1
fixture,float,dense-4,16,7,success,4
fixture,float,dense-16,64,7,success,16
fixture,float,dense-64,256,7,success,64
fixture,float,subnormal,4,7,success,1
fixture,float,large-finite,4,7,success,1
preflight,float,23,PASS
sample,float,exterior,relationship,4,0,0,32768,3277,37568600,0,0
sample,float,exterior,relationship,4,0,1,32768,3277,37475300,0,0
sample,float,exterior,relationship,4,0,2,32768,3277,37320200,0,0
sample,float,exterior,relationship,4,0,3,32768,3277,37487000,0,0
sample,float,exterior,relationship,4,0,4,32768,3277,37910100,0,0
sample,float,exterior,relationship,4,0,5,32768,3277,37566900,0,0
sample,float,exterior,relationship,4,0,6,32768,3277,37333400,0,0
summary,float,exterior,relationship,1138.922,1144.012,1156.924
sample,float,exterior,clipping,4,0,0,8192,820,31770100,202113024,49
sample,float,exterior,clipping,4,0,1,8192,820,31680400,202113024,49
sample,float,exterior,clipping,4,0,2,8192,820,31441300,202113024,49
sample,float,exterior,clipping,4,0,3,8192,820,31570000,202113024,49
sample,float,exterior,clipping,4,0,4,8192,820,31241200,202113024,49
sample,float,exterior,clipping,4,0,5,8192,820,31248900,202113024,49
sample,float,exterior,clipping,4,0,6,8192,820,30999000,202113024,49
summary,float,exterior,clipping,3784.058,3838.049,3878.186
sample,float,interior,relationship,4,1,0,32768,3277,36003200,0,0
sample,float,interior,relationship,4,1,1,32768,3277,36126000,0,0
sample,float,interior,relationship,4,1,2,32768,3277,36373600,0,0
sample,float,interior,relationship,4,1,3,32768,3277,35972400,0,0
sample,float,interior,relationship,4,1,4,32768,3277,35880000,0,0
sample,float,interior,relationship,4,1,5,32768,3277,39569600,0,0
sample,float,interior,relationship,4,1,6,32768,3277,41621300,0,0
summary,float,interior,relationship,1094.971,1102.478,1270.181
sample,float,interior,clipping,4,1,0,4096,410,35400900,101253120,24
sample,float,interior,clipping,4,1,1,4096,410,35129400,101253120,24
sample,float,interior,clipping,4,1,2,4096,410,35336600,101253120,24
sample,float,interior,clipping,4,1,3,4096,410,35303400,101253120,24
sample,float,interior,clipping,4,1,4,4096,410,35729300,101253120,24
sample,float,interior,clipping,4,1,5,4096,410,37467000,101253120,24
sample,float,interior,clipping,4,1,6,4096,410,37374000,101253120,24
summary,float,interior,clipping,8576.514,8642.798,9147.217
sample,float,crossing,relationship,4,1,0,32768,3277,37083600,0,0
sample,float,crossing,relationship,4,1,1,32768,3277,37141600,0,0
sample,float,crossing,relationship,4,1,2,32768,3277,36596200,0,0
sample,float,crossing,relationship,4,1,3,32768,3277,37068800,0,0
sample,float,crossing,relationship,4,1,4,32768,3277,38096700,0,0
sample,float,crossing,relationship,4,1,5,32768,3277,38400100,0,0
sample,float,crossing,relationship,4,1,6,32768,3277,37503000,0,0
summary,float,crossing,relationship,1116.827,1133.472,1171.878
sample,float,crossing,clipping,4,1,0,1024,103,20317600,25346048,6
sample,float,crossing,clipping,4,1,1,1024,103,20307700,25346048,6
sample,float,crossing,clipping,4,1,2,1024,103,20310800,25346048,6
sample,float,crossing,clipping,4,1,3,1024,103,20444100,25346048,6
sample,float,crossing,clipping,4,1,4,1024,103,20473700,25346048,6
sample,float,crossing,clipping,4,1,5,1024,103,20051000,25346048,6
sample,float,crossing,clipping,4,1,6,1024,103,19939500,25346048,6
summary,float,crossing,clipping,19472.168,19834.766,19993.848
sample,float,boundary-only,relationship,4,1,0,16384,1639,24368600,0,0
sample,float,boundary-only,relationship,4,1,1,16384,1639,23346700,0,0
sample,float,boundary-only,relationship,4,1,2,16384,1639,24299100,0,0
sample,float,boundary-only,relationship,4,1,3,16384,1639,30619000,0,0
sample,float,boundary-only,relationship,4,1,4,16384,1639,22384000,0,0
sample,float,boundary-only,relationship,4,1,5,16384,1639,22843800,0,0
sample,float,boundary-only,relationship,4,1,6,16384,1639,22431000,0,0
summary,float,boundary-only,relationship,1366.211,1424.969,1868.835
sample,float,boundary-only,clipping,4,1,0,2048,205,25539700,50626560,12
sample,float,boundary-only,clipping,4,1,1,2048,205,25473200,50626560,12
sample,float,boundary-only,clipping,4,1,2,2048,205,25644300,50626560,12
sample,float,boundary-only,clipping,4,1,3,2048,205,25720700,50626560,12
sample,float,boundary-only,clipping,4,1,4,2048,205,25376800,50626560,12
sample,float,boundary-only,clipping,4,1,5,2048,205,26180700,50626560,12
sample,float,boundary-only,clipping,4,1,6,2048,205,25527900,50626560,12
summary,float,boundary-only,clipping,12391.016,12470.557,12783.545
sample,float,boundary-overlap,relationship,4,1,0,16384,1639,30062200,0,0
sample,float,boundary-overlap,relationship,4,1,1,16384,1639,29928900,0,0
sample,float,boundary-overlap,relationship,4,1,2,16384,1639,29707200,0,0
sample,float,boundary-overlap,relationship,4,1,3,16384,1639,29901300,0,0
sample,float,boundary-overlap,relationship,4,1,4,16384,1639,29667800,0,0
sample,float,boundary-overlap,relationship,4,1,5,16384,1639,29734500,0,0
sample,float,boundary-overlap,relationship,4,1,6,16384,1639,29909100,0,0
summary,float,boundary-overlap,relationship,1810.779,1825.031,1834.851
sample,float,boundary-overlap,clipping,4,1,0,2048,205,27341300,50692096,12
sample,float,boundary-overlap,clipping,4,1,1,2048,205,26994200,50692096,12
sample,float,boundary-overlap,clipping,4,1,2,2048,205,27362300,50692096,12
sample,float,boundary-overlap,clipping,4,1,3,2048,205,27183200,50692096,12
sample,float,boundary-overlap,clipping,4,1,4,2048,205,27138900,50692096,12
sample,float,boundary-overlap,clipping,4,1,5,2048,205,27511000,50692096,12
sample,float,boundary-overlap,clipping,4,1,6,2048,205,27501200,50692096,12
summary,float,boundary-overlap,clipping,13180.762,13350.244,13433.105
sample,float,isolated-tangent,relationship,4,0,0,16384,1639,35346500,0,0
sample,float,isolated-tangent,relationship,4,0,1,16384,1639,35302600,0,0
sample,float,isolated-tangent,relationship,4,0,2,16384,1639,44318700,0,0
sample,float,isolated-tangent,relationship,4,0,3,16384,1639,34817400,0,0
sample,float,isolated-tangent,relationship,4,0,4,16384,1639,34905500,0,0
sample,float,isolated-tangent,relationship,4,0,5,16384,1639,41668800,0,0
sample,float,isolated-tangent,relationship,4,0,6,16384,1639,35280100,0,0
summary,float,isolated-tangent,relationship,2125.085,2154.700,2704.999
sample,float,isolated-tangent,clipping,4,0,0,4096,410,29522200,101056512,24
sample,float,isolated-tangent,clipping,4,0,1,4096,410,29754600,101056512,24
sample,float,isolated-tangent,clipping,4,0,2,4096,410,29939000,101056512,24
sample,float,isolated-tangent,clipping,4,0,3,4096,410,29566300,101056512,24
sample,float,isolated-tangent,clipping,4,0,4,4096,410,29353200,101056512,24
sample,float,isolated-tangent,clipping,4,0,5,4096,410,29391900,101056512,24
sample,float,isolated-tangent,clipping,4,0,6,4096,410,29230200,101056512,24
summary,float,isolated-tangent,clipping,7136.279,7207.568,7309.326
sample,float,degenerate-interior,relationship,4,0,0,65536,6554,3348400,0,0
sample,float,degenerate-interior,relationship,4,0,1,65536,6554,3226800,0,0
sample,float,degenerate-interior,relationship,4,0,2,65536,6554,3288400,0,0
sample,float,degenerate-interior,relationship,4,0,3,65536,6554,3249400,0,0
sample,float,degenerate-interior,relationship,4,0,4,65536,6554,3280000,0,0
sample,float,degenerate-interior,relationship,4,0,5,65536,6554,3211000,0,0
sample,float,degenerate-interior,relationship,4,0,6,65536,6554,3278000,0,0
summary,float,degenerate-interior,relationship,48.996,50.018,51.093
sample,float,degenerate-interior,clipping,4,0,0,65536,6554,312800,0,0
sample,float,degenerate-interior,clipping,4,0,1,65536,6554,312900,0,0
sample,float,degenerate-interior,clipping,4,0,2,65536,6554,316000,0,0
sample,float,degenerate-interior,clipping,4,0,3,65536,6554,355500,0,0
sample,float,degenerate-interior,clipping,4,0,4,65536,6554,312800,0,0
sample,float,degenerate-interior,clipping,4,0,5,65536,6554,315900,0,0
sample,float,degenerate-interior,clipping,4,0,6,65536,6554,312800,0,0
summary,float,degenerate-interior,clipping,4.773,4.774,5.424
sample,float,degenerate-boundary,relationship,4,0,0,65536,6554,3298900,0,0
sample,float,degenerate-boundary,relationship,4,0,1,65536,6554,3338800,0,0
sample,float,degenerate-boundary,relationship,4,0,2,65536,6554,3352300,0,0
sample,float,degenerate-boundary,relationship,4,0,3,65536,6554,3348700,0,0
sample,float,degenerate-boundary,relationship,4,0,4,65536,6554,3356100,0,0
sample,float,degenerate-boundary,relationship,4,0,5,65536,6554,3287600,0,0
sample,float,degenerate-boundary,relationship,4,0,6,65536,6554,3364900,0,0
summary,float,degenerate-boundary,relationship,50.165,51.097,51.344
sample,float,degenerate-boundary,clipping,4,0,0,65536,6554,313300,0,0
sample,float,degenerate-boundary,clipping,4,0,1,65536,6554,313100,0,0
sample,float,degenerate-boundary,clipping,4,0,2,65536,6554,318100,0,0
sample,float,degenerate-boundary,clipping,4,0,3,65536,6554,355200,0,0
sample,float,degenerate-boundary,clipping,4,0,4,65536,6554,313300,0,0
sample,float,degenerate-boundary,clipping,4,0,5,65536,6554,315900,0,0
sample,float,degenerate-boundary,clipping,4,0,6,65536,6554,313200,0,0
summary,float,degenerate-boundary,clipping,4.778,4.781,5.420
sample,float,empty,relationship,0,0,0,65536,6554,972000,0,0
sample,float,empty,relationship,0,0,1,65536,6554,1017500,0,0
sample,float,empty,relationship,0,0,2,65536,6554,968700,0,0
sample,float,empty,relationship,0,0,3,65536,6554,1014000,0,0
sample,float,empty,relationship,0,0,4,65536,6554,980500,0,0
sample,float,empty,relationship,0,0,5,65536,6554,1014800,0,0
sample,float,empty,relationship,0,0,6,65536,6554,971900,0,0
summary,float,empty,relationship,14.781,14.961,15.526
sample,float,empty,clipping,0,0,0,65536,6554,315600,0,0
sample,float,empty,clipping,0,0,1,65536,6554,312900,0,0
sample,float,empty,clipping,0,0,2,65536,6554,313000,0,0
sample,float,empty,clipping,0,0,3,65536,6554,357500,0,0
sample,float,empty,clipping,0,0,4,65536,6554,313000,0,0
sample,float,empty,clipping,0,0,5,65536,6554,312900,0,0
sample,float,empty,clipping,0,0,6,65536,6554,315800,0,0
summary,float,empty,clipping,4.774,4.776,5.455
sample,float,concave-u,relationship,8,2,0,8192,820,24384500,0,0
sample,float,concave-u,relationship,8,2,1,8192,820,24937800,0,0
sample,float,concave-u,relationship,8,2,2,8192,820,24913100,0,0
sample,float,concave-u,relationship,8,2,3,8192,820,24707500,0,0
sample,float,concave-u,relationship,8,2,4,8192,820,24618600,0,0
sample,float,concave-u,relationship,8,2,5,8192,820,25010200,0,0
sample,float,concave-u,relationship,8,2,6,8192,820,24671300,0,0
summary,float,concave-u,relationship,2976.624,3016.052,3053.003
sample,float,concave-u,clipping,8,2,0,512,52,21319100,21102592,5
sample,float,concave-u,clipping,8,2,1,512,52,21455800,21102592,5
sample,float,concave-u,clipping,8,2,2,512,52,21321400,21102592,5
sample,float,concave-u,clipping,8,2,3,512,52,21169500,21102592,5
sample,float,concave-u,clipping,8,2,4,512,52,21305000,21102592,5
sample,float,concave-u,clipping,8,2,5,512,52,22112500,21102592,5
sample,float,concave-u,clipping,8,2,6,512,52,21315000,21102592,5
summary,float,concave-u,clipping,41346.680,41638.867,43188.477
sample,float,hole,relationship,8,2,0,8192,820,34676000,0,0
sample,float,hole,relationship,8,2,1,8192,820,25204000,0,0
sample,float,hole,relationship,8,2,2,8192,820,25211200,0,0
sample,float,hole,relationship,8,2,3,8192,820,25571000,0,0
sample,float,hole,relationship,8,2,4,8192,820,25309300,0,0
sample,float,hole,relationship,8,2,5,8192,820,25470000,0,0
sample,float,hole,relationship,8,2,6,8192,820,25345100,0,0
summary,float,hole,relationship,3076.660,3093.884,4232.910
sample,float,hole,clipping,8,2,0,512,52,21766900,21102592,5
sample,float,hole,clipping,8,2,1,512,52,21284600,21102592,5
sample,float,hole,clipping,8,2,2,512,52,22630800,21102592,5
sample,float,hole,clipping,8,2,3,512,52,21995500,21102592,5
sample,float,hole,clipping,8,2,4,512,52,23306200,21102592,5
sample,float,hole,clipping,8,2,5,512,52,22841200,21102592,5
sample,float,hole,clipping,8,2,6,512,52,22713700,21102592,5
summary,float,hole,clipping,41571.484,44200.781,45519.922
sample,float,hole-reversed,relationship,8,2,0,8192,820,26520700,0,0
sample,float,hole-reversed,relationship,8,2,1,8192,820,26774200,0,0
sample,float,hole-reversed,relationship,8,2,2,8192,820,27097000,0,0
sample,float,hole-reversed,relationship,8,2,3,8192,820,26740000,0,0
sample,float,hole-reversed,relationship,8,2,4,8192,820,27076700,0,0
sample,float,hole-reversed,relationship,8,2,5,8192,820,27479300,0,0
sample,float,hole-reversed,relationship,8,2,6,8192,820,26471900,0,0
summary,float,hole-reversed,relationship,3231.433,3268.335,3354.407
sample,float,hole-reversed,clipping,8,2,0,512,52,23544400,21102592,5
sample,float,hole-reversed,clipping,8,2,1,512,52,22780900,21102592,5
sample,float,hole-reversed,clipping,8,2,2,512,52,23118200,21102592,5
sample,float,hole-reversed,clipping,8,2,3,512,52,23607800,21102592,5
sample,float,hole-reversed,clipping,8,2,4,512,52,23166300,21102592,5
sample,float,hole-reversed,clipping,8,2,5,512,52,24033500,21102592,5
sample,float,hole-reversed,clipping,8,2,6,512,52,23103000,21102592,5
summary,float,hole-reversed,clipping,44493.945,45246.680,46940.430
sample,float,rational-crossing,relationship,3,1,0,32768,3277,26843000,0,0
sample,float,rational-crossing,relationship,3,1,1,32768,3277,26452700,0,0
sample,float,rational-crossing,relationship,3,1,2,32768,3277,26018000,0,0
sample,float,rational-crossing,relationship,3,1,3,32768,3277,26929600,0,0
sample,float,rational-crossing,relationship,3,1,4,32768,3277,28690000,0,0
sample,float,rational-crossing,relationship,3,1,5,32768,3277,33008100,0,0
sample,float,rational-crossing,relationship,3,1,6,32768,3277,26768900,0,0
summary,float,rational-crossing,relationship,794.006,819.183,1007.327
sample,float,rational-crossing,clipping,3,1,0,2048,205,39869300,42303488,10
sample,float,rational-crossing,clipping,3,1,1,2048,205,39172300,42303488,10
sample,float,rational-crossing,clipping,3,1,2,2048,205,38942300,42303488,10
sample,float,rational-crossing,clipping,3,1,3,2048,205,39838700,42303488,10
sample,float,rational-crossing,clipping,3,1,4,2048,205,38589900,42303488,10
sample,float,rational-crossing,clipping,3,1,5,2048,205,38672800,42303488,10
sample,float,rational-crossing,clipping,3,1,6,2048,205,38966300,42303488,10
summary,float,rational-crossing,clipping,18842.725,19026.514,19467.432
sample,float,sparse-1,relationship,4,1,0,32768,3277,36248300,0,0
sample,float,sparse-1,relationship,4,1,1,32768,3277,36542900,0,0
sample,float,sparse-1,relationship,4,1,2,32768,3277,37665800,0,0
sample,float,sparse-1,relationship,4,1,3,32768,3277,37827700,0,0
sample,float,sparse-1,relationship,4,1,4,32768,3277,37507300,0,0
sample,float,sparse-1,relationship,4,1,5,32768,3277,36820400,0,0
sample,float,sparse-1,relationship,4,1,6,32768,3277,36308200,0,0
summary,float,sparse-1,relationship,1106.210,1123.669,1154.410
sample,float,sparse-1,clipping,4,1,0,1024,103,20578100,25346048,6
sample,float,sparse-1,clipping,4,1,1,1024,103,20600000,25346048,6
sample,float,sparse-1,clipping,4,1,2,1024,103,20109400,25346048,6
sample,float,sparse-1,clipping,4,1,3,1024,103,20031700,25346048,6
sample,float,sparse-1,clipping,4,1,4,1024,103,20425700,25346048,6
sample,float,sparse-1,clipping,4,1,5,1024,103,20906700,25346048,6
sample,float,sparse-1,clipping,4,1,6,1024,103,20288800,25346048,6
summary,float,sparse-1,clipping,19562.207,19946.973,20416.699
sample,float,sparse-4,relationship,16,1,0,4096,410,21868000,0,0
sample,float,sparse-4,relationship,16,1,1,4096,410,31852700,0,0
sample,float,sparse-4,relationship,16,1,2,4096,410,21441800,0,0
sample,float,sparse-4,relationship,16,1,3,4096,410,21903700,0,0
sample,float,sparse-4,relationship,16,1,4,4096,410,21385600,0,0
sample,float,sparse-4,relationship,16,1,5,4096,410,21299800,0,0
sample,float,sparse-4,relationship,16,1,6,4096,410,21843100,0,0
summary,float,sparse-4,relationship,5200.146,5332.788,7776.538
sample,float,sparse-4,clipping,16,1,0,1024,103,29039400,75677696,18
sample,float,sparse-4,clipping,16,1,1,1024,103,28860500,75677696,18
sample,float,sparse-4,clipping,16,1,2,1024,103,28870500,75677696,18
sample,float,sparse-4,clipping,16,1,3,1024,103,28598500,75677696,18
sample,float,sparse-4,clipping,16,1,4,1024,103,29144600,75677696,18
sample,float,sparse-4,clipping,16,1,5,1024,103,28419700,75677696,18
sample,float,sparse-4,clipping,16,1,6,1024,103,28058500,75677696,18
summary,float,sparse-4,clipping,27400.879,28184.082,28461.523
sample,float,sparse-16,relationship,64,1,0,1024,103,20895700,0,0
sample,float,sparse-16,relationship,64,1,1,1024,103,20857000,0,0
sample,float,sparse-16,relationship,64,1,2,1024,103,20574800,0,0
sample,float,sparse-16,relationship,64,1,3,1024,103,20790100,0,0
sample,float,sparse-16,relationship,64,1,4,1024,103,20881500,0,0
sample,float,sparse-16,relationship,64,1,5,1024,103,20926900,0,0
sample,float,sparse-16,relationship,64,1,6,1024,103,21043600,0,0
summary,float,sparse-16,relationship,20092.578,20392.090,20550.391
sample,float,sparse-16,clipping,64,1,0,512,52,27430800,142696448,39
sample,float,sparse-16,clipping,64,1,1,512,52,27344700,142696448,39
sample,float,sparse-16,clipping,64,1,2,512,52,27233100,142696448,39
sample,float,sparse-16,clipping,64,1,3,512,52,27794700,142696448,39
sample,float,sparse-16,clipping,64,1,4,512,52,27815300,142696448,39
sample,float,sparse-16,clipping,64,1,5,512,52,27481000,142696448,39
sample,float,sparse-16,clipping,64,1,6,512,52,27471000,142696448,39
summary,float,sparse-16,clipping,53189.648,53654.297,54326.758
sample,float,sparse-64,relationship,256,1,0,256,26,21072100,0,0
sample,float,sparse-64,relationship,256,1,1,256,26,21157800,0,0
sample,float,sparse-64,relationship,256,1,2,256,26,21017200,0,0
sample,float,sparse-64,relationship,256,1,3,256,26,21108300,0,0
sample,float,sparse-64,relationship,256,1,4,256,26,20878300,0,0
sample,float,sparse-64,relationship,256,1,5,256,26,20999300,0,0
sample,float,sparse-64,relationship,256,1,6,256,26,29953800,0,0
summary,float,sparse-64,relationship,81555.859,82312.891,117007.031
sample,float,sparse-64,clipping,256,1,0,128,13,21142900,140007424,63
sample,float,sparse-64,clipping,256,1,1,128,13,21247800,140007424,63
sample,float,sparse-64,clipping,256,1,2,128,13,21125100,140007424,63
sample,float,sparse-64,clipping,256,1,3,128,13,21015400,140007424,63
sample,float,sparse-64,clipping,256,1,4,128,13,21167700,140007424,63
sample,float,sparse-64,clipping,256,1,5,128,13,21464800,140007424,63
sample,float,sparse-64,clipping,256,1,6,128,13,20954400,140007424,63
summary,float,sparse-64,clipping,163706.250,165178.906,167693.750
sample,float,dense-1,relationship,4,1,0,32768,3277,36803200,0,0
sample,float,dense-1,relationship,4,1,1,32768,3277,36323800,0,0
sample,float,dense-1,relationship,4,1,2,32768,3277,37207900,0,0
sample,float,dense-1,relationship,4,1,3,32768,3277,37609500,0,0
sample,float,dense-1,relationship,4,1,4,32768,3277,37088500,0,0
sample,float,dense-1,relationship,4,1,5,32768,3277,36695000,0,0
sample,float,dense-1,relationship,4,1,6,32768,3277,37359300,0,0
summary,float,dense-1,relationship,1108.514,1131.851,1147.751
sample,float,dense-1,clipping,4,1,0,1024,103,19840300,25346048,6
sample,float,dense-1,clipping,4,1,1,1024,103,20088200,25346048,6
sample,float,dense-1,clipping,4,1,2,1024,103,20444900,25346048,6
sample,float,dense-1,clipping,4,1,3,1024,103,20346100,25346048,6
sample,float,dense-1,clipping,4,1,4,1024,103,20166100,25346048,6
sample,float,dense-1,clipping,4,1,5,1024,103,20184900,25346048,6
sample,float,dense-1,clipping,4,1,6,1024,103,19604000,25346048,6
summary,float,dense-1,clipping,19144.531,19693.457,19965.723
sample,float,dense-4,relationship,16,4,0,4096,410,29672800,0,0
sample,float,dense-4,relationship,16,4,1,4096,410,29541900,0,0
sample,float,dense-4,relationship,16,4,2,4096,410,29206800,0,0
sample,float,dense-4,relationship,16,4,3,4096,410,29643300,0,0
sample,float,dense-4,relationship,16,4,4,4096,410,30039400,0,0
sample,float,dense-4,relationship,16,4,5,4096,410,29705500,0,0
sample,float,dense-4,relationship,16,4,6,4096,410,29715500,0,0
summary,float,dense-4,relationship,7130.566,7244.336,7333.838
sample,float,dense-4,clipping,16,4,0,128,13,12513600,9488384,2
sample,float,dense-4,clipping,16,4,1,128,13,12350700,9488384,2
sample,float,dense-4,clipping,16,4,2,128,13,12639400,9488384,2
sample,float,dense-4,clipping,16,4,3,128,13,12657600,9488384,2
sample,float,dense-4,clipping,16,4,4,128,13,12866800,9488384,2
sample,float,dense-4,clipping,16,4,5,128,13,12573200,9488384,2
sample,float,dense-4,clipping,16,4,6,128,13,12732500,9488384,2
summary,float,dense-4,clipping,96489.844,98745.312,100521.875
sample,float,dense-16,relationship,64,16,0,1024,103,32045600,0,0
sample,float,dense-16,relationship,64,16,1,1024,103,31795000,0,0
sample,float,dense-16,relationship,64,16,2,1024,103,31603900,0,0
sample,float,dense-16,relationship,64,16,3,1024,103,31983600,0,0
sample,float,dense-16,relationship,64,16,4,1024,103,31774400,0,0
sample,float,dense-16,relationship,64,16,5,1024,103,31845900,0,0
sample,float,dense-16,relationship,64,16,6,1024,103,32074200,0,0
summary,float,dense-16,relationship,30863.184,31099.512,31322.461
sample,float,dense-16,clipping,64,16,0,64,7,29500800,17931264,4
sample,float,dense-16,clipping,64,16,1,64,7,29604000,17931264,4
sample,float,dense-16,clipping,64,16,2,64,7,29440100,17931264,4
sample,float,dense-16,clipping,64,16,3,64,7,28986600,17931264,4
sample,float,dense-16,clipping,64,16,4,64,7,29319000,17931264,4
sample,float,dense-16,clipping,64,16,5,64,7,29256100,17931264,4
sample,float,dense-16,clipping,64,16,6,64,7,29405600,17931264,4
summary,float,dense-16,clipping,452915.625,459462.500,462562.500
sample,float,dense-64,relationship,256,64,0,256,26,31328500,0,0
sample,float,dense-64,relationship,256,64,1,256,26,31213700,0,0
sample,float,dense-64,relationship,256,64,2,256,26,31875000,0,0
sample,float,dense-64,relationship,256,64,3,256,26,33972900,0,0
sample,float,dense-64,relationship,256,64,4,256,26,32795100,0,0
sample,float,dense-64,relationship,256,64,5,256,26,32335800,0,0
sample,float,dense-64,relationship,256,64,6,256,26,33063800,0,0
summary,float,dense-64,relationship,121928.516,126311.719,132706.641
sample,float,dense-64,clipping,256,64,0,16,2,34473100,17612800,7
sample,float,dense-64,clipping,256,64,1,16,2,34334600,17612800,7
sample,float,dense-64,clipping,256,64,2,16,2,34281200,17612800,7
sample,float,dense-64,clipping,256,64,3,16,2,34267400,17612800,7
sample,float,dense-64,clipping,256,64,4,16,2,34032700,17612800,7
sample,float,dense-64,clipping,256,64,5,16,2,34385600,17612800,7
sample,float,dense-64,clipping,256,64,6,16,2,34218100,17612800,7
summary,float,dense-64,clipping,2127043.750,2142575.000,2154568.750
sample,float,subnormal,relationship,4,1,0,32768,3277,35302600,0,0
sample,float,subnormal,relationship,4,1,1,32768,3277,35167500,0,0
sample,float,subnormal,relationship,4,1,2,32768,3277,34873300,0,0
sample,float,subnormal,relationship,4,1,3,32768,3277,35101800,0,0
sample,float,subnormal,relationship,4,1,4,32768,3277,35611400,0,0
sample,float,subnormal,relationship,4,1,5,32768,3277,35658200,0,0
sample,float,subnormal,relationship,4,1,6,32768,3277,35692500,0,0
summary,float,subnormal,relationship,1064.249,1077.350,1089.249
sample,float,subnormal,clipping,4,1,0,2048,205,37960400,50692096,12
sample,float,subnormal,clipping,4,1,1,2048,205,38661300,50692096,12
sample,float,subnormal,clipping,4,1,2,2048,205,39704400,50692096,12
sample,float,subnormal,clipping,4,1,3,2048,205,37899000,50692096,12
sample,float,subnormal,clipping,4,1,4,2048,205,37782200,50692096,12
sample,float,subnormal,clipping,4,1,5,2048,205,37743500,50692096,12
sample,float,subnormal,clipping,4,1,6,2048,205,37600600,50692096,12
summary,float,subnormal,clipping,18359.668,18505.371,19386.914
sample,float,large-finite,relationship,4,1,0,32768,3277,45308800,0,0
sample,float,large-finite,relationship,4,1,1,32768,3277,36065100,0,0
sample,float,large-finite,relationship,4,1,2,32768,3277,36071600,0,0
sample,float,large-finite,relationship,4,1,3,32768,3277,36414300,0,0
sample,float,large-finite,relationship,4,1,4,32768,3277,37263200,0,0
sample,float,large-finite,relationship,4,1,5,32768,3277,38084900,0,0
sample,float,large-finite,relationship,4,1,6,32768,3277,37016500,0,0
summary,float,large-finite,relationship,1100.620,1129.654,1382.715
sample,float,large-finite,clipping,4,1,0,1024,103,21202000,25346048,6
sample,float,large-finite,clipping,4,1,1,1024,103,21999700,25346048,6
sample,float,large-finite,clipping,4,1,2,1024,103,22367900,25346048,6
sample,float,large-finite,clipping,4,1,3,1024,103,21567100,25346048,6
sample,float,large-finite,clipping,4,1,4,1024,103,22529800,25346048,6
sample,float,large-finite,clipping,4,1,5,1024,103,21905000,25346048,6
sample,float,large-finite,clipping,4,1,6,1024,103,21421400,25346048,6
summary,float,large-finite,clipping,20705.078,21391.602,22001.758
fixture,double,exterior,4,1,success,0
fixture,double,interior,4,4,success,1
fixture,double,crossing,4,7,success,1
fixture,double,boundary-only,4,10,success,1
fixture,double,boundary-overlap,4,11,success,1
fixture,double,isolated-tangent,4,3,success,0
fixture,double,degenerate-interior,4,4,success,0
fixture,double,degenerate-boundary,4,2,success,0
fixture,double,empty,0,1,success,0
fixture,double,concave-u,8,7,success,2
fixture,double,hole,8,7,success,2
fixture,double,hole-reversed,8,7,success,2
fixture,double,rational-crossing,3,7,success,1
fixture,double,sparse-1,4,7,success,1
fixture,double,sparse-4,16,7,success,1
fixture,double,sparse-16,64,7,success,1
fixture,double,sparse-64,256,7,success,1
fixture,double,dense-1,4,7,success,1
fixture,double,dense-4,16,7,success,4
fixture,double,dense-16,64,7,success,16
fixture,double,dense-64,256,7,success,64
fixture,double,subnormal,4,7,success,1
fixture,double,large-finite,4,7,success,1
preflight,double,23,PASS
sample,double,exterior,relationship,4,0,0,32768,3277,38265500,0,0
sample,double,exterior,relationship,4,0,1,32768,3277,37891200,0,0
sample,double,exterior,relationship,4,0,2,32768,3277,37992300,0,0
sample,double,exterior,relationship,4,0,3,32768,3277,37729100,0,0
sample,double,exterior,relationship,4,0,4,32768,3277,37126200,0,0
sample,double,exterior,relationship,4,0,5,32768,3277,37509900,0,0
sample,double,exterior,relationship,4,0,6,32768,3277,38569400,0,0
summary,double,exterior,relationship,1133.002,1156.348,1177.045
sample,double,exterior,clipping,4,0,0,8192,820,33519800,202113024,49
sample,double,exterior,clipping,4,0,1,8192,820,34677000,202113024,49
sample,double,exterior,clipping,4,0,2,8192,820,33936100,202113024,49
sample,double,exterior,clipping,4,0,3,8192,820,44473000,202113024,49
sample,double,exterior,clipping,4,0,4,8192,820,33602000,202113024,49
sample,double,exterior,clipping,4,0,5,8192,820,34519100,202113024,49
sample,double,exterior,clipping,4,0,6,8192,820,33721900,202113024,49
summary,double,exterior,clipping,4091.772,4142.590,5428.833
sample,double,interior,relationship,4,1,0,32768,3277,37089600,0,0
sample,double,interior,relationship,4,1,1,32768,3277,40333000,0,0
sample,double,interior,relationship,4,1,2,32768,3277,38366200,0,0
sample,double,interior,relationship,4,1,3,32768,3277,39135700,0,0
sample,double,interior,relationship,4,1,4,32768,3277,37973300,0,0
sample,double,interior,relationship,4,1,5,32768,3277,37612000,0,0
sample,double,interior,relationship,4,1,6,32768,3277,39059500,0,0
summary,double,interior,relationship,1131.885,1170.844,1230.865
sample,double,interior,clipping,4,1,0,4096,410,39084900,101253120,24
sample,double,interior,clipping,4,1,1,4096,410,40731300,101253120,24
sample,double,interior,clipping,4,1,2,4096,410,39973400,101253120,24
sample,double,interior,clipping,4,1,3,4096,410,39173300,101253120,24
sample,double,interior,clipping,4,1,4,4096,410,41425700,101253120,24
sample,double,interior,clipping,4,1,5,4096,410,42253800,101253120,24
sample,double,interior,clipping,4,1,6,4096,410,41904000,101253120,24
summary,double,interior,clipping,9542.212,9944.165,10315.869
sample,double,crossing,relationship,4,1,0,32768,3277,35696200,0,0
sample,double,crossing,relationship,4,1,1,32768,3277,35874300,0,0
sample,double,crossing,relationship,4,1,2,32768,3277,43910600,0,0
sample,double,crossing,relationship,4,1,3,32768,3277,35819900,0,0
sample,double,crossing,relationship,4,1,4,32768,3277,35250000,0,0
sample,double,crossing,relationship,4,1,5,32768,3277,35028300,0,0
sample,double,crossing,relationship,4,1,6,32768,3277,35210700,0,0
summary,double,crossing,relationship,1068.979,1089.362,1340.045
sample,double,crossing,clipping,4,1,0,2048,205,39561700,50692096,12
sample,double,crossing,clipping,4,1,1,2048,205,38672900,50692096,12
sample,double,crossing,clipping,4,1,2,2048,205,38236600,50692096,12
sample,double,crossing,clipping,4,1,3,2048,205,37815400,50692096,12
sample,double,crossing,clipping,4,1,4,2048,205,37141000,50692096,12
sample,double,crossing,clipping,4,1,5,2048,205,37607700,50692096,12
sample,double,crossing,clipping,4,1,6,2048,205,37315700,50692096,12
summary,double,crossing,clipping,18135.254,18464.551,19317.236
sample,double,boundary-only,relationship,4,1,0,16384,1639,20959400,0,0
sample,double,boundary-only,relationship,4,1,1,16384,1639,20664200,0,0
sample,double,boundary-only,relationship,4,1,2,16384,1639,20653200,0,0
sample,double,boundary-only,relationship,4,1,3,16384,1639,20588300,0,0
sample,double,boundary-only,relationship,4,1,4,16384,1639,20802000,0,0
sample,double,boundary-only,relationship,4,1,5,16384,1639,20934700,0,0
sample,double,boundary-only,relationship,4,1,6,16384,1639,20700500,0,0
summary,double,boundary-only,relationship,1256.610,1263.458,1279.260
sample,double,boundary-only,clipping,4,1,0,2048,205,24048300,50626560,12
sample,double,boundary-only,clipping,4,1,1,2048,205,23648500,50626560,12
sample,double,boundary-only,clipping,4,1,2,2048,205,23931100,50626560,12
sample,double,boundary-only,clipping,4,1,3,2048,205,24039100,50626560,12
sample,double,boundary-only,clipping,4,1,4,2048,205,23856400,50626560,12
sample,double,boundary-only,clipping,4,1,5,2048,205,23642200,50626560,12
sample,double,boundary-only,clipping,4,1,6,2048,205,23575900,50626560,12
summary,double,boundary-only,clipping,11511.670,11648.633,11742.334
sample,double,boundary-overlap,relationship,4,1,0,16384,1639,27216900,0,0
sample,double,boundary-overlap,relationship,4,1,1,16384,1639,36881600,0,0
sample,double,boundary-overlap,relationship,4,1,2,16384,1639,26830100,0,0
sample,double,boundary-overlap,relationship,4,1,3,16384,1639,27191300,0,0
sample,double,boundary-overlap,relationship,4,1,4,16384,1639,27374800,0,0
sample,double,boundary-overlap,relationship,4,1,5,16384,1639,28480600,0,0
sample,double,boundary-overlap,relationship,4,1,6,16384,1639,27575900,0,0
summary,double,boundary-overlap,relationship,1637.579,1670.825,2251.074
sample,double,boundary-overlap,clipping,4,1,0,2048,205,27573900,50692096,12
sample,double,boundary-overlap,clipping,4,1,1,2048,205,26792900,50692096,12
sample,double,boundary-overlap,clipping,4,1,2,2048,205,27398400,50692096,12
sample,double,boundary-overlap,clipping,4,1,3,2048,205,27959100,50692096,12
sample,double,boundary-overlap,clipping,4,1,4,2048,205,27238200,50692096,12
sample,double,boundary-overlap,clipping,4,1,5,2048,205,27747000,50692096,12
sample,double,boundary-overlap,clipping,4,1,6,2048,205,27743100,50692096,12
summary,double,boundary-overlap,clipping,13082.471,13463.818,13651.904
sample,double,isolated-tangent,relationship,4,0,0,16384,1639,35378600,0,0
sample,double,isolated-tangent,relationship,4,0,1,16384,1639,35791900,0,0
sample,double,isolated-tangent,relationship,4,0,2,16384,1639,34842300,0,0
sample,double,isolated-tangent,relationship,4,0,3,16384,1639,34763700,0,0
sample,double,isolated-tangent,relationship,4,0,4,16384,1639,34414100,0,0
sample,double,isolated-tangent,relationship,4,0,5,16384,1639,34486700,0,0
sample,double,isolated-tangent,relationship,4,0,6,16384,1639,34380800,0,0
summary,double,isolated-tangent,relationship,2098.438,2121.808,2184.564
sample,double,isolated-tangent,clipping,4,0,0,4096,410,28974200,101056512,24
sample,double,isolated-tangent,clipping,4,0,1,4096,410,29428000,101056512,24
sample,double,isolated-tangent,clipping,4,0,2,4096,410,29360500,101056512,24
sample,double,isolated-tangent,clipping,4,0,3,4096,410,29569300,101056512,24
sample,double,isolated-tangent,clipping,4,0,4,4096,410,29103900,101056512,24
sample,double,isolated-tangent,clipping,4,0,5,4096,410,29182400,101056512,24
sample,double,isolated-tangent,clipping,4,0,6,4096,410,29515900,101056512,24
summary,double,isolated-tangent,clipping,7073.779,7168.091,7219.067
sample,double,degenerate-interior,relationship,4,0,0,65536,6554,3310600,0,0
sample,double,degenerate-interior,relationship,4,0,1,65536,6554,3415400,0,0
sample,double,degenerate-interior,relationship,4,0,2,65536,6554,3226300,0,0
sample,double,degenerate-interior,relationship,4,0,3,65536,6554,3192800,0,0
sample,double,degenerate-interior,relationship,4,0,4,65536,6554,3210500,0,0
sample,double,degenerate-interior,relationship,4,0,5,65536,6554,4917600,0,0
sample,double,degenerate-interior,relationship,4,0,6,65536,6554,8716100,0,0
summary,double,degenerate-interior,relationship,48.718,50.516,132.997
sample,double,degenerate-interior,clipping,4,0,0,65536,6554,938600,0,0
sample,double,degenerate-interior,clipping,4,0,1,65536,6554,900200,0,0
sample,double,degenerate-interior,clipping,4,0,2,65536,6554,338400,0,0
sample,double,degenerate-interior,clipping,4,0,3,65536,6554,340100,0,0
sample,double,degenerate-interior,clipping,4,0,4,65536,6554,288400,0,0
sample,double,degenerate-interior,clipping,4,0,5,65536,6554,288600,0,0
sample,double,degenerate-interior,clipping,4,0,6,65536,6554,341200,0,0
summary,double,degenerate-interior,clipping,4.401,5.190,14.322
sample,double,degenerate-boundary,relationship,4,0,0,65536,6554,3196500,0,0
sample,double,degenerate-boundary,relationship,4,0,1,65536,6554,3121500,0,0
sample,double,degenerate-boundary,relationship,4,0,2,65536,6554,3220600,0,0
sample,double,degenerate-boundary,relationship,4,0,3,65536,6554,3439000,0,0
sample,double,degenerate-boundary,relationship,4,0,4,65536,6554,3149000,0,0
sample,double,degenerate-boundary,relationship,4,0,5,65536,6554,3126700,0,0
sample,double,degenerate-boundary,relationship,4,0,6,65536,6554,3130200,0,0
summary,double,degenerate-boundary,relationship,47.630,48.050,52.475
sample,double,degenerate-boundary,clipping,4,0,0,65536,6554,290900,0,0
sample,double,degenerate-boundary,clipping,4,0,1,65536,6554,288400,0,0
sample,double,degenerate-boundary,clipping,4,0,2,65536,6554,288400,0,0
sample,double,degenerate-boundary,clipping,4,0,3,65536,6554,401700,0,0
sample,double,degenerate-boundary,clipping,4,0,4,65536,6554,288400,0,0
sample,double,degenerate-boundary,clipping,4,0,5,65536,6554,310400,0,0
sample,double,degenerate-boundary,clipping,4,0,6,65536,6554,313800,0,0
summary,double,degenerate-boundary,clipping,4.401,4.439,6.129
sample,double,empty,relationship,0,0,0,65536,6554,1097900,0,0
sample,double,empty,relationship,0,0,1,65536,6554,1089000,0,0
sample,double,empty,relationship,0,0,2,65536,6554,1087900,0,0
sample,double,empty,relationship,0,0,3,65536,6554,1087900,0,0
sample,double,empty,relationship,0,0,4,65536,6554,1088300,0,0
sample,double,empty,relationship,0,0,5,65536,6554,1092200,0,0
sample,double,empty,relationship,0,0,6,65536,6554,1088000,0,0
summary,double,empty,relationship,16.600,16.606,16.753
sample,double,empty,clipping,0,0,0,65536,6554,290900,0,0
sample,double,empty,clipping,0,0,1,65536,6554,288400,0,0
sample,double,empty,clipping,0,0,2,65536,6554,288400,0,0
sample,double,empty,clipping,0,0,3,65536,6554,335900,0,0
sample,double,empty,clipping,0,0,4,65536,6554,288400,0,0
sample,double,empty,clipping,0,0,5,65536,6554,288400,0,0
sample,double,empty,clipping,0,0,6,65536,6554,291200,0,0
summary,double,empty,clipping,4.401,4.401,5.125
sample,double,concave-u,relationship,8,2,0,8192,820,25370900,0,0
sample,double,concave-u,relationship,8,2,1,8192,820,25400800,0,0
sample,double,concave-u,relationship,8,2,2,8192,820,25047900,0,0
sample,double,concave-u,relationship,8,2,3,8192,820,25472100,0,0
sample,double,concave-u,relationship,8,2,4,8192,820,25032500,0,0
sample,double,concave-u,relationship,8,2,5,8192,820,25574100,0,0
sample,double,concave-u,relationship,8,2,6,8192,820,24943800,0,0
summary,double,concave-u,relationship,3044.897,3097.034,3121.838
sample,double,concave-u,clipping,8,2,0,512,52,22938900,21102592,5
sample,double,concave-u,clipping,8,2,1,512,52,22892200,21102592,5
sample,double,concave-u,clipping,8,2,2,512,52,23145800,21102592,5
sample,double,concave-u,clipping,8,2,3,512,52,23038100,21102592,5
sample,double,concave-u,clipping,8,2,4,512,52,22952700,21102592,5
sample,double,concave-u,clipping,8,2,5,512,52,22882100,21102592,5
sample,double,concave-u,clipping,8,2,6,512,52,23415900,21102592,5
summary,double,concave-u,clipping,44691.602,44829.492,45734.180
sample,double,hole,relationship,8,2,0,8192,820,25852600,0,0
sample,double,hole,relationship,8,2,1,8192,820,25768600,0,0
sample,double,hole,relationship,8,2,2,8192,820,25841900,0,0
sample,double,hole,relationship,8,2,3,8192,820,25891100,0,0
sample,double,hole,relationship,8,2,4,8192,820,26000800,0,0
sample,double,hole,relationship,8,2,5,8192,820,25645800,0,0
sample,double,hole,relationship,8,2,6,8192,820,25991800,0,0
summary,double,hole,relationship,3130.591,3155.835,3173.926
sample,double,hole,clipping,8,2,0,512,52,22937600,21102592,5
sample,double,hole,clipping,8,2,1,512,52,23223400,21102592,5
sample,double,hole,clipping,8,2,2,512,52,22953300,21102592,5
sample,double,hole,clipping,8,2,3,512,52,23014700,21102592,5
sample,double,hole,clipping,8,2,4,512,52,23201200,21102592,5
sample,double,hole,clipping,8,2,5,512,52,23010800,21102592,5
sample,double,hole,clipping,8,2,6,512,52,23116300,21102592,5
summary,double,hole,clipping,44800.000,44950.586,45358.203
sample,double,hole-reversed,relationship,8,2,0,8192,820,35258700,0,0
sample,double,hole-reversed,relationship,8,2,1,8192,820,25753900,0,0
sample,double,hole-reversed,relationship,8,2,2,8192,820,25607200,0,0
sample,double,hole-reversed,relationship,8,2,3,8192,820,26199400,0,0
sample,double,hole-reversed,relationship,8,2,4,8192,820,25748100,0,0
sample,double,hole-reversed,relationship,8,2,5,8192,820,27844300,0,0
sample,double,hole-reversed,relationship,8,2,6,8192,820,27914800,0,0
summary,double,hole-reversed,relationship,3125.879,3198.169,4304.041
sample,double,hole-reversed,clipping,8,2,0,512,52,22339700,21102592,5
sample,double,hole-reversed,clipping,8,2,1,512,52,22046300,21102592,5
sample,double,hole-reversed,clipping,8,2,2,512,52,22088300,21102592,5
sample,double,hole-reversed,clipping,8,2,3,512,52,22125800,21102592,5
sample,double,hole-reversed,clipping,8,2,4,512,52,21774400,21102592,5
sample,double,hole-reversed,clipping,8,2,5,512,52,21541700,21102592,5
sample,double,hole-reversed,clipping,8,2,6,512,52,21787800,21102592,5
summary,double,hole-reversed,clipping,42073.633,43059.180,43632.227
sample,double,rational-crossing,relationship,3,1,0,32768,3277,24008500,0,0
sample,double,rational-crossing,relationship,3,1,1,32768,3277,24282100,0,0
sample,double,rational-crossing,relationship,3,1,2,32768,3277,24117100,0,0
sample,double,rational-crossing,relationship,3,1,3,32768,3277,24168300,0,0
sample,double,rational-crossing,relationship,3,1,4,32768,3277,23995300,0,0
sample,double,rational-crossing,relationship,3,1,5,32768,3277,24183700,0,0
sample,double,rational-crossing,relationship,3,1,6,32768,3277,24433700,0,0
summary,double,rational-crossing,relationship,732.278,737.558,745.657
sample,double,rational-crossing,clipping,3,1,0,2048,205,36911600,42303488,10
sample,double,rational-crossing,clipping,3,1,1,2048,205,36893000,42303488,10
sample,double,rational-crossing,clipping,3,1,2,2048,205,37070600,42303488,10
sample,double,rational-crossing,clipping,3,1,3,2048,205,37181200,42303488,10
sample,double,rational-crossing,clipping,3,1,4,2048,205,37085500,42303488,10
sample,double,rational-crossing,clipping,3,1,5,2048,205,37083700,42303488,10
sample,double,rational-crossing,clipping,3,1,6,2048,205,36815800,42303488,10
summary,double,rational-crossing,clipping,17976.465,18100.879,18154.883
sample,double,sparse-1,relationship,4,1,0,32768,3277,39069900,0,0
sample,double,sparse-1,relationship,4,1,1,32768,3277,37010200,0,0
sample,double,sparse-1,relationship,4,1,2,32768,3277,37342500,0,0
sample,double,sparse-1,relationship,4,1,3,32768,3277,37830500,0,0
sample,double,sparse-1,relationship,4,1,4,32768,3277,37003500,0,0
sample,double,sparse-1,relationship,4,1,5,32768,3277,39530500,0,0
sample,double,sparse-1,relationship,4,1,6,32768,3277,36522500,0,0
summary,double,sparse-1,relationship,1114.578,1139.603,1206.375
sample,double,sparse-1,clipping,4,1,0,1024,103,21167700,25346048,6
sample,double,sparse-1,clipping,4,1,1,1024,103,20760200,25346048,6
sample,double,sparse-1,clipping,4,1,2,1024,103,20362600,25346048,6
sample,double,sparse-1,clipping,4,1,3,1024,103,21101200,25346048,6
sample,double,sparse-1,clipping,4,1,4,1024,103,21584100,25346048,6
sample,double,sparse-1,clipping,4,1,5,1024,103,20304500,25346048,6
sample,double,sparse-1,clipping,4,1,6,1024,103,20280300,25346048,6
summary,double,sparse-1,clipping,19804.980,20273.633,21078.223
sample,double,sparse-4,relationship,16,1,0,4096,410,21075200,0,0
sample,double,sparse-4,relationship,16,1,1,4096,410,21327400,0,0
sample,double,sparse-4,relationship,16,1,2,4096,410,22598400,0,0
sample,double,sparse-4,relationship,16,1,3,4096,410,21554300,0,0
sample,double,sparse-4,relationship,16,1,4,4096,410,21753100,0,0
sample,double,sparse-4,relationship,16,1,5,4096,410,22414700,0,0
sample,double,sparse-4,relationship,16,1,6,4096,410,21505300,0,0
summary,double,sparse-4,relationship,5145.312,5262.280,5517.188
sample,double,sparse-4,clipping,16,1,0,1024,103,29076000,75677696,18
sample,double,sparse-4,clipping,16,1,1,1024,103,28853900,75677696,18
sample,double,sparse-4,clipping,16,1,2,1024,103,29351700,75677696,18
sample,double,sparse-4,clipping,16,1,3,1024,103,29237000,75677696,18
sample,double,sparse-4,clipping,16,1,4,1024,103,28992800,75677696,18
sample,double,sparse-4,clipping,16,1,5,1024,103,28822400,75677696,18
sample,double,sparse-4,clipping,16,1,6,1024,103,29334400,75677696,18
summary,double,sparse-4,clipping,28146.875,28394.531,28663.770
sample,double,sparse-16,relationship,64,1,0,1024,103,22489900,0,0
sample,double,sparse-16,relationship,64,1,1,1024,103,24718100,0,0
sample,double,sparse-16,relationship,64,1,2,1024,103,27865900,0,0
sample,double,sparse-16,relationship,64,1,3,1024,103,21998700,0,0
sample,double,sparse-16,relationship,64,1,4,1024,103,21677000,0,0
sample,double,sparse-16,relationship,64,1,5,1024,103,21956700,0,0
sample,double,sparse-16,relationship,64,1,6,1024,103,22853600,0,0
summary,double,sparse-16,relationship,21168.945,21962.793,27212.793
sample,double,sparse-16,clipping,64,1,0,512,52,30036400,142696448,42
sample,double,sparse-16,clipping,64,1,1,512,52,30452000,142696448,42
sample,double,sparse-16,clipping,64,1,2,512,52,30736800,142696448,42
sample,double,sparse-16,clipping,64,1,3,512,52,30591000,142696448,42
sample,double,sparse-16,clipping,64,1,4,512,52,30202400,142696448,42
sample,double,sparse-16,clipping,64,1,5,512,52,29777200,142696448,42
sample,double,sparse-16,clipping,64,1,6,512,52,29545600,142696448,42
summary,double,sparse-16,clipping,57706.250,58989.062,60032.812
sample,double,sparse-64,relationship,256,1,0,256,26,21426100,0,0
sample,double,sparse-64,relationship,256,1,1,256,26,21736000,0,0
sample,double,sparse-64,relationship,256,1,2,256,26,21682200,0,0
sample,double,sparse-64,relationship,256,1,3,256,26,21657800,0,0
sample,double,sparse-64,relationship,256,1,4,256,26,22800600,0,0
sample,double,sparse-64,relationship,256,1,5,256,26,22014600,0,0
sample,double,sparse-64,relationship,256,1,6,256,26,21839800,0,0
summary,double,sparse-64,relationship,83695.703,84906.250,89064.844
sample,double,sparse-64,clipping,256,1,0,64,7,23911200,70003712,8
sample,double,sparse-64,clipping,256,1,1,64,7,22563100,70003712,8
sample,double,sparse-64,clipping,256,1,2,64,7,22372800,70003712,8
sample,double,sparse-64,clipping,256,1,3,64,7,22812800,70003712,8
sample,double,sparse-64,clipping,256,1,4,64,7,22350700,70003712,8
sample,double,sparse-64,clipping,256,1,5,64,7,22868300,70003712,8
sample,double,sparse-64,clipping,256,1,6,64,7,21954300,70003712,8
summary,double,sparse-64,clipping,343035.938,352548.438,373612.500
sample,double,dense-1,relationship,4,1,0,32768,3277,38285500,0,0
sample,double,dense-1,relationship,4,1,1,32768,3277,35738200,0,0
sample,double,dense-1,relationship,4,1,2,32768,3277,35533800,0,0
sample,double,dense-1,relationship,4,1,3,32768,3277,44822500,0,0
sample,double,dense-1,relationship,4,1,4,32768,3277,35326500,0,0
sample,double,dense-1,relationship,4,1,5,32768,3277,35371800,0,0
sample,double,dense-1,relationship,4,1,6,32768,3277,35320600,0,0
summary,double,dense-1,relationship,1077.899,1084.406,1367.874
sample,double,dense-1,clipping,4,1,0,1024,103,19888700,25346048,6
sample,double,dense-1,clipping,4,1,1,1024,103,19730200,25346048,6
sample,double,dense-1,clipping,4,1,2,1024,103,19618400,25346048,6
sample,double,dense-1,clipping,4,1,3,1024,103,19632000,25346048,6
sample,double,dense-1,clipping,4,1,4,1024,103,19590300,25346048,6
sample,double,dense-1,clipping,4,1,5,1024,103,19584500,25346048,6
sample,double,dense-1,clipping,4,1,6,1024,103,18648900,25346048,6
summary,double,dense-1,clipping,18211.816,19158.594,19422.559
sample,double,dense-4,relationship,16,4,0,4096,410,27809900,0,0
sample,double,dense-4,relationship,16,4,1,4096,410,27876200,0,0
sample,double,dense-4,relationship,16,4,2,4096,410,27829800,0,0
sample,double,dense-4,relationship,16,4,3,4096,410,28072800,0,0
sample,double,dense-4,relationship,16,4,4,4096,410,28041200,0,0
sample,double,dense-4,relationship,16,4,5,4096,410,27736200,0,0
sample,double,dense-4,relationship,16,4,6,4096,410,28016500,0,0
summary,double,dense-4,relationship,6771.533,6805.713,6853.711
sample,double,dense-4,clipping,16,4,0,256,26,23488900,18976768,4
sample,double,dense-4,clipping,16,4,1,256,26,23689400,18976768,4
sample,double,dense-4,clipping,16,4,2,256,26,24158900,18976768,4
sample,double,dense-4,clipping,16,4,3,256,26,24322300,18976768,4
sample,double,dense-4,clipping,16,4,4,256,26,23693500,18976768,4
sample,double,dense-4,clipping,16,4,5,256,26,23518000,18976768,4
sample,double,dense-4,clipping,16,4,6,256,26,23464300,18976768,4
summary,double,dense-4,clipping,91657.422,92536.719,95008.984
sample,double,dense-16,relationship,64,16,0,1024,103,30140600,0,0
sample,double,dense-16,relationship,64,16,1,1024,103,30078300,0,0
sample,double,dense-16,relationship,64,16,2,1024,103,29930700,0,0
sample,double,dense-16,relationship,64,16,3,1024,103,29989200,0,0
sample,double,dense-16,relationship,64,16,4,1024,103,30207100,0,0
sample,double,dense-16,relationship,64,16,5,1024,103,32552400,0,0
sample,double,dense-16,relationship,64,16,6,1024,103,37228500,0,0
summary,double,dense-16,relationship,29229.199,29434.180,36355.957
sample,double,dense-16,clipping,64,16,0,64,7,31722900,17931264,5
sample,double,dense-16,clipping,64,16,1,64,7,30659200,17931264,5
sample,double,dense-16,clipping,64,16,2,64,7,29716000,17931264,5
sample,double,dense-16,clipping,64,16,3,64,7,29792700,17931264,5
sample,double,dense-16,clipping,64,16,4,64,7,29852600,17931264,5
sample,double,dense-16,clipping,64,16,5,64,7,29796400,17931264,5
sample,double,dense-16,clipping,64,16,6,64,7,30062300,17931264,5
summary,double,dense-16,clipping,464312.500,466446.875,495670.312
sample,double,dense-64,relationship,256,64,0,256,26,32902000,0,0
sample,double,dense-64,relationship,256,64,1,256,26,32704200,0,0
sample,double,dense-64,relationship,256,64,2,256,26,34984500,0,0
sample,double,dense-64,relationship,256,64,3,256,26,34327700,0,0
sample,double,dense-64,relationship,256,64,4,256,26,32249700,0,0
sample,double,dense-64,relationship,256,64,5,256,26,31809700,0,0
sample,double,dense-64,relationship,256,64,6,256,26,32010700,0,0
summary,double,dense-64,relationship,124256.641,127750.781,136658.203
sample,double,dense-64,clipping,256,64,0,16,2,33950400,17612800,1
sample,double,dense-64,clipping,256,64,1,16,2,34023600,17612800,1
sample,double,dense-64,clipping,256,64,2,16,2,33969300,17612800,1
sample,double,dense-64,clipping,256,64,3,16,2,33969500,17612800,1
sample,double,dense-64,clipping,256,64,4,16,2,34365700,17612800,1
sample,double,dense-64,clipping,256,64,5,16,2,34760600,17612800,1
sample,double,dense-64,clipping,256,64,6,16,2,34436200,17612800,1
summary,double,dense-64,clipping,2121900.000,2126475.000,2172537.500
sample,double,subnormal,relationship,4,1,0,4096,410,36331400,0,0
sample,double,subnormal,relationship,4,1,1,4096,410,34930400,0,0
sample,double,subnormal,relationship,4,1,2,4096,410,31202900,0,0
sample,double,subnormal,relationship,4,1,3,4096,410,31684100,0,0
sample,double,subnormal,relationship,4,1,4,4096,410,32899700,0,0
sample,double,subnormal,relationship,4,1,5,4096,410,32138200,0,0
sample,double,subnormal,relationship,4,1,6,4096,410,35863600,0,0
summary,double,subnormal,relationship,7617.896,8032.153,8869.971
sample,double,subnormal,clipping,4,1,0,512,52,24765700,12673024,3
sample,double,subnormal,clipping,4,1,1,512,52,16455100,12673024,3
sample,double,subnormal,clipping,4,1,2,512,52,17868800,12673024,3
sample,double,subnormal,clipping,4,1,3,512,52,14118400,12673024,3
sample,double,subnormal,clipping,4,1,4,512,52,16286900,12673024,3
sample,double,subnormal,clipping,4,1,5,512,52,16707400,12673024,3
sample,double,subnormal,clipping,4,1,6,512,52,16110500,12673024,3
summary,double,subnormal,clipping,27575.000,32138.867,48370.508
sample,double,large-finite,relationship,4,1,0,4096,410,34030400,0,0
sample,double,large-finite,relationship,4,1,1,4096,410,34121400,0,0
sample,double,large-finite,relationship,4,1,2,4096,410,33836200,0,0
sample,double,large-finite,relationship,4,1,3,4096,410,33736500,0,0
sample,double,large-finite,relationship,4,1,4,4096,410,33903500,0,0
sample,double,large-finite,relationship,4,1,5,4096,410,32962200,0,0
sample,double,large-finite,relationship,4,1,6,4096,410,35074400,0,0
summary,double,large-finite,relationship,8047.412,8277.222,8563.086
sample,double,large-finite,clipping,4,1,0,1024,103,38323800,25346048,6
sample,double,large-finite,clipping,4,1,1,1024,103,58301800,25346048,6
sample,double,large-finite,clipping,4,1,2,1024,103,44177500,25346048,6
sample,double,large-finite,clipping,4,1,3,1024,103,37733200,25346048,6
sample,double,large-finite,clipping,4,1,4,1024,103,36446100,25346048,6
sample,double,large-finite,clipping,4,1,5,1024,103,46445400,25346048,6
sample,double,large-finite,clipping,4,1,6,1024,103,37075800,25346048,6
summary,double,large-finite,clipping,35591.895,37425.586,56935.352
sink,10724293926240499584
