compiler,block,scalar,case,base_median_ns,candidate_median_ns,candidate_change_percent,base_ns_per_call_rounds,base_gc_bytes_per_call_rounds,candidate_ns_per_call_rounds,candidate_gc_bytes_per_call_rounds
dmd,0,double,boundary-only,26942.285,26458.691,-1.794925708788253,26678.3203125;26942.28515625;26747.75390625;27011.03515625;26440.52734375;27007.91015625;27194.140625,20624.0;20624.0;20624.0;20624.0;20624.0;20624.0;20624.0,26324.21875;26458.69140625;26370.8984375;26158.7890625;27252.05078125;27717.67578125;26766.11328125,20624.0;20624.0;20624.0;20624.0;20624.0;20624.0;20624.0
dmd,0,double,boundary-overlap,28919.434,28745.41,-0.601754515665831,29919.921875;28902.1484375;29066.9921875;28957.8125;28919.43359375;28850.390625;28828.80859375,20656.0;20656.0;20656.0;20656.0;20656.0;20656.0;20656.0,28584.765625;38115.234375;28790.72265625;28727.1484375;28745.41015625;28375.29296875;30115.8203125,20656.0;20656.0;20656.0;20656.0;20656.0;20656.0;20656.0
dmd,0,double,concave-u,105908.203,105589.844,-0.3005990008158266,106521.875;106472.265625;103328.125;106341.40625;105908.203125;105364.0625;105138.28125,24832.0;24832.0;24832.0;24832.0;24832.0;24832.0;24832.0,111125.78125;105073.046875;105678.90625;105522.65625;105589.84375;104004.6875;111977.34375,24832.0;24832.0;24832.0;24832.0;24832.0;24832.0;24832.0
dmd,0,double,crossing,44640.234,44914.844,0.6151625459669408,44019.3359375;44998.6328125;45869.140625;43927.9296875;44548.828125;44989.2578125;44640.234375,16560.0;16560.0;16560.0;16560.0;16560.0;16560.0;16560.0,44600.78125;45269.921875;44914.84375;44667.578125;44842.96875;45328.125;45881.640625,16560.0;16560.0;16560.0;16560.0;16560.0;16560.0;16560.0
dmd,0,double,degenerate-boundary,12.967,12.749,-1.681190714891645,12.32452392578125;12.99896240234375;12.35504150390625;12.9669189453125;12.37030029296875;12.97149658203125;13.037109375,0.0;0.0;0.0;0.0;0.0;0.0;0.0,12.75634765625;12.6800537109375;12.74871826171875;15.35797119140625;12.640380859375;12.72430419921875;13.11492919921875,0.0;0.0;0.0;0.0;0.0;0.0;0.0
dmd,0,double,degenerate-interior,13.269,12.993,-2.080036174542166,12.689208984375;13.26904296875;12.6251220703125;13.2720947265625;12.5762939453125;13.311767578125;13.34381103515625,0.0;0.0;0.0;0.0;0.0;0.0;0.0,12.38555908203125;12.99285888671875;13.2080078125;12.99591064453125;13.00048828125;12.34283447265625;12.371826171875,0.0;0.0;0.0;0.0;0.0;0.0;0.0
dmd,0,double,dense-1,45321.484,45211.133,-0.24348496620277826,45321.484375;45075.1953125;47557.421875;45255.2734375;44954.4921875;45364.84375;45681.25,16560.0;16560.0;16560.0;16560.0;16560.0;16560.0;16560.0,45789.2578125;45211.1328125;44988.28125;44978.125;63146.2890625;45040.4296875;45396.484375,16560.0;16560.0;16560.0;16560.0;16560.0;16560.0;16560.0
dmd,0,double,dense-16,1134256.25,1113756.25,-1.8073517337903189,1132296.875;1134768.75;1126303.125;1144443.75;1150006.25;1132853.125;1134256.25,145008.0;145008.0;145008.0;145008.0;145008.0;145008.0;145008.0,1103181.25;1140631.25;1105321.875;1109596.875;1119793.75;1113756.25;1128568.75,145008.0;145008.0;145008.0;145008.0;145008.0;145008.0;145008.0
dmd,0,double,dense-4,237900.781,235074.219,-1.1881264063609676,242228.90625;246560.15625;240874.21875;237900.78125;236558.59375;236860.9375;234617.1875,41360.0;41360.0;41360.0;41360.0;41360.0;41360.0;41360.0,235473.4375;235074.21875;235541.40625;231638.28125;232000.0;242076.5625;234675.78125,41360.0;41360.0;41360.0;41360.0;41360.0;41360.0;41360.0
dmd,0,double,dense-64,5265775.0,5213100.0,-1.000327587107308,5342100.0;5373925.0;5194675.0;5180775.0;5251800.0;5265775.0;5271050.0,556032.0;556032.0;556032.0;556032.0;556032.0;556032.0;556032.0,5233475.0;5213100.0;5232550.0;5183050.0;5138150.0;5159225.0;5536650.0,556032.0;556032.0;556032.0;556032.0;556032.0;556032.0;556032.0
dmd,0,double,empty,15.068,15.024,-0.29200955667639805,15.04974365234375;15.0848388671875;15.06500244140625;15.06805419921875;15.06500244140625;15.07110595703125;15.081787109375,0.0;0.0;0.0;0.0;0.0;0.0;0.0,15.01312255859375;15.631103515625;15.0238037109375;15.6280517578125;15.0238037109375;15.625;15.02227783203125,0.0;0.0;0.0;0.0;0.0;0.0;0.0
dmd,0,double,exterior,7161.67,76.733,-98.92855995878055,7308.4716796875;7061.1083984375;7505.419921875;7989.3310546875;7087.0361328125;7146.630859375;7161.669921875,8288.0;8288.0;8288.0;8288.0;8288.0;8288.0;8288.0,81.4300537109375;75.1373291015625;75.46844482421875;76.409912109375;77.74658203125;77.62451171875;76.7333984375,0.0;0.0;0.0;0.0;0.0;0.0;0.0
dmd,0,double,hole,104865.234,106124.219,1.2005742532362973,105008.59375;104865.234375;107114.0625;105064.0625;104262.5;104817.578125;104666.796875,24832.0;24832.0;24832.0;24832.0;24832.0;24832.0;24832.0,106967.1875;108559.375;106273.828125;106124.21875;105744.140625;105293.359375;105129.6875,24832.0;24832.0;24832.0;24832.0;24832.0;24832.0;24832.0
dmd,0,double,hole-reversed,105711.719,106203.125,0.46485480006241975,105711.71875;104817.1875;108432.421875;107730.859375;104723.4375;105455.859375;106241.40625,24832.0;24832.0;24832.0;24832.0;24832.0;24832.0;24832.0,105451.171875;111727.34375;107906.640625;106272.65625;106203.125;106006.640625;104518.75,24832.0;24832.0;24832.0;24832.0;24832.0;24832.0;24832.0
dmd,0,double,interior,16706.592,16686.328,-0.12129343914066837,16710.15625;16671.533203125;16687.060546875;16532.666015625;16706.591796875;16938.818359375;21481.494140625,8336.0;8336.0;8336.0;8336.0;8336.0;8336.0;8336.0,16563.18359375;17392.1875;16686.328125;16749.90234375;16722.216796875;16613.134765625;16515.4296875,8336.0;8336.0;8336.0;8336.0;8336.0;8336.0;8336.0
dmd,0,double,isolated-tangent,14072.021,13863.281,-1.4833690199865357,14049.12109375;14072.021484375;14488.623046875;13951.123046875;13977.294921875;14110.25390625;14302.24609375,16480.0;16480.0;16480.0;16480.0;16480.0;16480.0;16480.0,13879.150390625;13863.28125;13609.27734375;13713.037109375;14572.705078125;13816.9921875;13926.708984375,16480.0;16480.0;16480.0;16480.0;16480.0;16480.0;16480.0
dmd,0,double,large-finite,83446.484,82649.219,-0.9554207221001643,82935.9375;84865.625;87325.390625;82960.546875;83762.109375;82928.515625;83446.484375,16560.0;16560.0;16560.0;16560.0;16560.0;16560.0;16560.0,82707.8125;83558.203125;82649.21875;83066.015625;81743.75;81396.875;81718.75,16560.0;16560.0;16560.0;16560.0;16560.0;16560.0;16560.0
dmd,0,double,rational-crossing,45506.641,45767.383,0.5729757113912104,45744.7265625;45558.203125;45506.640625;44843.1640625;44932.8125;45614.453125;44442.1875,16560.0;16560.0;16560.0;16560.0;16560.0;16560.0;16560.0,44842.3828125;54295.1171875;45035.7421875;47709.5703125;44976.7578125;46399.21875;45767.3828125,16560.0;16560.0;16560.0;16560.0;16560.0;16560.0;16560.0
dmd,0,double,sparse-1,45507.812,45134.766,-0.8197405755301812,45057.421875;45377.734375;46196.09375;47515.8203125;45230.078125;45507.8125;45868.9453125,16560.0;16560.0;16560.0;16560.0;16560.0;16560.0;16560.0,44913.671875;46814.453125;45045.5078125;45134.765625;45274.21875;44958.203125;45200.1953125,16560.0;16560.0;16560.0;16560.0;16560.0;16560.0;16560.0
dmd,0,double,sparse-16,111660.938,112521.484,0.770677745873849,115472.265625;111660.9375;111284.765625;111278.515625;112128.515625;111933.203125;109622.265625,16560.0;16560.0;16560.0;16560.0;16560.0;16560.0;16560.0,112521.484375;112695.703125;112843.75;111599.21875;110788.28125;115938.671875;110833.203125,16560.0;16560.0;16560.0;16560.0;16560.0;16560.0;16560.0
dmd,0,double,sparse-4,58702.344,58690.625,-0.019963427695490754,59677.9296875;58321.875;58603.125;58702.34375;58907.03125;60161.9140625;58492.1875,16560.0;16560.0;16560.0;16560.0;16560.0;16560.0;16560.0,58690.625;58737.109375;57722.0703125;58214.2578125;60961.71875;58656.25;59115.8203125,16560.0;16560.0;16560.0;16560.0;16560.0;16560.0;16560.0
dmd,0,double,sparse-64,322354.688,328420.312,1.8816614821497435,322354.6875;321854.6875;325934.375;327331.25;333895.3125;321846.875;321968.75,16560.0;16560.0;16560.0;16560.0;16560.0;16560.0;16560.0,326700.0;352467.1875;328420.3125;327220.3125;330885.9375;371517.1875;328071.875,16560.0;16560.0;16560.0;16560.0;16560.0;16560.0;16560.0
dmd,0,double,subnormal,75758.203,75590.234,-0.22171724426990336,74633.59375;75760.546875;75450.78125;75758.203125;78598.6328125;74700.9765625;75817.7734375,16560.0;16560.0;16560.0;16560.0;16560.0;16560.0;16560.0,75207.03125;75590.234375;78667.578125;75963.28125;76630.2734375;75416.2109375;74490.8203125,16560.0;16560.0;16560.0;16560.0;16560.0;16560.0;16560.0
dmd,0,float,boundary-only,27963.574,27927.637,-0.12851361560579644,28002.83203125;27294.04296875;28675.29296875;27652.1484375;27963.57421875;27854.1015625;28091.2109375,20624.0;20624.0;20624.0;20624.0;20624.0;20624.0;20624.0,29343.26171875;27925.09765625;27927.63671875;28616.89453125;27893.45703125;28522.4609375;27878.22265625,20624.0;20624.0;20624.0;20624.0;20624.0;20624.0;20624.0
dmd,0,float,boundary-overlap,29989.453,30353.906,1.2152705819609144,29989.453125;29930.6640625;29843.5546875;30188.76953125;29400.1953125;30004.98046875;29997.94921875,20656.0;20656.0;20656.0;20656.0;20656.0;20656.0;20656.0,49689.55078125;30309.47265625;30353.90625;30512.5;30889.16015625;30225.09765625;29896.2890625,20656.0;20656.0;20656.0;20656.0;20656.0;20656.0;20656.0
dmd,0,float,concave-u,106049.219,106401.953,0.332613482047428,105382.8125;104334.765625;106049.21875;109925.78125;106076.171875;105810.15625;106523.046875,24832.0;24832.0;24832.0;24832.0;24832.0;24832.0;24832.0,108039.84375;106401.953125;106096.484375;104885.546875;104469.53125;112616.015625;107427.734375,24832.0;24832.0;24832.0;24832.0;24832.0;24832.0;24832.0
dmd,0,float,crossing,44884.57,44860.547,-0.053521733638084434,44884.5703125;44635.546875;44956.25;44404.296875;44495.1171875;45689.84375;45790.234375,16560.0;16560.0;16560.0;16560.0;16560.0;16560.0;16560.0,45820.703125;46273.4375;44695.3125;44490.8203125;44860.546875;44511.328125;44867.96875,16560.0;16560.0;16560.0;16560.0;16560.0;16560.0;16560.0
dmd,0,float,degenerate-boundary,11.342,11.652,2.733204020454938,11.19232177734375;11.77825927734375;11.34185791015625;11.75994873046875;11.1053466796875;11.75994873046875;11.25946044921875,0.0;0.0;0.0;0.0;0.0;0.0;0.0,11.65008544921875;12.28485107421875;11.62261962890625;12.2833251953125;11.43951416015625;12.0849609375;11.651611328125,0.0;0.0;0.0;0.0;0.0;0.0;0.0
dmd,0,float,degenerate-interior,11.137,11.737,5.387447247912358,11.13739013671875;11.7828369140625;11.1328125;11.74163818359375;11.1053466796875;11.773681640625;11.13433837890625,0.0;0.0;0.0;0.0;0.0;0.0;0.0,11.38916015625;12.005615234375;11.35711669921875;11.8072509765625;11.737060546875;12.00103759765625;11.38458251953125,0.0;0.0;0.0;0.0;0.0;0.0;0.0
dmd,0,float,dense-1,49474.414,45755.859,-7.516117320763016,45414.0625;45733.59375;50624.609375;49474.4140625;56237.6953125;48725.9765625;50612.5,16560.0;16560.0;16560.0;16560.0;16560.0;16560.0;16560.0,45716.015625;45842.7734375;45755.859375;45667.3828125;44881.0546875;48623.4375;48546.484375,16560.0;16560.0;16560.0;16560.0;16560.0;16560.0;16560.0
dmd,0,float,dense-16,1131268.75,1129175.0,-0.1850798053070979,1131268.75;1132637.5;1132731.25;1129962.5;1156703.125;1129287.5;1127743.75,145008.0;145008.0;145008.0;145008.0;145008.0;145008.0;145008.0,1171518.75;1129656.25;1129175.0;1128231.25;1111512.5;1109968.75;1150653.125,145008.0;145008.0;145008.0;145008.0;145008.0;145008.0;145008.0
dmd,0,float,dense-4,248465.625,237835.938,-4.278131834131981,248465.625;244273.4375;250147.65625;251732.03125;250939.84375;243819.53125;241822.65625,41360.0;41360.0;41360.0;41360.0;41360.0;41360.0;41360.0,237835.9375;238855.46875;232554.6875;310612.5;235993.75;238393.75;237653.90625,41360.0;41360.0;41360.0;41360.0;41360.0;41360.0;41360.0
dmd,0,float,dense-64,5301225.0,5273625.0,-0.5206343816759329,5264450.0;5293475.0;5309125.0;5362900.0;5240225.0;5357150.0;5301225.0,556032.0;556032.0;556032.0;556032.0;556032.0;556032.0;556032.0,5276250.0;5273625.0;5319975.0;5264800.0;5223925.0;7866925.0;5220125.0,556032.0;556032.0;556032.0;556032.0;556032.0;556032.0;556032.0
dmd,0,float,empty,13.82,14.203,2.7713458755426856,13.2659912109375;13.8885498046875;13.26446533203125;13.8458251953125;14.55230712890625;13.24310302734375;13.81988525390625,0.0;0.0;0.0;0.0;0.0;0.0;0.0,13.58489990234375;14.22882080078125;13.580322265625;14.202880859375;14.29290771484375;14.22119140625;13.5833740234375,0.0;0.0;0.0;0.0;0.0;0.0;0.0
dmd,0,float,exterior,7651.929,44.324,-99.42074736971553,7696.142578125;7572.3876953125;7661.6455078125;7651.9287109375;7647.2900390625;7454.78515625;7801.26953125,8288.0;8288.0;8288.0;8288.0;8288.0;8288.0;8288.0,44.27947998046875;44.42138671875;44.27947998046875;45.55206298828125;44.4061279296875;44.28253173828125;44.32373046875,0.0;0.0;0.0;0.0;0.0;0.0;0.0
dmd,0,float,hole,106926.172,108686.328,1.6461414142834752,106401.5625;106926.171875;107006.640625;104466.796875;114721.484375;111992.96875;105763.28125,24832.0;24832.0;24832.0;24832.0;24832.0;24832.0;24832.0,111419.921875;108686.328125;144156.25;106428.515625;106142.96875;110036.71875;106482.03125,24832.0;24832.0;24832.0;24832.0;24832.0;24832.0;24832.0
dmd,0,float,hole-reversed,106438.672,106390.625,-0.045140548164679384,106194.53125;106593.75;106551.5625;105605.859375;106438.671875;106572.265625;104811.328125,24832.0;24832.0;24832.0;24832.0;24832.0;24832.0;24832.0,106453.515625;106390.625;106589.0625;105311.328125;105287.109375;105516.015625;109046.09375,24832.0;24832.0;24832.0;24832.0;24832.0;24832.0;24832.0
dmd,0,float,interior,17350.732,17414.404,0.3669701082351873,17350.732421875;17304.6875;17478.3203125;17229.8828125;17376.025390625;17486.1328125;17342.87109375,8336.0;8336.0;8336.0;8336.0;8336.0;8336.0;8336.0,17518.5546875;17389.794921875;17271.484375;17151.07421875;17920.263671875;17513.330078125;17414.404296875,8336.0;8336.0;8336.0;8336.0;8336.0;8336.0;8336.0
dmd,0,float,isolated-tangent,14588.33,14516.602,-0.4916806790084882,14485.44921875;14588.330078125;14813.18359375;14525.68359375;14553.759765625;14596.240234375;14665.8203125,16480.0;16480.0;16480.0;16480.0;16480.0;16480.0;16480.0,14381.298828125;14382.958984375;15000.732421875;14458.056640625;14597.314453125;14543.06640625;14516.6015625,16480.0;16480.0;16480.0;16480.0;16480.0;16480.0;16480.0
dmd,0,float,large-finite,48708.789,47595.508,-2.2855854617941596,48131.8359375;48366.796875;48630.859375;49095.8984375;48762.109375;49620.5078125;48708.7890625,16560.0;16560.0;16560.0;16560.0;16560.0;16560.0;16560.0,46822.65625;49890.8203125;46859.765625;47614.453125;47171.09375;47595.5078125;47815.625,16560.0;16560.0;16560.0;16560.0;16560.0;16560.0;16560.0
dmd,0,float,rational-crossing,45137.109,45163.281,0.0579833325169421,45181.0546875;45136.71875;45776.171875;45137.109375;45515.234375;45050.78125;44652.9296875,16560.0;16560.0;16560.0;16560.0;16560.0;16560.0;16560.0,47526.7578125;45351.953125;45132.8125;45413.0859375;45154.4921875;45163.28125;45073.6328125,16560.0;16560.0;16560.0;16560.0;16560.0;16560.0;16560.0
dmd,0,float,sparse-1,45483.203,45642.383,0.34997535243945777,45483.203125;45721.2890625;45438.8671875;45684.1796875;45421.875;45377.34375;46895.8984375,16560.0;16560.0;16560.0;16560.0;16560.0;16560.0;16560.0,45872.65625;45610.3515625;45839.453125;45690.8203125;45421.6796875;45642.3828125;44701.5625,16560.0;16560.0;16560.0;16560.0;16560.0;16560.0;16560.0
dmd,0,float,sparse-16,110009.375,111193.359,1.0762573644291562,111848.046875;110009.375;110853.125;112460.9375;109273.046875;109979.296875;109968.359375,16560.0;16560.0;16560.0;16560.0;16560.0;16560.0;16560.0,115872.265625;112407.03125;110463.28125;115750.78125;111193.359375;111069.53125;110332.8125,16560.0;16560.0;16560.0;16560.0;16560.0;16560.0;16560.0
dmd,0,float,sparse-4,59198.242,59452.734,0.42989790135996575,59613.671875;60131.8359375;58932.421875;59198.2421875;59212.6953125;59198.046875;58284.375,16560.0;16560.0;16560.0;16560.0;16560.0;16560.0;16560.0,76935.15625;58542.7734375;60551.5625;58365.0390625;58588.28125;59986.5234375;59452.734375,16560.0;16560.0;16560.0;16560.0;16560.0;16560.0;16560.0
dmd,0,float,sparse-64,319759.375,326498.438,2.107541960263104,320170.3125;319193.75;322029.6875;319962.5;319759.375;314756.25;313698.4375,16560.0;16560.0;16560.0;16560.0;16560.0;16560.0;16560.0,325910.9375;336567.1875;326498.4375;328278.125;324956.25;323073.4375;327884.375,16560.0;16560.0;16560.0;16560.0;16560.0;16560.0;16560.0
dmd,0,float,subnormal,45748.633,45200.977,-1.197098064110469,45648.4375;47452.5390625;45376.3671875;46126.953125;45686.71875;45748.6328125;45806.25,16560.0;16560.0;16560.0;16560.0;16560.0;16560.0;16560.0,44883.3984375;45060.7421875;44556.640625;48873.046875;45200.9765625;45588.0859375;45843.75,16560.0;16560.0;16560.0;16560.0;16560.0;16560.0;16560.0
dmd,0,int,boundary-only,27977.637,27914.551,-0.22548723467961107,28787.6953125;27943.06640625;27704.4921875;28744.7265625;27737.01171875;28149.0234375;27977.63671875,20624.0;20624.0;20624.0;20624.0;20624.0;20624.0;20624.0,27839.453125;28586.1328125;27587.98828125;27946.875;28271.77734375;27726.3671875;27914.55078125,20624.0;20624.0;20624.0;20624.0;20624.0;20624.0;20624.0
dmd,0,int,boundary-overlap,32573.242,30057.422,-7.7235787582949245,34528.22265625;35631.15234375;32573.2421875;34375.48828125;31517.7734375;31674.70703125;31494.43359375,20656.0;20656.0;20656.0;20656.0;20656.0;20656.0;20656.0,30340.33203125;29862.79296875;30057.421875;29831.34765625;29885.15625;30181.34765625;31331.15234375,20656.0;20656.0;20656.0;20656.0;20656.0;20656.0;20656.0
dmd,0,int,concave-u,105537.891,102673.828,-2.7137769883993745,106303.515625;105492.578125;105615.625;105537.890625;103972.265625;107022.265625;103725.0,24832.0;24832.0;24832.0;24832.0;24832.0;24832.0;24832.0,105403.125;102673.828125;103512.5;104812.890625;102007.03125;101786.71875;101979.296875,24832.0;24832.0;24832.0;24832.0;24832.0;24832.0;24832.0
dmd,0,int,crossing,43736.719,43440.234,-0.6778857828818818,43736.71875;45959.1796875;43447.4609375;45873.2421875;44134.375;43605.2734375;43597.65625,16560.0;16560.0;16560.0;16560.0;16560.0;16560.0;16560.0,42673.4375;43830.078125;43440.234375;43575.9765625;43513.8671875;43133.7890625;42394.7265625,16560.0;16560.0;16560.0;16560.0;16560.0;16560.0;16560.0
dmd,0,int,degenerate-boundary,28.917,29.077,0.5533077428502287,30.21240234375;30.7861328125;28.91693115234375;30.39703369140625;28.9154052734375;28.729248046875;28.80706787109375,0.0;0.0;0.0;0.0;0.0;0.0;0.0,29.97894287109375;29.0771484375;29.20684814453125;29.11376953125;28.96270751953125;28.8787841796875;28.78570556640625,0.0;0.0;0.0;0.0;0.0;0.0;0.0
dmd,0,int,degenerate-interior,30.701,29.81,-2.9021855965603804,28.753662109375;29.8187255859375;40.33355712890625;35.56976318359375;33.3740234375;29.93927001953125;30.70068359375,0.0;0.0;0.0;0.0;0.0;0.0;0.0,36.19384765625;29.3609619140625;30.38787841796875;29.583740234375;30.9722900390625;29.8095703125;29.7607421875,0.0;0.0;0.0;0.0;0.0;0.0;0.0
dmd,0,int,dense-1,44151.953,43639.844,-1.1598784769498272,43805.6640625;43842.96875;44151.953125;43317.1875;45313.671875;46066.2109375;44367.578125,16560.0;16560.0;16560.0;16560.0;16560.0;16560.0;16560.0,43567.3828125;43639.84375;43779.296875;43508.7890625;43560.3515625;47351.953125;47345.3125,16560.0;16560.0;16560.0;16560.0;16560.0;16560.0;16560.0
dmd,0,int,dense-16,1245187.5,1099503.125,-11.699794207699643,1245187.5;1253753.125;1255362.5;1214531.25;1288118.75;1166971.875;1168368.75,145008.0;145008.0;145008.0;145008.0;145008.0;145008.0;145008.0,1118896.875;1096903.125;1099503.125;1094625.0;1093931.25;1151943.75;1116906.25,145008.0;145008.0;145008.0;145008.0;145008.0;145008.0;145008.0
dmd,0,int,dense-4,237981.25,231715.625,-2.632822963994008,235590.625;235140.625;238117.1875;237981.25;235620.3125;238306.25;238371.875,41360.0;41360.0;41360.0;41360.0;41360.0;41360.0;41360.0,232460.15625;232871.09375;231676.5625;236867.96875;231715.625;229242.1875;229153.125,41360.0;41360.0;41360.0;41360.0;41360.0;41360.0;41360.0
dmd,0,int,dense-64,5250800.0,5181450.0,-1.3207511236382974,5250800.0;5424575.0;5195975.0;5253350.0;5224500.0;5223475.0;5256975.0,556032.0;556032.0;556032.0;556032.0;556032.0;556032.0;556032.0,5228575.0;5181450.0;5162525.0;5087625.0;5475100.0;5091775.0;5200000.0,556032.0;556032.0;556032.0;556032.0;556032.0;556032.0;556032.0
dmd,0,int,empty,26.535,26.804,1.0137554173732743,27.60162353515625;26.568603515625;26.5350341796875;26.5380859375;26.50146484375;26.4007568359375;26.4068603515625,0.0;0.0;0.0;0.0;0.0;0.0;0.0,26.8035888671875;26.62506103515625;26.61895751953125;26.71356201171875;26.81427001953125;26.83563232421875;27.6458740234375,0.0;0.0;0.0;0.0;0.0;0.0;0.0
dmd,0,int,exterior,7494.189,53.281,-99.2890358116135,7329.8583984375;7348.2177734375;7248.974609375;7773.6572265625;7592.2119140625;7557.421875;7494.189453125,8288.0;8288.0;8288.0;8288.0;8288.0;8288.0;8288.0,54.718017578125;53.2806396484375;55.181884765625;53.338623046875;53.05328369140625;52.46429443359375;53.09906005859375,0.0;0.0;0.0;0.0;0.0;0.0;0.0
dmd,0,int,hole,104075.0,103566.406,-0.4886802786452038,104511.71875;104075.0;103276.953125;103693.75;103187.109375;105094.921875;105997.65625,24832.0;24832.0;24832.0;24832.0;24832.0;24832.0;24832.0,103342.1875;106315.625;108129.6875;101501.953125;103566.40625;103519.921875;107799.21875,24832.0;24832.0;24832.0;24832.0;24832.0;24832.0;24832.0
dmd,0,int,hole-reversed,104083.594,102912.5,-1.125147542464755,104083.59375;103246.484375;104067.1875;103239.84375;104159.375;105190.625;104426.953125,24832.0;24832.0;24832.0;24832.0;24832.0;24832.0;24832.0,101568.75;100582.03125;106941.015625;103079.296875;102381.640625;103060.546875;102912.5,24832.0;24832.0;24832.0;24832.0;24832.0;24832.0;24832.0
dmd,0,int,interior,17279.883,16868.408,-2.381237187774954,17290.380859375;17228.90625;17226.123046875;18313.623046875;17337.158203125;17158.203125;17279.8828125,8336.0;8336.0;8336.0;8336.0;8336.0;8336.0;8336.0,16868.408203125;16726.025390625;16781.34765625;17221.38671875;16844.62890625;17041.455078125;17035.9375,8336.0;8336.0;8336.0;8336.0;8336.0;8336.0;8336.0
dmd,0,int,isolated-tangent,12904.883,14116.064,9.385447353532772,12776.3671875;12999.462890625;12904.8828125;12983.154296875;12821.240234375;13338.76953125;12780.419921875,16480.0;16480.0;16480.0;16480.0;16480.0;16480.0;16480.0,15105.2734375;15270.80078125;14116.064453125;13823.53515625;14129.39453125;13652.44140625;13537.255859375,16480.0;16480.0;16480.0;16480.0;16480.0;16480.0;16480.0
dmd,0,int,rational-crossing,43299.609,43460.742,0.37213500011050726,45103.515625;42775.1953125;42898.4375;42761.71875;43299.609375;43498.828125;43363.0859375,16560.0;16560.0;16560.0;16560.0;16560.0;16560.0;16560.0,43190.4296875;44193.5546875;44047.4609375;43172.265625;44056.25;43238.4765625;43460.7421875,16560.0;16560.0;16560.0;16560.0;16560.0;16560.0;16560.0
dmd,0,int,sparse-1,45461.914,42929.297,-5.570854319947893,44176.3671875;43863.671875;45263.671875;46261.71875;45461.9140625;45784.375;45814.2578125,16560.0;16560.0;16560.0;16560.0;16560.0;16560.0;16560.0,42929.296875;43785.15625;45407.03125;42872.65625;42803.515625;42935.7421875;42807.6171875,16560.0;16560.0;16560.0;16560.0;16560.0;16560.0;16560.0
dmd,0,int,sparse-16,115361.328,126042.578,9.258952012064213,115188.28125;115909.765625;114464.84375;118887.109375;113150.0;115361.328125;115976.5625,16560.0;16560.0;16560.0;16560.0;16560.0;16560.0;16560.0,114357.8125;113446.875;144890.625;135531.640625;124785.15625;126042.578125;126562.5,16560.0;16560.0;16560.0;16560.0;16560.0;16560.0;16560.0
dmd,0,int,sparse-4,58443.945,58276.953,-0.28573019839779334,58103.7109375;59397.265625;59263.0859375;57433.59375;58528.90625;58443.9453125;58419.7265625,16560.0;16560.0;16560.0;16560.0;16560.0;16560.0;16560.0,58387.6953125;58206.4453125;58327.5390625;58023.6328125;60158.0078125;58276.953125;57681.640625,16560.0;16560.0;16560.0;16560.0;16560.0;16560.0;16560.0
dmd,0,int,sparse-64,354387.5,354351.562,-0.010140876865016857,347943.75;352325.0;366367.1875;354656.25;363815.625;354387.5;348110.9375,16560.0;16560.0;16560.0;16560.0;16560.0;16560.0;16560.0,354968.75;354351.5625;353743.75;356120.3125;354839.0625;353828.125;339903.125,16560.0;16560.0;16560.0;16560.0;16560.0;16560.0;16560.0
dmd,0,int,wide-integral,45676.367,47740.039,4.51803007888083,45695.8984375;46099.0234375;45645.3125;45871.484375;45676.3671875;45615.0390625;45378.515625,16560.0;16560.0;16560.0;16560.0;16560.0;16560.0;16560.0,47865.0390625;48580.46875;48083.0078125;47740.0390625;45733.7890625;45553.7109375;45763.0859375,16560.0;16560.0;16560.0;16560.0;16560.0;16560.0;16560.0
dmd,0,long,boundary-only,27897.656,27768.457,-0.4631177615782467,28091.6015625;27695.3125;28442.96875;27527.83203125;27838.37890625;28017.1875;27897.65625,20624.0;20624.0;20624.0;20624.0;20624.0;20624.0;20624.0,27768.45703125;27844.82421875;27739.94140625;36693.65234375;27465.13671875;28598.6328125;27455.56640625,20624.0;20624.0;20624.0;20624.0;20624.0;20624.0;20624.0
dmd,0,long,boundary-overlap,30247.852,30215.625,-0.10654310263088496,31253.41796875;29970.41015625;30130.2734375;30160.9375;30247.8515625;38907.8125;30873.73046875,20656.0;20656.0;20656.0;20656.0;20656.0;20656.0;20656.0,30145.3125;30123.14453125;30486.9140625;31103.3203125;30215.625;30057.8125;30538.96484375,20656.0;20656.0;20656.0;20656.0;20656.0;20656.0;20656.0
dmd,0,long,concave-u,103633.594,101979.688,-1.5959168607044605,105605.46875;104406.25;103554.296875;103633.59375;102220.3125;103494.53125;117275.0,24832.0;24832.0;24832.0;24832.0;24832.0;24832.0;24832.0,103214.453125;101325.390625;107285.9375;101979.6875;101283.984375;101925.78125;103941.796875,24832.0;24832.0;24832.0;24832.0;24832.0;24832.0;24832.0
dmd,0,long,crossing,43926.172,43849.805,-0.17385307328851018,47340.0390625;43475.1953125;42944.53125;44061.5234375;44002.5390625;43926.171875;43617.3828125,16560.0;16560.0;16560.0;16560.0;16560.0;16560.0;16560.0,43776.5625;43923.4375;43849.8046875;43690.4296875;45349.609375;43851.953125;43781.25,16560.0;16560.0;16560.0;16560.0;16560.0;16560.0;16560.0
dmd,0,long,degenerate-boundary,34.947,33.386,-4.46676395684894,35.05706787109375;34.94720458984375;33.56170654296875;33.48541259765625;33.624267578125;37.37030029296875;36.56158447265625,0.0;0.0;0.0;0.0;0.0;0.0;0.0,34.27581787109375;33.3465576171875;33.21533203125;33.78448486328125;33.38623046875;33.10546875;33.84857177734375,0.0;0.0;0.0;0.0;0.0;0.0;0.0
dmd,0,long,degenerate-interior,33.681,32.523,-3.4381401977375825,33.0963134765625;33.68072509765625;34.2041015625;33.2733154296875;33.31756591796875;34.31549072265625;35.62469482421875,0.0;0.0;0.0;0.0;0.0;0.0;0.0,32.40203857421875;47.613525390625;34.16290283203125;32.5225830078125;32.440185546875;32.4371337890625;32.92236328125,0.0;0.0;0.0;0.0;0.0;0.0;0.0
dmd,0,long,dense-1,43833.789,43396.289,-0.9980884837493709,43833.7890625;43865.0390625;44069.53125;42993.75;43772.65625;44645.5078125;43683.7890625,16560.0;16560.0;16560.0;16560.0;16560.0;16560.0;16560.0,43593.9453125;43358.3984375;43542.3828125;43375.5859375;43396.2890625;43118.5546875;44255.078125,16560.0;16560.0;16560.0;16560.0;16560.0;16560.0;16560.0
dmd,0,long,dense-16,1112296.875,1105400.0,-0.6200570328852129,1105543.75;1109796.875;1107750.0;1115309.375;1115815.625;1119346.875;1112296.875,145008.0;145008.0;145008.0;145008.0;145008.0;145008.0;145008.0,1101971.875;1121865.625;1096815.625;1105400.0;1111465.625;1090556.25;1135065.625,145008.0;145008.0;145008.0;145008.0;145008.0;145008.0;145008.0
dmd,0,long,dense-4,232522.656,231814.844,-0.30440560596382005,236220.3125;232522.65625;234013.28125;235418.75;232279.6875;232372.65625;230975.78125,41360.0;41360.0;41360.0;41360.0;41360.0;41360.0;41360.0,233513.28125;231251.5625;231360.9375;231928.90625;236161.71875;231814.84375;231296.875,41360.0;41360.0;41360.0;41360.0;41360.0;41360.0;41360.0
dmd,0,long,dense-64,5221700.0,5171575.0,-0.9599364191738347,5256075.0;5223400.0;5221700.0;5289925.0;5136975.0;5220050.0;5186825.0,556032.0;556032.0;556032.0;556032.0;556032.0;556032.0;556032.0,5203850.0;5171575.0;5159000.0;5081150.0;5334200.0;5388825.0;5154425.0,556032.0;556032.0;556032.0;556032.0;556032.0;556032.0;556032.0
dmd,0,long,empty,32.968,30.507,-7.4648143654452825,37.6495361328125;33.06121826171875;32.9681396484375;31.17828369140625;33.447265625;31.03179931640625;31.9549560546875,0.0;0.0;0.0;0.0;0.0;0.0;0.0,30.340576171875;30.51300048828125;30.2154541015625;30.877685546875;30.2642822265625;31.36444091796875;30.50689697265625,0.0;0.0;0.0;0.0;0.0;0.0;0.0
dmd,0,long,endpoint-collapse,35509.18,35802.051,0.8247754524322914,42183.3984375;35507.2265625;35636.23046875;35379.78515625;35509.1796875;36314.94140625;35365.52734375,16528.0;16528.0;16528.0;16528.0;16528.0;16528.0;16528.0,35998.4375;35802.05078125;35738.57421875;36014.2578125;35563.57421875;35196.09375;36749.31640625,16528.0;16528.0;16528.0;16528.0;16528.0;16528.0;16528.0
dmd,0,long,exterior,7931.128,89.583,-98.87048853580474,8139.990234375;8003.61328125;8091.1865234375;7931.1279296875;7824.70703125;7728.41796875;7701.4892578125,8288.0;8288.0;8288.0;8288.0;8288.0;8288.0;8288.0,84.42535400390625;101.33056640625;90.5181884765625;89.58282470703125;90.38238525390625;84.722900390625;85.9649658203125,0.0;0.0;0.0;0.0;0.0;0.0;0.0
dmd,0,long,gap-collapse,96969.531,97680.078,0.7327528479022849,97025.78125;97432.8125;94755.859375;100453.90625;94883.59375;96812.109375;96969.53125,24800.0;24800.0;24800.0;24800.0;24800.0;24800.0;24800.0,96878.90625;97680.078125;97082.03125;98518.359375;98812.109375;99330.46875;97339.453125,24800.0;24800.0;24800.0;24800.0;24800.0;24800.0;24800.0
dmd,0,long,hole,103039.062,104066.016,0.9966647406010054,103039.0625;104453.125;102790.234375;103458.984375;102880.859375;101531.25;106197.265625,24832.0;24832.0;24832.0;24832.0;24832.0;24832.0;24832.0,104066.015625;106496.484375;103714.453125;114142.96875;105554.296875;103148.4375;103582.03125,24832.0;24832.0;24832.0;24832.0;24832.0;24832.0;24832.0
dmd,0,long,hole-reversed,102718.359,102220.312,-0.4848665855341272,104859.765625;101975.0;102718.359375;103365.234375;102751.5625;102705.859375;102402.734375,24832.0;24832.0;24832.0;24832.0;24832.0;24832.0;24832.0,101153.515625;103385.9375;104588.28125;101592.1875;102220.3125;101671.875;102623.4375,24832.0;24832.0;24832.0;24832.0;24832.0;24832.0;24832.0
dmd,0,long,interior,17236.133,17414.844,1.036839295681924,17212.79296875;17236.1328125;17318.1640625;17187.841796875;17311.181640625;17045.458984375;17330.6640625,8336.0;8336.0;8336.0;8336.0;8336.0;8336.0;8336.0,17126.904296875;17845.8984375;17303.955078125;17414.84375;21784.228515625;17278.662109375;17868.75,8336.0;8336.0;8336.0;8336.0;8336.0;8336.0;8336.0
dmd,0,long,isolated-tangent,13497.07,13272.949,-1.6605159490170718,13039.0625;13164.208984375;13602.63671875;13674.609375;13352.34375;13497.0703125;13539.111328125,16480.0;16480.0;16480.0;16480.0;16480.0;16480.0;16480.0,16103.271484375;13261.71875;13756.93359375;13040.478515625;13299.658203125;13272.94921875;13229.6875,16480.0;16480.0;16480.0;16480.0;16480.0;16480.0;16480.0
dmd,0,long,rational-crossing,44073.633,43524.023,-1.2470267654132394,44707.2265625;45104.6875;44443.5546875;44073.6328125;43444.53125;43766.40625;43529.4921875,16560.0;16560.0;16560.0;16560.0;16560.0;16560.0;16560.0,43544.7265625;43524.0234375;43369.7265625;44156.640625;44231.8359375;43273.4375;43074.0234375,16560.0;16560.0;16560.0;16560.0;16560.0;16560.0;16560.0
dmd,0,long,sparse-1,43856.25,43670.117,-0.4244161322502493,43970.3125;43856.25;43783.59375;44266.796875;43805.859375;43870.1171875;43463.671875,16560.0;16560.0;16560.0;16560.0;16560.0;16560.0;16560.0,43137.3046875;44289.0625;44751.171875;43144.921875;43820.8984375;43670.1171875;43245.3125,16560.0;16560.0;16560.0;16560.0;16560.0;16560.0;16560.0
dmd,0,long,sparse-16,116388.281,116012.109,-0.3232043610988722,116577.734375;116388.28125;113566.796875;118824.21875;116273.4375;115966.796875;116439.0625,16560.0;16560.0;16560.0;16560.0;16560.0;16560.0;16560.0,115932.421875;115143.359375;117603.90625;116012.109375;115862.109375;149312.5;124508.59375,16560.0;16560.0;16560.0;16560.0;16560.0;16560.0;16560.0
dmd,0,long,sparse-4,58627.148,58850.391,0.3807843424346702,58627.1484375;76004.6875;58791.9921875;57601.953125;58572.8515625;58687.5;58615.234375,16560.0;16560.0;16560.0;16560.0;16560.0;16560.0;16560.0,57504.6875;58103.125;58530.46875;58850.390625;65180.6640625;62847.8515625;59075.78125,16560.0;16560.0;16560.0;16560.0;16560.0;16560.0;16560.0
dmd,0,long,sparse-64,347943.75,353107.812,1.4841657595516367,346657.8125;349610.9375;347817.1875;348051.5625;349320.3125;341000.0;347943.75,16560.0;16560.0;16560.0;16560.0;16560.0;16560.0;16560.0,368384.375;349823.4375;348326.5625;353473.4375;353107.8125;353035.9375;356253.125,16560.0;16560.0;16560.0;16560.0;16560.0;16560.0;16560.0
dmd,0,long,wide-integral,48254.492,48411.914,0.326232840664864,48677.734375;49158.7890625;48196.875;48254.4921875;48226.171875;48106.25;48688.8671875,16560.0;16560.0;16560.0;16560.0;16560.0;16560.0;16560.0,49267.578125;48377.734375;49954.296875;48226.3671875;48434.5703125;48267.578125;48411.9140625,16560.0;16560.0;16560.0;16560.0;16560.0;16560.0;16560.0
dmd,1,double,boundary-only,28027.246,26725.391,-4.644962262792429,26640.625;27321.58203125;27229.8828125;28716.69921875;28027.24609375;28204.8828125;28027.734375,20624.0;20624.0;20624.0;20624.0;20624.0;20624.0;20624.0,26536.1328125;26987.59765625;26658.10546875;26725.390625;27724.21875;26408.7890625;26972.75390625,20624.0;20624.0;20624.0;20624.0;20624.0;20624.0;20624.0
dmd,1,double,boundary-overlap,28608.301,28462.402,-0.5099883421948115,28608.30078125;28447.55859375;30870.41015625;28467.96875;28313.76953125;28704.19921875;28763.4765625,20656.0;20656.0;20656.0;20656.0;20656.0;20656.0;20656.0,27955.95703125;28300.29296875;28604.8828125;28523.73046875;28462.40234375;29331.73828125;28073.4375,20656.0;20656.0;20656.0;20656.0;20656.0;20656.0;20656.0
dmd,1,double,concave-u,104714.062,105408.984,0.6636377070349919,104626.953125;104714.0625;104645.3125;111125.78125;103014.0625;105263.671875;105853.515625,24832.0;24832.0;24832.0;24832.0;24832.0;24832.0;24832.0,104657.03125;105299.609375;106266.40625;105408.984375;105482.8125;111521.875;103633.203125,24832.0;24832.0;24832.0;24832.0;24832.0;24832.0;24832.0
dmd,1,double,crossing,44674.219,45014.453,0.7615891393647045,44634.765625;44682.421875;44524.0234375;44674.21875;44110.546875;45065.234375;45578.515625,16560.0;16560.0;16560.0;16560.0;16560.0;16560.0;16560.0,44418.359375;44244.7265625;43891.6015625;45506.640625;45290.0390625;45164.6484375;45014.453125,16560.0;16560.0;16560.0;16560.0;16560.0;16560.0;16560.0
dmd,1,double,degenerate-boundary,13.904,12.993,-6.552071346375143,13.81378173828125;14.471435546875;13.90380859375;14.46533203125;13.50860595703125;14.12811279296875;13.8702392578125,0.0;0.0;0.0;0.0;0.0;0.0;0.0,13.03558349609375;12.994384765625;12.38555908203125;12.99285888671875;12.33673095703125;12.99285888671875;12.579345703125,0.0;0.0;0.0;0.0;0.0;0.0;0.0
dmd,1,double,degenerate-interior,12.672,12.741,0.544507575757569,12.67242431640625;13.28582763671875;12.31231689453125;12.9302978515625;12.2772216796875;12.860107421875;12.28485107421875,0.0;0.0;0.0;0.0;0.0;0.0;0.0,12.7410888671875;12.99591064453125;12.371826171875;12.99896240234375;12.40081787109375;12.99591064453125;12.39013671875,0.0;0.0;0.0;0.0;0.0;0.0;0.0
dmd,1,double,dense-1,44932.422,46283.594,3.0071203372922906,44825.0;45029.296875;44609.765625;44806.8359375;47048.046875;46238.8671875;44932.421875,16560.0;16560.0;16560.0;16560.0;16560.0;16560.0;16560.0,44834.9609375;44910.3515625;45864.84375;46283.59375;55694.7265625;52375.78125;47757.8125,16560.0;16560.0;16560.0;16560.0;16560.0;16560.0;16560.0
dmd,1,double,dense-16,1134609.375,1150140.625,1.3688631825380382,1132862.5;1128806.25;1134609.375;1192481.25;1133368.75;1211531.25;1154350.0,145008.0;145008.0;145008.0;145008.0;145008.0;145008.0;145008.0,1162396.875;1118150.0;1118703.125;1146606.25;1195240.625;1237996.875;1150140.625,145008.0;145008.0;145008.0;145008.0;145008.0;145008.0;145008.0
dmd,1,double,dense-4,234792.969,253196.875,7.838354818878757,235246.875;234658.59375;233070.3125;247016.40625;234531.25;235927.34375;234792.96875,41360.0;41360.0;41360.0;41360.0;41360.0;41360.0;41360.0,262364.0625;243718.75;255020.3125;244169.53125;264329.6875;253196.875;246559.375,41360.0;41360.0;41360.0;41360.0;41360.0;41360.0;41360.0
dmd,1,double,dense-64,5235325.0,5213575.0,-0.4154469875318201,5211675.0;5277925.0;5220900.0;5426200.0;5388400.0;5167050.0;5235325.0,556032.0;556032.0;556032.0;556032.0;556032.0;556032.0;556032.0,5230850.0;5216050.0;5213575.0;5139600.0;5557525.0;5142475.0;5125825.0,556032.0;556032.0;556032.0;556032.0;556032.0;556032.0;556032.0
dmd,1,double,empty,16.609,15.024,-9.54301884520442,16.59088134765625;16.60003662109375;16.607666015625;16.60919189453125;16.6168212890625;16.61529541015625;18.3685302734375,0.0;0.0;0.0;0.0;0.0;0.0;0.0,15.02532958984375;15.02227783203125;15.01007080078125;15.63568115234375;15.0238037109375;15.63873291015625;15.0238037109375,0.0;0.0;0.0;0.0;0.0;0.0;0.0
dmd,1,double,exterior,6944.824,76.537,-98.89792743487811,6931.93359375;6966.6748046875;6955.126953125;6944.82421875;6909.5947265625;7194.2626953125;6842.67578125,8288.0;8288.0;8288.0;8288.0;8288.0;8288.0;8288.0,77.44293212890625;76.53656005859375;76.3671875;77.16064453125;76.00555419921875;75.92926025390625;76.7791748046875,0.0;0.0;0.0;0.0;0.0;0.0;0.0
dmd,1,double,hole,105618.359,105857.812,0.22671531944555845,105618.359375;105321.09375;105342.578125;105020.3125;117728.125;107908.59375;122573.4375,24832.0;24832.0;24832.0;24832.0;24832.0;24832.0;24832.0,105857.8125;105527.734375;106054.6875;105508.984375;109398.828125;110247.265625;105688.28125,24832.0;24832.0;24832.0;24832.0;24832.0;24832.0;24832.0
dmd,1,double,hole-reversed,106743.359,104648.438,-1.9625773627753307,104887.109375;105529.296875;107311.71875;104384.765625;110475.390625;107887.890625;106743.359375,24832.0;24832.0;24832.0;24832.0;24832.0;24832.0;24832.0,104063.28125;104344.53125;104047.265625;105003.515625;104648.4375;105358.59375;110061.71875,24832.0;24832.0;24832.0;24832.0;24832.0;24832.0;24832.0
dmd,1,double,interior,16694.971,16631.104,-0.3825523266856923,16693.310546875;17318.65234375;16802.392578125;16717.28515625;16694.970703125;16676.513671875;16610.9375,8336.0;8336.0;8336.0;8336.0;8336.0;8336.0;8336.0,16784.86328125;16633.10546875;16630.810546875;17129.150390625;16631.103515625;16614.208984375;16594.677734375,8336.0;8336.0;8336.0;8336.0;8336.0;8336.0;8336.0
dmd,1,double,isolated-tangent,13823.193,13762.5,-0.4390664298762226,14318.9453125;13799.365234375;13885.9375;13665.771484375;13823.193359375;13857.568359375;13705.46875,16480.0;16480.0;16480.0;16480.0;16480.0;16480.0;16480.0,13762.5;13772.65625;13785.9375;14318.017578125;13524.12109375;13715.91796875;13723.876953125,16480.0;16480.0;16480.0;16480.0;16480.0;16480.0;16480.0
dmd,1,double,large-finite,82550.0,82669.531,0.14479830405815797,82558.59375;82550.0;82532.421875;81620.703125;85723.828125;85323.828125;82021.875,16560.0;16560.0;16560.0;16560.0;16560.0;16560.0;16560.0,82935.9375;82892.96875;82669.53125;82642.96875;81344.53125;89061.328125;81647.265625,16560.0;16560.0;16560.0;16560.0;16560.0;16560.0;16560.0
dmd,1,double,rational-crossing,44414.453,44532.812,0.2664875778161546,44673.6328125;44912.890625;44070.1171875;62841.2109375;44256.0546875;44414.453125;43756.0546875,16560.0;16560.0;16560.0;16560.0;16560.0;16560.0;16560.0,44250.78125;44131.640625;46622.65625;43979.296875;45354.4921875;61084.9609375;44532.8125,16560.0;16560.0;16560.0;16560.0;16560.0;16560.0;16560.0
dmd,1,double,sparse-1,44701.758,44800.195,0.2202083416942946,44523.4375;44835.7421875;44674.0234375;44701.7578125;44678.3203125;46210.7421875;45532.2265625,16560.0;16560.0;16560.0;16560.0;16560.0;16560.0;16560.0,45721.875;44800.1953125;44758.984375;44734.9609375;44750.9765625;44887.890625;44854.1015625,16560.0;16560.0;16560.0;16560.0;16560.0;16560.0;16560.0
dmd,1,double,sparse-16,110531.25,111090.625,0.5060785976816584,110719.53125;110349.21875;114150.0;110531.25;111909.375;110252.34375;110419.140625,16560.0;16560.0;16560.0;16560.0;16560.0;16560.0;16560.0,111408.984375;111090.625;111432.8125;111060.546875;115632.03125;110653.90625;110100.78125,16560.0;16560.0;16560.0;16560.0;16560.0;16560.0;16560.0
dmd,1,double,sparse-4,58355.273,58337.109,-0.031126578741225153,58198.4375;61132.8125;58191.796875;58355.2734375;69641.2109375;64043.5546875;58275.5859375,16560.0;16560.0;16560.0;16560.0;16560.0;16560.0;16560.0,58337.109375;58411.9140625;58095.8984375;62665.234375;58267.96875;58232.8125;76702.5390625,16560.0;16560.0;16560.0;16560.0;16560.0;16560.0;16560.0
dmd,1,double,sparse-64,320259.375,323770.312,1.09627922679858,314945.3125;321014.0625;319737.5;465200.0;320259.375;317739.0625;332990.625,16560.0;16560.0;16560.0;16560.0;16560.0;16560.0;16560.0,335543.75;317729.6875;323770.3125;321203.125;327264.0625;471950.0;321689.0625,16560.0;16560.0;16560.0;16560.0;16560.0;16560.0;16560.0
dmd,1,double,subnormal,75169.531,76204.883,1.377355939602709,77942.7734375;76439.84375;74849.8046875;75169.53125;75072.8515625;78155.6640625;74244.140625,16560.0;16560.0;16560.0;16560.0;16560.0;16560.0;16560.0,77600.9765625;76572.4609375;75751.7578125;76035.546875;75769.3359375;78327.34375;76204.8828125,16560.0;16560.0;16560.0;16560.0;16560.0;16560.0;16560.0
dmd,1,float,boundary-only,27576.66,27770.312,0.7022315247749322,27293.84765625;27120.41015625;27303.80859375;27576.66015625;27918.65234375;27813.37890625;27831.25,20624.0;20624.0;20624.0;20624.0;20624.0;20624.0;20624.0,28431.0546875;27690.72265625;28630.46875;27770.3125;27823.14453125;27716.11328125;27698.4375,20624.0;20624.0;20624.0;20624.0;20624.0;20624.0;20624.0
dmd,1,float,boundary-overlap,29779.492,29569.238,-0.7060362211685711,38431.25;29847.65625;29678.515625;29644.04296875;29779.4921875;30066.30859375;29538.4765625,20656.0;20656.0;20656.0;20656.0;20656.0;20656.0;20656.0,29604.98046875;29657.2265625;30923.828125;29085.44921875;29161.328125;29392.3828125;29569.23828125,20656.0;20656.0;20656.0;20656.0;20656.0;20656.0;20656.0
dmd,1,float,concave-u,105618.359,106681.641,1.0067208107257253,105233.59375;105618.359375;106253.90625;106331.640625;105221.875;108832.03125;103561.328125,24832.0;24832.0;24832.0;24832.0;24832.0;24832.0;24832.0,106681.640625;107681.25;105860.546875;109425.390625;106346.484375;107072.65625;105789.453125,24832.0;24832.0;24832.0;24832.0;24832.0;24832.0;24832.0
dmd,1,float,crossing,45122.461,47612.305,5.517970307514908,45690.0390625;45458.0078125;63300.0;45021.09375;45046.484375;45122.4609375;45020.1171875,16560.0;16560.0;16560.0;16560.0;16560.0;16560.0;16560.0,47659.1796875;47612.3046875;46811.9140625;46627.34375;47839.6484375;46880.2734375;48735.3515625,16560.0;16560.0;16560.0;16560.0;16560.0;16560.0;16560.0
dmd,1,float,degenerate-boundary,11.157,11.653,4.445639508828547,11.13128662109375;11.7340087890625;11.102294921875;11.7584228515625;11.13433837890625;11.7645263671875;11.1572265625,0.0;0.0;0.0;0.0;0.0;0.0;0.0,11.64703369140625;12.32147216796875;11.65313720703125;12.31231689453125;11.6241455078125;12.3443603515625;11.08245849609375,0.0;0.0;0.0;0.0;0.0;0.0;0.0
dmd,1,float,degenerate-interior,11.293,11.81,4.578057203577446,11.1419677734375;11.72027587890625;11.1083984375;11.7523193359375;11.1419677734375;11.74774169921875;11.29302978515625,0.0;0.0;0.0;0.0;0.0;0.0;0.0,11.56158447265625;12.40997314453125;10.85662841796875;11.810302734375;11.36322021484375;12.298583984375;14.96734619140625,0.0;0.0;0.0;0.0;0.0;0.0;0.0
dmd,1,float,dense-1,45467.969,45281.055,-0.4110893979011876,45857.6171875;45282.8125;45518.5546875;45467.96875;45205.46875;45382.6171875;47431.640625,16560.0;16560.0;16560.0;16560.0;16560.0;16560.0;16560.0,45444.3359375;47768.1640625;45089.6484375;45862.109375;44597.8515625;44986.328125;45281.0546875,16560.0;16560.0;16560.0;16560.0;16560.0;16560.0;16560.0
dmd,1,float,dense-16,1134284.375,1127578.125,-0.5912318063977517,1151375.0;1136868.75;1104778.125;1134284.375;1126646.875;1126137.5;1178421.875,145008.0;145008.0;145008.0;145008.0;145008.0;145008.0;145008.0,1127578.125;1122540.625;1127584.375;1148825.0;1118178.125;1127184.375;1155493.75,145008.0;145008.0;145008.0;145008.0;145008.0;145008.0;145008.0
dmd,1,float,dense-4,239526.562,241100.781,0.6572210559261382,239526.5625;244886.71875;236345.3125;236980.46875;244503.90625;241065.625;236639.84375,41360.0;41360.0;41360.0;41360.0;41360.0;41360.0;41360.0,254750.78125;241100.78125;241170.3125;238599.21875;235703.125;236090.625;245527.34375,41360.0;41360.0;41360.0;41360.0;41360.0;41360.0;41360.0
dmd,1,float,dense-64,5238250.0,5324975.0,1.655610175153921,6746950.0;5187525.0;5238250.0;5148650.0;5170125.0;5434650.0;5281625.0,556032.0;556032.0;556032.0;556032.0;556032.0;556032.0;556032.0,5377800.0;5324975.0;5332275.0;5336925.0;5245150.0;5215050.0;5219700.0,556032.0;556032.0;556032.0;556032.0;556032.0;556032.0;556032.0
dmd,1,float,empty,13.269,13.588,2.404099781445468,13.23394775390625;13.8763427734375;13.2293701171875;13.8702392578125;13.26904296875;13.86871337890625;13.2354736328125,0.0;0.0;0.0;0.0;0.0;0.0;0.0,13.5833740234375;14.2364501953125;13.58795166015625;14.2242431640625;13.580322265625;14.18609619140625;13.54522705078125,0.0;0.0;0.0;0.0;0.0;0.0;0.0
dmd,1,float,exterior,7703.125,45.607,-99.4079415821501,7583.8623046875;7540.7958984375;7965.673828125;10889.94140625;7676.6357421875;7705.517578125;7703.125,8288.0;8288.0;8288.0;8288.0;8288.0;8288.0;8288.0,45.64056396484375;45.54901123046875;45.60699462890625;45.41473388671875;46.04034423828125;45.70465087890625;45.4986572265625,0.0;0.0;0.0;0.0;0.0;0.0;0.0
dmd,1,float,hole,105739.453,106067.969,0.3106844140758014,105554.6875;105133.59375;106124.609375;105739.453125;106403.90625;104492.1875;108607.8125,24832.0;24832.0;24832.0;24832.0;24832.0;24832.0;24832.0,132835.15625;117667.1875;105946.484375;109924.21875;106067.96875;105873.046875;105931.640625,24832.0;24832.0;24832.0;24832.0;24832.0;24832.0;24832.0
dmd,1,float,hole-reversed,105792.969,106080.859,0.27212583475182406,104663.28125;103696.875;106550.0;106281.640625;105792.96875;105765.625;109133.984375,24832.0;24832.0;24832.0;24832.0;24832.0;24832.0;24832.0,106311.71875;105735.546875;106080.859375;111547.65625;104598.046875;104946.484375;106360.9375,24832.0;24832.0;24832.0;24832.0;24832.0;24832.0;24832.0
dmd,1,float,interior,17244.873,18800.781,9.022438147268463,17194.921875;17244.873046875;17201.904296875;17418.06640625;17060.205078125;17262.20703125;17246.875,8336.0;8336.0;8336.0;8336.0;8336.0;8336.0;8336.0,17945.1171875;18800.78125;18866.50390625;18022.8515625;19343.65234375;18360.546875;19092.67578125,8336.0;8336.0;8336.0;8336.0;8336.0;8336.0;8336.0
dmd,1,float,isolated-tangent,14395.459,14459.766,0.4467172599359248,14395.458984375;14413.0859375;14316.796875;14654.248046875;14216.259765625;14353.466796875;14466.259765625,16480.0;16480.0;16480.0;16480.0;16480.0;16480.0;16480.0,14995.263671875;14230.322265625;14214.208984375;14270.3125;14515.869140625;14459.765625;14477.880859375,16480.0;16480.0;16480.0;16480.0;16480.0;16480.0;16480.0
dmd,1,float,large-finite,47351.758,47358.203,0.013610899092708628,47511.328125;47196.2890625;50057.8125;47290.0390625;46915.0390625;47351.7578125;47458.0078125,16560.0;16560.0;16560.0;16560.0;16560.0;16560.0;16560.0,47358.203125;48009.375;47337.3046875;47444.53125;69447.265625;46796.875;46963.0859375,16560.0;16560.0;16560.0;16560.0;16560.0;16560.0;16560.0
dmd,1,float,rational-crossing,44858.789,47395.117,5.654026906522147,44858.7890625;47092.1875;44758.3984375;44552.9296875;44622.8515625;44867.96875;62818.359375,16560.0;16560.0;16560.0;16560.0;16560.0;16560.0;16560.0,45972.4609375;51553.515625;47144.140625;47395.1171875;49911.9140625;47555.6640625;45999.4140625,16560.0;16560.0;16560.0;16560.0;16560.0;16560.0;16560.0
dmd,1,float,sparse-1,44994.141,47449.219,5.456439317287987,44538.28125;44540.8203125;44879.296875;45286.9140625;45286.1328125;45332.03125;44994.140625,16560.0;16560.0;16560.0;16560.0;16560.0;16560.0;16560.0,45502.34375;45280.6640625;45303.3203125;47671.09375;47449.21875;47463.0859375;52010.7421875,16560.0;16560.0;16560.0;16560.0;16560.0;16560.0;16560.0
dmd,1,float,sparse-16,111261.328,110904.688,-0.3205426417344226,111337.5;111239.0625;111261.328125;110767.96875;117871.09375;111557.421875;110633.59375,16560.0;16560.0;16560.0;16560.0;16560.0;16560.0;16560.0,113687.890625;110851.953125;109708.59375;110695.703125;111096.875;111159.765625;110904.6875,16560.0;16560.0;16560.0;16560.0;16560.0;16560.0;16560.0
dmd,1,float,sparse-4,59428.516,58965.039,-0.7798899100896373,61290.625;59428.515625;60835.546875;59858.59375;59017.96875;58098.4375;58782.8125,16560.0;16560.0;16560.0;16560.0;16560.0;16560.0;16560.0,59024.609375;58965.0390625;58957.03125;58854.1015625;58995.1171875;60472.265625;58694.3359375,16560.0;16560.0;16560.0;16560.0;16560.0;16560.0;16560.0
dmd,1,float,sparse-64,318298.438,317432.812,-0.27195420921294344,330090.625;313675.0;315556.25;317343.75;320864.0625;318457.8125;318298.4375,16560.0;16560.0;16560.0;16560.0;16560.0;16560.0;16560.0,317543.75;317432.8125;317259.375;331389.0625;315210.9375;315023.4375;323384.375,16560.0;16560.0;16560.0;16560.0;16560.0;16560.0;16560.0
dmd,1,float,subnormal,45101.367,45125.586,0.0536990375480384,45101.3671875;45071.09375;45449.8046875;45326.953125;45962.5;44984.5703125;44371.6796875,16560.0;16560.0;16560.0;16560.0;16560.0;16560.0;16560.0,44876.3671875;44602.5390625;44981.8359375;45234.9609375;45125.5859375;45221.484375;47424.0234375,16560.0;16560.0;16560.0;16560.0;16560.0;16560.0;16560.0
dmd,1,int,boundary-only,28215.137,27929.395,-1.0127258995765276,28025.1953125;28215.13671875;29078.515625;27535.9375;27594.7265625;33696.58203125;31801.85546875,20624.0;20624.0;20624.0;20624.0;20624.0;20624.0;20624.0,27585.44921875;27552.5390625;27954.6875;29612.109375;27974.609375;27863.37890625;27929.39453125,20624.0;20624.0;20624.0;20624.0;20624.0;20624.0;20624.0
dmd,1,int,boundary-overlap,30083.008,29617.676,-1.546826700308701,29931.4453125;30249.70703125;30083.0078125;29947.65625;29925.9765625;30751.07421875;30779.00390625,20656.0;20656.0;20656.0;20656.0;20656.0;20656.0;20656.0,30773.2421875;29605.078125;29659.5703125;29617.67578125;29469.921875;29488.671875;29886.42578125,20656.0;20656.0;20656.0;20656.0;20656.0;20656.0;20656.0
dmd,1,int,concave-u,103044.531,101938.672,-1.0731855337378304,100671.484375;103044.53125;102859.765625;102798.046875;104264.0625;107421.875;104921.484375,24832.0;24832.0;24832.0;24832.0;24832.0;24832.0;24832.0,108247.265625;101666.40625;100374.609375;101294.921875;101938.671875;102727.34375;102314.84375,24832.0;24832.0;24832.0;24832.0;24832.0;24832.0;24832.0
dmd,1,int,crossing,43271.875,43401.367,0.299252112370918,43261.328125;42550.0;43086.1328125;43300.0;43272.0703125;43369.140625;43271.875,16560.0;16560.0;16560.0;16560.0;16560.0;16560.0;16560.0,45878.125;43689.2578125;43378.90625;43401.3671875;43486.5234375;43257.6171875;43047.65625,16560.0;16560.0;16560.0;16560.0;16560.0;16560.0;16560.0
dmd,1,int,degenerate-boundary,26.697,28.824,7.967187324418479,26.79290771484375;26.61895751953125;26.69677734375;26.654052734375;26.666259765625;28.631591796875;31.683349609375,0.0;0.0;0.0;0.0;0.0;0.0;0.0,28.04412841796875;28.06549072265625;28.11126708984375;29.2694091796875;28.8238525390625;29.40521240234375;30.3253173828125,0.0;0.0;0.0;0.0;0.0;0.0;0.0
dmd,1,int,degenerate-interior,27.975,28.084,0.3896336014298507,27.9754638671875;27.8961181640625;27.83203125;28.88336181640625;28.27606201171875;27.92816162109375;28.1951904296875,0.0;0.0;0.0;0.0;0.0;0.0;0.0,28.01971435546875;27.98919677734375;27.6580810546875;28.08380126953125;30.13916015625;29.742431640625;29.4464111328125,0.0;0.0;0.0;0.0;0.0;0.0;0.0
dmd,1,int,dense-1,43853.906,43942.188,0.20130932008655122,42654.296875;43120.8984375;50149.8046875;45553.125;43137.5;43853.90625;44756.0546875,16560.0;16560.0;16560.0;16560.0;16560.0;16560.0;16560.0,42705.078125;42757.03125;43071.2890625;43942.1875;45512.6953125;45791.9921875;46156.640625,16560.0;16560.0;16560.0;16560.0;16560.0;16560.0;16560.0
dmd,1,int,dense-16,1123825.0,1110178.125,-1.2143238493537711,1110396.875;1108534.375;1115359.375;1198981.25;1137728.125;1123825.0;1142393.75,145008.0;145008.0;145008.0;145008.0;145008.0;145008.0;145008.0,1114115.625;1166450.0;1098193.75;1097921.875;1112506.25;1110178.125;1103631.25,145008.0;145008.0;145008.0;145008.0;145008.0;145008.0;145008.0
dmd,1,int,dense-4,231967.969,230255.469,-0.738248477745651,239032.8125;235568.75;226602.34375;230351.5625;234832.8125;231967.96875;231764.84375,41360.0;41360.0;41360.0;41360.0;41360.0;41360.0;41360.0,231084.375;228616.40625;229703.125;230255.46875;239039.84375;238902.34375;229370.3125,41360.0;41360.0;41360.0;41360.0;41360.0;41360.0;41360.0
dmd,1,int,dense-64,5184350.0,5165725.0,-0.3592542941738164,5606525.0;5237075.0;5069475.0;5064500.0;5168525.0;5184350.0;5196000.0,556032.0;556032.0;556032.0;556032.0;556032.0;556032.0;556032.0,5098850.0;5126225.0;5158100.0;5165725.0;5191300.0;5179600.0;5523725.0,556032.0;556032.0;556032.0;556032.0;556032.0;556032.0;556032.0
dmd,1,int,empty,25.822,26.402,2.246146696615292,24.77264404296875;24.7161865234375;26.4495849609375;24.76959228515625;25.82244873046875;27.51617431640625;26.45111083984375,0.0;0.0;0.0;0.0;0.0;0.0;0.0,26.40228271484375;26.0986328125;26.3153076171875;26.21612548828125;30.43365478515625;31.99462890625;27.76641845703125,0.0;0.0;0.0;0.0;0.0;0.0;0.0
dmd,1,int,exterior,7246.045,53.445,-99.26242522645113,7215.0146484375;7414.4287109375;7514.1845703125;7127.8076171875;7205.6884765625;7246.044921875;7272.1435546875,8288.0;8288.0;8288.0;8288.0;8288.0;8288.0;8288.0,53.70941162109375;53.53851318359375;52.59246826171875;53.4454345703125;52.57720947265625;54.75311279296875;51.94244384765625,0.0;0.0;0.0;0.0;0.0;0.0;0.0
dmd,1,int,hole,102734.766,102924.219,0.18440982286365148,102515.234375;101806.640625;102823.4375;102734.765625;102827.734375;101918.359375;108964.453125,24832.0;24832.0;24832.0;24832.0;24832.0;24832.0;24832.0,106316.015625;106431.25;101381.640625;101980.078125;102702.34375;102924.21875;103111.328125,24832.0;24832.0;24832.0;24832.0;24832.0;24832.0;24832.0
dmd,1,int,hole-reversed,102763.281,101649.219,-1.0841051289516623,103794.140625;102664.453125;102860.546875;102763.28125;102461.71875;106713.671875;101305.859375,24832.0;24832.0;24832.0;24832.0;24832.0;24832.0;24832.0,102721.484375;108337.890625;101449.21875;101649.21875;101375.0;101594.140625;103511.328125,24832.0;24832.0;24832.0;24832.0;24832.0;24832.0;24832.0
dmd,1,int,interior,17039.551,16734.326,-1.7912737254637712,16727.587890625;16821.58203125;17039.55078125;17409.375;17200.830078125;16759.86328125;22244.775390625,8336.0;8336.0;8336.0;8336.0;8336.0;8336.0;8336.0,16712.939453125;16703.22265625;16548.2421875;16734.326171875;17551.171875;16787.79296875;16825.9765625,8336.0;8336.0;8336.0;8336.0;8336.0;8336.0;8336.0
dmd,1,int,isolated-tangent,13248.389,12853.076,-2.98385713161049,12930.2734375;14072.65625;13248.388671875;17418.65234375;12870.80078125;13780.46875;12937.3046875,16480.0;16480.0;16480.0;16480.0;16480.0;16480.0;16480.0,13331.787109375;12866.943359375;12829.1015625;12853.076171875;12731.689453125;12776.66015625;12853.173828125,16480.0;16480.0;16480.0;16480.0;16480.0;16480.0;16480.0
dmd,1,int,rational-crossing,43013.867,42885.156,-0.29923140832698314,43933.984375;43892.3828125;43013.8671875;42922.8515625;42906.8359375;43016.6015625;42636.1328125,16560.0;16560.0;16560.0;16560.0;16560.0;16560.0;16560.0,42885.15625;43025.0;42954.6875;45226.5625;42716.2109375;42273.2421875;42238.8671875,16560.0;16560.0;16560.0;16560.0;16560.0;16560.0;16560.0
dmd,1,int,sparse-1,43650.391,43142.773,-1.1629174180822432,43650.390625;43422.8515625;43386.9140625;43746.6796875;43208.0078125;45685.15625;44693.5546875,16560.0;16560.0;16560.0;16560.0;16560.0;16560.0;16560.0,43869.921875;46097.265625;42926.5625;43142.7734375;42717.1875;43079.4921875;43803.515625,16560.0;16560.0;16560.0;16560.0;16560.0;16560.0;16560.0
dmd,1,int,sparse-16,113879.297,114551.172,0.5899887141031401,114751.5625;117678.125;117266.40625;112716.796875;113078.125;113879.296875;112310.546875,16560.0;16560.0;16560.0;16560.0;16560.0;16560.0;16560.0,113277.34375;112765.234375;113871.09375;114899.21875;114551.171875;117724.609375;115091.796875,16560.0;16560.0;16560.0;16560.0;16560.0;16560.0;16560.0
dmd,1,int,sparse-4,57769.336,57691.016,-0.13557365450764802,60905.2734375;57129.4921875;57132.421875;58196.875;57936.9140625;57769.3359375;57410.9375,16560.0;16560.0;16560.0;16560.0;16560.0;16560.0;16560.0,57176.171875;57691.015625;57978.7109375;57842.7734375;59657.03125;57111.9140625;57526.3671875,16560.0;16560.0;16560.0;16560.0;16560.0;16560.0;16560.0
dmd,1,int,sparse-64,352451.562,337595.312,-4.215118218145397,352451.5625;376093.75;351375.0;349726.5625;362242.1875;355150.0;349956.25,16560.0;16560.0;16560.0;16560.0;16560.0;16560.0;16560.0,339096.875;360603.125;335582.8125;333673.4375;337595.3125;336281.25;340543.75,16560.0;16560.0;16560.0;16560.0;16560.0;16560.0;16560.0
dmd,1,int,wide-integral,44688.086,45404.102,1.6022525556364187,44581.8359375;44558.203125;45110.3515625;44686.1328125;44694.140625;44857.6171875;44688.0859375,16560.0;16560.0;16560.0;16560.0;16560.0;16560.0;16560.0,45595.1171875;45403.90625;45572.4609375;45404.1015625;47531.8359375;44590.8203125;44551.5625,16560.0;16560.0;16560.0;16560.0;16560.0;16560.0;16560.0
dmd,1,long,boundary-only,28161.23,27736.133,-1.5095114808550525,27387.59765625;28832.8125;28960.7421875;27841.6015625;28152.63671875;28161.23046875;28230.078125,20624.0;20624.0;20624.0;20624.0;20624.0;20624.0;20624.0,28889.16015625;27676.46484375;27230.6640625;27417.1875;27866.50390625;27804.78515625;27736.1328125,20624.0;20624.0;20624.0;20624.0;20624.0;20624.0;20624.0
dmd,1,long,boundary-overlap,30005.078,29868.652,-0.4546763717794833,29622.55859375;29762.109375;30005.078125;29973.046875;30209.47265625;30843.45703125;30836.23046875,20656.0;20656.0;20656.0;20656.0;20656.0;20656.0;20656.0,29623.046875;29746.875;29984.9609375;30048.33984375;29868.65234375;31546.09375;29764.84375,20656.0;20656.0;20656.0;20656.0;20656.0;20656.0;20656.0
dmd,1,long,concave-u,103408.594,103006.641,-0.38870367002571404,101058.59375;104608.984375;103408.59375;103223.046875;102944.921875;106327.734375;104980.46875,24832.0;24832.0;24832.0;24832.0;24832.0;24832.0;24832.0,142114.453125;103006.640625;103600.78125;111053.125;101189.0625;101910.9375;101237.890625,24832.0;24832.0;24832.0;24832.0;24832.0;24832.0;24832.0
dmd,1,long,crossing,43482.227,43559.766,0.17832343315811183,43482.2265625;42791.015625;43539.0625;43408.984375;43446.875;43883.0078125;43531.640625,16560.0;16560.0;16560.0;16560.0;16560.0;16560.0;16560.0,42833.984375;42735.546875;43657.2265625;43705.078125;43559.765625;43676.953125;43533.59375,16560.0;16560.0;16560.0;16560.0;16560.0;16560.0;16560.0
dmd,1,long,degenerate-boundary,34.747,31.699,-8.771980314847315,35.05859375;34.24224853515625;34.747314453125;33.94317626953125;46.0723876953125;34.46807861328125;36.43646240234375,0.0;0.0;0.0;0.0;0.0;0.0;0.0,31.695556640625;31.67266845703125;31.6986083984375;32.421875;31.66961669921875;32.04345703125;36.968994140625,0.0;0.0;0.0;0.0;0.0;0.0;0.0
dmd,1,long,degenerate-interior,33.467,33.264,-0.6065676636686779,32.40814208984375;32.91168212890625;33.46710205078125;33.88824462890625;36.05499267578125;33.978271484375;33.209228515625,0.0;0.0;0.0;0.0;0.0;0.0;0.0,33.27178955078125;33.23974609375;33.3648681640625;33.26263427734375;33.26416015625;33.24432373046875;34.3719482421875,0.0;0.0;0.0;0.0;0.0;0.0;0.0
dmd,1,long,dense-1,43764.648,43772.266,0.01740674345194204,43764.6484375;43929.1015625;43535.3515625;45683.7890625;45337.6953125;43458.203125;43011.9140625,16560.0;16560.0;16560.0;16560.0;16560.0;16560.0;16560.0,42739.84375;43589.453125;43325.9765625;44450.0;44155.859375;43802.1484375;43772.265625,16560.0;16560.0;16560.0;16560.0;16560.0;16560.0;16560.0
dmd,1,long,dense-16,1150543.75,1158000.0,0.6480631440568763,1248518.75;1149743.75;1129437.5;1146356.25;1154343.75;1150543.75;1154862.5,145008.0;145008.0;145008.0;145008.0;145008.0;145008.0;145008.0,1143506.25;1136812.5;1256812.5;1146687.5;1185856.25;1244381.25;1158000.0,145008.0;145008.0;145008.0;145008.0;145008.0;145008.0;145008.0
dmd,1,long,dense-4,231290.625,231737.5,0.1932093010687419,231207.8125;239533.59375;234216.40625;231290.625;230944.53125;232769.53125;230844.53125,41360.0;41360.0;41360.0;41360.0;41360.0;41360.0;41360.0,279737.5;227975.78125;230741.40625;231143.75;238233.59375;238285.15625;231737.5,41360.0;41360.0;41360.0;41360.0;41360.0;41360.0;41360.0
dmd,1,long,dense-64,5160075.0,5380800.0,4.277554105318226,5095675.0;5054900.0;5072950.0;5205500.0;5163450.0;5177725.0;5160075.0,556032.0;556032.0;556032.0;556032.0;556032.0;556032.0;556032.0,5294925.0;5561375.0;5339850.0;5798625.0;5380800.0;5679225.0;5315650.0,556032.0;556032.0;556032.0;556032.0;556032.0;556032.0;556032.0
dmd,1,long,empty,30.696,29.813,-2.8765962991920913,34.490966796875;32.44781494140625;31.2774658203125;29.1534423828125;30.69610595703125;28.97186279296875;29.03900146484375,0.0;0.0;0.0;0.0;0.0;0.0;0.0,29.5013427734375;30.11932373046875;29.498291015625;29.8126220703125;31.90460205078125;29.339599609375;30.19561767578125,0.0;0.0;0.0;0.0;0.0;0.0;0.0
dmd,1,long,endpoint-collapse,36263.672,38340.43,5.726827663784295,35562.5;35906.0546875;36296.2890625;36263.671875;36317.1875;36229.296875;36288.4765625,16528.0;16528.0;16528.0;16528.0;16528.0;16528.0;16528.0,38340.4296875;37707.6171875;39323.046875;38663.4765625;38455.6640625;37392.3828125;37952.34375,16528.0;16528.0;16528.0;16528.0;16528.0;16528.0;16528.0
dmd,1,long,exterior,7752.661,86.935,-98.87864308783783,7713.7451171875;7752.6611328125;8292.529296875;7680.0048828125;7647.412109375;7763.8916015625;7803.955078125,8288.0;8288.0;8288.0;8288.0;8288.0;8288.0;8288.0,86.9354248046875;86.66229248046875;88.07525634765625;86.67144775390625;86.5142822265625;88.0462646484375;87.07733154296875,0.0;0.0;0.0;0.0;0.0;0.0;0.0
dmd,1,long,gap-collapse,96341.797,104662.891,8.63705500531613,94719.921875;96208.59375;96366.796875;96997.65625;96341.796875;95319.921875;100748.4375,24800.0;24800.0;24800.0;24800.0;24800.0;24800.0;24800.0,130616.40625;100835.15625;102055.46875;106921.09375;102797.65625;104662.890625;107637.109375,24800.0;24800.0;24800.0;24800.0;24800.0;24800.0;24800.0
dmd,1,long,hole,103308.203,103607.422,0.2896372130294589,101803.125;104087.109375;103308.203125;103231.25;102831.25;107674.21875;107924.21875,24832.0;24832.0;24832.0;24832.0;24832.0;24832.0;24832.0,103607.421875;102879.6875;104819.140625;104269.921875;110268.75;103219.140625;103031.25,24832.0;24832.0;24832.0;24832.0;24832.0;24832.0;24832.0
dmd,1,long,hole-reversed,103050.781,108102.734,4.902391763532576,101132.8125;103050.78125;103247.65625;103230.46875;103011.71875;102692.578125;109458.984375,24832.0;24832.0;24832.0;24832.0;24832.0;24832.0;24832.0,109501.171875;113126.953125;108102.734375;112586.71875;105604.296875;105628.125;105405.078125,24832.0;24832.0;24832.0;24832.0;24832.0;24832.0;24832.0
dmd,1,long,interior,17357.275,17363.232,0.034319903325830126,17357.275390625;17223.095703125;17257.763671875;18286.376953125;18378.173828125;17333.642578125;17646.09375,8336.0;8336.0;8336.0;8336.0;8336.0;8336.0;8336.0,17461.279296875;17363.232421875;17999.365234375;17174.169921875;17243.1640625;17441.50390625;17352.44140625,8336.0;8336.0;8336.0;8336.0;8336.0;8336.0;8336.0
dmd,1,long,isolated-tangent,13142.578,13164.941,0.17015687485364417,12903.076171875;13189.599609375;13142.578125;13208.935546875;13108.642578125;13810.107421875;12992.67578125,16480.0;16480.0;16480.0;16480.0;16480.0;16480.0;16480.0,13211.474609375;13164.94140625;13212.109375;14054.443359375;12873.046875;12920.80078125;12743.45703125,16480.0;16480.0;16480.0;16480.0;16480.0;16480.0;16480.0
dmd,1,long,rational-crossing,43338.867,43477.734,0.3204213898808206,46808.0078125;43289.84375;43257.03125;42884.375;43344.3359375;43534.765625;43338.8671875,16560.0;16560.0;16560.0;16560.0;16560.0;16560.0;16560.0,43089.2578125;43521.875;43477.734375;43942.96875;43423.828125;47510.3515625;42699.0234375,16560.0;16560.0;16560.0;16560.0;16560.0;16560.0;16560.0
dmd,1,long,sparse-1,43818.75,44062.5,0.5562687205819428,43435.3515625;43752.34375;43845.3125;44236.5234375;43780.859375;43818.75;46094.7265625,16560.0;16560.0;16560.0;16560.0;16560.0;16560.0;16560.0,43823.6328125;43915.234375;45792.578125;45564.6484375;43069.53125;44231.0546875;44062.5,16560.0;16560.0;16560.0;16560.0;16560.0;16560.0;16560.0
dmd,1,long,sparse-16,116329.688,116188.281,-0.12155710415039378,115976.171875;116329.6875;119734.375;121273.828125;115251.5625;115080.859375;116387.5,16560.0;16560.0;16560.0;16560.0;16560.0;16560.0;16560.0,114239.84375;114828.90625;114757.8125;117130.078125;116188.28125;116517.578125;124841.015625,16560.0;16560.0;16560.0;16560.0;16560.0;16560.0;16560.0
dmd,1,long,sparse-4,58382.617,58470.312,0.1502073810771387,58382.6171875;59639.453125;60080.2734375;57941.2109375;58251.3671875;58453.90625;58207.6171875,16560.0;16560.0;16560.0;16560.0;16560.0;16560.0;16560.0,58618.1640625;58307.421875;58470.3125;58469.3359375;58621.09375;61996.2890625;57163.0859375,16560.0;16560.0;16560.0;16560.0;16560.0;16560.0;16560.0
dmd,1,long,sparse-64,349328.125,355579.688,1.7895962427874945,349328.125;347506.25;347817.1875;349406.25;345309.375;358510.9375;353906.25,16560.0;16560.0;16560.0;16560.0;16560.0;16560.0;16560.0,365559.375;385110.9375;354712.5;355579.6875;355160.9375;367039.0625;355521.875,16560.0;16560.0;16560.0;16560.0;16560.0;16560.0;16560.0
dmd,1,long,wide-integral,48123.633,52165.234,8.398370505402198,46902.5390625;48542.3828125;48123.6328125;48034.5703125;48049.0234375;49795.3125;48698.046875,16560.0;16560.0;16560.0;16560.0;16560.0;16560.0;16560.0,69986.1328125;50855.078125;52165.234375;50948.828125;61555.2734375;51331.640625;53387.109375,16560.0;16560.0;16560.0;16560.0;16560.0;16560.0;16560.0
ldc2,0,double,boundary-only,11444.873,11583.74,1.2133555348320613,11456.396484375;11344.189453125;11163.18359375;11603.515625;16845.068359375;11311.181640625;11444.873046875,20624.0;20624.0;20624.0;20624.0;20624.0;20624.0;20624.0,11571.38671875;11583.740234375;11621.337890625;11674.072265625;11447.802734375;11605.078125;11497.900390625,20624.0;20624.0;20624.0;20624.0;20624.0;20624.0;20624.0
ldc2,0,double,boundary-overlap,12339.795,12191.699,-1.2001495972988163,12267.48046875;12895.41015625;12404.78515625;12337.890625;12234.08203125;12339.794921875;12343.1640625,20656.0;20656.0;20656.0;20656.0;20656.0;20656.0;20656.0,12270.01953125;12243.798828125;12153.515625;12189.74609375;12151.220703125;12191.69921875;12196.38671875,20656.0;20656.0;20656.0;20656.0;20656.0;20656.0;20656.0
ldc2,0,double,concave-u,41881.445,41936.523,0.13150931158176782,41881.4453125;41853.515625;41805.078125;41783.59375;41952.734375;41927.734375;43757.2265625,24832.0;24832.0;24832.0;24832.0;24832.0;24832.0;24832.0,41662.5;41672.4609375;41936.5234375;42423.4375;43279.4921875;41082.421875;62521.875,24832.0;24832.0;24832.0;24832.0;24832.0;24832.0;24832.0
ldc2,0,double,crossing,18406.348,18733.74,1.7786906995347573,18831.8359375;18406.34765625;18377.05078125;18328.7109375;18371.875;19456.787109375;18630.029296875,16560.0;16560.0;16560.0;16560.0;16560.0;16560.0;16560.0,18892.28515625;18801.46484375;18733.740234375;18612.01171875;18688.818359375;23084.423828125;18242.431640625,16560.0;16560.0;16560.0;16560.0;16560.0;16560.0;16560.0
ldc2,0,double,degenerate-boundary,4.369,4.1,-6.1570153353170065,4.327392578125;4.36859130859375;4.931640625;5.35888671875;4.32891845703125;5.2978515625;4.327392578125,0.0;0.0;0.0;0.0;0.0;0.0;0.0,4.10003662109375;4.10003662109375;5.13916015625;4.7271728515625;4.10003662109375;4.1473388671875;4.10003662109375,0.0;0.0;0.0;0.0;0.0;0.0;0.0
ldc2,0,double,degenerate-interior,4.43,4.196,-5.282167042889386,4.4281005859375;4.49981689453125;4.4281005859375;5.03997802734375;4.42962646484375;5.474853515625;4.42962646484375,0.0;0.0;0.0;0.0;0.0;0.0;0.0,4.1961669921875;4.1961669921875;4.23431396484375;4.8126220703125;4.1961669921875;4.23431396484375;4.1961669921875,0.0;0.0;0.0;0.0;0.0;0.0;0.0
ldc2,0,double,dense-1,19126.514,18545.557,-3.037443205803203,18765.91796875;18986.181640625;21612.451171875;19820.80078125;19214.6484375;19053.369140625;19126.513671875,16560.0;16560.0;16560.0;16560.0;16560.0;16560.0;16560.0,18545.556640625;18554.58984375;19396.484375;18242.529296875;17969.287109375;22827.783203125;18114.111328125,16560.0;16560.0;16560.0;16560.0;16560.0;16560.0;16560.0
ldc2,0,double,dense-16,442242.188,429248.438,-2.938152521984172,435534.375;438540.625;439976.5625;442823.4375;444562.5;453082.8125;442242.1875,145008.0;145008.0;145008.0;145008.0;145008.0;145008.0;145008.0,464490.625;428232.8125;427078.125;428042.1875;436450.0;578610.9375;429248.4375,145008.0;145008.0;145008.0;145008.0;145008.0;145008.0;145008.0
ldc2,0,double,dense-4,96305.469,91274.609,-5.22385701688447,91235.15625;91014.0625;97539.84375;96305.46875;95301.5625;130690.625;98008.59375,41360.0;41360.0;41360.0;41360.0;41360.0;41360.0;41360.0,91153.125;91274.609375;92612.109375;91026.171875;96133.984375;94166.015625;91177.734375,41360.0;41360.0;41360.0;41360.0;41360.0;41360.0;41360.0
ldc2,0,double,dense-64,2112150.0,1990556.25,-5.756870960869254,2112150.0;2031362.5;2025768.75;2603643.75;2212531.25;2083081.25;2140275.0,556032.0;556032.0;556032.0;556032.0;556032.0;556032.0;556032.0,1992568.75;2007087.5;2055562.5;1967918.75;1986775.0;1990556.25;1988456.25,556032.0;556032.0;556032.0;556032.0;556032.0;556032.0;556032.0
ldc2,0,double,empty,4.369,4.1,-6.1570153353170065,4.327392578125;4.3701171875;4.327392578125;4.92401123046875;4.36859130859375;4.32891845703125;5.3131103515625,0.0;0.0;0.0;0.0;0.0;0.0;0.0,4.13665771484375;4.10003662109375;4.10003662109375;4.7698974609375;4.10003662109375;4.10003662109375;4.144287109375,0.0;0.0;0.0;0.0;0.0;0.0;0.0
ldc2,0,double,exterior,3432.642,19.571,-99.4298560700475,3394.12841796875;3571.54541015625;3449.7802734375;3426.06201171875;3432.6416015625;3443.2861328125;3423.7548828125,8288.0;8288.0;8288.0;8288.0;8288.0;8288.0;8288.0,20.16143798828125;20.65277099609375;19.9737548828125;19.5709228515625;19.403076171875;19.08721923828125;19.07958984375,0.0;0.0;0.0;0.0;0.0;0.0;0.0
ldc2,0,double,hole,41907.031,41696.875,-0.5014814817112745,41907.03125;41874.4140625;41965.8203125;41734.5703125;41584.375;42076.3671875;43245.3125,24832.0;24832.0;24832.0;24832.0;24832.0;24832.0;24832.0,41632.6171875;41618.1640625;44380.46875;41696.875;41304.296875;42134.375;41781.8359375,24832.0;24832.0;24832.0;24832.0;24832.0;24832.0;24832.0
ldc2,0,double,hole-reversed,41882.227,42849.414,2.309301747493042,41884.1796875;41829.4921875;41882.2265625;41736.1328125;41801.953125;42455.6640625;43221.2890625,24832.0;24832.0;24832.0;24832.0;24832.0;24832.0;24832.0,41517.1875;47613.8671875;43774.609375;43705.2734375;42840.0390625;42762.5;42849.4140625,24832.0;24832.0;24832.0;24832.0;24832.0;24832.0;24832.0
ldc2,0,double,interior,7986.572,8732.471,9.339413705905365,7938.1103515625;8575.9765625;7958.10546875;7988.8671875;7986.572265625;7907.275390625;10400.0732421875,8336.0;8336.0;8336.0;8336.0;8336.0;8336.0;8336.0,8773.828125;8672.9736328125;8980.8349609375;8732.470703125;8773.1689453125;8450.048828125;8677.001953125,8336.0;8336.0;8336.0;8336.0;8336.0;8336.0;8336.0
ldc2,0,double,isolated-tangent,6209.302,6317.896,1.7488922265336715,6236.572265625;6170.3857421875;6126.85546875;6182.3974609375;8921.923828125;6209.3017578125;6229.98046875,16480.0;16480.0;16480.0;16480.0;16480.0;16480.0;16480.0,6552.294921875;6470.60546875;6317.8955078125;6322.1923828125;6300.0732421875;6282.71484375;6299.6337890625,16480.0;16480.0;16480.0;16480.0;16480.0;16480.0;16480.0
ldc2,0,double,large-finite,33109.082,33583.594,1.4331777607122786,42432.71484375;33053.80859375;33577.1484375;33109.08203125;33082.2265625;33018.45703125;33282.71484375,16560.0;16560.0;16560.0;16560.0;16560.0;16560.0;16560.0,33606.8359375;33413.4765625;33583.59375;33666.11328125;34318.5546875;33522.65625;33516.50390625,16560.0;16560.0;16560.0;16560.0;16560.0;16560.0;16560.0
ldc2,0,double,rational-crossing,18245.02,18121.875,-0.6749513017798803,18089.892578125;18371.875;18454.6875;18245.01953125;18042.28515625;17997.94921875;18287.841796875,16560.0;16560.0;16560.0;16560.0;16560.0;16560.0;16560.0,18321.923828125;18200.537109375;18121.875;18049.072265625;19222.55859375;17970.556640625;18118.505859375,16560.0;16560.0;16560.0;16560.0;16560.0;16560.0;16560.0
ldc2,0,double,sparse-1,18232.031,18235.596,0.019553499004043573,18591.40625;18169.82421875;18178.61328125;18141.455078125;18243.26171875;19046.19140625;18232.03125,16560.0;16560.0;16560.0;16560.0;16560.0;16560.0;16560.0,18230.17578125;18225.341796875;19264.892578125;18253.3203125;22903.369140625;18235.595703125;18218.45703125,16560.0;16560.0;16560.0;16560.0;16560.0;16560.0;16560.0
ldc2,0,double,sparse-16,44595.312,44221.289,-0.8387047499521905,44227.5390625;44693.9453125;44595.3125;45252.9296875;45991.015625;44194.140625;44283.203125,16560.0;16560.0;16560.0;16560.0;16560.0;16560.0;16560.0,44400.78125;43822.265625;44318.359375;44025.78125;43959.5703125;44221.2890625;46936.9140625,16560.0;16560.0;16560.0;16560.0;16560.0;16560.0;16560.0
ldc2,0,double,sparse-4,24108.984,24106.25,-0.011340170950380202,23512.98828125;23365.72265625;23583.984375;24388.0859375;24506.54296875;24108.984375;33057.6171875,16560.0;16560.0;16560.0;16560.0;16560.0;16560.0;16560.0,23531.640625;27384.86328125;24198.828125;24080.2734375;24106.25;24150.87890625;24084.86328125,16560.0;16560.0;16560.0;16560.0;16560.0;16560.0;16560.0
ldc2,0,double,sparse-64,125949.609,125098.047,-0.6761132541507009,127157.8125;126317.578125;129540.234375;125893.359375;125660.9375;125732.8125;125949.609375,16560.0;16560.0;16560.0;16560.0;16560.0;16560.0;16560.0,125098.046875;124694.921875;124407.8125;129146.875;129450.390625;124578.515625;125794.140625,16560.0;16560.0;16560.0;16560.0;16560.0;16560.0;16560.0
ldc2,0,double,subnormal,27011.426,27238.379,0.8402111017759673,28371.09375;27565.72265625;27942.28515625;27011.42578125;26756.8359375;26832.03125;26484.9609375,16560.0;16560.0;16560.0;16560.0;16560.0;16560.0;16560.0,27108.984375;27088.18359375;36079.296875;27922.4609375;26922.55859375;27238.37890625;27464.84375,16560.0;16560.0;16560.0;16560.0;16560.0;16560.0;16560.0
ldc2,0,float,boundary-only,11816.162,11153.955,-5.60424780906017,11206.396484375;11242.08984375;11243.84765625;11816.162109375;12583.740234375;12998.6328125;12065.478515625,20624.0;20624.0;20624.0;20624.0;20624.0;20624.0;20624.0,11153.955078125;11223.779296875;11153.22265625;11213.671875;11966.50390625;11086.376953125;11138.818359375,20624.0;20624.0;20624.0;20624.0;20624.0;20624.0;20624.0
ldc2,0,float,boundary-overlap,12809.57,12597.559,-1.655098492767515,11996.728515625;12103.515625;12809.5703125;12095.21484375;12963.818359375;13157.470703125;14198.4375,20656.0;20656.0;20656.0;20656.0;20656.0;20656.0;20656.0,12768.26171875;12846.19140625;12650.341796875;12597.55859375;12530.17578125;12547.36328125;12440.91796875,20656.0;20656.0;20656.0;20656.0;20656.0;20656.0;20656.0
ldc2,0,float,concave-u,40783.984,41597.266,1.9941210255477015,40946.09375;40642.7734375;40962.3046875;41490.8203125;40783.984375;40683.7890625;40620.5078125,24832.0;24832.0;24832.0;24832.0;24832.0;24832.0;24832.0,42398.6328125;41432.2265625;41597.265625;41044.140625;41109.9609375;41807.2265625;42194.53125,24832.0;24832.0;24832.0;24832.0;24832.0;24832.0;24832.0
ldc2,0,float,crossing,18921.191,17826.66,-5.7846834271690355,17234.033203125;17794.384765625;18921.19140625;19786.083984375;20078.369140625;19553.80859375;18496.630859375,16560.0;16560.0;16560.0;16560.0;16560.0;16560.0;16560.0,18018.65234375;17827.83203125;17826.66015625;17825.9765625;17695.8984375;18055.078125;17664.55078125,16560.0;16560.0;16560.0;16560.0;16560.0;16560.0;16560.0
ldc2,0,float,degenerate-boundary,4.556,4.404,-3.336259877085168,4.5562744140625;4.5562744140625;4.595947265625;5.15594482421875;4.5562744140625;5.169677734375;4.5562744140625,0.0;0.0;0.0;0.0;0.0;0.0;0.0,5.07659912109375;4.400634765625;4.4036865234375;5.1116943359375;4.4036865234375;4.4036865234375;4.96978759765625,0.0;0.0;0.0;0.0;0.0;0.0;0.0
ldc2,0,float,degenerate-interior,4.663,4.509,-3.302594895989708,4.70733642578125;4.66156005859375;4.66156005859375;5.3192138671875;4.6630859375;4.6630859375;4.70733642578125,0.0;0.0;0.0;0.0;0.0;0.0;0.0,4.54864501953125;4.50897216796875;4.50897216796875;5.2459716796875;4.50897216796875;4.50897216796875;4.55780029296875,0.0;0.0;0.0;0.0;0.0;0.0;0.0
ldc2,0,float,dense-1,17644.824,18721.191,6.100185527495183,17558.0078125;17385.25390625;17598.828125;18091.9921875;18086.23046875;18527.05078125;17644.82421875,16560.0;16560.0;16560.0;16560.0;16560.0;16560.0;16560.0,18614.74609375;19542.87109375;18564.55078125;18534.08203125;19799.609375;18721.19140625;20735.83984375,16560.0;16560.0;16560.0;16560.0;16560.0;16560.0;16560.0
ldc2,0,float,dense-16,438157.812,453460.938,3.4926059928380493,424528.125;422951.5625;534289.0625;456504.6875;433726.5625;449170.3125;438157.8125,145008.0;145008.0;145008.0;145008.0;145008.0;145008.0;145008.0,453460.9375;458768.75;447382.8125;462345.3125;447032.8125;470546.875;443490.625,145008.0;145008.0;145008.0;145008.0;145008.0;145008.0;145008.0
ldc2,0,float,dense-4,90778.516,99969.531,10.12465879041249,90778.515625;88010.546875;94144.921875;92353.125;89739.84375;91424.609375;89752.734375,41360.0;41360.0;41360.0;41360.0;41360.0;41360.0;41360.0,137492.96875;95756.640625;99969.53125;95857.8125;100607.421875;96315.234375;100965.234375,41360.0;41360.0;41360.0;41360.0;41360.0;41360.0;41360.0
ldc2,0,float,dense-64,1972481.25,2155131.25,9.259910582166487,2034681.25;1989062.5;1962112.5;1985225.0;1970881.25;1961200.0;1972481.25,556032.0;556032.0;556032.0;556032.0;556032.0;556032.0;556032.0,2124256.25;2155131.25;2060125.0;2842812.5;2194756.25;2161537.5;2077562.5,556032.0;556032.0;556032.0;556032.0;556032.0;556032.0;556032.0
ldc2,0,float,empty,4.558,5.061,11.035541904344015,4.5562744140625;4.60662841796875;4.55780029296875;5.1605224609375;4.59442138671875;4.55780029296875;4.55780029296875,0.0;0.0;0.0;0.0;0.0;0.0;0.0,6.005859375;5.06134033203125;5.11322021484375;4.473876953125;4.42962646484375;4.4281005859375;7.19451904296875,0.0;0.0;0.0;0.0;0.0;0.0;0.0
ldc2,0,float,exterior,3144.019,26.958,-99.14256243362397,3143.34716796875;3115.91796875;3124.7314453125;4396.35009765625;3246.4111328125;3161.14501953125;3144.0185546875,8288.0;8288.0;8288.0;8288.0;8288.0;8288.0;8288.0,26.95770263671875;26.9561767578125;26.93023681640625;26.971435546875;26.95770263671875;26.9500732421875;27.4505615234375,0.0;0.0;0.0;0.0;0.0;0.0;0.0
ldc2,0,float,hole,40719.727,41532.812,1.9967840157671057,40707.03125;40719.7265625;40705.2734375;40860.15625;40774.21875;40697.0703125;41300.5859375,24832.0;24832.0;24832.0;24832.0;24832.0;24832.0;24832.0,41100.1953125;40933.3984375;40915.4296875;41532.8125;49576.5625;41653.515625;42083.984375,24832.0;24832.0;24832.0;24832.0;24832.0;24832.0;24832.0
ldc2,0,float,hole-reversed,40898.047,41840.039,2.3032689067035372,40898.046875;40730.2734375;40236.71875;40494.53125;41400.1953125;41711.71875;42293.1640625,24832.0;24832.0;24832.0;24832.0;24832.0;24832.0;24832.0,41824.0234375;41840.0390625;42492.7734375;42375.0;40537.109375;41555.2734375;42068.359375,24832.0;24832.0;24832.0;24832.0;24832.0;24832.0;24832.0
ldc2,0,float,interior,7725.977,7784.692,0.7599686097952363,7717.0166015625;7629.638671875;7725.9765625;7866.69921875;7852.1728515625;7739.453125;7711.376953125,8336.0;8336.0;8336.0;8336.0;8336.0;8336.0;8336.0,7729.1259765625;9211.03515625;8479.150390625;7715.478515625;7916.1376953125;7669.82421875;7784.6923828125,8336.0;8336.0;8336.0;8336.0;8336.0;8336.0;8336.0
ldc2,0,float,isolated-tangent,6174.634,6457.935,4.588142390302008,6196.0693359375;6129.4677734375;6172.900390625;6174.6337890625;6588.7939453125;6144.677734375;6181.8603515625,16480.0;16480.0;16480.0;16480.0;16480.0;16480.0;16480.0,6401.611328125;6362.59765625;7216.0888671875;6465.2099609375;6269.970703125;6502.001953125;6457.9345703125,16480.0;16480.0;16480.0;16480.0;16480.0;16480.0;16480.0
ldc2,0,float,large-finite,18937.354,19044.434,0.5654433032196593,18937.353515625;19184.716796875;19645.8984375;18898.2421875;19036.376953125;18847.75390625;18753.80859375,16560.0;16560.0;16560.0;16560.0;16560.0;16560.0;16560.0,19830.46875;19051.3671875;19044.43359375;19019.82421875;19041.89453125;19039.16015625;19048.73046875,16560.0;16560.0;16560.0;16560.0;16560.0;16560.0;16560.0
ldc2,0,float,rational-crossing,17921.436,18166.504,1.3674573845533278,17556.884765625;18058.740234375;18355.6640625;17921.435546875;17889.013671875;17922.802734375;17476.85546875,16560.0;16560.0;16560.0;16560.0;16560.0;16560.0;16560.0,18166.50390625;17848.92578125;22158.544921875;17656.787109375;17653.955078125;18952.197265625;18262.060546875,16560.0;16560.0;16560.0;16560.0;16560.0;16560.0;16560.0
ldc2,0,float,sparse-1,18046.289,17892.285,-0.8533832080379611,18532.666015625;18095.99609375;18043.26171875;18046.2890625;17361.767578125;17989.35546875;18144.384765625,16560.0;16560.0;16560.0;16560.0;16560.0;16560.0;16560.0,17892.28515625;17993.26171875;17777.294921875;18040.0390625;18081.494140625;17745.361328125;17751.904296875,16560.0;16560.0;16560.0;16560.0;16560.0;16560.0;16560.0
ldc2,0,float,sparse-16,44031.836,46048.242,4.57942748514959,44830.6640625;43822.265625;44023.046875;44031.8359375;45058.203125;43596.2890625;44367.96875,16560.0;16560.0;16560.0;16560.0;16560.0;16560.0;16560.0,47969.140625;54865.4296875;46303.3203125;45884.5703125;46048.2421875;45928.3203125;45802.5390625,16560.0;16560.0;16560.0;16560.0;16560.0;16560.0;16560.0
ldc2,0,float,sparse-4,23596.191,23963.77,1.5577895601879277,23052.24609375;23596.19140625;23121.19140625;23124.51171875;24304.1015625;24385.83984375;23838.671875,16560.0;16560.0;16560.0;16560.0;16560.0;16560.0;16560.0,23227.44140625;24133.49609375;25681.8359375;32934.375;23810.7421875;23809.9609375;23963.76953125,16560.0;16560.0;16560.0;16560.0;16560.0;16560.0;16560.0
ldc2,0,float,sparse-64,127126.953,137097.266,7.8428002596742985,126444.921875;126210.9375;131780.859375;127126.953125;127261.328125;127759.375;126087.5,16560.0;16560.0;16560.0;16560.0;16560.0;16560.0;16560.0,141021.484375;136351.5625;167737.109375;135273.828125;136562.5;137097.265625;141868.75,16560.0;16560.0;16560.0;16560.0;16560.0;16560.0;16560.0
ldc2,0,float,subnormal,17666.309,18944.434,7.234816282223977,17710.25390625;18181.15234375;18309.86328125;17666.30859375;17552.9296875;17531.8359375;17539.74609375,16560.0;16560.0;16560.0;16560.0;16560.0;16560.0;16560.0,18891.015625;19392.96875;18944.43359375;19394.3359375;18850.1953125;18937.6953125;19092.7734375,16560.0;16560.0;16560.0;16560.0;16560.0;16560.0;16560.0
ldc2,0,int,boundary-only,10388.916,10643.945,2.454818192773911,10388.916015625;10395.849609375;10248.291015625;10432.91015625;10602.5390625;10163.525390625;10350.048828125,20624.0;20624.0;20624.0;20624.0;20624.0;20624.0;20624.0,10968.65234375;10655.908203125;10643.9453125;10758.642578125;10458.447265625;10446.240234375;10442.919921875,20624.0;20624.0;20624.0;20624.0;20624.0;20624.0;20624.0
ldc2,0,int,boundary-overlap,10928.027,11128.467,1.8341828767443502,11036.669921875;10914.453125;10831.201171875;11036.572265625;10848.779296875;10928.02734375;11466.6015625,20656.0;20656.0;20656.0;20656.0;20656.0;20656.0;20656.0,11128.466796875;11195.80078125;11155.224609375;11119.23828125;11123.291015625;11122.509765625;11189.16015625,20656.0;20656.0;20656.0;20656.0;20656.0;20656.0;20656.0
ldc2,0,int,concave-u,38755.469,39550.391,2.0511221267893953,38540.8203125;39858.69140625;39609.5703125;38755.46875;38743.45703125;38648.046875;39480.95703125,24832.0;24832.0;24832.0;24832.0;24832.0;24832.0;24832.0,38906.93359375;40630.76171875;41835.546875;38978.61328125;39234.66796875;39550.390625;39715.33203125,24832.0;24832.0;24832.0;24832.0;24832.0;24832.0;24832.0
ldc2,0,int,crossing,16539.795,16595.898,0.3392000928669425,16433.88671875;16539.794921875;16564.111328125;16422.509765625;16475.537109375;18429.638671875;19531.73828125,16560.0;16560.0;16560.0;16560.0;16560.0;16560.0;16560.0,17089.35546875;16419.677734375;16594.82421875;16595.8984375;16590.283203125;16596.875;16822.8515625,16560.0;16560.0;16560.0;16560.0;16560.0;16560.0;16560.0
ldc2,0,int,degenerate-boundary,3.499,3.68,5.172906544727063,3.49884033203125;3.497314453125;3.5552978515625;3.497314453125;4.1229248046875;3.533935546875;3.497314453125,0.0;0.0;0.0;0.0;0.0;0.0;0.0,3.64532470703125;3.680419921875;3.64532470703125;5.25970458984375;3.64532470703125;4.30145263671875;4.64019775390625,0.0;0.0;0.0;0.0;0.0;0.0;0.0
ldc2,0,int,degenerate-interior,3.464,3.645,5.225173210161671,3.41796875;3.41796875;3.47442626953125;3.41796875;4.04815673828125;3.81622314453125;3.4637451171875,0.0;0.0;0.0;0.0;0.0;0.0;0.0,3.64532470703125;3.6865234375;3.64532470703125;4.2724609375;3.6834716796875;3.64532470703125;3.64532470703125,0.0;0.0;0.0;0.0;0.0;0.0;0.0
ldc2,0,int,dense-1,16882.275,16609.18,-1.6176433567158477,16948.095703125;16882.275390625;16570.01953125;17295.263671875;16509.86328125;16612.20703125;21108.056640625,16560.0;16560.0;16560.0;16560.0;16560.0;16560.0;16560.0,16609.1796875;16583.056640625;16689.453125;16732.373046875;16588.76953125;21768.75;16607.32421875,16560.0;16560.0;16560.0;16560.0;16560.0;16560.0;16560.0
ldc2,0,int,dense-16,410009.375,409392.188,-0.15052997263781398,409867.1875;410017.1875;410009.375;411800.0;408362.5;402967.1875;441196.875,145008.0;145008.0;145008.0;145008.0;145008.0;145008.0;145008.0,406329.6875;409525.0;416946.875;410331.25;408398.4375;409392.1875;406948.4375,145008.0;145008.0;145008.0;145008.0;145008.0;145008.0;145008.0
ldc2,0,int,dense-4,87597.656,85782.422,-2.0722403804960265,90932.8125;89335.546875;86243.75;87858.984375;87484.375;87531.640625;87597.65625,41360.0;41360.0;41360.0;41360.0;41360.0;41360.0;41360.0,85555.46875;85623.046875;85254.296875;86133.984375;88612.109375;85782.421875;86037.109375,41360.0;41360.0;41360.0;41360.0;41360.0;41360.0;41360.0
ldc2,0,int,dense-64,1912768.75,1938425.0,1.34131478256323,1926893.75;1912768.75;2013518.75;2001893.75;1908243.75;1907037.5;1902431.25,556032.0;556032.0;556032.0;556032.0;556032.0;556032.0;556032.0,1949856.25;1948075.0;1938425.0;1935437.5;1954812.5;1920356.25;1921281.25,556032.0;556032.0;556032.0;556032.0;556032.0;556032.0;556032.0
ldc2,0,int,empty,3.497,3.645,4.2321990277380594,3.90472412109375;3.49578857421875;3.497314453125;3.7078857421875;3.497314453125;3.497314453125;3.49578857421875,0.0;0.0;0.0;0.0;0.0;0.0;0.0,3.64532470703125;3.64532470703125;3.6834716796875;3.643798828125;3.64532470703125;3.96881103515625;5.8807373046875,0.0;0.0;0.0;0.0;0.0;0.0;0.0
ldc2,0,int,exterior,2643.298,13.326,-99.49585706946398,2751.47705078125;2593.505859375;2630.26123046875;2664.6240234375;2642.88330078125;2643.29833984375;3812.1826171875,8288.0;8288.0;8288.0;8288.0;8288.0;8288.0;8288.0,13.89923095703125;13.83819580078125;13.32550048828125;13.28887939453125;13.32550048828125;13.323974609375;13.323974609375,0.0;0.0;0.0;0.0;0.0;0.0;0.0
ldc2,0,int,hole,39467.188,38780.469,-1.7399744820938423,40058.984375;39111.71875;38709.765625;39467.1875;39622.0703125;39403.125;39745.1171875,24832.0;24832.0;24832.0;24832.0;24832.0;24832.0;24832.0,39474.4140625;38760.15625;38648.4375;38659.1796875;39508.984375;38780.46875;38969.7265625,24832.0;24832.0;24832.0;24832.0;24832.0;24832.0;24832.0
ldc2,0,int,hole-reversed,39338.184,39434.18,0.24402753314691772,39501.07421875;39437.6953125;39383.30078125;39338.18359375;39105.6640625;39178.41796875;38764.84375,24832.0;24832.0;24832.0;24832.0;24832.0;24832.0;24832.0,39482.03125;39434.1796875;39749.8046875;40041.6015625;38192.578125;38226.3671875;38189.0625,24832.0;24832.0;24832.0;24832.0;24832.0;24832.0;24832.0
ldc2,0,int,interior,7182.568,7255.615,1.0170039462209068,7331.298828125;7334.8876953125;7315.2099609375;7153.22265625;7130.56640625;7182.568359375;7101.171875,8336.0;8336.0;8336.0;8336.0;8336.0;8336.0;8336.0,7207.0556640625;7255.615234375;7296.1181640625;7316.2353515625;7256.884765625;7006.25;7067.3828125,8336.0;8336.0;8336.0;8336.0;8336.0;8336.0;8336.0
ldc2,0,int,isolated-tangent,4292.236,4454.016,3.7691310543036316,4806.4208984375;4317.67578125;4292.236328125;4290.6005859375;4265.4296875;4185.8154296875;4465.478515625,16480.0;16480.0;16480.0;16480.0;16480.0;16480.0;16480.0,4460.3515625;4265.3076171875;4218.54248046875;4454.01611328125;4456.77490234375;4541.11328125;4393.24951171875,16480.0;16480.0;16480.0;16480.0;16480.0;16480.0;16480.0
ldc2,0,int,rational-crossing,16623.73,16700.488,0.4617375282202074,16699.12109375;16623.73046875;16356.103515625;17733.154296875;16605.419921875;16566.943359375;20678.955078125,16560.0;16560.0;16560.0;16560.0;16560.0;16560.0;16560.0,16597.8515625;16543.310546875;16590.4296875;17256.640625;16716.650390625;16700.48828125;16728.3203125,16560.0;16560.0;16560.0;16560.0;16560.0;16560.0;16560.0
ldc2,0,int,sparse-1,16639.844,16589.111,-0.30488867563902566,16569.677734375;16574.658203125;16639.84375;16570.99609375;16888.037109375;16750.390625;16703.857421875,16560.0;16560.0;16560.0;16560.0;16560.0;16560.0;16560.0,16589.111328125;16683.203125;16544.873046875;16626.806640625;16547.900390625;16955.2734375;16520.21484375,16560.0;16560.0;16560.0;16560.0;16560.0;16560.0;16560.0
ldc2,0,int,sparse-16,37225.488,37407.52,0.4889982906335577,37575.9765625;38668.1640625;36897.265625;37225.48828125;36889.55078125;36731.54296875;38904.296875,16560.0;16560.0;16560.0;16560.0;16560.0;16560.0;16560.0,36674.70703125;36766.2109375;37793.359375;36896.19140625;37407.51953125;37731.25;44105.859375,16560.0;16560.0;16560.0;16560.0;16560.0;16560.0;16560.0
ldc2,0,int,sparse-4,20735.84,20823.926,0.4248007314871183,20692.87109375;20971.97265625;20763.0859375;20735.83984375;20729.6875;20826.5625;20733.0078125,16560.0;16560.0;16560.0;16560.0;16560.0;16560.0;16560.0,21915.0390625;21098.33984375;20675.390625;20835.3515625;20823.92578125;20755.95703125;20744.7265625,16560.0;16560.0;16560.0;16560.0;16560.0;16560.0;16560.0
ldc2,0,int,sparse-64,101161.328,99933.594,-1.2136396627770663,109443.75;99844.921875;99858.203125;101289.453125;101303.90625;101161.328125;99852.34375,16560.0;16560.0;16560.0;16560.0;16560.0;16560.0;16560.0,99819.921875;101592.96875;101582.03125;99745.703125;99833.203125;100684.765625;99933.59375,16560.0;16560.0;16560.0;16560.0;16560.0;16560.0;16560.0
ldc2,0,int,wide-integral,18480.469,18158.35,-1.743023945983202,18390.0390625;18589.6484375;18366.845703125;18480.46875;18616.69921875;18009.326171875;18763.57421875,16560.0;16560.0;16560.0;16560.0;16560.0;16560.0;16560.0,17970.556640625;18127.9296875;17923.388671875;18158.349609375;18199.169921875;18283.10546875;18554.39453125,16560.0;16560.0;16560.0;16560.0;16560.0;16560.0;16560.0
ldc2,0,long,boundary-only,10983.008,11655.029,6.118733592837233,11139.6484375;10758.251953125;10955.859375;11011.1328125;10957.421875;10983.0078125;15410.888671875,20624.0;20624.0;20624.0;20624.0;20624.0;20624.0;20624.0,11536.1328125;11590.72265625;11480.859375;11719.82421875;11706.15234375;11719.775390625;11655.029296875,20624.0;20624.0;20624.0;20624.0;20624.0;20624.0;20624.0
ldc2,0,long,boundary-overlap,12355.762,11958.057,-3.218781650213076,11522.607421875;11709.47265625;11837.20703125;13132.275390625;12721.97265625;12440.673828125;12355.76171875,20656.0;20656.0;20656.0;20656.0;20656.0;20656.0;20656.0,11958.056640625;11983.88671875;12153.3203125;11966.259765625;11922.16796875;11904.4921875;11727.63671875,20656.0;20656.0;20656.0;20656.0;20656.0;20656.0;20656.0
ldc2,0,long,concave-u,39568.945,39681.055,0.2833282514861146,40829.1015625;38931.0546875;39568.9453125;39049.0234375;39502.1484375;39602.1484375;40556.25,24832.0;24832.0;24832.0;24832.0;24832.0;24832.0;24832.0,41065.0390625;39725.0;39646.2890625;39638.28125;39681.0546875;39623.6328125;40695.8984375,24832.0;24832.0;24832.0;24832.0;24832.0;24832.0;24832.0
ldc2,0,long,crossing,17460.938,17881.836,2.410511966768336,17562.40234375;16894.43359375;16944.3359375;17440.8203125;17505.078125;17680.95703125;17460.9375,16560.0;16560.0;16560.0;16560.0;16560.0;16560.0;16560.0,17808.69140625;20311.962890625;18933.056640625;17726.7578125;18063.037109375;17881.8359375;17642.431640625,16560.0;16560.0;16560.0;16560.0;16560.0;16560.0;16560.0
ldc2,0,long,degenerate-boundary,5.013,4.895,-2.3538799122282184,5.0506591796875;5.01251220703125;5.70220947265625;5.010986328125;5.01251220703125;5.706787109375;5.01251220703125,0.0;0.0;0.0;0.0;0.0;0.0;0.0,4.27398681640625;6.3507080078125;4.92706298828125;4.27398681640625;4.89501953125;4.27398681640625;4.89959716796875,0.0;0.0;0.0;0.0;0.0;0.0;0.0
ldc2,0,long,degenerate-interior,5.121,4.274,-16.53973833235697,5.01251220703125;5.133056640625;5.68389892578125;5.01251220703125;5.120849609375;5.1239013671875;5.010986328125,0.0;0.0;0.0;0.0;0.0;0.0;0.0,4.27398681640625;4.27398681640625;4.3121337890625;4.89349365234375;4.27398681640625;4.315185546875;4.27398681640625,0.0;0.0;0.0;0.0;0.0;0.0;0.0
ldc2,0,long,dense-1,17223.486,17158.545,-0.3770491060869019,17384.228515625;17304.00390625;17065.966796875;16906.34765625;17932.958984375;17223.486328125;17220.60546875,16560.0;16560.0;16560.0;16560.0;16560.0;16560.0;16560.0,21549.853515625;17501.806640625;17109.814453125;17092.724609375;17158.544921875;16870.5078125;17467.28515625,16560.0;16560.0;16560.0;16560.0;16560.0;16560.0;16560.0
ldc2,0,long,dense-16,416623.438,412010.938,-1.1071148618383764,417035.9375;414940.625;416623.4375;411401.5625;412904.6875;422484.375;428598.4375,145008.0;145008.0;145008.0;145008.0;145008.0;145008.0;145008.0,412946.875;564054.6875;423575.0;412010.9375;411748.4375;405998.4375;410282.8125,145008.0;145008.0;145008.0;145008.0;145008.0;145008.0;145008.0
ldc2,0,long,dense-4,87717.578,89048.047,1.5167644049634,87450.0;91823.4375;86828.90625;87717.578125;87961.71875;87458.59375;88664.0625,41360.0;41360.0;41360.0;41360.0;41360.0;41360.0;41360.0,89549.21875;89048.046875;89090.234375;89041.796875;88906.25;92739.84375;86998.046875,41360.0;41360.0;41360.0;41360.0;41360.0;41360.0;41360.0
ldc2,0,long,dense-64,1957700.0,1931300.0,-1.3485212238851685,1957700.0;1973650.0;1985643.75;1955031.25;1954381.25;1933950.0;2495375.0,556032.0;556032.0;556032.0;556032.0;556032.0;556032.0;556032.0,1934137.5;1927350.0;1915537.5;1914950.0;1931300.0;1983406.25;1935925.0,556032.0;556032.0;556032.0;556032.0;556032.0;556032.0;556032.0
ldc2,0,long,empty,5.013,4.584,-8.557749850388996,5.04913330078125;5.010986328125;5.67169189453125;5.01251220703125;5.01251220703125;5.70526123046875;5.01251220703125,0.0;0.0;0.0;0.0;0.0;0.0;0.0,4.583740234375;4.6295166015625;4.583740234375;5.1971435546875;4.58526611328125;4.583740234375;4.583740234375,0.0;0.0;0.0;0.0;0.0;0.0;0.0
ldc2,0,long,endpoint-collapse,14802.295,14752.246,-0.3381164880175702,14802.294921875;14722.509765625;14764.697265625;15265.234375;14732.91015625;14821.6796875;14822.36328125,16528.0;16528.0;16528.0;16528.0;16528.0;16528.0;16528.0,14522.55859375;14638.232421875;14716.650390625;14759.9609375;14752.24609375;14972.314453125;14912.890625,16528.0;16528.0;16528.0;16528.0;16528.0;16528.0;16528.0
ldc2,0,long,exterior,3184.705,17.155,-99.46133158330206,3563.95263671875;3202.42919921875;3178.0029296875;3184.70458984375;3175.06103515625;3281.8359375;3178.64990234375,8288.0;8288.0;8288.0;8288.0;8288.0;8288.0;8288.0,16.7633056640625;16.7449951171875;17.2515869140625;17.86041259765625;16.729736328125;18.57147216796875;17.15545654296875,0.0;0.0;0.0;0.0;0.0;0.0;0.0
ldc2,0,long,gap-collapse,37916.699,37904.785,-0.03142151166691809,37980.859375;38032.421875;37461.71875;37779.8828125;38832.2265625;37912.20703125;37916.69921875,24800.0;24800.0;24800.0;24800.0;24800.0;24800.0;24800.0,37844.3359375;48339.55078125;37245.41015625;37904.78515625;37906.73828125;37882.51953125;38869.53125,24800.0;24800.0;24800.0;24800.0;24800.0;24800.0;24800.0
ldc2,0,long,hole,41094.922,39909.766,-2.8839475592629116,40065.625;42771.6796875;40141.40625;41608.984375;40539.0625;42195.3125;41094.921875,24832.0;24832.0;24832.0;24832.0;24832.0;24832.0;24832.0,40116.015625;40835.546875;39699.4140625;40371.6796875;39739.0625;39909.765625;39695.1171875,24832.0;24832.0;24832.0;24832.0;24832.0;24832.0;24832.0
ldc2,0,long,hole-reversed,41399.414,40043.359,-3.275541533027493,41307.421875;42640.625;41399.4140625;41603.3203125;58771.6796875;40439.84375;40425.9765625,24832.0;24832.0;24832.0;24832.0;24832.0;24832.0;24832.0,40659.765625;40565.625;38983.203125;40043.359375;39951.3671875;39952.34375;58344.140625,24832.0;24832.0;24832.0;24832.0;24832.0;24832.0;24832.0
ldc2,0,long,interior,7684.839,7641.553,-0.5632648907804017,7621.6796875;7684.8388671875;7552.5146484375;7683.9599609375;7789.7705078125;9958.2763671875;7848.6083984375,8336.0;8336.0;8336.0;8336.0;8336.0;8336.0;8336.0,7507.2021484375;7693.4814453125;7645.703125;7641.552734375;7982.080078125;7591.8212890625;7543.115234375,8336.0;8336.0;8336.0;8336.0;8336.0;8336.0;8336.0
ldc2,0,long,isolated-tangent,5271.704,4947.974,-6.140898654400917,5289.892578125;5286.7431640625;5285.15625;5267.0166015625;5270.5810546875;5239.990234375;5271.7041015625,16480.0;16480.0;16480.0;16480.0;16480.0;16480.0;16480.0,4907.2998046875;4890.52734375;5265.478515625;5048.8037109375;4947.9736328125;4895.21484375;5051.318359375,16480.0;16480.0;16480.0;16480.0;16480.0;16480.0;16480.0
ldc2,0,long,rational-crossing,17151.465,17480.859,1.9205006686017878,16941.89453125;17544.677734375;16963.525390625;17275.29296875;17169.82421875;17034.47265625;17151.46484375,16560.0;16560.0;16560.0;16560.0;16560.0;16560.0;16560.0,17584.5703125;17317.578125;17637.109375;17614.16015625;17473.73046875;17468.9453125;17480.859375,16560.0;16560.0;16560.0;16560.0;16560.0;16560.0;16560.0
ldc2,0,long,sparse-1,17094.482,17177.002,0.48272887122289276,16916.2109375;17632.71484375;17094.482421875;17015.13671875;17067.1875;17140.478515625;17497.998046875,16560.0;16560.0;16560.0;16560.0;16560.0;16560.0;16560.0,17027.392578125;17034.521484375;17193.896484375;17177.001953125;17272.509765625;17451.85546875;17133.837890625,16560.0;16560.0;16560.0;16560.0;16560.0;16560.0;16560.0
ldc2,0,long,sparse-16,42670.117,40418.555,-5.276671727897996,40318.75;42670.1171875;45525.9765625;42696.484375;43634.9609375;41820.3125;41970.5078125,16560.0;16560.0;16560.0;16560.0;16560.0;16560.0;16560.0,40351.7578125;39820.5078125;39682.421875;40418.5546875;40794.53125;58736.9140625;40782.421875,16560.0;16560.0;16560.0;16560.0;16560.0;16560.0;16560.0
ldc2,0,long,sparse-4,21701.953,21909.082,0.9544256224312875,21648.828125;22925.29296875;21623.2421875;21903.02734375;21701.953125;21552.24609375;22010.83984375,16560.0;16560.0;16560.0;16560.0;16560.0;16560.0;16560.0,21911.42578125;21909.08203125;21957.91015625;21900.0;21879.1015625;22731.54296875;21620.60546875,16560.0;16560.0;16560.0;16560.0;16560.0;16560.0;16560.0
ldc2,0,long,sparse-64,115884.766,113963.281,-1.6580997367678152,115489.84375;115976.171875;114481.25;119134.375;117826.5625;115590.234375;115884.765625,16560.0;16560.0;16560.0;16560.0;16560.0;16560.0;16560.0,115742.96875;113169.140625;112331.25;113963.28125;114042.1875;113883.984375;116251.5625,16560.0;16560.0;16560.0;16560.0;16560.0;16560.0;16560.0
ldc2,0,long,wide-integral,20059.18,20197.754,0.6908258463207417,20268.65234375;20059.1796875;19810.7421875;19772.65625;20219.04296875;20771.09375;20015.4296875,16560.0;16560.0;16560.0;16560.0;16560.0;16560.0;16560.0,24483.49609375;20197.75390625;20083.30078125;20094.921875;20122.55859375;20217.578125;22477.44140625,16560.0;16560.0;16560.0;16560.0;16560.0;16560.0;16560.0
ldc2,1,double,boundary-only,11294.678,11318.555,0.2114004489548016,11628.271484375;11327.490234375;11871.533203125;11129.58984375;11249.21875;11202.001953125;11294.677734375,20624.0;20624.0;20624.0;20624.0;20624.0;20624.0;20624.0,11385.498046875;11265.185546875;11318.5546875;11306.591796875;11341.259765625;11202.83203125;11360.9375,20624.0;20624.0;20624.0;20624.0;20624.0;20624.0;20624.0
ldc2,1,double,boundary-overlap,12354.199,12444.141,0.7280277742004904,12616.650390625;12321.38671875;12404.1015625;12354.19921875;12324.853515625;12327.734375;16740.8203125,20656.0;20656.0;20656.0;20656.0;20656.0;20656.0;20656.0,12475.927734375;12453.515625;12571.044921875;12444.140625;12175.78125;12243.65234375;12147.021484375,20656.0;20656.0;20656.0;20656.0;20656.0;20656.0;20656.0
ldc2,1,double,concave-u,41693.945,41813.477,0.2866891103732172,41475.0;42204.1015625;41654.8828125;41453.515625;41693.9453125;50104.296875;54241.40625,24832.0;24832.0;24832.0;24832.0;24832.0;24832.0;24832.0,42941.2109375;43686.5234375;41486.5234375;41813.4765625;42548.4375;41775.9765625;41605.078125,24832.0;24832.0;24832.0;24832.0;24832.0;24832.0;24832.0
ldc2,1,double,crossing,18053.32,18171.436,0.6542619307695396,18053.3203125;18429.4921875;17974.0234375;17960.83984375;18275.9765625;18065.234375;17974.8046875,16560.0;16560.0;16560.0;16560.0;16560.0;16560.0;16560.0,18250.1953125;18530.17578125;17939.453125;17892.1875;18706.982421875;18153.955078125;18171.435546875,16560.0;16560.0;16560.0;16560.0;16560.0;16560.0;16560.0
ldc2,1,double,degenerate-boundary,4.329,4.237,-2.125202125202119,4.36859130859375;4.32891845703125;4.327392578125;4.93621826171875;4.32891845703125;5.32379150390625;4.32891845703125,0.0;0.0;0.0;0.0;0.0;0.0;0.0,4.4036865234375;4.2449951171875;4.1961669921875;4.8309326171875;4.23736572265625;4.1961669921875;4.1961669921875,0.0;0.0;0.0;0.0;0.0;0.0;0.0
ldc2,1,double,degenerate-interior,4.43,4.234,-4.424379232505638,4.42962646484375;4.4281005859375;6.6925048828125;4.42962646484375;4.54559326171875;4.42962646484375;5.06591796875,0.0;0.0;0.0;0.0;0.0;0.0;0.0,4.1015625;4.44488525390625;4.19464111328125;4.840087890625;4.23431396484375;4.1961669921875;4.26788330078125,0.0;0.0;0.0;0.0;0.0;0.0;0.0
ldc2,1,double,dense-1,18455.273,18195.068,-1.4099222482376828,18587.841796875;18455.2734375;18092.529296875;18017.96875;17892.578125;18633.203125;22882.470703125,16560.0;16560.0;16560.0;16560.0;16560.0;16560.0;16560.0,18195.068359375;18149.31640625;18702.63671875;18348.193359375;18055.712890625;18246.630859375;18150.68359375,16560.0;16560.0;16560.0;16560.0;16560.0;16560.0;16560.0
ldc2,1,double,dense-16,438050.0,430168.75,-1.799166761785187,435364.0625;438050.0;432765.625;429370.3125;457285.9375;446120.3125;438078.125,145008.0;145008.0;145008.0;145008.0;145008.0;145008.0;145008.0,437135.9375;442768.75;428196.875;430168.75;429710.9375;432732.8125;429218.75,145008.0;145008.0;145008.0;145008.0;145008.0;145008.0;145008.0
ldc2,1,double,dense-4,91551.562,91680.469,0.1408026222425196,93307.8125;95973.4375;90035.546875;90829.6875;92345.703125;91251.5625;91551.5625,41360.0;41360.0;41360.0;41360.0;41360.0;41360.0;41360.0,91296.875;91680.46875;91880.46875;91679.296875;92793.359375;96317.1875;90282.03125,41360.0;41360.0;41360.0;41360.0;41360.0;41360.0;41360.0
ldc2,1,double,dense-64,2050362.5,2027562.5,-1.11199848807223,2034981.25;2023175.0;2058981.25;2060481.25;2020156.25;2080156.25;2050362.5,556032.0;556032.0;556032.0;556032.0;556032.0;556032.0;556032.0,1979506.25;1967387.5;2081331.25;2050768.75;2037675.0;2024187.5;2027562.5,556032.0;556032.0;556032.0;556032.0;556032.0;556032.0;556032.0
ldc2,1,double,empty,4.329,4.196,-3.072303072303073,4.3670654296875;4.32891845703125;4.32891845703125;4.98504638671875;4.32891845703125;4.32891845703125;4.37164306640625,0.0;0.0;0.0;0.0;0.0;0.0;0.0,4.1961669921875;4.1961669921875;4.241943359375;4.8370361328125;4.1961669921875;4.23583984375;4.1961669921875,0.0;0.0;0.0;0.0;0.0;0.0;0.0
ldc2,1,double,exterior,3454.456,18.575,-99.46228870768654,3480.37109375;3482.72705078125;3403.0517578125;3426.50146484375;3429.55322265625;4655.26123046875;3454.45556640625,8288.0;8288.0;8288.0;8288.0;8288.0;8288.0;8288.0,18.621826171875;18.51348876953125;18.5455322265625;18.57452392578125;18.6370849609375;18.5211181640625;18.81866455078125,0.0;0.0;0.0;0.0;0.0;0.0;0.0
ldc2,1,double,hole,41698.242,42610.547,2.187874011571034,41598.828125;41698.2421875;41559.5703125;41151.953125;42027.734375;43147.265625;42402.734375,24832.0;24832.0;24832.0;24832.0;24832.0;24832.0;24832.0,43269.140625;42283.59375;42356.0546875;42775.0;42790.4296875;42609.5703125;42610.546875,24832.0;24832.0;24832.0;24832.0;24832.0;24832.0;24832.0
ldc2,1,double,hole-reversed,41725.977,41722.656,-0.007959070676755164,41950.78125;41536.5234375;41010.7421875;43185.9375;42473.6328125;40754.6875;41725.9765625,24832.0;24832.0;24832.0;24832.0;24832.0;24832.0;24832.0,40989.84375;41815.4296875;41722.65625;41631.640625;41506.640625;42061.328125;42011.328125,24832.0;24832.0;24832.0;24832.0;24832.0;24832.0;24832.0
ldc2,1,double,interior,8086.108,8010.938,-0.9296190454047837,8255.95703125;7909.716796875;7875.7568359375;7982.2265625;8103.4423828125;8086.1083984375;8305.3466796875,8336.0;8336.0;8336.0;8336.0;8336.0;8336.0;8336.0,7996.728515625;7990.2587890625;8244.23828125;8010.9375;7969.0673828125;8046.8994140625;8025.3173828125,8336.0;8336.0;8336.0;8336.0;8336.0;8336.0;8336.0
ldc2,1,double,isolated-tangent,6269.482,6300.732,0.49844628312194494,6251.2451171875;6309.5703125;6447.2412109375;6225.8544921875;6290.673828125;6246.58203125;6269.482421875,16480.0;16480.0;16480.0;16480.0;16480.0;16480.0;16480.0,6300.732421875;6267.8955078125;6288.2568359375;6319.23828125;6182.8125;6601.2939453125;6578.90625,16480.0;16480.0;16480.0;16480.0;16480.0;16480.0;16480.0
ldc2,1,double,large-finite,33385.742,33391.504,0.017258864577596178,33225.0;33384.86328125;34092.3828125;35712.3046875;33385.7421875;33259.08203125;33510.05859375,16560.0;16560.0;16560.0;16560.0;16560.0;16560.0;16560.0,33775.09765625;33391.50390625;33227.34375;33203.90625;34105.6640625;34227.44140625;33339.74609375,16560.0;16560.0;16560.0;16560.0;16560.0;16560.0;16560.0
ldc2,1,double,rational-crossing,18278.027,18114.16,-0.8965245537715716,18546.09375;18394.189453125;18386.474609375;18278.02734375;18257.91015625;18033.544921875;18208.544921875,16560.0;16560.0;16560.0;16560.0;16560.0;16560.0;16560.0,22641.89453125;18004.78515625;18468.84765625;18303.515625;18114.16015625;18065.087890625;18007.91015625,16560.0;16560.0;16560.0;16560.0;16560.0;16560.0;16560.0
ldc2,1,double,sparse-1,18104.443,18385.254,1.5510612505449606,17747.998046875;18104.443359375;18023.193359375;17924.755859375;18700.87890625;23839.0625;18436.279296875,16560.0;16560.0;16560.0;16560.0;16560.0;16560.0;16560.0,18385.25390625;18902.197265625;17977.9296875;18257.03125;18443.75;18174.12109375;19339.2578125,16560.0;16560.0;16560.0;16560.0;16560.0;16560.0;16560.0
ldc2,1,double,sparse-16,44784.375,43910.742,-1.9507540297257764,43846.484375;44113.671875;46854.8828125;44633.3984375;45266.015625;44894.7265625;44784.375,16560.0;16560.0;16560.0;16560.0;16560.0;16560.0;16560.0,43910.7421875;43763.4765625;44048.4375;43855.859375;43376.5625;45863.8671875;45600.1953125,16560.0;16560.0;16560.0;16560.0;16560.0;16560.0;16560.0
ldc2,1,double,sparse-4,23914.062,23679.297,-0.981702732057832,23402.24609375;23593.45703125;24141.6015625;23131.640625;25154.00390625;24096.77734375;23914.0625,16560.0;16560.0;16560.0;16560.0;16560.0;16560.0;16560.0,24658.59375;23926.46484375;23679.296875;23570.21484375;23618.75;24479.296875;23563.18359375,16560.0;16560.0;16560.0;16560.0;16560.0;16560.0;16560.0
ldc2,1,double,sparse-64,124761.719,124097.656,-0.532265029147283,128410.9375;124159.375;124480.46875;124761.71875;123769.53125;125012.109375;131257.03125,16560.0;16560.0;16560.0;16560.0;16560.0;16560.0;16560.0,123808.203125;126485.546875;155060.546875;129871.09375;122911.71875;124097.65625;124053.90625,16560.0;16560.0;16560.0;16560.0;16560.0;16560.0;16560.0
ldc2,1,double,subnormal,26803.906,26959.18,0.5792961667601793,28026.66015625;26752.05078125;26759.1796875;31225.1953125;31890.13671875;26803.90625;26612.40234375,16560.0;16560.0;16560.0;16560.0;16560.0;16560.0;16560.0,26959.1796875;27190.8203125;26919.921875;26645.41015625;28668.06640625;26992.67578125;26820.41015625,16560.0;16560.0;16560.0;16560.0;16560.0;16560.0;16560.0
ldc2,1,float,boundary-only,11339.111,11247.217,-0.8104162663192915,11589.2578125;16063.37890625;11424.560546875;11243.1640625;11263.232421875;11324.560546875;11339.111328125,20624.0;20624.0;20624.0;20624.0;20624.0;20624.0;20624.0,11229.638671875;15754.6875;11247.216796875;11212.6953125;11341.162109375;11544.873046875;11218.75,20624.0;20624.0;20624.0;20624.0;20624.0;20624.0;20624.0
ldc2,1,float,boundary-overlap,12329.004,12089.453,-1.942987446512312,12188.0859375;12432.373046875;12325.48828125;12345.751953125;12329.00390625;12200.830078125;12480.6640625,20656.0;20656.0;20656.0;20656.0;20656.0;20656.0;20656.0,12011.03515625;12253.90625;12388.818359375;12104.248046875;12041.9921875;12089.453125;12027.1484375,20656.0;20656.0;20656.0;20656.0;20656.0;20656.0;20656.0
ldc2,1,float,concave-u,41316.992,40850.977,-1.1279015665031977,40617.7734375;40784.1796875;40708.59375;41316.9921875;42505.859375;41340.0390625;42039.0625,24832.0;24832.0;24832.0;24832.0;24832.0;24832.0;24832.0,41190.234375;40499.21875;41169.53125;40850.9765625;40987.109375;40816.2109375;40800.5859375,24832.0;24832.0;24832.0;24832.0;24832.0;24832.0;24832.0
ldc2,1,float,crossing,17539.453,17725.977,1.0634539172914792,17565.234375;17518.75;17503.955078125;18213.330078125;17662.79296875;17382.763671875;17539.453125,16560.0;16560.0;16560.0;16560.0;16560.0;16560.0;16560.0,18095.458984375;17629.8828125;17479.541015625;17725.9765625;17722.021484375;17816.845703125;18056.298828125,16560.0;16560.0;16560.0;16560.0;16560.0;16560.0;16560.0
ldc2,1,float,degenerate-boundary,4.668,4.443,-4.820051413881754,4.6661376953125;4.6630859375;4.7088623046875;5.2947998046875;4.70123291015625;4.6661376953125;4.66766357421875,0.0;0.0;0.0;0.0;0.0;0.0;0.0,6.15386962890625;4.40673828125;5.0262451171875;4.443359375;4.4036865234375;4.40521240234375;5.059814453125,0.0;0.0;0.0;0.0;0.0;0.0;0.0
ldc2,1,float,degenerate-interior,4.663,4.407,-5.490027879047831,4.6630859375;4.66461181640625;4.6630859375;5.3009033203125;4.69970703125;4.6630859375;4.66156005859375,0.0;0.0;0.0;0.0;0.0;0.0;0.0,4.40521240234375;4.44793701171875;4.40673828125;6.27288818359375;4.44183349609375;4.4036865234375;4.4036865234375,0.0;0.0;0.0;0.0;0.0;0.0;0.0
ldc2,1,float,dense-1,17692.725,18232.373,3.0501124049574058,17613.57421875;17605.17578125;17692.724609375;17679.39453125;17692.87109375;18314.697265625;17739.501953125,16560.0;16560.0;16560.0;16560.0;16560.0;16560.0;16560.0,18528.80859375;18095.751953125;18232.373046875;18168.701171875;17924.365234375;18276.513671875;18267.08984375,16560.0;16560.0;16560.0;16560.0;16560.0;16560.0;16560.0
ldc2,1,float,dense-16,424801.562,426623.438,0.42887695408240223,425917.1875;423596.875;424801.5625;422323.4375;446323.4375;432581.25;419376.5625,145008.0;145008.0;145008.0;145008.0;145008.0;145008.0;145008.0,429007.8125;425853.125;426598.4375;426623.4375;428443.75;451546.875;425232.8125,145008.0;145008.0;145008.0;145008.0;145008.0;145008.0;145008.0
ldc2,1,float,dense-4,91674.609,90450.391,-1.3353948419894457,91011.328125;95466.40625;91650.390625;90956.640625;128525.78125;92085.15625;91674.609375,41360.0;41360.0;41360.0;41360.0;41360.0;41360.0;41360.0,89174.21875;95292.578125;90574.21875;88766.40625;90450.390625;89837.109375;90888.28125,41360.0;41360.0;41360.0;41360.0;41360.0;41360.0;41360.0
ldc2,1,float,dense-64,1973931.25,1990781.25,0.8536264877512911,1969987.5;1971087.5;2572706.25;1983362.5;1973931.25;2101718.75;1967906.25,556032.0;556032.0;556032.0;556032.0;556032.0;556032.0;556032.0,2035368.75;1985193.75;1978968.75;1985931.25;2002162.5;1990781.25;2612800.0,556032.0;556032.0;556032.0;556032.0;556032.0;556032.0;556032.0
ldc2,1,float,empty,4.663,4.43,-4.996783186789633,4.69970703125;4.6630859375;4.66156005859375;5.32684326171875;4.6630859375;4.66156005859375;4.70733642578125,0.0;0.0;0.0;0.0;0.0;0.0;0.0,4.42962646484375;4.4281005859375;4.4281005859375;5.0689697265625;4.4281005859375;4.42962646484375;4.47235107421875,0.0;0.0;0.0;0.0;0.0;0.0;0.0
ldc2,1,float,exterior,3132.8,26.955,-99.13958758937692,3132.80029296875;3103.23486328125;3105.16357421875;3090.90576171875;3172.49755859375;3310.1318359375;3172.64404296875,8288.0;8288.0;8288.0;8288.0;8288.0;8288.0;8288.0,26.93023681640625;26.94244384765625;26.96075439453125;26.95465087890625;26.9561767578125;26.9500732421875;27.57110595703125,0.0;0.0;0.0;0.0;0.0;0.0;0.0
ldc2,1,float,hole,41647.266,41408.789,-0.5726114170375718,40713.0859375;41016.2109375;41647.265625;42301.3671875;58807.03125;40833.0078125;44605.078125,24832.0;24832.0;24832.0;24832.0;24832.0;24832.0;24832.0,40941.796875;41223.828125;41408.7890625;61973.2421875;41216.6015625;41601.5625;42109.765625,24832.0;24832.0;24832.0;24832.0;24832.0;24832.0;24832.0
ldc2,1,float,hole-reversed,40740.82,40955.859,0.5278219731463363,40515.8203125;41201.5625;42531.25;40141.40625;40125.390625;40798.046875;40740.8203125,24832.0;24832.0;24832.0;24832.0;24832.0;24832.0;24832.0,40951.953125;41168.1640625;40955.859375;40881.0546875;40648.4375;44066.796875;41124.21875,24832.0;24832.0;24832.0;24832.0;24832.0;24832.0;24832.0
ldc2,1,float,interior,7750.122,7678.149,-0.928669251916292,7738.6962890625;7710.107421875;7750.1220703125;7727.7587890625;9862.5732421875;7788.2568359375;7845.8251953125,8336.0;8336.0;8336.0;8336.0;8336.0;8336.0;8336.0,7671.6064453125;7925.09765625;7658.7158203125;7725.4638671875;10204.541015625;7678.1494140625;7661.8408203125,8336.0;8336.0;8336.0;8336.0;8336.0;8336.0;8336.0
ldc2,1,float,isolated-tangent,6228.906,6338.428,1.7582862865485493,7083.8623046875;7623.3154296875;6126.416015625;6121.97265625;6183.6181640625;6259.3505859375;6228.90625,16480.0;16480.0;16480.0;16480.0;16480.0;16480.0;16480.0,8646.533203125;6371.484375;6338.427734375;6300.6103515625;6434.86328125;6184.6923828125;6211.62109375,16480.0;16480.0;16480.0;16480.0;16480.0;16480.0;16480.0
ldc2,1,float,large-finite,19028.223,18947.412,-0.4246902088545057,19720.361328125;18951.85546875;19223.486328125;18928.369140625;18821.97265625;19028.22265625;19185.7421875,16560.0;16560.0;16560.0;16560.0;16560.0;16560.0;16560.0,18947.412109375;18874.4140625;19841.6015625;18662.890625;19261.474609375;18954.931640625;18877.099609375,16560.0;16560.0;16560.0;16560.0;16560.0;16560.0;16560.0
ldc2,1,float,rational-crossing,17870.41,17736.475,-0.7494791669581224,17870.41015625;17557.6171875;17737.5;17921.630859375;17843.798828125;18228.3203125;22175.1953125,16560.0;16560.0;16560.0;16560.0;16560.0;16560.0;16560.0,17879.39453125;18283.69140625;17714.453125;17644.873046875;17694.7265625;22102.587890625;17736.474609375,16560.0;16560.0;16560.0;16560.0;16560.0;16560.0;16560.0
ldc2,1,float,sparse-1,17684.961,18149.707,2.6279164539859456,17678.7109375;17684.9609375;17581.689453125;18192.08984375;17466.50390625;17979.150390625;17741.064453125,16560.0;16560.0;16560.0;16560.0;16560.0;16560.0;16560.0,18419.43359375;17782.32421875;18217.431640625;18149.70703125;18007.373046875;18172.216796875;17937.890625,16560.0;16560.0;16560.0;16560.0;16560.0;16560.0;16560.0
ldc2,1,float,sparse-16,43532.422,44744.141,2.783486294422133,44496.2890625;45084.1796875;43499.609375;43276.5625;43109.375;43940.234375;43532.421875,16560.0;16560.0;16560.0;16560.0;16560.0;16560.0;16560.0,44744.140625;44633.203125;44751.3671875;44255.6640625;45151.7578125;44871.6796875;44279.296875,16560.0;16560.0;16560.0;16560.0;16560.0;16560.0;16560.0
ldc2,1,float,sparse-4,23322.852,23402.539,0.341669192086802,22815.0390625;24343.9453125;23382.12890625;32469.43359375;23322.8515625;23068.359375;23036.23046875,16560.0;16560.0;16560.0;16560.0;16560.0;16560.0;16560.0,23201.07421875;23402.5390625;32494.3359375;23451.3671875;23925.0;23395.21484375;23222.75390625,16560.0;16560.0;16560.0;16560.0;16560.0;16560.0;16560.0
ldc2,1,float,sparse-64,129369.141,127138.672,-1.7241120894510686,131771.875;129487.890625;127266.40625;129369.140625;128838.28125;127265.625;130316.796875,16560.0;16560.0;16560.0;16560.0;16560.0;16560.0;16560.0,127117.578125;125214.84375;130537.890625;126696.484375;128048.4375;130812.890625;127138.671875,16560.0;16560.0;16560.0;16560.0;16560.0;16560.0;16560.0
ldc2,1,float,subnormal,17553.418,18146.191,3.3769662409907752,17553.41796875;17687.744140625;17579.931640625;17462.01171875;18070.947265625;17414.013671875;17399.951171875,16560.0;16560.0;16560.0;16560.0;16560.0;16560.0;16560.0,17870.849609375;18150.29296875;18146.19140625;18096.484375;18356.25;17977.978515625;18163.57421875,16560.0;16560.0;16560.0;16560.0;16560.0;16560.0;16560.0
ldc2,1,int,boundary-only,10481.836,10662.695,1.7254515334908849,10575.48828125;10517.08984375;10430.615234375;10481.8359375;10474.560546875;10380.078125;10540.478515625,20624.0;20624.0;20624.0;20624.0;20624.0;20624.0;20624.0,10292.138671875;10195.41015625;13678.271484375;11915.625;11011.03515625;10405.37109375;10662.6953125,20624.0;20624.0;20624.0;20624.0;20624.0;20624.0;20624.0
ldc2,1,int,boundary-overlap,11115.479,11128.076,0.11332844945324272,11074.8046875;11115.478515625;11154.345703125;11127.294921875;11050.390625;11063.76953125;11173.876953125,20656.0;20656.0;20656.0;20656.0;20656.0;20656.0;20656.0,11128.076171875;11211.42578125;11158.837890625;11206.982421875;11095.3125;11088.427734375;11112.841796875,20656.0;20656.0;20656.0;20656.0;20656.0;20656.0;20656.0
ldc2,1,int,concave-u,38882.617,38626.562,-0.6585333492341805,39373.6328125;39032.03125;39162.890625;38598.92578125;38882.6171875;38547.16796875;38575.09765625,24832.0;24832.0;24832.0;24832.0;24832.0;24832.0;24832.0,38700.48828125;38512.20703125;39508.49609375;39042.578125;38369.43359375;38544.53125;38626.5625,24832.0;24832.0;24832.0;24832.0;24832.0;24832.0;24832.0
ldc2,1,int,crossing,16480.371,16577.588,0.5898957007703265,16477.783203125;16590.72265625;17053.662109375;16479.345703125;16598.974609375;16480.37109375;16442.87109375,16560.0;16560.0;16560.0;16560.0;16560.0;16560.0;16560.0,17129.052734375;17197.94921875;16415.33203125;16454.296875;16577.587890625;16509.47265625;17128.61328125,16560.0;16560.0;16560.0;16560.0;16560.0;16560.0;16560.0
ldc2,1,int,degenerate-boundary,3.418,3.729,9.098888238736102,3.41796875;3.41796875;3.41796875;3.460693359375;4.80194091796875;3.41796875;3.41796875,0.0;0.0;0.0;0.0;0.0;0.0;0.0,3.729248046875;3.77349853515625;3.729248046875;4.3853759765625;3.765869140625;3.729248046875;3.729248046875,0.0;0.0;0.0;0.0;0.0;0.0;0.0
ldc2,1,int,degenerate-interior,12.75,3.729,-70.75294117647059,3.41796875;13.89312744140625;13.36212158203125;4.04510498046875;13.31329345703125;12.750244140625;4.03289794921875,0.0;0.0;0.0;0.0;0.0;0.0;0.0,3.729248046875;3.77197265625;3.729248046875;4.40673828125;4.1961669921875;3.729248046875;3.729248046875,0.0;0.0;0.0;0.0;0.0;0.0;0.0
ldc2,1,int,dense-1,16675.0,17396.875,4.329085457271353,16377.099609375;16606.93359375;21058.349609375;16400.244140625;17080.126953125;16675.0;16735.107421875,16560.0;16560.0;16560.0;16560.0;16560.0;16560.0;16560.0,16713.916015625;17181.34765625;20690.625;17396.875;17191.552734375;17727.734375;18765.13671875,16560.0;16560.0;16560.0;16560.0;16560.0;16560.0;16560.0
ldc2,1,int,dense-16,407482.812,408857.812,0.33743754570929596,412085.9375;424703.125;404301.5625;404612.5;407482.8125;406009.375;551467.1875,145008.0;145008.0;145008.0;145008.0;145008.0;145008.0;145008.0,409215.625;407518.75;408857.8125;428379.6875;408493.75;404946.875;550170.3125,145008.0;145008.0;145008.0;145008.0;145008.0;145008.0;145008.0
ldc2,1,int,dense-4,85465.234,85639.453,0.2038478008496325,85420.3125;84460.9375;91208.203125;86504.296875;86174.21875;84434.765625;85465.234375,41360.0;41360.0;41360.0;41360.0;41360.0;41360.0;41360.0,85639.453125;85417.96875;85251.953125;85797.265625;85256.25;86429.6875;88859.375,41360.0;41360.0;41360.0;41360.0;41360.0;41360.0;41360.0
ldc2,1,int,dense-64,1904950.0,1902012.5,-0.15420352240216317,1904950.0;1905912.5;1898500.0;1883556.25;1985775.0;1905593.75;1881193.75,556032.0;556032.0;556032.0;556032.0;556032.0;556032.0;556032.0,1984168.75;1876587.5;1888093.75;1915218.75;1902012.5;1901593.75;1920087.5,556032.0;556032.0;556032.0;556032.0;556032.0;556032.0;556032.0
ldc2,1,int,empty,3.497,3.729,6.634257935373178,3.9031982421875;3.41796875;3.41644287109375;5.70220947265625;3.6895751953125;3.497314453125;3.497314453125,0.0;0.0;0.0;0.0;0.0;0.0;0.0,3.729248046875;3.76739501953125;3.729248046875;4.3487548828125;3.729248046875;3.7689208984375;3.729248046875,0.0;0.0;0.0;0.0;0.0;0.0;0.0
ldc2,1,int,exterior,2688.733,13.327,-99.50433903254805,2679.96826171875;2757.4951171875;2784.0576171875;2688.73291015625;2688.19580078125;2702.25830078125;2686.62109375,8288.0;8288.0;8288.0;8288.0;8288.0;8288.0;8288.0,14.36614990234375;13.3270263671875;13.32550048828125;13.28887939453125;13.28887939453125;13.33160400390625;13.3544921875,0.0;0.0;0.0;0.0;0.0;0.0;0.0
ldc2,1,int,hole,38626.562,39455.078,2.144938501127802,39831.640625;38378.90625;38354.6875;39128.515625;38669.140625;38619.3359375;38626.5625,24832.0;24832.0;24832.0;24832.0;24832.0;24832.0;24832.0,39455.078125;39590.0390625;39418.359375;40753.125;40005.6640625;38484.1796875;38474.609375,24832.0;24832.0;24832.0;24832.0;24832.0;24832.0;24832.0
ldc2,1,int,hole-reversed,38755.859,38579.98,-0.45381267384627666,39470.8984375;38755.859375;39649.609375;40868.5546875;38216.9921875;38094.921875;38681.0546875,24832.0;24832.0;24832.0;24832.0;24832.0;24832.0;24832.0,38637.109375;38525.87890625;39629.6875;38271.09375;38505.56640625;38647.265625;38579.98046875,24832.0;24832.0;24832.0;24832.0;24832.0;24832.0;24832.0
ldc2,1,int,interior,7212.524,7180.518,-0.4437558890618587,7369.580078125;7212.5244140625;7227.978515625;7224.9755859375;7211.1083984375;7177.001953125;7205.810546875,8336.0;8336.0;8336.0;8336.0;8336.0;8336.0;8336.0,7180.517578125;7179.00390625;7204.833984375;7557.568359375;7019.091796875;7053.271484375;7217.822265625,8336.0;8336.0;8336.0;8336.0;8336.0;8336.0;8336.0
ldc2,1,int,isolated-tangent,4469.983,4530.396,1.3515263928296717,4449.8291015625;4472.3876953125;5221.77734375;4469.98291015625;4513.330078125;4413.525390625;4440.27099609375,16480.0;16480.0;16480.0;16480.0;16480.0;16480.0;16480.0,5820.20263671875;4393.75;4281.5673828125;4439.599609375;4543.701171875;4530.3955078125;4734.87548828125,16480.0;16480.0;16480.0;16480.0;16480.0;16480.0;16480.0
ldc2,1,int,rational-crossing,16647.998,16912.988,1.5917229206779293,16639.0625;16647.998046875;16553.173828125;17209.521484375;16543.896484375;16736.71875;16695.41015625,16560.0;16560.0;16560.0;16560.0;16560.0;16560.0;16560.0,17159.912109375;16707.2265625;16979.052734375;16912.98828125;16954.00390625;16847.36328125;16571.728515625,16560.0;16560.0;16560.0;16560.0;16560.0;16560.0;16560.0
ldc2,1,int,sparse-1,16542.09,16609.863,0.4097003462077753,16686.9140625;16579.78515625;16509.1796875;16542.08984375;16390.283203125;17261.9140625;16240.8203125,16560.0;16560.0;16560.0;16560.0;16560.0;16560.0;16560.0,16609.86328125;16936.71875;16313.134765625;16465.966796875;16803.564453125;16352.490234375;16738.623046875,16560.0;16560.0;16560.0;16560.0;16560.0;16560.0;16560.0
ldc2,1,int,sparse-16,37645.312,37024.023,-1.6503754836724394,37413.96484375;37647.36328125;37606.4453125;37888.18359375;46441.50390625;37312.890625;37645.3125,16560.0;16560.0;16560.0;16560.0;16560.0;16560.0;16560.0,36737.01171875;37061.5234375;36798.828125;37891.69921875;46016.89453125;37024.0234375;36914.35546875,16560.0;16560.0;16560.0;16560.0;16560.0;16560.0;16560.0
ldc2,1,int,sparse-4,21099.121,21037.695,-0.2911306115548573,21915.33203125;20876.3671875;21235.7421875;21099.12109375;20842.578125;20868.45703125;21144.82421875,16560.0;16560.0;16560.0;16560.0;16560.0;16560.0;16560.0,20827.1484375;20913.8671875;21037.6953125;21422.16796875;20821.58203125;21248.2421875;21039.35546875,16560.0;16560.0;16560.0;16560.0;16560.0;16560.0;16560.0
ldc2,1,int,sparse-64,102815.625,100626.172,-2.129494422661915,102311.328125;107273.828125;101424.609375;101494.921875;103677.34375;102815.625;103014.84375,16560.0;16560.0;16560.0;16560.0;16560.0;16560.0;16560.0,100766.40625;100383.59375;100626.171875;100398.828125;105498.4375;99207.8125;102060.15625,16560.0;16560.0;16560.0;16560.0;16560.0;16560.0;16560.0
ldc2,1,int,wide-integral,17842.822,17904.785,0.34727130047029764,18434.27734375;17842.822265625;17750.29296875;17813.427734375;22334.9609375;18309.521484375;17799.853515625,16560.0;16560.0;16560.0;16560.0;16560.0;16560.0;16560.0,17596.484375;18171.142578125;18317.724609375;17803.22265625;22397.509765625;17836.23046875;17904.78515625,16560.0;16560.0;16560.0;16560.0;16560.0;16560.0;16560.0
ldc2,1,long,boundary-only,10975.195,11254.346,2.543471892754523,11182.666015625;10885.791015625;11082.91015625;11457.275390625;10975.1953125;10968.017578125;10931.689453125,20624.0;20624.0;20624.0;20624.0;20624.0;20624.0;20624.0,11752.44140625;11234.9609375;11152.099609375;11254.345703125;11226.3671875;15950.0;11345.068359375,20624.0;20624.0;20624.0;20624.0;20624.0;20624.0;20624.0
ldc2,1,long,boundary-overlap,11827.197,11647.266,-1.5213325693315238,11723.876953125;11613.525390625;12722.021484375;12020.849609375;11661.03515625;11852.24609375;11827.197265625,20656.0;20656.0;20656.0;20656.0;20656.0;20656.0;20656.0,11694.7265625;11604.296875;11648.92578125;11687.548828125;11581.396484375;11647.265625;11618.408203125,20656.0;20656.0;20656.0;20656.0;20656.0;20656.0;20656.0
ldc2,1,long,concave-u,40514.844,39875.391,-1.5783178135894915,43029.4921875;41306.0546875;41076.7578125;40514.84375;39629.8828125;39429.1015625;39206.4453125,24832.0;24832.0;24832.0;24832.0;24832.0;24832.0;24832.0,39875.390625;39823.828125;39745.703125;39609.9609375;43676.3671875;45800.5859375;40821.6796875,24832.0;24832.0;24832.0;24832.0;24832.0;24832.0;24832.0
ldc2,1,long,crossing,16935.596,17124.023,1.112609204895998,16950.09765625;16922.55859375;16800.87890625;18021.875;16880.029296875;17458.349609375;16935.595703125,16560.0;16560.0;16560.0;16560.0;16560.0;16560.0;16560.0,17124.0234375;17429.248046875;17097.119140625;16956.73828125;16924.609375;17186.181640625;17618.06640625,16560.0;16560.0;16560.0;16560.0;16560.0;16560.0;16560.0
ldc2,1,long,degenerate-boundary,4.897,4.23,-13.620584031039407,4.89654541015625;4.89501953125;4.93927001953125;4.89654541015625;4.89501953125;4.9407958984375;4.89654541015625,0.0;0.0;0.0;0.0;0.0;0.0;0.0,4.17633056640625;4.17633056640625;5.21087646484375;4.7943115234375;4.92706298828125;4.229736328125;4.17633056640625,0.0;0.0;0.0;0.0;0.0;0.0;0.0
ldc2,1,long,degenerate-interior,4.895,4.176,-14.688457609805916,4.89654541015625;4.89501953125;4.93621826171875;4.89501953125;4.9346923828125;4.89501953125;4.89501953125,0.0;0.0;0.0;0.0;0.0;0.0;0.0,4.21905517578125;4.17633056640625;4.17633056640625;4.7882080078125;4.17633056640625;4.17633056640625;4.17633056640625,0.0;0.0;0.0;0.0;0.0;0.0;0.0
ldc2,1,long,dense-1,17067.285,17137.354,0.4105456726128276,17023.14453125;17058.30078125;16997.705078125;17675.830078125;17114.111328125;21595.361328125;17067.28515625,16560.0;16560.0;16560.0;16560.0;16560.0;16560.0;16560.0,17521.044921875;17427.197265625;17328.125;17115.52734375;17103.41796875;17124.4140625;17137.353515625,16560.0;16560.0;16560.0;16560.0;16560.0;16560.0;16560.0
ldc2,1,long,dense-16,413935.938,416278.125,0.5658332087125961,413935.9375;413520.3125;411679.6875;433212.5;408948.4375;417553.125;417017.1875,145008.0;145008.0;145008.0;145008.0;145008.0;145008.0;145008.0,412250.0;418517.1875;423326.5625;417204.6875;416278.125;412335.9375;413657.8125,145008.0;145008.0;145008.0;145008.0;145008.0;145008.0;145008.0
ldc2,1,long,dense-4,86598.047,87329.297,0.8444185814028726,88252.734375;86592.578125;86497.65625;86941.015625;86600.390625;86598.046875;85717.1875,41360.0;41360.0;41360.0;41360.0;41360.0;41360.0;41360.0,88264.84375;87329.296875;87216.796875;86873.828125;86909.375;87985.9375;90784.375,41360.0;41360.0;41360.0;41360.0;41360.0;41360.0;41360.0
ldc2,1,long,dense-64,1929593.75,1922068.75,-0.3899784604920131,1933543.75;1929843.75;1929156.25;1980906.25;1924393.75;1916468.75;1929593.75,556032.0;556032.0;556032.0;556032.0;556032.0;556032.0;556032.0,1929150.0;1922068.75;1921756.25;1920550.0;1918893.75;1998762.5;1932075.0,556032.0;556032.0;556032.0;556032.0;556032.0;556032.0;556032.0
ldc2,1,long,empty,4.9,4.48,-8.571428571428575,4.89959716796875;4.9407958984375;4.8980712890625;4.93927001953125;4.8980712890625;4.8980712890625;4.93927001953125,0.0;0.0;0.0;0.0;0.0;0.0;0.0,4.47998046875;4.47998046875;4.52423095703125;5.09490966796875;4.47998046875;4.52728271484375;4.47998046875,0.0;0.0;0.0;0.0;0.0;0.0;0.0
ldc2,1,long,endpoint-collapse,14823.047,14733.398,-0.6047946822269501,14836.23046875;14888.720703125;14823.046875;14817.3828125;15446.77734375;14790.8203125;14788.37890625,16528.0;16528.0;16528.0;16528.0;16528.0;16528.0;16528.0,15180.56640625;14733.3984375;14730.908203125;14806.201171875;14776.3671875;14725.68359375;14718.115234375,16528.0;16528.0;16528.0;16528.0;16528.0;16528.0;16528.0
ldc2,1,long,exterior,3156.36,16.745,-99.46948383581086,3266.17431640625;3164.44091796875;3088.14697265625;3156.35986328125;3148.828125;3160.8154296875;3123.2177734375,8288.0;8288.0;8288.0;8288.0;8288.0;8288.0;8288.0,16.7449951171875;16.74041748046875;17.00286865234375;17.98858642578125;16.7327880859375;17.06085205078125;16.729736328125,0.0;0.0;0.0;0.0;0.0;0.0;0.0
ldc2,1,long,gap-collapse,37687.402,37837.891,0.3993085010211228,38700.390625;37017.96875;37819.04296875;37687.40234375;37379.19921875;39529.6875;37284.27734375,24800.0;24800.0;24800.0;24800.0;24800.0;24800.0;24800.0,57591.796875;37782.6171875;37761.71875;37977.1484375;37710.3515625;37837.890625;39422.65625,24800.0;24800.0;24800.0;24800.0;24800.0;24800.0;24800.0
ldc2,1,long,hole,39719.727,39610.742,-0.2743850681551807,42173.6328125;39396.875;58925.390625;39719.7265625;39292.96875;39816.2109375;39479.6875,24832.0;24832.0;24832.0;24832.0;24832.0;24832.0;24832.0,40076.7578125;39522.4609375;39604.8828125;39610.7421875;39493.5546875;40182.03125;40848.6328125,24832.0;24832.0;24832.0;24832.0;24832.0;24832.0;24832.0
ldc2,1,long,hole-reversed,39538.672,39888.086,0.8837272025727261,39656.54296875;39538.671875;39380.37109375;39161.9140625;41008.7890625;38842.87109375;39878.22265625,24832.0;24832.0;24832.0;24832.0;24832.0;24832.0;24832.0,39480.859375;39535.15625;42996.6796875;39888.0859375;39618.5546875;58283.59375;41032.421875,24832.0;24832.0;24832.0;24832.0;24832.0;24832.0;24832.0
ldc2,1,long,interior,7694.678,7821.265,1.6451240714686177,7694.677734375;7639.306640625;10283.154296875;7568.3837890625;7565.0390625;7697.0458984375;7709.5458984375,8336.0;8336.0;8336.0;8336.0;8336.0;8336.0;8336.0,7919.189453125;7848.4375;7821.2646484375;7706.1767578125;7672.3388671875;7678.369140625;7851.0986328125,8336.0;8336.0;8336.0;8336.0;8336.0;8336.0;8336.0
ldc2,1,long,isolated-tangent,5004.48,5005.688,0.024138372018689402,6297.0458984375;4959.36279296875;5042.1142578125;5004.47998046875;5146.20361328125;4925.62255859375;4974.45068359375,16480.0;16480.0;16480.0;16480.0;16480.0;16480.0;16480.0,4983.4716796875;4981.8115234375;4966.7236328125;5012.7685546875;5005.6884765625;5021.3623046875;5008.3740234375,16480.0;16480.0;16480.0;16480.0;16480.0;16480.0;16480.0
ldc2,1,long,rational-crossing,17318.066,17495.264,1.0231973939815342,17636.279296875;19313.8671875;19457.91015625;17044.7265625;17025.0;17244.3359375;17318.06640625,16560.0;16560.0;16560.0;16560.0;16560.0;16560.0;16560.0,17483.447265625;17514.892578125;18928.759765625;17521.240234375;17495.263671875;17132.03125;17024.4140625,16560.0;16560.0;16560.0;16560.0;16560.0;16560.0;16560.0
ldc2,1,long,sparse-1,17557.373,17180.566,-2.146146806814442,17728.7109375;17274.169921875;17239.35546875;18724.169921875;17109.130859375;17557.373046875;17584.375,16560.0;16560.0;16560.0;16560.0;16560.0;16560.0;16560.0,17280.078125;17204.00390625;17176.5625;17182.6171875;17180.46875;17165.91796875;17180.56640625,16560.0;16560.0;16560.0;16560.0;16560.0;16560.0;16560.0
ldc2,1,long,sparse-16,39937.891,40222.07,0.7115523451150629,40609.375;41776.3671875;39767.578125;39937.890625;39638.28125;39793.75;40040.4296875,16560.0;16560.0;16560.0;16560.0;16560.0;16560.0;16560.0,39719.921875;40218.9453125;40222.0703125;40240.234375;40413.28125;40150.390625;40450.390625,16560.0;16560.0;16560.0;16560.0;16560.0;16560.0;16560.0
ldc2,1,long,sparse-4,21766.406,21947.852,0.8336056949410864,21898.33984375;21818.26171875;21733.7890625;21766.40625;21910.546875;21734.66796875;21479.8828125,16560.0;16560.0;16560.0;16560.0;16560.0;16560.0;16560.0,21947.8515625;21746.58203125;21761.03515625;22178.515625;22328.22265625;21700.78125;22079.39453125,16560.0;16560.0;16560.0;16560.0;16560.0;16560.0;16560.0
ldc2,1,long,sparse-64,113346.875,111832.812,-1.33577833530919,114505.078125;116409.375;116640.625;113021.484375;113346.875;113056.25;112064.453125,16560.0;16560.0;16560.0;16560.0;16560.0;16560.0;16560.0,114547.265625;111911.71875;111762.890625;111832.8125;111049.609375;111396.875;112814.84375,16560.0;16560.0;16560.0;16560.0;16560.0;16560.0;16560.0
ldc2,1,long,wide-integral,20049.902,20431.641,1.9039444681575146,20219.140625;20250.5859375;20049.90234375;20148.4375;20040.91796875;20038.96484375;19843.84765625,16560.0;16560.0;16560.0;16560.0;16560.0;16560.0;16560.0,20571.6796875;20731.54296875;20299.31640625;20892.96875;20431.640625;20120.8984375;20147.16796875,16560.0;16560.0;16560.0;16560.0;16560.0;16560.0;16560.0
