fixture_header,scalar,case,edges,expected_fact_bits,expected_status,expected_components
sample_header,scalar,case,operation,edges,expected_components,round,iterations,warmup,elapsed_ns,gc_bytes,gc_collections
summary_header,scalar,case,operation,min_ns_per_op,median_ns_per_op,max_ns_per_op
fixture,int,exterior,4,1,success,0
fixture,int,interior,4,4,success,1
fixture,int,crossing,4,7,success,1
fixture,int,boundary-only,4,10,success,1
fixture,int,boundary-overlap,4,11,success,1
fixture,int,isolated-tangent,4,3,success,0
fixture,int,degenerate-interior,4,4,success,0
fixture,int,degenerate-boundary,4,2,success,0
fixture,int,empty,0,1,success,0
fixture,int,concave-u,8,7,success,2
fixture,int,hole,8,7,success,2
fixture,int,hole-reversed,8,7,success,2
fixture,int,rational-crossing,3,7,success,1
fixture,int,sparse-1,4,7,success,1
fixture,int,sparse-4,16,7,success,1
fixture,int,sparse-16,64,7,success,1
fixture,int,sparse-64,256,7,success,1
fixture,int,dense-1,4,7,success,1
fixture,int,dense-4,16,7,success,4
fixture,int,dense-16,64,7,success,16
fixture,int,dense-64,256,7,success,64
fixture,int,wide-integral,4,7,success,1
preflight,int,22,PASS
sample,int,exterior,relationship,4,0,0,8192,820,24061900,0,0
sample,int,exterior,relationship,4,0,1,8192,820,24486500,0,0
sample,int,exterior,relationship,4,0,2,8192,820,25087200,0,0
sample,int,exterior,relationship,4,0,3,8192,820,25930600,0,0
sample,int,exterior,relationship,4,0,4,8192,820,24805300,0,0
sample,int,exterior,relationship,4,0,5,8192,820,24474200,0,0
sample,int,exterior,relationship,4,0,6,8192,820,24491700,0,0
summary,int,exterior,relationship,2937.244,2989.709,3165.356
sample,int,exterior,clipping,4,0,0,4096,410,27187200,33947648,8
sample,int,exterior,clipping,4,0,1,4096,410,28974800,33947648,8
sample,int,exterior,clipping,4,0,2,4096,410,26784300,33947648,8
sample,int,exterior,clipping,4,0,3,4096,410,26743700,33947648,8
sample,int,exterior,clipping,4,0,4,4096,410,26757800,33947648,8
sample,int,exterior,clipping,4,0,5,4096,410,26649800,33947648,8
sample,int,exterior,clipping,4,0,6,4096,410,26650000,33947648,8
summary,int,exterior,clipping,6506.299,6532.666,7073.926
sample,int,interior,relationship,4,1,0,8192,820,25351300,0,0
sample,int,interior,relationship,4,1,1,8192,820,24839000,0,0
sample,int,interior,relationship,4,1,2,8192,820,24312300,0,0
sample,int,interior,relationship,4,1,3,8192,820,24478300,0,0
sample,int,interior,relationship,4,1,4,8192,820,24125400,0,0
sample,int,interior,relationship,4,1,5,8192,820,23784500,0,0
sample,int,interior,relationship,4,1,6,8192,820,23932700,0,0
summary,int,interior,relationship,2903.381,2967.810,3094.641
sample,int,interior,clipping,4,1,0,2048,205,32154200,17072128,4
sample,int,interior,clipping,4,1,1,2048,205,32203800,17072128,4
sample,int,interior,clipping,4,1,2,2048,205,31789800,17072128,4
sample,int,interior,clipping,4,1,3,2048,205,31843200,17072128,4
sample,int,interior,clipping,4,1,4,2048,205,32820100,17072128,4
sample,int,interior,clipping,4,1,5,2048,205,33648900,17072128,4
sample,int,interior,clipping,4,1,6,2048,205,32267000,17072128,4
summary,int,interior,clipping,15522.363,15724.512,16430.127
sample,int,crossing,relationship,4,1,0,8192,820,24093900,0,0
sample,int,crossing,relationship,4,1,1,8192,820,24589300,0,0
sample,int,crossing,relationship,4,1,2,8192,820,24291300,0,0
sample,int,crossing,relationship,4,1,3,8192,820,25679400,0,0
sample,int,crossing,relationship,4,1,4,8192,820,24409800,0,0
sample,int,crossing,relationship,4,1,5,8192,820,24289700,0,0
sample,int,crossing,relationship,4,1,6,8192,820,24383800,0,0
summary,int,crossing,relationship,2941.150,2976.538,3134.692
sample,int,crossing,clipping,4,1,0,1024,103,41957100,16957440,4
sample,int,crossing,clipping,4,1,1,1024,103,40695000,16957440,4
sample,int,crossing,clipping,4,1,2,1024,103,40106700,16957440,4
sample,int,crossing,clipping,4,1,3,1024,103,39483400,16957440,4
sample,int,crossing,clipping,4,1,4,1024,103,39996100,16957440,4
sample,int,crossing,clipping,4,1,5,1024,103,41619700,16957440,4
sample,int,crossing,clipping,4,1,6,1024,103,40457100,16957440,4
summary,int,crossing,clipping,38558.008,39508.887,40973.730
sample,int,boundary-only,relationship,4,1,0,8192,820,31281600,0,0
sample,int,boundary-only,relationship,4,1,1,8192,820,31480000,0,0
sample,int,boundary-only,relationship,4,1,2,8192,820,33625000,0,0
sample,int,boundary-only,relationship,4,1,3,8192,820,32106800,0,0
sample,int,boundary-only,relationship,4,1,4,8192,820,32148100,0,0
sample,int,boundary-only,relationship,4,1,5,8192,820,32333900,0,0
sample,int,boundary-only,relationship,4,1,6,8192,820,31509800,0,0
summary,int,boundary-only,relationship,3818.555,3919.287,4104.614
sample,int,boundary-only,clipping,4,1,0,1024,103,26847700,21118976,5
sample,int,boundary-only,clipping,4,1,1,1024,103,26206800,21118976,5
sample,int,boundary-only,clipping,4,1,2,1024,103,25445700,21118976,5
sample,int,boundary-only,clipping,4,1,3,1024,103,25454900,21118976,5
sample,int,boundary-only,clipping,4,1,4,1024,103,25259700,21118976,5
sample,int,boundary-only,clipping,4,1,5,1024,103,25532400,21118976,5
sample,int,boundary-only,clipping,4,1,6,1024,103,25523300,21118976,5
summary,int,boundary-only,clipping,24667.676,24925.098,26218.457
sample,int,boundary-overlap,relationship,4,1,0,4096,410,25163000,0,0
sample,int,boundary-overlap,relationship,4,1,1,4096,410,26259800,0,0
sample,int,boundary-overlap,relationship,4,1,2,4096,410,20793800,0,0
sample,int,boundary-overlap,relationship,4,1,3,4096,410,20839100,0,0
sample,int,boundary-overlap,relationship,4,1,4,4096,410,20215800,0,0
sample,int,boundary-overlap,relationship,4,1,5,4096,410,20567200,0,0
sample,int,boundary-overlap,relationship,4,1,6,4096,410,20211200,0,0
summary,int,boundary-overlap,relationship,4934.375,5076.611,6411.084
sample,int,boundary-overlap,clipping,4,1,0,1024,103,27200500,21151744,5
sample,int,boundary-overlap,clipping,4,1,1,1024,103,27157000,21151744,5
sample,int,boundary-overlap,clipping,4,1,2,1024,103,27708700,21151744,5
sample,int,boundary-overlap,clipping,4,1,3,1024,103,27497800,21151744,5
sample,int,boundary-overlap,clipping,4,1,4,1024,103,28213000,21151744,5
sample,int,boundary-overlap,clipping,4,1,5,1024,103,29721900,21151744,5
sample,int,boundary-overlap,clipping,4,1,6,1024,103,28884900,21151744,5
summary,int,boundary-overlap,clipping,26520.508,27059.277,29025.293
sample,int,isolated-tangent,relationship,4,0,0,8192,820,36023300,0,0
sample,int,isolated-tangent,relationship,4,0,1,8192,820,36495300,0,0
sample,int,isolated-tangent,relationship,4,0,2,8192,820,37898400,0,0
sample,int,isolated-tangent,relationship,4,0,3,8192,820,36715100,0,0
sample,int,isolated-tangent,relationship,4,0,4,8192,820,36947000,0,0
sample,int,isolated-tangent,relationship,4,0,5,8192,820,36462800,0,0
sample,int,isolated-tangent,relationship,4,0,6,8192,820,36066400,0,0
summary,int,isolated-tangent,relationship,4397.375,4454.993,4626.270
sample,int,isolated-tangent,clipping,4,0,0,2048,205,25651400,33751040,8
sample,int,isolated-tangent,clipping,4,0,1,2048,205,25821700,33751040,8
sample,int,isolated-tangent,clipping,4,0,2,2048,205,25958100,33751040,8
sample,int,isolated-tangent,clipping,4,0,3,2048,205,25382200,33751040,8
sample,int,isolated-tangent,clipping,4,0,4,2048,205,25198000,33751040,8
sample,int,isolated-tangent,clipping,4,0,5,2048,205,24988700,33751040,8
sample,int,isolated-tangent,clipping,4,0,6,2048,205,27662800,33751040,8
summary,int,isolated-tangent,clipping,12201.514,12525.098,13507.227
sample,int,degenerate-interior,relationship,4,0,0,65536,6554,7259300,0,0
sample,int,degenerate-interior,relationship,4,0,1,65536,6554,7995200,0,0
sample,int,degenerate-interior,relationship,4,0,2,65536,6554,7355900,0,0
sample,int,degenerate-interior,relationship,4,0,3,65536,6554,7685200,0,0
sample,int,degenerate-interior,relationship,4,0,4,65536,6554,7490100,0,0
sample,int,degenerate-interior,relationship,4,0,5,65536,6554,7431500,0,0
sample,int,degenerate-interior,relationship,4,0,6,65536,6554,7256600,0,0
summary,int,degenerate-interior,relationship,110.727,113.396,121.997
sample,int,degenerate-interior,clipping,4,0,0,65536,6554,1853600,0,0
sample,int,degenerate-interior,clipping,4,0,1,65536,6554,2051400,0,0
sample,int,degenerate-interior,clipping,4,0,2,65536,6554,1955800,0,0
sample,int,degenerate-interior,clipping,4,0,3,65536,6554,1885100,0,0
sample,int,degenerate-interior,clipping,4,0,4,65536,6554,1913700,0,0
sample,int,degenerate-interior,clipping,4,0,5,65536,6554,1890600,0,0
sample,int,degenerate-interior,clipping,4,0,6,65536,6554,2046900,0,0
summary,int,degenerate-interior,clipping,28.284,29.201,31.302
sample,int,degenerate-boundary,relationship,4,0,0,65536,6554,7313200,0,0
sample,int,degenerate-boundary,relationship,4,0,1,65536,6554,7034500,0,0
sample,int,degenerate-boundary,relationship,4,0,2,65536,6554,7039300,0,0
sample,int,degenerate-boundary,relationship,4,0,3,65536,6554,7212100,0,0
sample,int,degenerate-boundary,relationship,4,0,4,65536,6554,7075700,0,0
sample,int,degenerate-boundary,relationship,4,0,5,65536,6554,7203400,0,0
sample,int,degenerate-boundary,relationship,4,0,6,65536,6554,7033400,0,0
summary,int,degenerate-boundary,relationship,107.321,107.967,111.591
sample,int,degenerate-boundary,clipping,4,0,0,65536,6554,1877700,0,0
sample,int,degenerate-boundary,clipping,4,0,1,65536,6554,2040200,0,0
sample,int,degenerate-boundary,clipping,4,0,2,65536,6554,1846700,0,0
sample,int,degenerate-boundary,clipping,4,0,3,65536,6554,1835900,0,0
sample,int,degenerate-boundary,clipping,4,0,4,65536,6554,1842900,0,0
sample,int,degenerate-boundary,clipping,4,0,5,65536,6554,1823100,0,0
sample,int,degenerate-boundary,clipping,4,0,6,65536,6554,1847100,0,0
summary,int,degenerate-boundary,clipping,27.818,28.178,31.131
sample,int,empty,relationship,0,0,0,65536,6554,2136400,0,0
sample,int,empty,relationship,0,0,1,65536,6554,2304000,0,0
sample,int,empty,relationship,0,0,2,65536,6554,2090400,0,0
sample,int,empty,relationship,0,0,3,65536,6554,1966200,0,0
sample,int,empty,relationship,0,0,4,65536,6554,1924100,0,0
sample,int,empty,relationship,0,0,5,65536,6554,1933000,0,0
sample,int,empty,relationship,0,0,6,65536,6554,1927300,0,0
summary,int,empty,relationship,29.359,30.002,35.156
sample,int,empty,clipping,0,0,0,65536,6554,2388000,0,0
sample,int,empty,clipping,0,0,1,65536,6554,1898500,0,0
sample,int,empty,clipping,0,0,2,65536,6554,1860500,0,0
sample,int,empty,clipping,0,0,3,65536,6554,1838400,0,0
sample,int,empty,clipping,0,0,4,65536,6554,1881200,0,0
sample,int,empty,clipping,0,0,5,65536,6554,1845700,0,0
sample,int,empty,clipping,0,0,6,65536,6554,1917300,0,0
summary,int,empty,clipping,28.052,28.705,36.438
sample,int,concave-u,relationship,8,2,0,4096,410,33019500,0,0
sample,int,concave-u,relationship,8,2,1,4096,410,32669300,0,0
sample,int,concave-u,relationship,8,2,2,4096,410,32072400,0,0
sample,int,concave-u,relationship,8,2,3,4096,410,34427800,0,0
sample,int,concave-u,relationship,8,2,4,4096,410,33500500,0,0
sample,int,concave-u,relationship,8,2,5,4096,410,33028200,0,0
sample,int,concave-u,relationship,8,2,6,4096,410,32909700,0,0
summary,int,concave-u,relationship,7830.176,8061.401,8405.225
sample,int,concave-u,clipping,8,2,0,256,26,24250500,6356992,1
sample,int,concave-u,clipping,8,2,1,256,26,25149300,6356992,1
sample,int,concave-u,clipping,8,2,2,256,26,23975800,6356992,1
sample,int,concave-u,clipping,8,2,3,256,26,23218300,6356992,1
sample,int,concave-u,clipping,8,2,4,256,26,23341600,6356992,1
sample,int,concave-u,clipping,8,2,5,256,26,23137400,6356992,1
sample,int,concave-u,clipping,8,2,6,256,26,22874400,6356992,1
summary,int,concave-u,clipping,89353.125,91178.125,98239.453
sample,int,hole,relationship,8,2,0,4096,410,33061100,0,0
sample,int,hole,relationship,8,2,1,4096,410,33272300,0,0
sample,int,hole,relationship,8,2,2,4096,410,33308500,0,0
sample,int,hole,relationship,8,2,3,4096,410,33178500,0,0
sample,int,hole,relationship,8,2,4,4096,410,33646500,0,0
sample,int,hole,relationship,8,2,5,4096,410,35076900,0,0
sample,int,hole,relationship,8,2,6,4096,410,35012000,0,0
summary,int,hole,relationship,8071.558,8131.958,8563.696
sample,int,hole,clipping,8,2,0,256,26,23982400,6356992,1
sample,int,hole,clipping,8,2,1,256,26,23727700,6356992,1
sample,int,hole,clipping,8,2,2,256,26,23779500,6356992,1
sample,int,hole,clipping,8,2,3,256,26,24377400,6356992,1
sample,int,hole,clipping,8,2,4,256,26,24739300,6356992,1
sample,int,hole,clipping,8,2,5,256,26,23289000,6356992,1
sample,int,hole,clipping,8,2,6,256,26,22895700,6356992,1
summary,int,hole,clipping,89436.328,92888.672,96637.891
sample,int,hole-reversed,relationship,8,2,0,4096,410,33322200,0,0
sample,int,hole-reversed,relationship,8,2,1,4096,410,34892600,0,0
sample,int,hole-reversed,relationship,8,2,2,4096,410,34504900,0,0
sample,int,hole-reversed,relationship,8,2,3,4096,410,33146100,0,0
sample,int,hole-reversed,relationship,8,2,4,4096,410,33080700,0,0
sample,int,hole-reversed,relationship,8,2,5,4096,410,32789800,0,0
sample,int,hole-reversed,relationship,8,2,6,4096,410,33572900,0,0
summary,int,hole-reversed,relationship,8005.322,8135.303,8518.701
sample,int,hole-reversed,clipping,8,2,0,256,26,23494700,6356992,1
sample,int,hole-reversed,clipping,8,2,1,256,26,23279400,6356992,1
sample,int,hole-reversed,clipping,8,2,2,256,26,23157100,6356992,1
sample,int,hole-reversed,clipping,8,2,3,256,26,22920300,6356992,1
sample,int,hole-reversed,clipping,8,2,4,256,26,23091900,6356992,1
sample,int,hole-reversed,clipping,8,2,5,256,26,23545700,6356992,1
sample,int,hole-reversed,clipping,8,2,6,256,26,24158200,6356992,1
summary,int,hole-reversed,clipping,89532.422,90935.156,94367.969
sample,int,rational-crossing,relationship,3,1,0,16384,1639,33646700,0,0
sample,int,rational-crossing,relationship,3,1,1,16384,1639,33244500,0,0
sample,int,rational-crossing,relationship,3,1,2,16384,1639,33772300,0,0
sample,int,rational-crossing,relationship,3,1,3,16384,1639,34155200,0,0
sample,int,rational-crossing,relationship,3,1,4,16384,1639,34598600,0,0
sample,int,rational-crossing,relationship,3,1,5,16384,1639,36715900,0,0
sample,int,rational-crossing,relationship,3,1,6,16384,1639,37910600,0,0
summary,int,rational-crossing,relationship,2029.083,2084.668,2313.879
sample,int,rational-crossing,clipping,3,1,0,512,52,20588500,8478720,2
sample,int,rational-crossing,clipping,3,1,1,512,52,20895000,8478720,2
sample,int,rational-crossing,clipping,3,1,2,512,52,21395400,8478720,2
sample,int,rational-crossing,clipping,3,1,3,512,52,19832500,8478720,2
sample,int,rational-crossing,clipping,3,1,4,512,52,20043200,8478720,2
sample,int,rational-crossing,clipping,3,1,5,512,52,19847400,8478720,2
sample,int,rational-crossing,clipping,3,1,6,512,52,19766900,8478720,2
summary,int,rational-crossing,clipping,38607.227,39146.875,41787.891
sample,int,sparse-1,relationship,4,1,0,8192,820,24423600,0,0
sample,int,sparse-1,relationship,4,1,1,8192,820,24602700,0,0
sample,int,sparse-1,relationship,4,1,2,8192,820,25171300,0,0
sample,int,sparse-1,relationship,4,1,3,8192,820,24687800,0,0
sample,int,sparse-1,relationship,4,1,4,8192,820,24357400,0,0
sample,int,sparse-1,relationship,4,1,5,8192,820,24167900,0,0
sample,int,sparse-1,relationship,4,1,6,8192,820,24434200,0,0
summary,int,sparse-1,relationship,2950.183,2982.690,3072.668
sample,int,sparse-1,clipping,4,1,0,512,52,22479300,8478720,2
sample,int,sparse-1,clipping,4,1,1,512,52,21638900,8478720,2
sample,int,sparse-1,clipping,4,1,2,512,52,20611500,8478720,2
sample,int,sparse-1,clipping,4,1,3,512,52,20716800,8478720,2
sample,int,sparse-1,clipping,4,1,4,512,52,20566600,8478720,2
sample,int,sparse-1,clipping,4,1,5,512,52,20769500,8478720,2
sample,int,sparse-1,clipping,4,1,6,512,52,20544900,8478720,2
summary,int,sparse-1,clipping,40126.758,40462.500,43904.883
sample,int,sparse-4,relationship,16,1,0,2048,205,31145400,0,0
sample,int,sparse-4,relationship,16,1,1,2048,205,29644700,0,0
sample,int,sparse-4,relationship,16,1,2,2048,205,28510700,0,0
sample,int,sparse-4,relationship,16,1,3,2048,205,28527500,0,0
sample,int,sparse-4,relationship,16,1,4,2048,205,28295800,0,0
sample,int,sparse-4,relationship,16,1,5,2048,205,27623900,0,0
sample,int,sparse-4,relationship,16,1,6,2048,205,28021500,0,0
summary,int,sparse-4,relationship,13488.232,13921.240,15207.715
sample,int,sparse-4,clipping,16,1,0,512,52,30389300,8478720,2
sample,int,sparse-4,clipping,16,1,1,512,52,40610800,8478720,2
sample,int,sparse-4,clipping,16,1,2,512,52,29021600,8478720,2
sample,int,sparse-4,clipping,16,1,3,512,52,28895300,8478720,2
sample,int,sparse-4,clipping,16,1,4,512,52,28086400,8478720,2
sample,int,sparse-4,clipping,16,1,5,512,52,29070100,8478720,2
sample,int,sparse-4,clipping,16,1,6,512,52,26839200,8478720,2
summary,int,sparse-4,clipping,52420.312,56682.812,79317.969
sample,int,sparse-16,relationship,64,1,0,512,52,28278700,0,0
sample,int,sparse-16,relationship,64,1,1,512,52,28677100,0,0
sample,int,sparse-16,relationship,64,1,2,512,52,29194900,0,0
sample,int,sparse-16,relationship,64,1,3,512,52,29623000,0,0
sample,int,sparse-16,relationship,64,1,4,512,52,29345300,0,0
sample,int,sparse-16,relationship,64,1,5,512,52,28474700,0,0
sample,int,sparse-16,relationship,64,1,6,512,52,28628000,0,0
summary,int,sparse-16,relationship,55231.836,56009.961,57857.422
sample,int,sparse-16,clipping,64,1,0,256,26,27448700,4239360,1
sample,int,sparse-16,clipping,64,1,1,256,26,27882400,4239360,1
sample,int,sparse-16,clipping,64,1,2,256,26,26756900,4239360,1
sample,int,sparse-16,clipping,64,1,3,256,26,26958400,4239360,1
sample,int,sparse-16,clipping,64,1,4,256,26,26873400,4239360,1
sample,int,sparse-16,clipping,64,1,5,256,26,26424500,4239360,1
sample,int,sparse-16,clipping,64,1,6,256,26,26878100,4239360,1
summary,int,sparse-16,clipping,103220.703,104992.578,108915.625
sample,int,sparse-64,relationship,256,1,0,128,13,29635900,0,0
sample,int,sparse-64,relationship,256,1,1,128,13,29504600,0,0
sample,int,sparse-64,relationship,256,1,2,128,13,29471500,0,0
sample,int,sparse-64,relationship,256,1,3,128,13,29263100,0,0
sample,int,sparse-64,relationship,256,1,4,128,13,28675000,0,0
sample,int,sparse-64,relationship,256,1,5,128,13,29567400,0,0
sample,int,sparse-64,relationship,256,1,6,128,13,29407900,0,0
summary,int,sparse-64,relationship,224023.438,230246.094,231530.469
sample,int,sparse-64,clipping,256,1,0,64,7,26049800,1059840,0
sample,int,sparse-64,clipping,256,1,1,64,7,23737100,1059840,0
sample,int,sparse-64,clipping,256,1,2,64,7,20035400,1059840,0
sample,int,sparse-64,clipping,256,1,3,64,7,19878500,1059840,0
sample,int,sparse-64,clipping,256,1,4,64,7,20041300,1059840,0
sample,int,sparse-64,clipping,256,1,5,64,7,20327200,1059840,0
sample,int,sparse-64,clipping,256,1,6,64,7,21682700,1059840,0
summary,int,sparse-64,clipping,310601.562,317612.500,407028.125
sample,int,dense-1,relationship,4,1,0,8192,820,24235800,0,0
sample,int,dense-1,relationship,4,1,1,8192,820,24624300,0,0
sample,int,dense-1,relationship,4,1,2,8192,820,24124600,0,0
sample,int,dense-1,relationship,4,1,3,8192,820,24323800,0,0
sample,int,dense-1,relationship,4,1,4,8192,820,24824500,0,0
sample,int,dense-1,relationship,4,1,5,8192,820,30690400,0,0
sample,int,dense-1,relationship,4,1,6,8192,820,27629600,0,0
summary,int,dense-1,relationship,2944.897,3005.896,3746.387
sample,int,dense-1,clipping,4,1,0,512,52,22713700,8478720,2
sample,int,dense-1,clipping,4,1,1,512,52,20591900,8478720,2
sample,int,dense-1,clipping,4,1,2,512,52,20696500,8478720,2
sample,int,dense-1,clipping,4,1,3,512,52,20714400,8478720,2
sample,int,dense-1,clipping,4,1,4,512,52,22572800,8478720,2
sample,int,dense-1,clipping,4,1,5,512,52,20513700,8478720,2
sample,int,dense-1,clipping,4,1,6,512,52,20226800,8478720,2
summary,int,dense-1,clipping,39505.469,40422.852,44362.695
sample,int,dense-4,relationship,16,4,0,2048,205,37797600,0,0
sample,int,dense-4,relationship,16,4,1,2048,205,39080700,0,0
sample,int,dense-4,relationship,16,4,2,2048,205,37446500,0,0
sample,int,dense-4,relationship,16,4,3,2048,205,37401500,0,0
sample,int,dense-4,relationship,16,4,4,2048,205,37169500,0,0
sample,int,dense-4,relationship,16,4,5,2048,205,37071300,0,0
sample,int,dense-4,relationship,16,4,6,2048,205,37670600,0,0
summary,int,dense-4,relationship,18101.221,18284.424,19082.373
sample,int,dense-4,clipping,16,4,0,128,13,26848000,5294080,1
sample,int,dense-4,clipping,16,4,1,128,13,25957200,5294080,1
sample,int,dense-4,clipping,16,4,2,128,13,25969700,5294080,1
sample,int,dense-4,clipping,16,4,3,128,13,26680400,5294080,1
sample,int,dense-4,clipping,16,4,4,128,13,26356400,5294080,1
sample,int,dense-4,clipping,16,4,5,128,13,28211700,5294080,1
sample,int,dense-4,clipping,16,4,6,128,13,25937900,5294080,1
summary,int,dense-4,clipping,202639.844,205909.375,220403.906
sample,int,dense-16,relationship,64,16,0,256,26,20240300,0,0
sample,int,dense-16,relationship,64,16,1,256,26,20336600,0,0
sample,int,dense-16,relationship,64,16,2,256,26,20334400,0,0
sample,int,dense-16,relationship,64,16,3,256,26,20071000,0,0
sample,int,dense-16,relationship,64,16,4,256,26,20064500,0,0
sample,int,dense-16,relationship,64,16,5,256,26,21051800,0,0
sample,int,dense-16,relationship,64,16,6,256,26,21512800,0,0
summary,int,dense-16,relationship,78376.953,79431.250,84034.375
sample,int,dense-16,clipping,64,16,0,32,4,31237100,4640256,1
sample,int,dense-16,clipping,64,16,1,32,4,31358600,4640256,1
sample,int,dense-16,clipping,64,16,2,32,4,32369700,4640256,1
sample,int,dense-16,clipping,64,16,3,32,4,34177000,4640256,1
sample,int,dense-16,clipping,64,16,4,32,4,31215900,4640256,1
sample,int,dense-16,clipping,64,16,5,32,4,31258600,4640256,1
sample,int,dense-16,clipping,64,16,6,32,4,31147000,4640256,1
summary,int,dense-16,clipping,973343.750,976831.250,1068031.250
sample,int,dense-64,relationship,256,64,0,64,7,20712600,0,0
sample,int,dense-64,relationship,256,64,1,64,7,21133300,0,0
sample,int,dense-64,relationship,256,64,2,64,7,21983000,0,0
sample,int,dense-64,relationship,256,64,3,64,7,20804400,0,0
sample,int,dense-64,relationship,256,64,4,64,7,20656300,0,0
sample,int,dense-64,relationship,256,64,5,64,7,21248500,0,0
sample,int,dense-64,relationship,256,64,6,64,7,25074300,0,0
summary,int,dense-64,relationship,322754.688,330207.812,391785.938
sample,int,dense-64,clipping,256,64,0,8,1,38636400,4448256,1
sample,int,dense-64,clipping,256,64,1,8,1,40605100,4448256,1
sample,int,dense-64,clipping,256,64,2,8,1,37957100,4448256,1
sample,int,dense-64,clipping,256,64,3,8,1,36578700,4448256,1
sample,int,dense-64,clipping,256,64,4,8,1,37900100,4448256,1
sample,int,dense-64,clipping,256,64,5,8,1,37867400,4448256,1
sample,int,dense-64,clipping,256,64,6,8,1,36586200,4448256,1
summary,int,dense-64,clipping,4572337.500,4737512.500,5075637.500
sample,int,wide-integral,relationship,4,1,0,8192,820,24382100,0,0
sample,int,wide-integral,relationship,4,1,1,8192,820,24212100,0,0
sample,int,wide-integral,relationship,4,1,2,8192,820,24641500,0,0
sample,int,wide-integral,relationship,4,1,3,8192,820,25247600,0,0
sample,int,wide-integral,relationship,4,1,4,8192,820,25301200,0,0
sample,int,wide-integral,relationship,4,1,5,8192,820,24544100,0,0
sample,int,wide-integral,relationship,4,1,6,8192,820,24532400,0,0
summary,int,wide-integral,relationship,2955.579,2996.106,3088.525
sample,int,wide-integral,clipping,4,1,0,512,52,21678800,8478720,2
sample,int,wide-integral,clipping,4,1,1,512,52,21561300,8478720,2
sample,int,wide-integral,clipping,4,1,2,512,52,21284000,8478720,2
sample,int,wide-integral,clipping,4,1,3,512,52,22740000,8478720,2
sample,int,wide-integral,clipping,4,1,4,512,52,21388600,8478720,2
sample,int,wide-integral,clipping,4,1,5,512,52,21115600,8478720,2
sample,int,wide-integral,clipping,4,1,6,512,52,21194000,8478720,2
summary,int,wide-integral,clipping,41241.406,41774.609,44414.062
fixture,long,exterior,4,1,success,0
fixture,long,interior,4,4,success,1
fixture,long,crossing,4,7,success,1
fixture,long,boundary-only,4,10,success,1
fixture,long,boundary-overlap,4,11,success,1
fixture,long,isolated-tangent,4,3,success,0
fixture,long,degenerate-interior,4,4,success,0
fixture,long,degenerate-boundary,4,2,success,0
fixture,long,empty,0,1,success,0
fixture,long,concave-u,8,7,success,2
fixture,long,hole,8,7,success,2
fixture,long,hole-reversed,8,7,success,2
fixture,long,rational-crossing,3,7,success,1
fixture,long,sparse-1,4,7,success,1
fixture,long,sparse-4,16,7,success,1
fixture,long,sparse-16,64,7,success,1
fixture,long,sparse-64,256,7,success,1
fixture,long,dense-1,4,7,success,1
fixture,long,dense-4,16,7,success,4
fixture,long,dense-16,64,7,success,16
fixture,long,dense-64,256,7,success,64
fixture,long,wide-integral,4,7,success,1
fixture,long,endpoint-collapse,4,6,unrepresentableConstruction,0
fixture,long,gap-collapse,8,7,unrepresentableConstruction,0
preflight,long,24,PASS
sample,long,exterior,relationship,4,0,0,8192,820,25319500,0,0
sample,long,exterior,relationship,4,0,1,8192,820,25231200,0,0
sample,long,exterior,relationship,4,0,2,8192,820,25312900,0,0
sample,long,exterior,relationship,4,0,3,8192,820,24734900,0,0
sample,long,exterior,relationship,4,0,4,8192,820,24675200,0,0
sample,long,exterior,relationship,4,0,5,8192,820,24732400,0,0
sample,long,exterior,relationship,4,0,6,8192,820,24676500,0,0
summary,long,exterior,relationship,3012.109,3019.397,3090.759
sample,long,exterior,clipping,4,0,0,4096,410,31502800,33947648,8
sample,long,exterior,clipping,4,0,1,4096,410,29687500,33947648,8
sample,long,exterior,clipping,4,0,2,4096,410,29926400,33947648,8
sample,long,exterior,clipping,4,0,3,4096,410,29850600,33947648,8
sample,long,exterior,clipping,4,0,4,4096,410,29245700,33947648,8
sample,long,exterior,clipping,4,0,5,4096,410,29603700,33947648,8
sample,long,exterior,clipping,4,0,6,4096,410,29830900,33947648,8
summary,long,exterior,clipping,7140.063,7282.935,7691.113
sample,long,interior,relationship,4,1,0,8192,820,24344500,0,0
sample,long,interior,relationship,4,1,1,8192,820,24543000,0,0
sample,long,interior,relationship,4,1,2,8192,820,24338200,0,0
sample,long,interior,relationship,4,1,3,8192,820,24867400,0,0
sample,long,interior,relationship,4,1,4,8192,820,24418800,0,0
sample,long,interior,relationship,4,1,5,8192,820,25238200,0,0
sample,long,interior,relationship,4,1,6,8192,820,25960300,0,0
summary,long,interior,relationship,2970.972,2995.972,3168.982
sample,long,interior,clipping,4,1,0,2048,205,33508600,17072128,4
sample,long,interior,clipping,4,1,1,2048,205,33938600,17072128,4
sample,long,interior,clipping,4,1,2,2048,205,34365200,17072128,4
sample,long,interior,clipping,4,1,3,2048,205,35362000,17072128,4
sample,long,interior,clipping,4,1,4,2048,205,33527100,17072128,4
sample,long,interior,clipping,4,1,5,2048,205,33592000,17072128,4
sample,long,interior,clipping,4,1,6,2048,205,33427200,17072128,4
summary,long,interior,clipping,16321.875,16402.344,17266.602
sample,long,crossing,relationship,4,1,0,8192,820,25621900,0,0
sample,long,crossing,relationship,4,1,1,8192,820,25720800,0,0
sample,long,crossing,relationship,4,1,2,8192,820,24413400,0,0
sample,long,crossing,relationship,4,1,3,8192,820,24691800,0,0
sample,long,crossing,relationship,4,1,4,8192,820,24672900,0,0
sample,long,crossing,relationship,4,1,5,8192,820,24542600,0,0
sample,long,crossing,relationship,4,1,6,8192,820,24552700,0,0
summary,long,crossing,relationship,2980.151,3011.829,3139.746
sample,long,crossing,clipping,4,1,0,512,52,21017400,8478720,2
sample,long,crossing,clipping,4,1,1,512,52,20645600,8478720,2
sample,long,crossing,clipping,4,1,2,512,52,21098500,8478720,2
sample,long,crossing,clipping,4,1,3,512,52,20872800,8478720,2
sample,long,crossing,clipping,4,1,4,512,52,20668000,8478720,2
sample,long,crossing,clipping,4,1,5,512,52,29804300,8478720,2
sample,long,crossing,clipping,4,1,6,512,52,19666100,8478720,2
summary,long,crossing,clipping,38410.352,40767.188,58211.523
sample,long,boundary-only,relationship,4,1,0,8192,820,32819400,0,0
sample,long,boundary-only,relationship,4,1,1,8192,820,35844300,0,0
sample,long,boundary-only,relationship,4,1,2,8192,820,33502200,0,0
sample,long,boundary-only,relationship,4,1,3,8192,820,32917900,0,0
sample,long,boundary-only,relationship,4,1,4,8192,820,33267500,0,0
sample,long,boundary-only,relationship,4,1,5,8192,820,34093100,0,0
sample,long,boundary-only,relationship,4,1,6,8192,820,33146300,0,0
summary,long,boundary-only,relationship,4006.274,4060.974,4375.525
sample,long,boundary-only,clipping,4,1,0,1024,103,27446100,21118976,5
sample,long,boundary-only,clipping,4,1,1,1024,103,26337900,21118976,5
sample,long,boundary-only,clipping,4,1,2,1024,103,26547300,21118976,5
sample,long,boundary-only,clipping,4,1,3,1024,103,27177600,21118976,5
sample,long,boundary-only,clipping,4,1,4,1024,103,26405800,21118976,5
sample,long,boundary-only,clipping,4,1,5,1024,103,28116200,21118976,5
sample,long,boundary-only,clipping,4,1,6,1024,103,26341900,21118976,5
summary,long,boundary-only,clipping,25720.605,25925.098,27457.227
sample,long,boundary-overlap,relationship,4,1,0,4096,410,21220100,0,0
sample,long,boundary-overlap,relationship,4,1,1,4096,410,21656400,0,0
sample,long,boundary-overlap,relationship,4,1,2,4096,410,22630600,0,0
sample,long,boundary-overlap,relationship,4,1,3,4096,410,21057100,0,0
sample,long,boundary-overlap,relationship,4,1,4,4096,410,21592900,0,0
sample,long,boundary-overlap,relationship,4,1,5,4096,410,21291700,0,0
sample,long,boundary-overlap,relationship,4,1,6,4096,410,21247200,0,0
summary,long,boundary-overlap,relationship,5140.894,5198.169,5525.049
sample,long,boundary-overlap,clipping,4,1,0,1024,103,27587500,21151744,5
sample,long,boundary-overlap,clipping,4,1,1,1024,103,30180700,21151744,5
sample,long,boundary-overlap,clipping,4,1,2,1024,103,28099500,21151744,5
sample,long,boundary-overlap,clipping,4,1,3,1024,103,28048500,21151744,5
sample,long,boundary-overlap,clipping,4,1,4,1024,103,28457800,21151744,5
sample,long,boundary-overlap,clipping,4,1,5,1024,103,37701300,21151744,5
sample,long,boundary-overlap,clipping,4,1,6,1024,103,27696600,21151744,5
summary,long,boundary-overlap,clipping,26940.918,27440.918,36817.676
sample,long,isolated-tangent,relationship,4,0,0,8192,820,37774300,0,0
sample,long,isolated-tangent,relationship,4,0,1,8192,820,38223600,0,0
sample,long,isolated-tangent,relationship,4,0,2,8192,820,38201900,0,0
sample,long,isolated-tangent,relationship,4,0,3,8192,820,38528100,0,0
sample,long,isolated-tangent,relationship,4,0,4,8192,820,38964300,0,0
sample,long,isolated-tangent,relationship,4,0,5,8192,820,38000500,0,0
sample,long,isolated-tangent,relationship,4,0,6,8192,820,54009500,0,0
summary,long,isolated-tangent,relationship,4611.121,4665.967,6592.957
sample,long,isolated-tangent,clipping,4,0,0,2048,205,28591900,33751040,8
sample,long,isolated-tangent,clipping,4,0,1,2048,205,27100200,33751040,8
sample,long,isolated-tangent,clipping,4,0,2,2048,205,27337400,33751040,8
sample,long,isolated-tangent,clipping,4,0,3,2048,205,27243500,33751040,8
sample,long,isolated-tangent,clipping,4,0,4,2048,205,26378600,33751040,8
sample,long,isolated-tangent,clipping,4,0,5,2048,205,26065600,33751040,8
sample,long,isolated-tangent,clipping,4,0,6,2048,205,25954200,33751040,8
summary,long,isolated-tangent,clipping,12672.949,13232.520,13960.889
sample,long,degenerate-interior,relationship,4,0,0,65536,6554,7908800,0,0
sample,long,degenerate-interior,relationship,4,0,1,65536,6554,6712900,0,0
sample,long,degenerate-interior,relationship,4,0,2,65536,6554,6936600,0,0
sample,long,degenerate-interior,relationship,4,0,3,65536,6554,6839100,0,0
sample,long,degenerate-interior,relationship,4,0,4,65536,6554,6838500,0,0
sample,long,degenerate-interior,relationship,4,0,5,65536,6554,6984300,0,0
sample,long,degenerate-interior,relationship,4,0,6,65536,6554,6839200,0,0
summary,long,degenerate-interior,relationship,102.431,104.358,120.679
sample,long,degenerate-interior,clipping,4,0,0,65536,6554,2170600,0,0
sample,long,degenerate-interior,clipping,4,0,1,65536,6554,2213000,0,0
sample,long,degenerate-interior,clipping,4,0,2,65536,6554,2301100,0,0
sample,long,degenerate-interior,clipping,4,0,3,65536,6554,2181700,0,0
sample,long,degenerate-interior,clipping,4,0,4,65536,6554,2194000,0,0
sample,long,degenerate-interior,clipping,4,0,5,65536,6554,2180200,0,0
sample,long,degenerate-interior,clipping,4,0,6,65536,6554,2410300,0,0
summary,long,degenerate-interior,clipping,33.121,33.478,36.778
sample,long,degenerate-boundary,relationship,4,0,0,65536,6554,7075300,0,0
sample,long,degenerate-boundary,relationship,4,0,1,65536,6554,6815800,0,0
sample,long,degenerate-boundary,relationship,4,0,2,65536,6554,7031400,0,0
sample,long,degenerate-boundary,relationship,4,0,3,65536,6554,6813200,0,0
sample,long,degenerate-boundary,relationship,4,0,4,65536,6554,6932800,0,0
sample,long,degenerate-boundary,relationship,4,0,5,65536,6554,6751900,0,0
sample,long,degenerate-boundary,relationship,4,0,6,65536,6554,6659400,0,0
summary,long,degenerate-boundary,relationship,101.614,104.001,107.961
sample,long,degenerate-boundary,clipping,4,0,0,65536,6554,2126900,0,0
sample,long,degenerate-boundary,clipping,4,0,1,65536,6554,2126400,0,0
sample,long,degenerate-boundary,clipping,4,0,2,65536,6554,2126400,0,0
sample,long,degenerate-boundary,clipping,4,0,3,65536,6554,2133800,0,0
sample,long,degenerate-boundary,clipping,4,0,4,65536,6554,2130700,0,0
sample,long,degenerate-boundary,clipping,4,0,5,65536,6554,2124800,0,0
sample,long,degenerate-boundary,clipping,4,0,6,65536,6554,2262500,0,0
summary,long,degenerate-boundary,clipping,32.422,32.454,34.523
sample,long,empty,relationship,0,0,0,65536,6554,1990700,0,0
sample,long,empty,relationship,0,0,1,65536,6554,1987900,0,0
sample,long,empty,relationship,0,0,2,65536,6554,1987100,0,0
sample,long,empty,relationship,0,0,3,65536,6554,1983900,0,0
sample,long,empty,relationship,0,0,4,65536,6554,2163400,0,0
sample,long,empty,relationship,0,0,5,65536,6554,1987600,0,0
sample,long,empty,relationship,0,0,6,65536,6554,1987100,0,0
summary,long,empty,relationship,30.272,30.328,33.011
sample,long,empty,clipping,0,0,0,65536,6554,1933400,0,0
sample,long,empty,clipping,0,0,1,65536,6554,1901400,0,0
sample,long,empty,clipping,0,0,2,65536,6554,1959700,0,0
sample,long,empty,clipping,0,0,3,65536,6554,2065700,0,0
sample,long,empty,clipping,0,0,4,65536,6554,2294100,0,0
sample,long,empty,clipping,0,0,5,65536,6554,1957200,0,0
sample,long,empty,clipping,0,0,6,65536,6554,1967000,0,0
summary,long,empty,clipping,29.013,29.903,35.005
sample,long,concave-u,relationship,8,2,0,4096,410,33429400,0,0
sample,long,concave-u,relationship,8,2,1,4096,410,33417200,0,0
sample,long,concave-u,relationship,8,2,2,4096,410,43011500,0,0
sample,long,concave-u,relationship,8,2,3,4096,410,36018300,0,0
sample,long,concave-u,relationship,8,2,4,4096,410,35351200,0,0
sample,long,concave-u,relationship,8,2,5,4096,410,38646400,0,0
sample,long,concave-u,relationship,8,2,6,4096,410,38737900,0,0
summary,long,concave-u,relationship,8158.496,8793.530,10500.854
sample,long,concave-u,clipping,8,2,0,256,26,24363200,6356992,1
sample,long,concave-u,clipping,8,2,1,256,26,24704100,6356992,1
sample,long,concave-u,clipping,8,2,2,256,26,23891500,6356992,1
sample,long,concave-u,clipping,8,2,3,256,26,23820700,6356992,1
sample,long,concave-u,clipping,8,2,4,256,26,24091800,6356992,1
sample,long,concave-u,clipping,8,2,5,256,26,23567600,6356992,1
sample,long,concave-u,clipping,8,2,6,256,26,23516300,6356992,1
summary,long,concave-u,clipping,91860.547,93326.172,96500.391
sample,long,hole,relationship,8,2,0,4096,410,35122500,0,0
sample,long,hole,relationship,8,2,1,4096,410,34213000,0,0
sample,long,hole,relationship,8,2,2,4096,410,33785400,0,0
sample,long,hole,relationship,8,2,3,4096,410,33299200,0,0
sample,long,hole,relationship,8,2,4,4096,410,33949500,0,0
sample,long,hole,relationship,8,2,5,4096,410,34303500,0,0
sample,long,hole,relationship,8,2,6,4096,410,33248400,0,0
summary,long,hole,relationship,8117.285,8288.452,8574.829
sample,long,hole,clipping,8,2,0,256,26,23059700,6356992,1
sample,long,hole,clipping,8,2,1,256,26,23275500,6356992,1
sample,long,hole,clipping,8,2,2,256,26,23660300,6356992,1
sample,long,hole,clipping,8,2,3,256,26,26102500,6356992,1
sample,long,hole,clipping,8,2,4,256,26,23509600,6356992,1
sample,long,hole,clipping,8,2,5,256,26,23826500,6356992,1
sample,long,hole,clipping,8,2,6,256,26,23738400,6356992,1
summary,long,hole,clipping,90076.953,92423.047,101962.891
sample,long,hole-reversed,relationship,8,2,0,4096,410,37210400,0,0
sample,long,hole-reversed,relationship,8,2,1,4096,410,34419200,0,0
sample,long,hole-reversed,relationship,8,2,2,4096,410,33335700,0,0
sample,long,hole-reversed,relationship,8,2,3,4096,410,33429000,0,0
sample,long,hole-reversed,relationship,8,2,4,4096,410,33412000,0,0
sample,long,hole-reversed,relationship,8,2,5,4096,410,35588400,0,0
sample,long,hole-reversed,relationship,8,2,6,4096,410,34507300,0,0
summary,long,hole-reversed,relationship,8138.599,8403.125,9084.570
sample,long,hole-reversed,clipping,8,2,0,256,26,23709000,6356992,1
sample,long,hole-reversed,clipping,8,2,1,256,26,24197800,6356992,1
sample,long,hole-reversed,clipping,8,2,2,256,26,23450300,6356992,1
sample,long,hole-reversed,clipping,8,2,3,256,26,22986100,6356992,1
sample,long,hole-reversed,clipping,8,2,4,256,26,23498000,6356992,1
sample,long,hole-reversed,clipping,8,2,5,256,26,23809600,6356992,1
sample,long,hole-reversed,clipping,8,2,6,256,26,26146200,6356992,1
summary,long,hole-reversed,clipping,89789.453,92613.281,102133.594
sample,long,rational-crossing,relationship,3,1,0,16384,1639,34143800,0,0
sample,long,rational-crossing,relationship,3,1,1,16384,1639,35487500,0,0
sample,long,rational-crossing,relationship,3,1,2,16384,1639,34659700,0,0
sample,long,rational-crossing,relationship,3,1,3,16384,1639,34949100,0,0
sample,long,rational-crossing,relationship,3,1,4,16384,1639,34162600,0,0
sample,long,rational-crossing,relationship,3,1,5,16384,1639,34805500,0,0
sample,long,rational-crossing,relationship,3,1,6,16384,1639,35049200,0,0
summary,long,rational-crossing,relationship,2083.972,2124.359,2165.985
sample,long,rational-crossing,clipping,3,1,0,512,52,22785400,8478720,2
sample,long,rational-crossing,clipping,3,1,1,512,52,20814500,8478720,2
sample,long,rational-crossing,clipping,3,1,2,512,52,20807500,8478720,2
sample,long,rational-crossing,clipping,3,1,3,512,52,21543600,8478720,2
sample,long,rational-crossing,clipping,3,1,4,512,52,21381600,8478720,2
sample,long,rational-crossing,clipping,3,1,5,512,52,20530300,8478720,2
sample,long,rational-crossing,clipping,3,1,6,512,52,20878100,8478720,2
summary,long,rational-crossing,clipping,40098.242,40777.539,44502.734
sample,long,sparse-1,relationship,4,1,0,8192,820,25521400,0,0
sample,long,sparse-1,relationship,4,1,1,8192,820,24477700,0,0
sample,long,sparse-1,relationship,4,1,2,8192,820,24595800,0,0
sample,long,sparse-1,relationship,4,1,3,8192,820,24729200,0,0
sample,long,sparse-1,relationship,4,1,4,8192,820,24582900,0,0
sample,long,sparse-1,relationship,4,1,5,8192,820,24734200,0,0
sample,long,sparse-1,relationship,4,1,6,8192,820,25075100,0,0
summary,long,sparse-1,relationship,2988.000,3018.701,3115.405
sample,long,sparse-1,clipping,4,1,0,512,52,20457600,8478720,2
sample,long,sparse-1,clipping,4,1,1,512,52,20374000,8478720,2
sample,long,sparse-1,clipping,4,1,2,512,52,20269800,8478720,2
sample,long,sparse-1,clipping,4,1,3,512,52,20649500,8478720,2
sample,long,sparse-1,clipping,4,1,4,512,52,20177200,8478720,2
sample,long,sparse-1,clipping,4,1,5,512,52,20275900,8478720,2
sample,long,sparse-1,clipping,4,1,6,512,52,20620900,8478720,2
summary,long,sparse-1,clipping,39408.594,39792.969,40331.055
sample,long,sparse-4,relationship,16,1,0,2048,205,28556900,0,0
sample,long,sparse-4,relationship,16,1,1,2048,205,28671600,0,0
sample,long,sparse-4,relationship,16,1,2,2048,205,29031800,0,0
sample,long,sparse-4,relationship,16,1,3,2048,205,27778900,0,0
sample,long,sparse-4,relationship,16,1,4,2048,205,28732600,0,0
sample,long,sparse-4,relationship,16,1,5,2048,205,29507900,0,0
sample,long,sparse-4,relationship,16,1,6,2048,205,29422700,0,0
summary,long,sparse-4,relationship,13563.916,14029.590,14408.154
sample,long,sparse-4,clipping,16,1,0,512,52,28003200,8478720,2
sample,long,sparse-4,clipping,16,1,1,512,52,27057500,8478720,2
sample,long,sparse-4,clipping,16,1,2,512,52,27002800,8478720,2
sample,long,sparse-4,clipping,16,1,3,512,52,28203800,8478720,2
sample,long,sparse-4,clipping,16,1,4,512,52,28791500,8478720,2
sample,long,sparse-4,clipping,16,1,5,512,52,27222200,8478720,2
sample,long,sparse-4,clipping,16,1,6,512,52,27512600,8478720,2
summary,long,sparse-4,clipping,52739.844,53735.547,56233.398
sample,long,sparse-16,relationship,64,1,0,512,52,28861300,0,0
sample,long,sparse-16,relationship,64,1,1,512,52,40643500,0,0
sample,long,sparse-16,relationship,64,1,2,512,52,28811800,0,0
sample,long,sparse-16,relationship,64,1,3,512,52,28873600,0,0
sample,long,sparse-16,relationship,64,1,4,512,52,28892400,0,0
sample,long,sparse-16,relationship,64,1,5,512,52,28917000,0,0
sample,long,sparse-16,relationship,64,1,6,512,52,29087000,0,0
summary,long,sparse-16,relationship,56273.047,56430.469,79381.836
sample,long,sparse-16,clipping,64,1,0,256,26,29781900,4239360,1
sample,long,sparse-16,clipping,64,1,1,256,26,28875400,4239360,1
sample,long,sparse-16,clipping,64,1,2,256,26,28058000,4239360,1
sample,long,sparse-16,clipping,64,1,3,256,26,27541100,4239360,1
sample,long,sparse-16,clipping,64,1,4,256,26,27552100,4239360,1
sample,long,sparse-16,clipping,64,1,5,256,26,27592400,4239360,1
sample,long,sparse-16,clipping,64,1,6,256,26,29356700,4239360,1
summary,long,sparse-16,clipping,107582.422,109601.562,116335.547
sample,long,sparse-64,relationship,256,1,0,128,13,29157800,0,0
sample,long,sparse-64,relationship,256,1,1,128,13,29025400,0,0
sample,long,sparse-64,relationship,256,1,2,128,13,28961200,0,0
sample,long,sparse-64,relationship,256,1,3,128,13,29736700,0,0
sample,long,sparse-64,relationship,256,1,4,128,13,30131200,0,0
sample,long,sparse-64,relationship,256,1,5,128,13,28850800,0,0
sample,long,sparse-64,relationship,256,1,6,128,13,28907900,0,0
summary,long,sparse-64,relationship,225396.875,226760.938,235400.000
sample,long,sparse-64,clipping,256,1,0,64,7,20457200,1059840,0
sample,long,sparse-64,clipping,256,1,1,64,7,20646500,1059840,0
sample,long,sparse-64,clipping,256,1,2,64,7,20634600,1059840,0
sample,long,sparse-64,clipping,256,1,3,64,7,22186800,1059840,0
sample,long,sparse-64,clipping,256,1,4,64,7,22233300,1059840,0
sample,long,sparse-64,clipping,256,1,5,64,7,20687800,1059840,0
sample,long,sparse-64,clipping,256,1,6,64,7,20598000,1059840,0
summary,long,sparse-64,clipping,319643.750,322601.562,347395.312
sample,long,dense-1,relationship,4,1,0,8192,820,24355300,0,0
sample,long,dense-1,relationship,4,1,1,8192,820,24746100,0,0
sample,long,dense-1,relationship,4,1,2,8192,820,25108500,0,0
sample,long,dense-1,relationship,4,1,3,8192,820,35640500,0,0
sample,long,dense-1,relationship,4,1,4,8192,820,25557400,0,0
sample,long,dense-1,relationship,4,1,5,8192,820,24771500,0,0
sample,long,dense-1,relationship,4,1,6,8192,820,25059400,0,0
summary,long,dense-1,relationship,2973.059,3059.009,4350.647
sample,long,dense-1,clipping,4,1,0,512,52,20521100,8478720,2
sample,long,dense-1,clipping,4,1,1,512,52,20891800,8478720,2
sample,long,dense-1,clipping,4,1,2,512,52,21452800,8478720,2
sample,long,dense-1,clipping,4,1,3,512,52,20289300,8478720,2
sample,long,dense-1,clipping,4,1,4,512,52,20650100,8478720,2
sample,long,dense-1,clipping,4,1,5,512,52,20289300,8478720,2
sample,long,dense-1,clipping,4,1,6,512,52,20384500,8478720,2
summary,long,dense-1,clipping,39627.539,40080.273,41900.000
sample,long,dense-4,relationship,16,4,0,2048,205,40215700,0,0
sample,long,dense-4,relationship,16,4,1,2048,205,38759100,0,0
sample,long,dense-4,relationship,16,4,2,2048,205,38709900,0,0
sample,long,dense-4,relationship,16,4,3,2048,205,37634400,0,0
sample,long,dense-4,relationship,16,4,4,2048,205,38341500,0,0
sample,long,dense-4,relationship,16,4,5,2048,205,39936400,0,0
sample,long,dense-4,relationship,16,4,6,2048,205,38419800,0,0
summary,long,dense-4,relationship,18376.172,18901.318,19636.572
sample,long,dense-4,clipping,16,4,0,128,13,25596300,5294080,1
sample,long,dense-4,clipping,16,4,1,128,13,25763200,5294080,1
sample,long,dense-4,clipping,16,4,2,128,13,25709600,5294080,1
sample,long,dense-4,clipping,16,4,3,128,13,28432700,5294080,1
sample,long,dense-4,clipping,16,4,4,128,13,25944500,5294080,1
sample,long,dense-4,clipping,16,4,5,128,13,25767300,5294080,1
sample,long,dense-4,clipping,16,4,6,128,13,25967100,5294080,1
summary,long,dense-4,clipping,199971.094,201307.031,222130.469
sample,long,dense-16,relationship,64,16,0,256,26,21259700,0,0
sample,long,dense-16,relationship,64,16,1,256,26,20838400,0,0
sample,long,dense-16,relationship,64,16,2,256,26,21449400,0,0
sample,long,dense-16,relationship,64,16,3,256,26,21766800,0,0
sample,long,dense-16,relationship,64,16,4,256,26,30430900,0,0
sample,long,dense-16,relationship,64,16,5,256,26,21010500,0,0
sample,long,dense-16,relationship,64,16,6,256,26,20854500,0,0
summary,long,dense-16,relationship,81400.000,83045.703,118870.703
sample,long,dense-16,clipping,64,16,0,32,4,31569900,4640256,1
sample,long,dense-16,clipping,64,16,1,32,4,32073900,4640256,1
sample,long,dense-16,clipping,64,16,2,32,4,31073000,4640256,1
sample,long,dense-16,clipping,64,16,3,32,4,30940400,4640256,1
sample,long,dense-16,clipping,64,16,4,32,4,31302000,4640256,1
sample,long,dense-16,clipping,64,16,5,32,4,31782600,4640256,1
sample,long,dense-16,clipping,64,16,6,32,4,39660100,4640256,1
summary,long,dense-16,clipping,966887.500,986559.375,1239378.125
sample,long,dense-64,relationship,256,64,0,64,7,21202700,0,0
sample,long,dense-64,relationship,256,64,1,64,7,21381500,0,0
sample,long,dense-64,relationship,256,64,2,64,7,21232700,0,0
sample,long,dense-64,relationship,256,64,3,64,7,21127200,0,0
sample,long,dense-64,relationship,256,64,4,64,7,20498600,0,0
sample,long,dense-64,relationship,256,64,5,64,7,21523100,0,0
sample,long,dense-64,relationship,256,64,6,64,7,21649600,0,0
summary,long,dense-64,relationship,320290.625,331760.938,338275.000
sample,long,dense-64,clipping,256,64,0,8,1,36556300,4448256,1
sample,long,dense-64,clipping,256,64,1,8,1,36247800,4448256,1
sample,long,dense-64,clipping,256,64,2,8,1,36527300,4448256,1
sample,long,dense-64,clipping,256,64,3,8,1,44726100,4448256,1
sample,long,dense-64,clipping,256,64,4,8,1,38492500,4448256,1
sample,long,dense-64,clipping,256,64,5,8,1,37882000,4448256,1
sample,long,dense-64,clipping,256,64,6,8,1,36902600,4448256,1
summary,long,dense-64,clipping,4530975.000,4612825.000,5590762.500
sample,long,wide-integral,relationship,4,1,0,8192,820,26260600,0,0
sample,long,wide-integral,relationship,4,1,1,8192,820,25488600,0,0
sample,long,wide-integral,relationship,4,1,2,8192,820,35059800,0,0
sample,long,wide-integral,relationship,4,1,3,8192,820,25731700,0,0
sample,long,wide-integral,relationship,4,1,4,8192,820,25180800,0,0
sample,long,wide-integral,relationship,4,1,5,8192,820,24682300,0,0
sample,long,wide-integral,relationship,4,1,6,8192,820,25826100,0,0
summary,long,wide-integral,relationship,3012.976,3141.077,4279.761
sample,long,wide-integral,clipping,4,1,0,512,52,22689100,8478720,2
sample,long,wide-integral,clipping,4,1,1,512,52,22675900,8478720,2
sample,long,wide-integral,clipping,4,1,2,512,52,22168600,8478720,2
sample,long,wide-integral,clipping,4,1,3,512,52,22421600,8478720,2
sample,long,wide-integral,clipping,4,1,4,512,52,21438500,8478720,2
sample,long,wide-integral,clipping,4,1,5,512,52,21559800,8478720,2
sample,long,wide-integral,clipping,4,1,6,512,52,22112800,8478720,2
summary,long,wide-integral,clipping,41872.070,43298.047,44314.648
sample,long,endpoint-collapse,relationship,4,0,0,8192,820,37385800,0,0
sample,long,endpoint-collapse,relationship,4,0,1,8192,820,36639300,0,0
sample,long,endpoint-collapse,relationship,4,0,2,8192,820,36337900,0,0
sample,long,endpoint-collapse,relationship,4,0,3,8192,820,37328100,0,0
sample,long,endpoint-collapse,relationship,4,0,4,8192,820,37306600,0,0
sample,long,endpoint-collapse,relationship,4,0,5,8192,820,36238400,0,0
sample,long,endpoint-collapse,relationship,4,0,6,8192,820,36523200,0,0
summary,long,endpoint-collapse,relationship,4423.633,4472.571,4563.696
sample,long,endpoint-collapse,clipping,4,0,0,1024,103,33510300,16924672,4
sample,long,endpoint-collapse,clipping,4,0,1,1024,103,31821800,16924672,4
sample,long,endpoint-collapse,clipping,4,0,2,1024,103,32104400,16924672,4
sample,long,endpoint-collapse,clipping,4,0,3,1024,103,31987900,16924672,4
sample,long,endpoint-collapse,clipping,4,0,4,1024,103,31091300,16924672,4
sample,long,endpoint-collapse,clipping,4,0,5,1024,103,32305700,16924672,4
sample,long,endpoint-collapse,clipping,4,0,6,1024,103,33018100,16924672,4
summary,long,endpoint-collapse,clipping,30362.598,31351.953,32724.902
sample,long,gap-collapse,relationship,8,0,0,4096,410,40524700,0,0
sample,long,gap-collapse,relationship,8,0,1,4096,410,41253000,0,0
sample,long,gap-collapse,relationship,8,0,2,4096,410,42715000,0,0
sample,long,gap-collapse,relationship,8,0,3,4096,410,41940000,0,0
sample,long,gap-collapse,relationship,8,0,4,4096,410,42159400,0,0
sample,long,gap-collapse,relationship,8,0,5,4096,410,40197200,0,0
sample,long,gap-collapse,relationship,8,0,6,4096,410,40014500,0,0
summary,long,gap-collapse,relationship,9769.165,10071.533,10428.467
sample,long,gap-collapse,clipping,8,0,0,256,26,21458400,6348800,1
sample,long,gap-collapse,clipping,8,0,1,256,26,21395700,6348800,1
sample,long,gap-collapse,clipping,8,0,2,256,26,21291600,6348800,1
sample,long,gap-collapse,clipping,8,0,3,256,26,21364300,6348800,1
sample,long,gap-collapse,clipping,8,0,4,256,26,21204600,6348800,1
sample,long,gap-collapse,clipping,8,0,5,256,26,21687600,6348800,1
sample,long,gap-collapse,clipping,8,0,6,256,26,21949700,6348800,1
summary,long,gap-collapse,clipping,82830.469,83576.953,85741.016
fixture,float,exterior,4,1,success,0
fixture,float,interior,4,4,success,1
fixture,float,crossing,4,7,success,1
fixture,float,boundary-only,4,10,success,1
fixture,float,boundary-overlap,4,11,success,1
fixture,float,isolated-tangent,4,3,success,0
fixture,float,degenerate-interior,4,4,success,0
fixture,float,degenerate-boundary,4,2,success,0
fixture,float,empty,0,1,success,0
fixture,float,concave-u,8,7,success,2
fixture,float,hole,8,7,success,2
fixture,float,hole-reversed,8,7,success,2
fixture,float,rational-crossing,3,7,success,1
fixture,float,sparse-1,4,7,success,1
fixture,float,sparse-4,16,7,success,1
fixture,float,sparse-16,64,7,success,1
fixture,float,sparse-64,256,7,success,1
fixture,float,dense-1,4,7,success,1
fixture,float,dense-4,16,7,success,4
fixture,float,dense-16,64,7,success,16
fixture,float,dense-64,256,7,success,64
fixture,float,subnormal,4,7,success,1
fixture,float,large-finite,4,7,success,1
preflight,float,23,PASS
sample,float,exterior,relationship,4,0,0,8192,820,23264500,0,0
sample,float,exterior,relationship,4,0,1,8192,820,23065100,0,0
sample,float,exterior,relationship,4,0,2,8192,820,22997400,0,0
sample,float,exterior,relationship,4,0,3,8192,820,22648800,0,0
sample,float,exterior,relationship,4,0,4,8192,820,23341200,0,0
sample,float,exterior,relationship,4,0,5,8192,820,24717500,0,0
sample,float,exterior,relationship,4,0,6,8192,820,24297300,0,0
summary,float,exterior,relationship,2764.746,2839.905,3017.273
sample,float,exterior,clipping,4,0,0,4096,410,28246500,33947648,8
sample,float,exterior,clipping,4,0,1,4096,410,28227000,33947648,8
sample,float,exterior,clipping,4,0,2,4096,410,27826200,33947648,8
sample,float,exterior,clipping,4,0,3,4096,410,27749800,33947648,8
sample,float,exterior,clipping,4,0,4,4096,410,28664200,33947648,8
sample,float,exterior,clipping,4,0,5,4096,410,26923700,33947648,8
sample,float,exterior,clipping,4,0,6,4096,410,30200200,33947648,8
summary,float,exterior,clipping,6573.169,6891.357,7373.096
sample,float,interior,relationship,4,1,0,8192,820,22920000,0,0
sample,float,interior,relationship,4,1,1,8192,820,23057500,0,0
sample,float,interior,relationship,4,1,2,8192,820,23270100,0,0
sample,float,interior,relationship,4,1,3,8192,820,23849700,0,0
sample,float,interior,relationship,4,1,4,8192,820,23363700,0,0
sample,float,interior,relationship,4,1,5,8192,820,23840000,0,0
sample,float,interior,relationship,4,1,6,8192,820,23247100,0,0
summary,float,interior,relationship,2797.852,2840.588,2911.340
sample,float,interior,clipping,4,1,0,2048,205,34531400,17072128,4
sample,float,interior,clipping,4,1,1,2048,205,34318000,17072128,4
sample,float,interior,clipping,4,1,2,2048,205,33641400,17072128,4
sample,float,interior,clipping,4,1,3,2048,205,33753100,17072128,4
sample,float,interior,clipping,4,1,4,2048,205,33449000,17072128,4
sample,float,interior,clipping,4,1,5,2048,205,34607000,17072128,4
sample,float,interior,clipping,4,1,6,2048,205,32941000,17072128,4
summary,float,interior,clipping,16084.473,16481.006,16897.949
sample,float,crossing,relationship,4,1,0,8192,820,22751100,0,0
sample,float,crossing,relationship,4,1,1,8192,820,23035000,0,0
sample,float,crossing,relationship,4,1,2,8192,820,22998500,0,0
sample,float,crossing,relationship,4,1,3,8192,820,22708200,0,0
sample,float,crossing,relationship,4,1,4,8192,820,22899500,0,0
sample,float,crossing,relationship,4,1,5,8192,820,22999100,0,0
sample,float,crossing,relationship,4,1,6,8192,820,24013100,0,0
summary,float,crossing,relationship,2771.997,2807.434,2931.287
sample,float,crossing,clipping,4,1,0,512,52,21324400,8478720,2
sample,float,crossing,clipping,4,1,1,512,52,22623000,8478720,2
sample,float,crossing,clipping,4,1,2,512,52,21695200,8478720,2
sample,float,crossing,clipping,4,1,3,512,52,21859700,8478720,2
sample,float,crossing,clipping,4,1,4,512,52,21607800,8478720,2
sample,float,crossing,clipping,4,1,5,512,52,21949700,8478720,2
sample,float,crossing,clipping,4,1,6,512,52,22629900,8478720,2
summary,float,crossing,clipping,41649.219,42694.727,44199.023
sample,float,boundary-only,relationship,4,1,0,8192,820,36976200,0,0
sample,float,boundary-only,relationship,4,1,1,8192,820,26249500,0,0
sample,float,boundary-only,relationship,4,1,2,8192,820,26757800,0,0
sample,float,boundary-only,relationship,4,1,3,8192,820,26689600,0,0
sample,float,boundary-only,relationship,4,1,4,8192,820,30742700,0,0
sample,float,boundary-only,relationship,4,1,5,8192,820,29101100,0,0
sample,float,boundary-only,relationship,4,1,6,8192,820,26295000,0,0
summary,float,boundary-only,relationship,3204.285,3266.333,4513.696
sample,float,boundary-only,clipping,4,1,0,1024,103,30584200,21118976,5
sample,float,boundary-only,clipping,4,1,1,1024,103,33002300,21118976,5
sample,float,boundary-only,clipping,4,1,2,1024,103,31285700,21118976,5
sample,float,boundary-only,clipping,4,1,3,1024,103,32114000,21118976,5
sample,float,boundary-only,clipping,4,1,4,1024,103,31498800,21118976,5
sample,float,boundary-only,clipping,4,1,5,1024,103,33159900,21118976,5
sample,float,boundary-only,clipping,4,1,6,1024,103,33137400,21118976,5
summary,float,boundary-only,clipping,29867.383,31361.328,32382.715
sample,float,boundary-overlap,relationship,4,1,0,8192,820,35919400,0,0
sample,float,boundary-overlap,relationship,4,1,1,8192,820,37958000,0,0
sample,float,boundary-overlap,relationship,4,1,2,8192,820,52610100,0,0
sample,float,boundary-overlap,relationship,4,1,3,8192,820,46251900,0,0
sample,float,boundary-overlap,relationship,4,1,4,8192,820,40025000,0,0
sample,float,boundary-overlap,relationship,4,1,5,8192,820,40694500,0,0
sample,float,boundary-overlap,relationship,4,1,6,8192,820,39604800,0,0
summary,float,boundary-overlap,relationship,4384.692,4885.864,6422.131
sample,float,boundary-overlap,clipping,4,1,0,1024,103,31894900,21151744,5
sample,float,boundary-overlap,clipping,4,1,1,1024,103,30453800,21151744,5
sample,float,boundary-overlap,clipping,4,1,2,1024,103,34103700,21151744,5
sample,float,boundary-overlap,clipping,4,1,3,1024,103,42589500,21151744,5
sample,float,boundary-overlap,clipping,4,1,4,1024,103,29696400,21151744,5
sample,float,boundary-overlap,clipping,4,1,5,1024,103,31841100,21151744,5
sample,float,boundary-overlap,clipping,4,1,6,1024,103,29629400,21151744,5
summary,float,boundary-overlap,clipping,28934.961,31094.824,41591.309
sample,float,isolated-tangent,relationship,4,0,0,4096,410,21520300,0,0
sample,float,isolated-tangent,relationship,4,0,1,4096,410,23851200,0,0
sample,float,isolated-tangent,relationship,4,0,2,4096,410,21154600,0,0
sample,float,isolated-tangent,relationship,4,0,3,4096,410,22868400,0,0
sample,float,isolated-tangent,relationship,4,0,4,4096,410,22211800,0,0
sample,float,isolated-tangent,relationship,4,0,5,4096,410,23477200,0,0
sample,float,isolated-tangent,relationship,4,0,6,4096,410,23351200,0,0
summary,float,isolated-tangent,relationship,5164.697,5583.105,5823.047
sample,float,isolated-tangent,clipping,4,0,0,2048,205,35709000,33751040,8
sample,float,isolated-tangent,clipping,4,0,1,2048,205,35156800,33751040,8
sample,float,isolated-tangent,clipping,4,0,2,2048,205,37347500,33751040,8
sample,float,isolated-tangent,clipping,4,0,3,2048,205,34745700,33751040,8
sample,float,isolated-tangent,clipping,4,0,4,2048,205,40917200,33751040,8
sample,float,isolated-tangent,clipping,4,0,5,2048,205,38696200,33751040,8
sample,float,isolated-tangent,clipping,4,0,6,2048,205,35089900,33751040,8
summary,float,isolated-tangent,clipping,16965.674,17436.035,19979.102
sample,float,degenerate-interior,relationship,4,0,0,65536,6554,5838100,0,0
sample,float,degenerate-interior,relationship,4,0,1,65536,6554,5205100,0,0
sample,float,degenerate-interior,relationship,4,0,2,65536,6554,5642300,0,0
sample,float,degenerate-interior,relationship,4,0,3,65536,6554,5584100,0,0
sample,float,degenerate-interior,relationship,4,0,4,65536,6554,8503000,0,0
sample,float,degenerate-interior,relationship,4,0,5,65536,6554,5238800,0,0
sample,float,degenerate-interior,relationship,4,0,6,65536,6554,5181100,0,0
summary,float,degenerate-interior,relationship,79.057,85.207,129.745
sample,float,degenerate-interior,clipping,4,0,0,65536,6554,745200,0,0
sample,float,degenerate-interior,clipping,4,0,1,65536,6554,786200,0,0
sample,float,degenerate-interior,clipping,4,0,2,65536,6554,745900,0,0
sample,float,degenerate-interior,clipping,4,0,3,65536,6554,845900,0,0
sample,float,degenerate-interior,clipping,4,0,4,65536,6554,799900,0,0
sample,float,degenerate-interior,clipping,4,0,5,65536,6554,791500,0,0
sample,float,degenerate-interior,clipping,4,0,6,65536,6554,743700,0,0
summary,float,degenerate-interior,clipping,11.348,11.996,12.907
sample,float,degenerate-boundary,relationship,4,0,0,65536,6554,6933600,0,0
sample,float,degenerate-boundary,relationship,4,0,1,65536,6554,5615500,0,0
sample,float,degenerate-boundary,relationship,4,0,2,65536,6554,6024300,0,0
sample,float,degenerate-boundary,relationship,4,0,3,65536,6554,5538300,0,0
sample,float,degenerate-boundary,relationship,4,0,4,65536,6554,5871700,0,0
sample,float,degenerate-boundary,relationship,4,0,5,65536,6554,6910900,0,0
sample,float,degenerate-boundary,relationship,4,0,6,65536,6554,5402600,0,0
summary,float,degenerate-boundary,relationship,82.437,89.595,105.798
sample,float,degenerate-boundary,clipping,4,0,0,65536,6554,909000,0,0
sample,float,degenerate-boundary,clipping,4,0,1,65536,6554,871700,0,0
sample,float,degenerate-boundary,clipping,4,0,2,65536,6554,748300,0,0
sample,float,degenerate-boundary,clipping,4,0,3,65536,6554,815800,0,0
sample,float,degenerate-boundary,clipping,4,0,4,65536,6554,753500,0,0
sample,float,degenerate-boundary,clipping,4,0,5,65536,6554,902800,0,0
sample,float,degenerate-boundary,clipping,4,0,6,65536,6554,860200,0,0
summary,float,degenerate-boundary,clipping,11.418,13.126,13.870
sample,float,empty,relationship,0,0,0,65536,6554,1520500,0,0
sample,float,empty,relationship,0,0,1,65536,6554,1314100,0,0
sample,float,empty,relationship,0,0,2,65536,6554,1317700,0,0
sample,float,empty,relationship,0,0,3,65536,6554,1313100,0,0
sample,float,empty,relationship,0,0,4,65536,6554,1307100,0,0
sample,float,empty,relationship,0,0,5,65536,6554,1307700,0,0
sample,float,empty,relationship,0,0,6,65536,6554,1422800,0,0
summary,float,empty,relationship,19.945,20.052,23.201
sample,float,empty,clipping,0,0,0,65536,6554,1066000,0,0
sample,float,empty,clipping,0,0,1,65536,6554,936700,0,0
sample,float,empty,clipping,0,0,2,65536,6554,943400,0,0
sample,float,empty,clipping,0,0,3,65536,6554,924300,0,0
sample,float,empty,clipping,0,0,4,65536,6554,963100,0,0
sample,float,empty,clipping,0,0,5,65536,6554,883400,0,0
sample,float,empty,clipping,0,0,6,65536,6554,930800,0,0
summary,float,empty,clipping,13.480,14.293,16.266
sample,float,concave-u,relationship,8,2,0,4096,410,36800000,0,0
sample,float,concave-u,relationship,8,2,1,4096,410,37271900,0,0
sample,float,concave-u,relationship,8,2,2,4096,410,42776700,0,0
sample,float,concave-u,relationship,8,2,3,4096,410,49437400,0,0
sample,float,concave-u,relationship,8,2,4,4096,410,36650700,0,0
sample,float,concave-u,relationship,8,2,5,4096,410,37763500,0,0
sample,float,concave-u,relationship,8,2,6,4096,410,35537600,0,0
summary,float,concave-u,relationship,8676.172,9099.585,12069.678
sample,float,concave-u,clipping,8,2,0,256,26,27742100,6356992,1
sample,float,concave-u,clipping,8,2,1,256,26,28395500,6356992,1
sample,float,concave-u,clipping,8,2,2,256,26,29290000,6356992,1
sample,float,concave-u,clipping,8,2,3,256,26,28341600,6356992,1
sample,float,concave-u,clipping,8,2,4,256,26,26679000,6356992,1
sample,float,concave-u,clipping,8,2,5,256,26,28674800,6356992,1
sample,float,concave-u,clipping,8,2,6,256,26,27809400,6356992,1
summary,float,concave-u,clipping,104214.844,110709.375,114414.062
sample,float,hole,relationship,8,2,0,4096,410,36760400,0,0
sample,float,hole,relationship,8,2,1,4096,410,38309900,0,0
sample,float,hole,relationship,8,2,2,4096,410,36978300,0,0
sample,float,hole,relationship,8,2,3,4096,410,38250100,0,0
sample,float,hole,relationship,8,2,4,4096,410,40663000,0,0
sample,float,hole,relationship,8,2,5,4096,410,38092900,0,0
sample,float,hole,relationship,8,2,6,4096,410,38905100,0,0
summary,float,hole,relationship,8974.707,9338.403,9927.490
sample,float,hole,clipping,8,2,0,128,13,21325800,3178496,0
sample,float,hole,clipping,8,2,1,128,13,19733800,3178496,0
sample,float,hole,clipping,8,2,2,128,13,17280100,3178496,0
sample,float,hole,clipping,8,2,3,128,13,16164200,3178496,0
sample,float,hole,clipping,8,2,4,128,13,16530000,3178496,0
sample,float,hole,clipping,8,2,5,128,13,17083100,3178496,0
sample,float,hole,clipping,8,2,6,128,13,18469600,3178496,0
summary,float,hole,clipping,126282.812,135000.781,166607.812
sample,float,hole-reversed,relationship,8,2,0,2048,205,25190000,0,0
sample,float,hole-reversed,relationship,8,2,1,2048,205,22408800,0,0
sample,float,hole-reversed,relationship,8,2,2,2048,205,39565700,0,0
sample,float,hole-reversed,relationship,8,2,3,2048,205,21424400,0,0
sample,float,hole-reversed,relationship,8,2,4,2048,205,20807800,0,0
sample,float,hole-reversed,relationship,8,2,5,2048,205,22519000,0,0
sample,float,hole-reversed,relationship,8,2,6,2048,205,21400600,0,0
summary,float,hole-reversed,relationship,10160.059,10941.797,19319.189
sample,float,hole-reversed,clipping,8,2,0,256,26,34185700,6356992,1
sample,float,hole-reversed,clipping,8,2,1,256,26,33763600,6356992,1
sample,float,hole-reversed,clipping,8,2,2,256,26,34345200,6356992,1
sample,float,hole-reversed,clipping,8,2,3,256,26,31988500,6356992,1
sample,float,hole-reversed,clipping,8,2,4,256,26,26729700,6356992,1
sample,float,hole-reversed,clipping,8,2,5,256,26,25202200,6356992,1
sample,float,hole-reversed,clipping,8,2,6,256,26,24807200,6356992,1
summary,float,hole-reversed,clipping,96903.125,124955.078,134160.938
sample,float,rational-crossing,relationship,3,1,0,16384,1639,31340900,0,0
sample,float,rational-crossing,relationship,3,1,1,16384,1639,31354200,0,0
sample,float,rational-crossing,relationship,3,1,2,16384,1639,31405300,0,0
sample,float,rational-crossing,relationship,3,1,3,16384,1639,31212800,0,0
sample,float,rational-crossing,relationship,3,1,4,16384,1639,31269000,0,0
sample,float,rational-crossing,relationship,3,1,5,16384,1639,33593100,0,0
sample,float,rational-crossing,relationship,3,1,6,16384,1639,31350400,0,0
summary,float,rational-crossing,relationship,1905.078,1913.477,2050.360
sample,float,rational-crossing,clipping,3,1,0,512,52,21531800,8478720,2
sample,float,rational-crossing,clipping,3,1,1,512,52,20809600,8478720,2
sample,float,rational-crossing,clipping,3,1,2,512,52,20949900,8478720,2
sample,float,rational-crossing,clipping,3,1,3,512,52,21252200,8478720,2
sample,float,rational-crossing,clipping,3,1,4,512,52,24430900,8478720,2
sample,float,rational-crossing,clipping,3,1,5,512,52,21406500,8478720,2
sample,float,rational-crossing,clipping,3,1,6,512,52,21648000,8478720,2
summary,float,rational-crossing,clipping,40643.750,41809.570,47716.602
sample,float,sparse-1,relationship,4,1,0,8192,820,23566700,0,0
sample,float,sparse-1,relationship,4,1,1,8192,820,23316400,0,0
sample,float,sparse-1,relationship,4,1,2,8192,820,23542100,0,0
sample,float,sparse-1,relationship,4,1,3,8192,820,35222200,0,0
sample,float,sparse-1,relationship,4,1,4,8192,820,22522800,0,0
sample,float,sparse-1,relationship,4,1,5,8192,820,23655600,0,0
sample,float,sparse-1,relationship,4,1,6,8192,820,22979200,0,0
summary,float,sparse-1,relationship,2749.365,2873.792,4299.585
sample,float,sparse-1,clipping,4,1,0,512,52,20884100,8478720,2
sample,float,sparse-1,clipping,4,1,1,512,52,25571700,8478720,2
sample,float,sparse-1,clipping,4,1,2,512,52,35417200,8478720,2
sample,float,sparse-1,clipping,4,1,3,512,52,29786400,8478720,2
sample,float,sparse-1,clipping,4,1,4,512,52,31304600,8478720,2
sample,float,sparse-1,clipping,4,1,5,512,52,30508800,8478720,2
sample,float,sparse-1,clipping,4,1,6,512,52,30238900,8478720,2
summary,float,sparse-1,clipping,40789.258,59060.352,69174.219
sample,float,sparse-4,relationship,16,1,0,2048,205,37703300,0,0
sample,float,sparse-4,relationship,16,1,1,2048,205,35885000,0,0
sample,float,sparse-4,relationship,16,1,2,2048,205,34581500,0,0
sample,float,sparse-4,relationship,16,1,3,2048,205,35168200,0,0
sample,float,sparse-4,relationship,16,1,4,2048,205,35060100,0,0
sample,float,sparse-4,relationship,16,1,5,2048,205,37206800,0,0
sample,float,sparse-4,relationship,16,1,6,2048,205,38474200,0,0
summary,float,sparse-4,relationship,16885.498,17521.973,18786.230
sample,float,sparse-4,clipping,16,1,0,512,52,39072700,8478720,2
sample,float,sparse-4,clipping,16,1,1,512,52,37903600,8478720,2
sample,float,sparse-4,clipping,16,1,2,512,52,36858800,8478720,2
sample,float,sparse-4,clipping,16,1,3,512,52,40008200,8478720,2
sample,float,sparse-4,clipping,16,1,4,512,52,37015600,8478720,2
sample,float,sparse-4,clipping,16,1,5,512,52,36417400,8478720,2
sample,float,sparse-4,clipping,16,1,6,512,52,46555200,8478720,2
summary,float,sparse-4,clipping,71127.734,74030.469,90928.125
sample,float,sparse-16,relationship,64,1,0,256,26,18276900,0,0
sample,float,sparse-16,relationship,64,1,1,256,26,17881700,0,0
sample,float,sparse-16,relationship,64,1,2,256,26,17704400,0,0
sample,float,sparse-16,relationship,64,1,3,256,26,18011500,0,0
sample,float,sparse-16,relationship,64,1,4,256,26,17487500,0,0
sample,float,sparse-16,relationship,64,1,5,256,26,17884000,0,0
sample,float,sparse-16,relationship,64,1,6,256,26,17721600,0,0
summary,float,sparse-16,relationship,68310.547,69850.391,71394.141
sample,float,sparse-16,clipping,64,1,0,256,26,34497400,4239360,1
sample,float,sparse-16,clipping,64,1,1,256,26,34190400,4239360,1
sample,float,sparse-16,clipping,64,1,2,256,26,34439400,4239360,1
sample,float,sparse-16,clipping,64,1,3,256,26,36031900,4239360,1
sample,float,sparse-16,clipping,64,1,4,256,26,32474300,4239360,1
sample,float,sparse-16,clipping,64,1,5,256,26,33208600,4239360,1
sample,float,sparse-16,clipping,64,1,6,256,26,33228300,4239360,1
summary,float,sparse-16,clipping,126852.734,133556.250,140749.609
sample,float,sparse-64,relationship,256,1,0,128,13,38745500,0,0
sample,float,sparse-64,relationship,256,1,1,128,13,35168100,0,0
sample,float,sparse-64,relationship,256,1,2,128,13,34082500,0,0
sample,float,sparse-64,relationship,256,1,3,128,13,33863700,0,0
sample,float,sparse-64,relationship,256,1,4,128,13,33808700,0,0
sample,float,sparse-64,relationship,256,1,5,128,13,33556300,0,0
sample,float,sparse-64,relationship,256,1,6,128,13,36327200,0,0
summary,float,sparse-64,relationship,262158.594,266269.531,302699.219
sample,float,sparse-64,clipping,256,1,0,64,7,24316100,1059840,0
sample,float,sparse-64,clipping,256,1,1,64,7,21821200,1059840,0
sample,float,sparse-64,clipping,256,1,2,64,7,22635000,1059840,0
sample,float,sparse-64,clipping,256,1,3,64,7,23891800,1059840,0
sample,float,sparse-64,clipping,256,1,4,64,7,22075800,1059840,0
sample,float,sparse-64,clipping,256,1,5,64,7,24820700,1059840,0
sample,float,sparse-64,clipping,256,1,6,64,7,40666600,1059840,0
summary,float,sparse-64,clipping,340956.250,373309.375,635415.625
sample,float,dense-1,relationship,4,1,0,8192,820,29961500,0,0
sample,float,dense-1,relationship,4,1,1,8192,820,30203900,0,0
sample,float,dense-1,relationship,4,1,2,8192,820,33343900,0,0
sample,float,dense-1,relationship,4,1,3,8192,820,27440100,0,0
sample,float,dense-1,relationship,4,1,4,8192,820,29234000,0,0
sample,float,dense-1,relationship,4,1,5,8192,820,28150000,0,0
sample,float,dense-1,relationship,4,1,6,8192,820,26423300,0,0
summary,float,dense-1,relationship,3225.500,3568.604,4070.300
sample,float,dense-1,clipping,4,1,0,512,52,25797600,8478720,2
sample,float,dense-1,clipping,4,1,1,512,52,27777300,8478720,2
sample,float,dense-1,clipping,4,1,2,512,52,21835100,8478720,2
sample,float,dense-1,clipping,4,1,3,512,52,22441800,8478720,2
sample,float,dense-1,clipping,4,1,4,512,52,21875000,8478720,2
sample,float,dense-1,clipping,4,1,5,512,52,21618800,8478720,2
sample,float,dense-1,clipping,4,1,6,512,52,21976200,8478720,2
summary,float,dense-1,clipping,42224.219,42922.266,54252.539
sample,float,dense-4,relationship,16,4,0,2048,205,40805300,0,0
sample,float,dense-4,relationship,16,4,1,2048,205,38621300,0,0
sample,float,dense-4,relationship,16,4,2,2048,205,36691600,0,0
sample,float,dense-4,relationship,16,4,3,2048,205,36691700,0,0
sample,float,dense-4,relationship,16,4,4,2048,205,35475400,0,0
sample,float,dense-4,relationship,16,4,5,2048,205,38803900,0,0
sample,float,dense-4,relationship,16,4,6,2048,205,35453400,0,0
summary,float,dense-4,relationship,17311.230,17915.869,19924.463
sample,float,dense-4,clipping,16,4,0,128,13,27198500,5294080,1
sample,float,dense-4,clipping,16,4,1,128,13,27146400,5294080,1
sample,float,dense-4,clipping,16,4,2,128,13,27950500,5294080,1
sample,float,dense-4,clipping,16,4,3,128,13,29645700,5294080,1
sample,float,dense-4,clipping,16,4,4,128,13,37224100,5294080,1
sample,float,dense-4,clipping,16,4,5,128,13,27154600,5294080,1
sample,float,dense-4,clipping,16,4,6,128,13,27483600,5294080,1
summary,float,dense-4,clipping,212081.250,214715.625,290813.281
sample,float,dense-16,relationship,64,16,0,256,26,22467800,0,0
sample,float,dense-16,relationship,64,16,1,256,26,24790500,0,0
sample,float,dense-16,relationship,64,16,2,256,26,22945800,0,0
sample,float,dense-16,relationship,64,16,3,256,26,22118500,0,0
sample,float,dense-16,relationship,64,16,4,256,26,23762200,0,0
sample,float,dense-16,relationship,64,16,5,256,26,21610500,0,0
sample,float,dense-16,relationship,64,16,6,256,26,21700600,0,0
summary,float,dense-16,relationship,84416.016,87764.844,96837.891
sample,float,dense-16,clipping,64,16,0,32,4,37233200,4640256,1
sample,float,dense-16,clipping,64,16,1,32,4,39132300,4640256,1
sample,float,dense-16,clipping,64,16,2,32,4,36801400,4640256,1
sample,float,dense-16,clipping,64,16,3,32,4,36531300,4640256,1
sample,float,dense-16,clipping,64,16,4,32,4,36472300,4640256,1
sample,float,dense-16,clipping,64,16,5,32,4,40487800,4640256,1
sample,float,dense-16,clipping,64,16,6,32,4,39337000,4640256,1
summary,float,dense-16,clipping,1139759.375,1163537.500,1265243.750
sample,float,dense-64,relationship,256,64,0,64,7,22254800,0,0
sample,float,dense-64,relationship,256,64,1,64,7,24417500,0,0
sample,float,dense-64,relationship,256,64,2,64,7,21823900,0,0
sample,float,dense-64,relationship,256,64,3,64,7,24908300,0,0
sample,float,dense-64,relationship,256,64,4,64,7,22803200,0,0
sample,float,dense-64,relationship,256,64,5,64,7,22616600,0,0
sample,float,dense-64,relationship,256,64,6,64,7,23801100,0,0
summary,float,dense-64,relationship,340998.438,356300.000,389192.188
sample,float,dense-64,clipping,256,64,0,4,1,22174000,2224128,0
sample,float,dense-64,clipping,256,64,1,4,1,21382100,2224128,0
sample,float,dense-64,clipping,256,64,2,4,1,20839600,2224128,0
sample,float,dense-64,clipping,256,64,3,4,1,24164700,2224128,0
sample,float,dense-64,clipping,256,64,4,4,1,22409600,2224128,0
sample,float,dense-64,clipping,256,64,5,4,1,34536700,2224128,0
sample,float,dense-64,clipping,256,64,6,4,1,21050000,2224128,0
summary,float,dense-64,clipping,5209900.000,5543500.000,8634175.000
sample,float,subnormal,relationship,4,1,0,8192,820,24994200,0,0
sample,float,subnormal,relationship,4,1,1,8192,820,28380600,0,0
sample,float,subnormal,relationship,4,1,2,8192,820,26875900,0,0
sample,float,subnormal,relationship,4,1,3,8192,820,26617200,0,0
sample,float,subnormal,relationship,4,1,4,8192,820,27513500,0,0
sample,float,subnormal,relationship,4,1,5,8192,820,25074300,0,0
sample,float,subnormal,relationship,4,1,6,8192,820,26788700,0,0
summary,float,subnormal,relationship,3051.050,3270.105,3464.429
sample,float,subnormal,clipping,4,1,0,512,52,26426400,8478720,2
sample,float,subnormal,clipping,4,1,1,512,52,24335200,8478720,2
sample,float,subnormal,clipping,4,1,2,512,52,25754700,8478720,2
sample,float,subnormal,clipping,4,1,3,512,52,24219800,8478720,2
sample,float,subnormal,clipping,4,1,4,512,52,24762600,8478720,2
sample,float,subnormal,clipping,4,1,5,512,52,23464500,8478720,2
sample,float,subnormal,clipping,4,1,6,512,52,23777300,8478720,2
summary,float,subnormal,clipping,45829.102,47529.688,51614.062
sample,float,large-finite,relationship,4,1,0,8192,820,25748900,0,0
sample,float,large-finite,relationship,4,1,1,8192,820,27259100,0,0
sample,float,large-finite,relationship,4,1,2,8192,820,26471700,0,0
sample,float,large-finite,relationship,4,1,3,8192,820,24878700,0,0
sample,float,large-finite,relationship,4,1,4,8192,820,26193300,0,0
sample,float,large-finite,relationship,4,1,5,8192,820,24626300,0,0
sample,float,large-finite,relationship,4,1,6,8192,820,28020000,0,0
summary,float,large-finite,relationship,3006.140,3197.424,3420.410
sample,float,large-finite,clipping,4,1,0,512,52,26976900,8478720,2
sample,float,large-finite,clipping,4,1,1,512,52,24317100,8478720,2
sample,float,large-finite,clipping,4,1,2,512,52,25879000,8478720,2
sample,float,large-finite,clipping,4,1,3,512,52,24950900,8478720,2
sample,float,large-finite,clipping,4,1,4,512,52,26076600,8478720,2
sample,float,large-finite,clipping,4,1,5,512,52,26474100,8478720,2
sample,float,large-finite,clipping,4,1,6,512,52,26966700,8478720,2
summary,float,large-finite,clipping,47494.336,50930.859,52689.258
fixture,double,exterior,4,1,success,0
fixture,double,interior,4,4,success,1
fixture,double,crossing,4,7,success,1
fixture,double,boundary-only,4,10,success,1
fixture,double,boundary-overlap,4,11,success,1
fixture,double,isolated-tangent,4,3,success,0
fixture,double,degenerate-interior,4,4,success,0
fixture,double,degenerate-boundary,4,2,success,0
fixture,double,empty,0,1,success,0
fixture,double,concave-u,8,7,success,2
fixture,double,hole,8,7,success,2
fixture,double,hole-reversed,8,7,success,2
fixture,double,rational-crossing,3,7,success,1
fixture,double,sparse-1,4,7,success,1
fixture,double,sparse-4,16,7,success,1
fixture,double,sparse-16,64,7,success,1
fixture,double,sparse-64,256,7,success,1
fixture,double,dense-1,4,7,success,1
fixture,double,dense-4,16,7,success,4
fixture,double,dense-16,64,7,success,16
fixture,double,dense-64,256,7,success,64
fixture,double,subnormal,4,7,success,1
fixture,double,large-finite,4,7,success,1
preflight,double,23,PASS
sample,double,exterior,relationship,4,0,0,8192,820,27725600,0,0
sample,double,exterior,relationship,4,0,1,8192,820,27360400,0,0
sample,double,exterior,relationship,4,0,2,8192,820,27789400,0,0
sample,double,exterior,relationship,4,0,3,8192,820,28591900,0,0
sample,double,exterior,relationship,4,0,4,8192,820,26512100,0,0
sample,double,exterior,relationship,4,0,5,8192,820,23882500,0,0
sample,double,exterior,relationship,4,0,6,8192,820,24289100,0,0
summary,double,exterior,relationship,2915.344,3339.893,3490.222
sample,double,exterior,clipping,4,0,0,4096,410,26537800,33947648,8
sample,double,exterior,clipping,4,0,1,4096,410,29652900,33947648,8
sample,double,exterior,clipping,4,0,2,4096,410,25495100,33947648,8
sample,double,exterior,clipping,4,0,3,4096,410,25594000,33947648,8
sample,double,exterior,clipping,4,0,4,4096,410,25401800,33947648,8
sample,double,exterior,clipping,4,0,5,4096,410,25608900,33947648,8
sample,double,exterior,clipping,4,0,6,4096,410,25299200,33947648,8
summary,double,exterior,clipping,6176.562,6248.535,7239.478
sample,double,interior,relationship,4,1,0,8192,820,27118300,0,0
sample,double,interior,relationship,4,1,1,8192,820,23710600,0,0
sample,double,interior,relationship,4,1,2,8192,820,24189700,0,0
sample,double,interior,relationship,4,1,3,8192,820,24208900,0,0
sample,double,interior,relationship,4,1,4,8192,820,24510900,0,0
sample,double,interior,relationship,4,1,5,8192,820,23863500,0,0
sample,double,interior,relationship,4,1,6,8192,820,24229800,0,0
summary,double,interior,relationship,2894.360,2955.188,3310.339
sample,double,interior,clipping,4,1,0,2048,205,32374000,17072128,4
sample,double,interior,clipping,4,1,1,2048,205,32303700,17072128,4
sample,double,interior,clipping,4,1,2,2048,205,32096100,17072128,4
sample,double,interior,clipping,4,1,3,2048,205,32477900,17072128,4
sample,double,interior,clipping,4,1,4,2048,205,32862300,17072128,4
sample,double,interior,clipping,4,1,5,2048,205,34769100,17072128,4
sample,double,interior,clipping,4,1,6,2048,205,32173800,17072128,4
summary,double,interior,clipping,15671.924,15807.617,16977.100
sample,double,crossing,relationship,4,1,0,8192,820,30257100,0,0
sample,double,crossing,relationship,4,1,1,8192,820,26151800,0,0
sample,double,crossing,relationship,4,1,2,8192,820,27305900,0,0
sample,double,crossing,relationship,4,1,3,8192,820,28312300,0,0
sample,double,crossing,relationship,4,1,4,8192,820,28602900,0,0
sample,double,crossing,relationship,4,1,5,8192,820,27178400,0,0
sample,double,crossing,relationship,4,1,6,8192,820,27826200,0,0
summary,double,crossing,relationship,3192.358,3396.753,3693.494
sample,double,crossing,clipping,4,1,0,512,52,24771000,8478720,2
sample,double,crossing,clipping,4,1,1,512,52,24937800,8478720,2
sample,double,crossing,clipping,4,1,2,512,52,26356800,8478720,2
sample,double,crossing,clipping,4,1,3,512,52,25405400,8478720,2
sample,double,crossing,clipping,4,1,4,512,52,24526800,8478720,2
sample,double,crossing,clipping,4,1,5,512,52,23750300,8478720,2
sample,double,crossing,clipping,4,1,6,512,52,22957300,8478720,2
summary,double,crossing,clipping,44838.477,48380.859,51478.125
sample,double,boundary-only,relationship,4,1,0,8192,820,31617300,0,0
sample,double,boundary-only,relationship,4,1,1,8192,820,31613300,0,0
sample,double,boundary-only,relationship,4,1,2,8192,820,30634500,0,0
sample,double,boundary-only,relationship,4,1,3,8192,820,30163100,0,0
sample,double,boundary-only,relationship,4,1,4,8192,820,29716600,0,0
sample,double,boundary-only,relationship,4,1,5,8192,820,29950200,0,0
sample,double,boundary-only,relationship,4,1,6,8192,820,31401500,0,0
summary,double,boundary-only,relationship,3627.515,3739.563,3859.534
sample,double,boundary-only,clipping,4,1,0,1024,103,30143800,21118976,5
sample,double,boundary-only,clipping,4,1,1,1024,103,29863200,21118976,5
sample,double,boundary-only,clipping,4,1,2,1024,103,30626200,21118976,5
sample,double,boundary-only,clipping,4,1,3,1024,103,30590400,21118976,5
sample,double,boundary-only,clipping,4,1,4,1024,103,29921000,21118976,5
sample,double,boundary-only,clipping,4,1,5,1024,103,31209000,21118976,5
sample,double,boundary-only,clipping,4,1,6,1024,103,41969200,21118976,5
summary,double,boundary-only,clipping,29163.281,29873.438,40985.547
sample,double,boundary-overlap,relationship,4,1,0,8192,820,36976400,0,0
sample,double,boundary-overlap,relationship,4,1,1,8192,820,37964800,0,0
sample,double,boundary-overlap,relationship,4,1,2,8192,820,36186800,0,0
sample,double,boundary-overlap,relationship,4,1,3,8192,820,35128800,0,0
sample,double,boundary-overlap,relationship,4,1,4,8192,820,35602200,0,0
sample,double,boundary-overlap,relationship,4,1,5,8192,820,36336400,0,0
sample,double,boundary-overlap,relationship,4,1,6,8192,820,37032300,0,0
summary,double,boundary-overlap,relationship,4288.184,4435.596,4634.375
sample,double,boundary-overlap,clipping,4,1,0,1024,103,29941600,21151744,5
sample,double,boundary-overlap,clipping,4,1,1,1024,103,30318400,21151744,5
sample,double,boundary-overlap,clipping,4,1,2,1024,103,32324900,21151744,5
sample,double,boundary-overlap,clipping,4,1,3,1024,103,33084400,21151744,5
sample,double,boundary-overlap,clipping,4,1,4,1024,103,32874200,21151744,5
sample,double,boundary-overlap,clipping,4,1,5,1024,103,32387500,21151744,5
sample,double,boundary-overlap,clipping,4,1,6,1024,103,32550700,21151744,5
summary,double,boundary-overlap,clipping,29239.844,31628.418,32308.984
sample,double,isolated-tangent,relationship,4,0,0,4096,410,22918400,0,0
sample,double,isolated-tangent,relationship,4,0,1,4096,410,23570100,0,0
sample,double,isolated-tangent,relationship,4,0,2,4096,410,22115700,0,0
sample,double,isolated-tangent,relationship,4,0,3,4096,410,22117800,0,0
sample,double,isolated-tangent,relationship,4,0,4,4096,410,23324700,0,0
sample,double,isolated-tangent,relationship,4,0,5,4096,410,21345900,0,0
sample,double,isolated-tangent,relationship,4,0,6,4096,410,21471600,0,0
summary,double,isolated-tangent,relationship,5211.401,5399.854,5754.419
sample,double,isolated-tangent,clipping,4,0,0,2048,205,37483000,33751040,8
sample,double,isolated-tangent,clipping,4,0,1,2048,205,32794900,33751040,8
sample,double,isolated-tangent,clipping,4,0,2,2048,205,43274300,33751040,8
sample,double,isolated-tangent,clipping,4,0,3,2048,205,30335000,33751040,8
sample,double,isolated-tangent,clipping,4,0,4,2048,205,31790100,33751040,8
sample,double,isolated-tangent,clipping,4,0,5,2048,205,33958500,33751040,8
sample,double,isolated-tangent,clipping,4,0,6,2048,205,35195400,33751040,8
summary,double,isolated-tangent,clipping,14812.012,16581.299,21130.029
sample,double,degenerate-interior,relationship,4,0,0,65536,6554,4604300,0,0
sample,double,degenerate-interior,relationship,4,0,1,65536,6554,5596000,0,0
sample,double,degenerate-interior,relationship,4,0,2,65536,6554,5042400,0,0
sample,double,degenerate-interior,relationship,4,0,3,65536,6554,4724300,0,0
sample,double,degenerate-interior,relationship,4,0,4,65536,6554,5118000,0,0
sample,double,degenerate-interior,relationship,4,0,5,65536,6554,4616300,0,0
sample,double,degenerate-interior,relationship,4,0,6,65536,6554,4610300,0,0
summary,double,degenerate-interior,relationship,70.256,72.087,85.388
sample,double,degenerate-interior,clipping,4,0,0,65536,6554,962500,0,0
sample,double,degenerate-interior,clipping,4,0,1,65536,6554,1003800,0,0
sample,double,degenerate-interior,clipping,4,0,2,65536,6554,925600,0,0
sample,double,degenerate-interior,clipping,4,0,3,65536,6554,1227800,0,0
sample,double,degenerate-interior,clipping,4,0,4,65536,6554,976600,0,0
sample,double,degenerate-interior,clipping,4,0,5,65536,6554,1108100,0,0
sample,double,degenerate-interior,clipping,4,0,6,65536,6554,1190100,0,0
summary,double,degenerate-interior,clipping,14.124,15.317,18.735
sample,double,degenerate-boundary,relationship,4,0,0,65536,6554,5031200,0,0
sample,double,degenerate-boundary,relationship,4,0,1,65536,6554,4929900,0,0
sample,double,degenerate-boundary,relationship,4,0,2,65536,6554,4591200,0,0
sample,double,degenerate-boundary,relationship,4,0,3,65536,6554,4891100,0,0
sample,double,degenerate-boundary,relationship,4,0,4,65536,6554,5863700,0,0
sample,double,degenerate-boundary,relationship,4,0,5,65536,6554,4951100,0,0
sample,double,degenerate-boundary,relationship,4,0,6,65536,6554,5296900,0,0
summary,double,degenerate-boundary,relationship,70.056,75.548,89.473
sample,double,degenerate-boundary,clipping,4,0,0,65536,6554,1191400,0,0
sample,double,degenerate-boundary,clipping,4,0,1,65536,6554,1110700,0,0
sample,double,degenerate-boundary,clipping,4,0,2,65536,6554,931100,0,0
sample,double,degenerate-boundary,clipping,4,0,3,65536,6554,999800,0,0
sample,double,degenerate-boundary,clipping,4,0,4,65536,6554,930500,0,0
sample,double,degenerate-boundary,clipping,4,0,5,65536,6554,975400,0,0
sample,double,degenerate-boundary,clipping,4,0,6,65536,6554,956600,0,0
summary,double,degenerate-boundary,clipping,14.198,14.883,18.179
sample,double,empty,relationship,0,0,0,65536,6554,1342500,0,0
sample,double,empty,relationship,0,0,1,65536,6554,1362500,0,0
sample,double,empty,relationship,0,0,2,65536,6554,1617000,0,0
sample,double,empty,relationship,0,0,3,65536,6554,1368400,0,0
sample,double,empty,relationship,0,0,4,65536,6554,1367500,0,0
sample,double,empty,relationship,0,0,5,65536,6554,1366900,0,0
sample,double,empty,relationship,0,0,6,65536,6554,1387800,0,0
summary,double,empty,relationship,20.485,20.866,24.673
sample,double,empty,clipping,0,0,0,65536,6554,1132100,0,0
sample,double,empty,clipping,0,0,1,65536,6554,1246900,0,0
sample,double,empty,clipping,0,0,2,65536,6554,1147700,0,0
sample,double,empty,clipping,0,0,3,65536,6554,1157400,0,0
sample,double,empty,clipping,0,0,4,65536,6554,1121700,0,0
sample,double,empty,clipping,0,0,5,65536,6554,1358700,0,0
sample,double,empty,clipping,0,0,6,65536,6554,1183300,0,0
summary,double,empty,clipping,17.116,17.661,20.732
sample,double,concave-u,relationship,8,2,0,4096,410,32373500,0,0
sample,double,concave-u,relationship,8,2,1,4096,410,32243600,0,0
sample,double,concave-u,relationship,8,2,2,4096,410,32404500,0,0
sample,double,concave-u,relationship,8,2,3,4096,410,32380400,0,0
sample,double,concave-u,relationship,8,2,4,4096,410,34743900,0,0
sample,double,concave-u,relationship,8,2,5,4096,410,32681600,0,0
sample,double,concave-u,relationship,8,2,6,4096,410,32348400,0,0
summary,double,concave-u,relationship,7871.973,7905.371,8482.397
sample,double,concave-u,clipping,8,2,0,256,26,23867400,6356992,1
sample,double,concave-u,clipping,8,2,1,256,26,23763800,6356992,1
sample,double,concave-u,clipping,8,2,2,256,26,26355300,6356992,1
sample,double,concave-u,clipping,8,2,3,256,26,25370300,6356992,1
sample,double,concave-u,clipping,8,2,4,256,26,24617800,6356992,1
sample,double,concave-u,clipping,8,2,5,256,26,24672800,6356992,1
sample,double,concave-u,clipping,8,2,6,256,26,24592200,6356992,1
summary,double,concave-u,clipping,92827.344,96163.281,102950.391
sample,double,hole,relationship,8,2,0,4096,410,34123200,0,0
sample,double,hole,relationship,8,2,1,4096,410,32995000,0,0
sample,double,hole,relationship,8,2,2,4096,410,32611900,0,0
sample,double,hole,relationship,8,2,3,4096,410,47574900,0,0
sample,double,hole,relationship,8,2,4,4096,410,38926900,0,0
sample,double,hole,relationship,8,2,5,4096,410,37037000,0,0
sample,double,hole,relationship,8,2,6,4096,410,39668700,0,0
summary,double,hole,relationship,7961.890,9042.236,11614.966
sample,double,hole,clipping,8,2,0,256,26,26489700,6356992,1
sample,double,hole,clipping,8,2,1,256,26,28476700,6356992,1
sample,double,hole,clipping,8,2,2,256,26,27728200,6356992,1
sample,double,hole,clipping,8,2,3,256,26,27424800,6356992,1
sample,double,hole,clipping,8,2,4,256,26,28815500,6356992,1
sample,double,hole,clipping,8,2,5,256,26,28694000,6356992,1
sample,double,hole,clipping,8,2,6,256,26,26584000,6356992,1
summary,double,hole,clipping,103475.391,108313.281,112560.547
sample,double,hole-reversed,relationship,8,2,0,4096,410,36394800,0,0
sample,double,hole-reversed,relationship,8,2,1,4096,410,38467700,0,0
sample,double,hole-reversed,relationship,8,2,2,4096,410,38819400,0,0
sample,double,hole-reversed,relationship,8,2,3,4096,410,35858600,0,0
sample,double,hole-reversed,relationship,8,2,4,4096,410,35928300,0,0
sample,double,hole-reversed,relationship,8,2,5,4096,410,36142000,0,0
sample,double,hole-reversed,relationship,8,2,6,4096,410,38794600,0,0
summary,double,hole-reversed,relationship,8754.541,8885.449,9477.393
sample,double,hole-reversed,clipping,8,2,0,256,26,27931600,6356992,1
sample,double,hole-reversed,clipping,8,2,1,256,26,27896600,6356992,1
sample,double,hole-reversed,clipping,8,2,2,256,26,26275900,6356992,1
sample,double,hole-reversed,clipping,8,2,3,256,26,29537000,6356992,1
sample,double,hole-reversed,clipping,8,2,4,256,26,28945700,6356992,1
sample,double,hole-reversed,clipping,8,2,5,256,26,27941800,6356992,1
sample,double,hole-reversed,clipping,8,2,6,256,26,28186100,6356992,1
summary,double,hole-reversed,clipping,102640.234,109147.656,115378.906
sample,double,rational-crossing,relationship,3,1,0,8192,820,21715900,0,0
sample,double,rational-crossing,relationship,3,1,1,8192,820,17883000,0,0
sample,double,rational-crossing,relationship,3,1,2,8192,820,18092100,0,0
sample,double,rational-crossing,relationship,3,1,3,8192,820,19426800,0,0
sample,double,rational-crossing,relationship,3,1,4,8192,820,18350400,0,0
sample,double,rational-crossing,relationship,3,1,5,8192,820,18616900,0,0
sample,double,rational-crossing,relationship,3,1,6,8192,820,18353700,0,0
summary,double,rational-crossing,relationship,2182.983,2240.442,2650.867
sample,double,rational-crossing,clipping,3,1,0,512,52,23032000,8478720,2
sample,double,rational-crossing,clipping,3,1,1,512,52,24898000,8478720,2
sample,double,rational-crossing,clipping,3,1,2,512,52,23072600,8478720,2
sample,double,rational-crossing,clipping,3,1,3,512,52,25828000,8478720,2
sample,double,rational-crossing,clipping,3,1,4,512,52,24705900,8478720,2
sample,double,rational-crossing,clipping,3,1,5,512,52,26017900,8478720,2
sample,double,rational-crossing,clipping,3,1,6,512,52,23266800,8478720,2
summary,double,rational-crossing,clipping,44984.375,48253.711,50816.211
sample,double,sparse-1,relationship,4,1,0,8192,820,25896100,0,0
sample,double,sparse-1,relationship,4,1,1,8192,820,27941300,0,0
sample,double,sparse-1,relationship,4,1,2,8192,820,25725100,0,0
sample,double,sparse-1,relationship,4,1,3,8192,820,28325200,0,0
sample,double,sparse-1,relationship,4,1,4,8192,820,28075300,0,0
sample,double,sparse-1,relationship,4,1,5,8192,820,25413200,0,0
sample,double,sparse-1,relationship,4,1,6,8192,820,27049300,0,0
summary,double,sparse-1,relationship,3102.197,3301.917,3457.666
sample,double,sparse-1,clipping,4,1,0,512,52,25043100,8478720,2
sample,double,sparse-1,clipping,4,1,1,512,52,25006800,8478720,2
sample,double,sparse-1,clipping,4,1,2,512,52,25300100,8478720,2
sample,double,sparse-1,clipping,4,1,3,512,52,24881200,8478720,2
sample,double,sparse-1,clipping,4,1,4,512,52,23987900,8478720,2
sample,double,sparse-1,clipping,4,1,5,512,52,24495900,8478720,2
sample,double,sparse-1,clipping,4,1,6,512,52,23313200,8478720,2
summary,double,sparse-1,clipping,45533.594,48596.094,49414.258
sample,double,sparse-4,relationship,16,1,0,2048,205,32470300,0,0
sample,double,sparse-4,relationship,16,1,1,2048,205,31651100,0,0
sample,double,sparse-4,relationship,16,1,2,2048,205,31063900,0,0
sample,double,sparse-4,relationship,16,1,3,2048,205,42790100,0,0
sample,double,sparse-4,relationship,16,1,4,2048,205,30834100,0,0
sample,double,sparse-4,relationship,16,1,5,2048,205,31806700,0,0
sample,double,sparse-4,relationship,16,1,6,2048,205,28368700,0,0
summary,double,sparse-4,relationship,13851.904,15454.639,20893.604
sample,double,sparse-4,clipping,16,1,0,512,52,29923500,8478720,2
sample,double,sparse-4,clipping,16,1,1,512,52,27682700,8478720,2
sample,double,sparse-4,clipping,16,1,2,512,52,27459300,8478720,2
sample,double,sparse-4,clipping,16,1,3,512,52,30635100,8478720,2
sample,double,sparse-4,clipping,16,1,4,512,52,27171300,8478720,2
sample,double,sparse-4,clipping,16,1,5,512,52,27255400,8478720,2
sample,double,sparse-4,clipping,16,1,6,512,52,27597500,8478720,2
summary,double,sparse-4,clipping,53068.945,53901.367,59834.180
sample,double,sparse-16,relationship,64,1,0,512,52,27908900,0,0
sample,double,sparse-16,relationship,64,1,1,512,52,31378100,0,0
sample,double,sparse-16,relationship,64,1,2,512,52,27837200,0,0
sample,double,sparse-16,relationship,64,1,3,512,52,27720500,0,0
sample,double,sparse-16,relationship,64,1,4,512,52,28497000,0,0
sample,double,sparse-16,relationship,64,1,5,512,52,28134900,0,0
sample,double,sparse-16,relationship,64,1,6,512,52,28077800,0,0
summary,double,sparse-16,relationship,54141.602,54839.453,61285.352
sample,double,sparse-16,clipping,64,1,0,256,26,25604700,4239360,1
sample,double,sparse-16,clipping,64,1,1,256,26,25740800,4239360,1
sample,double,sparse-16,clipping,64,1,2,256,26,25532300,4239360,1
sample,double,sparse-16,clipping,64,1,3,256,26,25856200,4239360,1
sample,double,sparse-16,clipping,64,1,4,256,26,25779400,4239360,1
sample,double,sparse-16,clipping,64,1,5,256,26,25799200,4239360,1
sample,double,sparse-16,clipping,64,1,6,256,26,28739900,4239360,1
summary,double,sparse-16,clipping,99735.547,100700.781,112265.234
sample,double,sparse-64,relationship,256,1,0,128,13,30964100,0,0
sample,double,sparse-64,relationship,256,1,1,128,13,34936200,0,0
sample,double,sparse-64,relationship,256,1,2,128,13,42350800,0,0
sample,double,sparse-64,relationship,256,1,3,128,13,32403300,0,0
sample,double,sparse-64,relationship,256,1,4,128,13,32136000,0,0
sample,double,sparse-64,relationship,256,1,5,128,13,32785900,0,0
sample,double,sparse-64,relationship,256,1,6,128,13,32133700,0,0
summary,double,sparse-64,relationship,241907.031,253150.781,330865.625
sample,double,sparse-64,clipping,256,1,0,64,7,21636200,1059840,0
sample,double,sparse-64,clipping,256,1,1,64,7,21118600,1059840,0
sample,double,sparse-64,clipping,256,1,2,64,7,21093200,1059840,0
sample,double,sparse-64,clipping,256,1,3,64,7,24818100,1059840,0
sample,double,sparse-64,clipping,256,1,4,64,7,22858400,1059840,0
sample,double,sparse-64,clipping,256,1,5,64,7,23512500,1059840,0
sample,double,sparse-64,clipping,256,1,6,64,7,22518500,1059840,0
summary,double,sparse-64,clipping,329581.250,351851.562,387782.812
sample,double,dense-1,relationship,4,1,0,8192,820,27579400,0,0
sample,double,dense-1,relationship,4,1,1,8192,820,28625900,0,0
sample,double,dense-1,relationship,4,1,2,8192,820,31719200,0,0
sample,double,dense-1,relationship,4,1,3,8192,820,29583700,0,0
sample,double,dense-1,relationship,4,1,4,8192,820,29204500,0,0
sample,double,dense-1,relationship,4,1,5,8192,820,27626700,0,0
sample,double,dense-1,relationship,4,1,6,8192,820,26142600,0,0
summary,double,dense-1,relationship,3191.235,3494.373,3871.973
sample,double,dense-1,clipping,4,1,0,512,52,25741000,8478720,2
sample,double,dense-1,clipping,4,1,1,512,52,27481900,8478720,2
sample,double,dense-1,clipping,4,1,2,512,52,25390000,8478720,2
sample,double,dense-1,clipping,4,1,3,512,52,25741700,8478720,2
sample,double,dense-1,clipping,4,1,4,512,52,23792900,8478720,2
sample,double,dense-1,clipping,4,1,5,512,52,25489600,8478720,2
sample,double,dense-1,clipping,4,1,6,512,52,23844400,8478720,2
summary,double,dense-1,clipping,46470.508,49784.375,53675.586
sample,double,dense-4,relationship,16,4,0,1024,103,21144800,0,0
sample,double,dense-4,relationship,16,4,1,1024,103,23188200,0,0
sample,double,dense-4,relationship,16,4,2,1024,103,20900900,0,0
sample,double,dense-4,relationship,16,4,3,1024,103,20324200,0,0
sample,double,dense-4,relationship,16,4,4,1024,103,21475800,0,0
sample,double,dense-4,relationship,16,4,5,1024,103,27293500,0,0
sample,double,dense-4,relationship,16,4,6,1024,103,25540600,0,0
summary,double,dense-4,relationship,19847.852,20972.461,26653.809
sample,double,dense-4,clipping,16,4,0,128,13,31877800,5294080,1
sample,double,dense-4,clipping,16,4,1,128,13,31257200,5294080,1
sample,double,dense-4,clipping,16,4,2,128,13,30359000,5294080,1
sample,double,dense-4,clipping,16,4,3,128,13,29881300,5294080,1
sample,double,dense-4,clipping,16,4,4,128,13,31965300,5294080,1
sample,double,dense-4,clipping,16,4,5,128,13,32284000,5294080,1
sample,double,dense-4,clipping,16,4,6,128,13,33244100,5294080,1
summary,double,dense-4,clipping,233447.656,249045.312,259719.531
sample,double,dense-16,relationship,64,16,0,256,26,23388100,0,0
sample,double,dense-16,relationship,64,16,1,256,26,22969200,0,0
sample,double,dense-16,relationship,64,16,2,256,26,23444500,0,0
sample,double,dense-16,relationship,64,16,3,256,26,28704300,0,0
sample,double,dense-16,relationship,64,16,4,256,26,24902600,0,0
sample,double,dense-16,relationship,64,16,5,256,26,25030100,0,0
sample,double,dense-16,relationship,64,16,6,256,26,23368400,0,0
summary,double,dense-16,relationship,89723.438,91580.078,112126.172
sample,double,dense-16,clipping,64,16,0,32,4,36000600,4640256,1
sample,double,dense-16,clipping,64,16,1,32,4,39798500,4640256,1
sample,double,dense-16,clipping,64,16,2,32,4,39632700,4640256,1
sample,double,dense-16,clipping,64,16,3,32,4,36124800,4640256,1
sample,double,dense-16,clipping,64,16,4,32,4,37563300,4640256,1
sample,double,dense-16,clipping,64,16,5,32,4,36783600,4640256,1
sample,double,dense-16,clipping,64,16,6,32,4,37227900,4640256,1
summary,double,dense-16,clipping,1125018.750,1163371.875,1243703.125
sample,double,dense-64,relationship,256,64,0,64,7,23792300,0,0
sample,double,dense-64,relationship,256,64,1,64,7,23463200,0,0
sample,double,dense-64,relationship,256,64,2,64,7,22459800,0,0
sample,double,dense-64,relationship,256,64,3,64,7,33462500,0,0
sample,double,dense-64,relationship,256,64,4,64,7,21261600,0,0
sample,double,dense-64,relationship,256,64,5,64,7,21850900,0,0
sample,double,dense-64,relationship,256,64,6,64,7,20773100,0,0
summary,double,dense-64,relationship,324579.688,350934.375,522851.562
sample,double,dense-64,clipping,256,64,0,8,1,37505200,4448256,1
sample,double,dense-64,clipping,256,64,1,8,1,37445100,4448256,1
sample,double,dense-64,clipping,256,64,2,8,1,39312600,4448256,1
sample,double,dense-64,clipping,256,64,3,8,1,37446100,4448256,1
sample,double,dense-64,clipping,256,64,4,8,1,37983000,4448256,1
sample,double,dense-64,clipping,256,64,5,8,1,37551300,4448256,1
sample,double,dense-64,clipping,256,64,6,8,1,37400600,4448256,1
summary,double,dense-64,clipping,4675075.000,4688150.000,4914075.000
sample,double,subnormal,relationship,4,1,0,1024,103,21091000,0,0
sample,double,subnormal,relationship,4,1,1,1024,103,21001200,0,0
sample,double,subnormal,relationship,4,1,2,1024,103,21840700,0,0
sample,double,subnormal,relationship,4,1,3,1024,103,22481400,0,0
sample,double,subnormal,relationship,4,1,4,1024,103,25521200,0,0
sample,double,subnormal,relationship,4,1,5,1024,103,24917800,0,0
sample,double,subnormal,relationship,4,1,6,1024,103,20911500,0,0
summary,double,subnormal,relationship,20421.387,21328.809,24923.047
sample,double,subnormal,clipping,4,1,0,512,52,35543400,8478720,2
sample,double,subnormal,clipping,4,1,1,512,52,35502000,8478720,2
sample,double,subnormal,clipping,4,1,2,512,52,36162300,8478720,2
sample,double,subnormal,clipping,4,1,3,512,52,33269900,8478720,2
sample,double,subnormal,clipping,4,1,4,512,52,36428600,8478720,2
sample,double,subnormal,clipping,4,1,5,512,52,38072000,8478720,2
sample,double,subnormal,clipping,4,1,6,512,52,40654100,8478720,2
summary,double,subnormal,clipping,64980.273,70629.492,79402.539
sample,double,large-finite,relationship,4,1,0,1024,103,32214600,0,0
sample,double,large-finite,relationship,4,1,1,1024,103,22962900,0,0
sample,double,large-finite,relationship,4,1,2,1024,103,25400200,0,0
sample,double,large-finite,relationship,4,1,3,1024,103,24016900,0,0
sample,double,large-finite,relationship,4,1,4,1024,103,25754800,0,0
sample,double,large-finite,relationship,4,1,5,1024,103,22500100,0,0
sample,double,large-finite,relationship,4,1,6,1024,103,22863800,0,0
summary,double,large-finite,relationship,21972.754,23454.004,31459.570
sample,double,large-finite,clipping,4,1,0,256,26,25479800,4239360,1
sample,double,large-finite,clipping,4,1,1,256,26,22626200,4239360,1
sample,double,large-finite,clipping,4,1,2,256,26,25993300,4239360,1
sample,double,large-finite,clipping,4,1,3,256,26,23471800,4239360,1
sample,double,large-finite,clipping,4,1,4,256,26,22937700,4239360,1
sample,double,large-finite,clipping,4,1,5,256,26,23213100,4239360,1
sample,double,large-finite,clipping,4,1,6,256,26,21900500,4239360,1
summary,double,large-finite,clipping,85548.828,90676.172,101536.328
sink,11095081622992035071
