fixture_header,scalar,case,edges,expected_fact_bits,expected_status,expected_components
sample_header,scalar,case,operation,edges,expected_components,round,iterations,warmup,elapsed_ns,gc_bytes,gc_collections
summary_header,scalar,case,operation,min_ns_per_op,median_ns_per_op,max_ns_per_op
fixture,int,exterior,4,1,success,0
fixture,int,interior,4,4,success,1
fixture,int,crossing,4,7,success,1
fixture,int,boundary-only,4,10,success,1
fixture,int,boundary-overlap,4,11,success,1
fixture,int,isolated-tangent,4,3,success,0
fixture,int,degenerate-interior,4,4,success,0
fixture,int,degenerate-boundary,4,2,success,0
fixture,int,empty,0,1,success,0
fixture,int,concave-u,8,7,success,2
fixture,int,hole,8,7,success,2
fixture,int,hole-reversed,8,7,success,2
fixture,int,rational-crossing,3,7,success,1
fixture,int,sparse-1,4,7,success,1
fixture,int,sparse-4,16,7,success,1
fixture,int,sparse-16,64,7,success,1
fixture,int,sparse-64,256,7,success,1
fixture,int,dense-1,4,7,success,1
fixture,int,dense-4,16,7,success,4
fixture,int,dense-16,64,7,success,16
fixture,int,dense-64,256,7,success,64
fixture,int,wide-integral,4,7,success,1
preflight,int,22,PASS
sample,int,exterior,relationship,4,0,0,8192,820,30355200,0,0
sample,int,exterior,relationship,4,0,1,8192,820,29762400,0,0
sample,int,exterior,relationship,4,0,2,8192,820,31626500,0,0
sample,int,exterior,relationship,4,0,3,8192,820,31044100,0,0
sample,int,exterior,relationship,4,0,4,8192,820,30121900,0,0
sample,int,exterior,relationship,4,0,5,8192,820,30673600,0,0
sample,int,exterior,relationship,4,0,6,8192,820,29775700,0,0
summary,int,exterior,relationship,3633.105,3705.469,3860.657
sample,int,exterior,clipping,4,0,0,4096,410,37452700,101056512,24
sample,int,exterior,clipping,4,0,1,4096,410,36291100,101056512,24
sample,int,exterior,clipping,4,0,2,4096,410,35394600,101056512,24
sample,int,exterior,clipping,4,0,3,4096,410,32257700,101056512,24
sample,int,exterior,clipping,4,0,4,4096,410,38515700,101056512,24
sample,int,exterior,clipping,4,0,5,4096,410,39527900,101056512,24
sample,int,exterior,clipping,4,0,6,4096,410,39775100,101056512,24
summary,int,exterior,clipping,7875.415,9143.726,9710.718
sample,int,interior,relationship,4,1,0,8192,820,24931900,0,0
sample,int,interior,relationship,4,1,1,8192,820,26529300,0,0
sample,int,interior,relationship,4,1,2,8192,820,24351300,0,0
sample,int,interior,relationship,4,1,3,8192,820,24239900,0,0
sample,int,interior,relationship,4,1,4,8192,820,25182300,0,0
sample,int,interior,relationship,4,1,5,8192,820,24077600,0,0
sample,int,interior,relationship,4,1,6,8192,820,23780100,0,0
summary,int,interior,relationship,2902.844,2972.571,3238.440
sample,int,interior,clipping,4,1,0,2048,205,36247000,50626560,12
sample,int,interior,clipping,4,1,1,2048,205,40409500,50626560,12
sample,int,interior,clipping,4,1,2,2048,205,38125500,50626560,12
sample,int,interior,clipping,4,1,3,2048,205,37214800,50626560,12
sample,int,interior,clipping,4,1,4,2048,205,40874400,50626560,12
sample,int,interior,clipping,4,1,5,2048,205,36910500,50626560,12
sample,int,interior,clipping,4,1,6,2048,205,38119300,50626560,12
summary,int,interior,clipping,17698.730,18612.939,19958.203
sample,int,crossing,relationship,4,1,0,8192,820,25986100,0,0
sample,int,crossing,relationship,4,1,1,8192,820,26897200,0,0
sample,int,crossing,relationship,4,1,2,8192,820,27022300,0,0
sample,int,crossing,relationship,4,1,3,8192,820,30103500,0,0
sample,int,crossing,relationship,4,1,4,8192,820,32918500,0,0
sample,int,crossing,relationship,4,1,5,8192,820,29590800,0,0
sample,int,crossing,relationship,4,1,6,8192,820,29017800,0,0
summary,int,crossing,relationship,3172.131,3542.212,4018.372
sample,int,crossing,clipping,4,1,0,512,52,25122000,12673024,3
sample,int,crossing,clipping,4,1,1,512,52,27832700,12673024,3
sample,int,crossing,clipping,4,1,2,512,52,29808500,12673024,3
sample,int,crossing,clipping,4,1,3,512,52,34324800,12673024,3
sample,int,crossing,clipping,4,1,4,512,52,23889600,12673024,3
sample,int,crossing,clipping,4,1,5,512,52,25353500,12673024,3
sample,int,crossing,clipping,4,1,6,512,52,23271400,12673024,3
summary,int,crossing,clipping,45451.953,49518.555,67040.625
sample,int,boundary-only,relationship,4,1,0,4096,410,19548600,0,0
sample,int,boundary-only,relationship,4,1,1,4096,410,19982700,0,0
sample,int,boundary-only,relationship,4,1,2,4096,410,19946700,0,0
sample,int,boundary-only,relationship,4,1,3,4096,410,21690900,0,0
sample,int,boundary-only,relationship,4,1,4,4096,410,18754300,0,0
sample,int,boundary-only,relationship,4,1,5,4096,410,19035300,0,0
sample,int,boundary-only,relationship,4,1,6,4096,410,19189500,0,0
summary,int,boundary-only,relationship,4578.687,4772.607,5295.630
sample,int,boundary-only,clipping,4,1,0,1024,103,34131300,25313280,6
sample,int,boundary-only,clipping,4,1,1,1024,103,33008500,25313280,6
sample,int,boundary-only,clipping,4,1,2,1024,103,32760700,25313280,6
sample,int,boundary-only,clipping,4,1,3,1024,103,33053500,25313280,6
sample,int,boundary-only,clipping,4,1,4,1024,103,33452200,25313280,6
sample,int,boundary-only,clipping,4,1,5,1024,103,34672900,25313280,6
sample,int,boundary-only,clipping,4,1,6,1024,103,34790400,25313280,6
summary,int,boundary-only,clipping,31992.871,32668.164,33975.000
sample,int,boundary-overlap,relationship,4,1,0,4096,410,23773000,0,0
sample,int,boundary-overlap,relationship,4,1,1,4096,410,25796800,0,0
sample,int,boundary-overlap,relationship,4,1,2,4096,410,24573900,0,0
sample,int,boundary-overlap,relationship,4,1,3,4096,410,26178900,0,0
sample,int,boundary-overlap,relationship,4,1,4,4096,410,24368100,0,0
sample,int,boundary-overlap,relationship,4,1,5,4096,410,25422800,0,0
sample,int,boundary-overlap,relationship,4,1,6,4096,410,23713300,0,0
summary,int,boundary-overlap,relationship,5789.380,5999.487,6391.333
sample,int,boundary-overlap,clipping,4,1,0,1024,103,36089200,25346048,6
sample,int,boundary-overlap,clipping,4,1,1,1024,103,36634800,25346048,6
sample,int,boundary-overlap,clipping,4,1,2,1024,103,35375700,25346048,6
sample,int,boundary-overlap,clipping,4,1,3,1024,103,46968300,25346048,6
sample,int,boundary-overlap,clipping,4,1,4,1024,103,34779600,25346048,6
sample,int,boundary-overlap,clipping,4,1,5,1024,103,36507400,25346048,6
sample,int,boundary-overlap,clipping,4,1,6,1024,103,37812700,25346048,6
summary,int,boundary-overlap,clipping,33964.453,35651.758,45867.480
sample,int,isolated-tangent,relationship,4,0,0,4096,410,22758600,0,0
sample,int,isolated-tangent,relationship,4,0,1,4096,410,21365200,0,0
sample,int,isolated-tangent,relationship,4,0,2,4096,410,22711100,0,0
sample,int,isolated-tangent,relationship,4,0,3,4096,410,22326200,0,0
sample,int,isolated-tangent,relationship,4,0,4,4096,410,22466300,0,0
sample,int,isolated-tangent,relationship,4,0,5,4096,410,23597100,0,0
sample,int,isolated-tangent,relationship,4,0,6,4096,410,22504900,0,0
summary,int,isolated-tangent,relationship,5216.113,5494.360,5761.011
sample,int,isolated-tangent,clipping,4,0,0,2048,205,32866500,50528256,12
sample,int,isolated-tangent,clipping,4,0,1,2048,205,33050600,50528256,12
sample,int,isolated-tangent,clipping,4,0,2,2048,205,34528900,50528256,12
sample,int,isolated-tangent,clipping,4,0,3,2048,205,34970500,50528256,12
sample,int,isolated-tangent,clipping,4,0,4,2048,205,33940200,50528256,12
sample,int,isolated-tangent,clipping,4,0,5,2048,205,32679800,50528256,12
sample,int,isolated-tangent,clipping,4,0,6,2048,205,32661900,50528256,12
summary,int,isolated-tangent,clipping,15948.193,16137.988,17075.439
sample,int,degenerate-interior,relationship,4,0,0,65536,6554,8717900,0,0
sample,int,degenerate-interior,relationship,4,0,1,65536,6554,8765200,0,0
sample,int,degenerate-interior,relationship,4,0,2,65536,6554,8629100,0,0
sample,int,degenerate-interior,relationship,4,0,3,65536,6554,9368700,0,0
sample,int,degenerate-interior,relationship,4,0,4,65536,6554,8132500,0,0
sample,int,degenerate-interior,relationship,4,0,5,65536,6554,9426300,0,0
sample,int,degenerate-interior,relationship,4,0,6,65536,6554,7655600,0,0
summary,int,degenerate-interior,relationship,116.815,133.025,143.834
sample,int,degenerate-interior,clipping,4,0,0,65536,6554,2802200,0,0
sample,int,degenerate-interior,clipping,4,0,1,65536,6554,2368500,0,0
sample,int,degenerate-interior,clipping,4,0,2,65536,6554,1999300,0,0
sample,int,degenerate-interior,clipping,4,0,3,65536,6554,2023400,0,0
sample,int,degenerate-interior,clipping,4,0,4,65536,6554,2018900,0,0
sample,int,degenerate-interior,clipping,4,0,5,65536,6554,2273400,0,0
sample,int,degenerate-interior,clipping,4,0,6,65536,6554,2864500,0,0
summary,int,degenerate-interior,clipping,30.507,34.689,43.709
sample,int,degenerate-boundary,relationship,4,0,0,65536,6554,8404100,0,0
sample,int,degenerate-boundary,relationship,4,0,1,65536,6554,9708300,0,0
sample,int,degenerate-boundary,relationship,4,0,2,65536,6554,7500600,0,0
sample,int,degenerate-boundary,relationship,4,0,3,65536,6554,9579000,0,0
sample,int,degenerate-boundary,relationship,4,0,4,65536,6554,7767000,0,0
sample,int,degenerate-boundary,relationship,4,0,5,65536,6554,9289300,0,0
sample,int,degenerate-boundary,relationship,4,0,6,65536,6554,7591600,0,0
summary,int,degenerate-boundary,relationship,114.450,128.236,148.137
sample,int,degenerate-boundary,clipping,4,0,0,65536,6554,2223900,0,0
sample,int,degenerate-boundary,clipping,4,0,1,65536,6554,2057100,0,0
sample,int,degenerate-boundary,clipping,4,0,2,65536,6554,2018500,0,0
sample,int,degenerate-boundary,clipping,4,0,3,65536,6554,1949300,0,0
sample,int,degenerate-boundary,clipping,4,0,4,65536,6554,2035400,0,0
sample,int,degenerate-boundary,clipping,4,0,5,65536,6554,2417200,0,0
sample,int,degenerate-boundary,clipping,4,0,6,65536,6554,2167700,0,0
summary,int,degenerate-boundary,clipping,29.744,31.389,36.884
sample,int,empty,relationship,0,0,0,65536,6554,2086600,0,0
sample,int,empty,relationship,0,0,1,65536,6554,2089000,0,0
sample,int,empty,relationship,0,0,2,65536,6554,2084500,0,0
sample,int,empty,relationship,0,0,3,65536,6554,2163300,0,0
sample,int,empty,relationship,0,0,4,65536,6554,2092900,0,0
sample,int,empty,relationship,0,0,5,65536,6554,2080400,0,0
sample,int,empty,relationship,0,0,6,65536,6554,2083500,0,0
summary,int,empty,relationship,31.744,31.839,33.009
sample,int,empty,clipping,0,0,0,65536,6554,1948800,0,0
sample,int,empty,clipping,0,0,1,65536,6554,1910800,0,0
sample,int,empty,clipping,0,0,2,65536,6554,2103200,0,0
sample,int,empty,clipping,0,0,3,65536,6554,2133000,0,0
sample,int,empty,clipping,0,0,4,65536,6554,1925600,0,0
sample,int,empty,clipping,0,0,5,65536,6554,1885800,0,0
sample,int,empty,clipping,0,0,6,65536,6554,1892100,0,0
summary,int,empty,clipping,28.775,29.382,32.547
sample,int,concave-u,relationship,8,2,0,4096,410,36024100,0,0
sample,int,concave-u,relationship,8,2,1,4096,410,46751000,0,0
sample,int,concave-u,relationship,8,2,2,4096,410,34782200,0,0
sample,int,concave-u,relationship,8,2,3,4096,410,35080700,0,0
sample,int,concave-u,relationship,8,2,4,4096,410,33679800,0,0
sample,int,concave-u,relationship,8,2,5,4096,410,33346000,0,0
sample,int,concave-u,relationship,8,2,6,4096,410,33500900,0,0
summary,int,concave-u,relationship,8141.113,8491.748,11413.818
sample,int,concave-u,clipping,8,2,0,256,26,26444600,10551296,2
sample,int,concave-u,clipping,8,2,1,256,26,26844100,10551296,2
sample,int,concave-u,clipping,8,2,2,256,26,25404900,10551296,2
sample,int,concave-u,clipping,8,2,3,256,26,25034100,10551296,2
sample,int,concave-u,clipping,8,2,4,256,26,28771700,10551296,2
sample,int,concave-u,clipping,8,2,5,256,26,23854500,10551296,2
sample,int,concave-u,clipping,8,2,6,256,26,26610000,10551296,2
summary,int,concave-u,clipping,93181.641,103299.219,112389.453
sample,int,hole,relationship,8,2,0,4096,410,35456500,0,0
sample,int,hole,relationship,8,2,1,4096,410,35621800,0,0
sample,int,hole,relationship,8,2,2,4096,410,34709100,0,0
sample,int,hole,relationship,8,2,3,4096,410,35752800,0,0
sample,int,hole,relationship,8,2,4,4096,410,35682400,0,0
sample,int,hole,relationship,8,2,5,4096,410,44744300,0,0
sample,int,hole,relationship,8,2,6,4096,410,40669000,0,0
summary,int,hole,relationship,8473.901,8711.523,10923.901
sample,int,hole,clipping,8,2,0,256,26,28414100,10551296,2
sample,int,hole,clipping,8,2,1,256,26,27864100,10551296,2
sample,int,hole,clipping,8,2,2,256,26,29893000,10551296,2
sample,int,hole,clipping,8,2,3,256,26,31654600,10551296,2
sample,int,hole,clipping,8,2,4,256,26,31356600,10551296,2
sample,int,hole,clipping,8,2,5,256,26,38692900,10551296,2
sample,int,hole,clipping,8,2,6,256,26,29619300,10551296,2
summary,int,hole,clipping,108844.141,116769.531,151144.141
sample,int,hole-reversed,relationship,8,2,0,2048,205,20733300,0,0
sample,int,hole-reversed,relationship,8,2,1,2048,205,20101800,0,0
sample,int,hole-reversed,relationship,8,2,2,2048,205,21057100,0,0
sample,int,hole-reversed,relationship,8,2,3,2048,205,22408000,0,0
sample,int,hole-reversed,relationship,8,2,4,2048,205,19887100,0,0
sample,int,hole-reversed,relationship,8,2,5,2048,205,19505300,0,0
sample,int,hole-reversed,relationship,8,2,6,2048,205,19573200,0,0
summary,int,hole-reversed,relationship,9524.072,9815.332,10941.406
sample,int,hole-reversed,clipping,8,2,0,256,26,30015200,10551296,2
sample,int,hole-reversed,clipping,8,2,1,256,26,31374000,10551296,2
sample,int,hole-reversed,clipping,8,2,2,256,26,30650500,10551296,2
sample,int,hole-reversed,clipping,8,2,3,256,26,28538100,10551296,2
sample,int,hole-reversed,clipping,8,2,4,256,26,29197100,10551296,2
sample,int,hole-reversed,clipping,8,2,5,256,26,29155900,10551296,2
sample,int,hole-reversed,clipping,8,2,6,256,26,27102200,10551296,2
summary,int,hole-reversed,clipping,105867.969,114051.172,122554.688
sample,int,rational-crossing,relationship,3,1,0,8192,820,20703400,0,0
sample,int,rational-crossing,relationship,3,1,1,8192,820,23442100,0,0
sample,int,rational-crossing,relationship,3,1,2,8192,820,19930100,0,0
sample,int,rational-crossing,relationship,3,1,3,8192,820,19530600,0,0
sample,int,rational-crossing,relationship,3,1,4,8192,820,19774200,0,0
sample,int,rational-crossing,relationship,3,1,5,8192,820,21834700,0,0
sample,int,rational-crossing,relationship,3,1,6,8192,820,20113100,0,0
summary,int,rational-crossing,relationship,2384.106,2455.212,2861.584
sample,int,rational-crossing,clipping,3,1,0,512,52,27568100,10575872,2
sample,int,rational-crossing,clipping,3,1,1,512,52,24688600,10575872,2
sample,int,rational-crossing,clipping,3,1,2,512,52,25440100,10575872,2
sample,int,rational-crossing,clipping,3,1,3,512,52,22934700,10575872,2
sample,int,rational-crossing,clipping,3,1,4,512,52,24777300,10575872,2
sample,int,rational-crossing,clipping,3,1,5,512,52,23507000,10575872,2
sample,int,rational-crossing,clipping,3,1,6,512,52,25918700,10575872,2
summary,int,rational-crossing,clipping,44794.336,48393.164,53843.945
sample,int,sparse-1,relationship,4,1,0,8192,820,32036600,0,0
sample,int,sparse-1,relationship,4,1,1,8192,820,38169100,0,0
sample,int,sparse-1,relationship,4,1,2,8192,820,27563100,0,0
sample,int,sparse-1,relationship,4,1,3,8192,820,30440100,0,0
sample,int,sparse-1,relationship,4,1,4,8192,820,30093800,0,0
sample,int,sparse-1,relationship,4,1,5,8192,820,32164000,0,0
sample,int,sparse-1,relationship,4,1,6,8192,820,30983400,0,0
summary,int,sparse-1,relationship,3364.636,3782.153,4659.314
sample,int,sparse-1,clipping,4,1,0,512,52,24752800,12673024,3
sample,int,sparse-1,clipping,4,1,1,512,52,27497000,12673024,3
sample,int,sparse-1,clipping,4,1,2,512,52,26713700,12673024,3
sample,int,sparse-1,clipping,4,1,3,512,52,26379200,12673024,3
sample,int,sparse-1,clipping,4,1,4,512,52,27321700,12673024,3
sample,int,sparse-1,clipping,4,1,5,512,52,23757600,12673024,3
sample,int,sparse-1,clipping,4,1,6,512,52,26058600,12673024,3
summary,int,sparse-1,clipping,46401.562,51521.875,53705.078
sample,int,sparse-4,relationship,16,1,0,2048,205,34000400,0,0
sample,int,sparse-4,relationship,16,1,1,2048,205,36899900,0,0
sample,int,sparse-4,relationship,16,1,2,2048,205,34576500,0,0
sample,int,sparse-4,relationship,16,1,3,2048,205,33294000,0,0
sample,int,sparse-4,relationship,16,1,4,2048,205,34266500,0,0
sample,int,sparse-4,relationship,16,1,5,2048,205,34057700,0,0
sample,int,sparse-4,relationship,16,1,6,2048,205,35792500,0,0
summary,int,sparse-4,relationship,16256.836,16731.689,18017.529
sample,int,sparse-4,clipping,16,1,0,512,52,30612300,37838848,9
sample,int,sparse-4,clipping,16,1,1,512,52,33855800,37838848,9
sample,int,sparse-4,clipping,16,1,2,512,52,33154500,37838848,9
sample,int,sparse-4,clipping,16,1,3,512,52,33076200,37838848,9
sample,int,sparse-4,clipping,16,1,4,512,52,32520100,37838848,9
sample,int,sparse-4,clipping,16,1,5,512,52,32220500,37838848,9
sample,int,sparse-4,clipping,16,1,6,512,52,40035300,37838848,9
summary,int,sparse-4,clipping,59789.648,64601.953,78193.945
sample,int,sparse-16,relationship,64,1,0,512,52,32404300,0,0
sample,int,sparse-16,relationship,64,1,1,512,52,34698500,0,0
sample,int,sparse-16,relationship,64,1,2,512,52,30687100,0,0
sample,int,sparse-16,relationship,64,1,3,512,52,30414300,0,0
sample,int,sparse-16,relationship,64,1,4,512,52,30975700,0,0
sample,int,sparse-16,relationship,64,1,5,512,52,33251500,0,0
sample,int,sparse-16,relationship,64,1,6,512,52,30334800,0,0
summary,int,sparse-16,relationship,59247.656,60499.414,67770.508
sample,int,sparse-16,clipping,64,1,0,256,26,33007000,71348224,19
sample,int,sparse-16,clipping,64,1,1,256,26,32267600,71348224,19
sample,int,sparse-16,clipping,64,1,2,256,26,37199900,71348224,19
sample,int,sparse-16,clipping,64,1,3,256,26,34824900,71348224,19
sample,int,sparse-16,clipping,64,1,4,256,26,33999000,71348224,19
sample,int,sparse-16,clipping,64,1,5,256,26,40002200,71348224,19
sample,int,sparse-16,clipping,64,1,6,256,26,33246900,71348224,19
summary,int,sparse-16,clipping,126045.312,132808.594,156258.594
sample,int,sparse-64,relationship,256,1,0,128,13,37261400,0,0
sample,int,sparse-64,relationship,256,1,1,128,13,35406700,0,0
sample,int,sparse-64,relationship,256,1,2,128,13,37552800,0,0
sample,int,sparse-64,relationship,256,1,3,128,13,34450500,0,0
sample,int,sparse-64,relationship,256,1,4,128,13,34687900,0,0
sample,int,sparse-64,relationship,256,1,5,128,13,35901300,0,0
sample,int,sparse-64,relationship,256,1,6,128,13,37341300,0,0
summary,int,sparse-64,relationship,269144.531,280478.906,293381.250
sample,int,sparse-64,clipping,256,1,0,32,4,21342700,35001856,5
sample,int,sparse-64,clipping,256,1,1,32,4,21494400,35001856,4
sample,int,sparse-64,clipping,256,1,2,32,4,21096400,35001856,4
sample,int,sparse-64,clipping,256,1,3,32,4,21660200,35001856,4
sample,int,sparse-64,clipping,256,1,4,32,4,23646900,35001856,4
sample,int,sparse-64,clipping,256,1,5,32,4,21319200,35001856,4
sample,int,sparse-64,clipping,256,1,6,32,4,19918300,35001856,4
summary,int,sparse-64,clipping,622446.875,666959.375,738965.625
sample,int,dense-1,relationship,4,1,0,8192,820,30829900,0,0
sample,int,dense-1,relationship,4,1,1,8192,820,30424300,0,0
sample,int,dense-1,relationship,4,1,2,8192,820,30929800,0,0
sample,int,dense-1,relationship,4,1,3,8192,820,31432600,0,0
sample,int,dense-1,relationship,4,1,4,8192,820,29604900,0,0
sample,int,dense-1,relationship,4,1,5,8192,820,30060700,0,0
sample,int,dense-1,relationship,4,1,6,8192,820,29779300,0,0
summary,int,dense-1,relationship,3613.879,3713.904,3836.987
sample,int,dense-1,clipping,4,1,0,512,52,30083300,12673024,3
sample,int,dense-1,clipping,4,1,1,512,52,28454000,12673024,3
sample,int,dense-1,clipping,4,1,2,512,52,24658800,12673024,3
sample,int,dense-1,clipping,4,1,3,512,52,26269600,12673024,3
sample,int,dense-1,clipping,4,1,4,512,52,24219800,12673024,3
sample,int,dense-1,clipping,4,1,5,512,52,25819300,12673024,3
sample,int,dense-1,clipping,4,1,6,512,52,25559600,12673024,3
summary,int,dense-1,clipping,47304.297,50428.320,58756.445
sample,int,dense-4,relationship,16,4,0,1024,103,35195900,0,0
sample,int,dense-4,relationship,16,4,1,1024,103,23182600,0,0
sample,int,dense-4,relationship,16,4,2,1024,103,21876300,0,0
sample,int,dense-4,relationship,16,4,3,1024,103,23811800,0,0
sample,int,dense-4,relationship,16,4,4,1024,103,22543700,0,0
sample,int,dense-4,relationship,16,4,5,1024,103,23175300,0,0
sample,int,dense-4,relationship,16,4,6,1024,103,24747300,0,0
summary,int,dense-4,relationship,21363.574,22639.258,34370.996
sample,int,dense-4,clipping,16,4,0,128,13,37445300,9488384,2
sample,int,dense-4,clipping,16,4,1,128,13,37023400,9488384,2
sample,int,dense-4,clipping,16,4,2,128,13,33239900,9488384,2
sample,int,dense-4,clipping,16,4,3,128,13,37992700,9488384,2
sample,int,dense-4,clipping,16,4,4,128,13,34950400,9488384,2
sample,int,dense-4,clipping,16,4,5,128,13,35293600,9488384,2
sample,int,dense-4,clipping,16,4,6,128,13,32811600,9488384,2
summary,int,dense-4,clipping,256340.625,275731.250,296817.969
sample,int,dense-16,relationship,64,16,0,256,26,26414800,0,0
sample,int,dense-16,relationship,64,16,1,256,26,25035000,0,0
sample,int,dense-16,relationship,64,16,2,256,26,26630200,0,0
sample,int,dense-16,relationship,64,16,3,256,26,23448000,0,0
sample,int,dense-16,relationship,64,16,4,256,26,25735300,0,0
sample,int,dense-16,relationship,64,16,5,256,26,23017800,0,0
sample,int,dense-16,relationship,64,16,6,256,26,25045600,0,0
summary,int,dense-16,relationship,89913.281,97834.375,104024.219
sample,int,dense-16,clipping,64,16,0,32,4,37651700,8965632,2
sample,int,dense-16,clipping,64,16,1,32,4,36559300,8965632,2
sample,int,dense-16,clipping,64,16,2,32,4,37720000,8965632,2
sample,int,dense-16,clipping,64,16,3,32,4,38960500,8965632,2
sample,int,dense-16,clipping,64,16,4,32,4,40256500,8965632,2
sample,int,dense-16,clipping,64,16,5,32,4,37542500,8965632,2
sample,int,dense-16,clipping,64,16,6,32,4,31847300,8965632,2
summary,int,dense-16,clipping,995228.125,1176615.625,1258015.625
sample,int,dense-64,relationship,256,64,0,64,7,21087200,0,0
sample,int,dense-64,relationship,256,64,1,64,7,24464900,0,0
sample,int,dense-64,relationship,256,64,2,64,7,21539700,0,0
sample,int,dense-64,relationship,256,64,3,64,7,22601100,0,0
sample,int,dense-64,relationship,256,64,4,64,7,22271800,0,0
sample,int,dense-64,relationship,256,64,5,64,7,21274000,0,0
sample,int,dense-64,relationship,256,64,6,64,7,21325500,0,0
summary,int,dense-64,relationship,329487.500,336557.812,382264.062
sample,int,dense-64,clipping,256,64,0,4,1,18315600,4403200,1
sample,int,dense-64,clipping,256,64,1,4,1,20310400,4403200,1
sample,int,dense-64,clipping,256,64,2,4,1,18366900,4403200,1
sample,int,dense-64,clipping,256,64,3,4,1,18245100,4403200,1
sample,int,dense-64,clipping,256,64,4,4,1,18245200,4403200,1
sample,int,dense-64,clipping,256,64,5,4,1,18175000,4403200,1
sample,int,dense-64,clipping,256,64,6,4,1,18234900,4403200,1
summary,int,dense-64,clipping,4543750.000,4561300.000,5077600.000
sample,int,wide-integral,relationship,4,1,0,8192,820,26189600,0,0
sample,int,wide-integral,relationship,4,1,1,8192,820,30129300,0,0
sample,int,wide-integral,relationship,4,1,2,8192,820,26335900,0,0
sample,int,wide-integral,relationship,4,1,3,8192,820,25478700,0,0
sample,int,wide-integral,relationship,4,1,4,8192,820,26234500,0,0
sample,int,wide-integral,relationship,4,1,5,8192,820,27486600,0,0
sample,int,wide-integral,relationship,4,1,6,8192,820,24764600,0,0
summary,int,wide-integral,relationship,3023.022,3202.454,3677.893
sample,int,wide-integral,clipping,4,1,0,512,52,22673000,12673024,3
sample,int,wide-integral,clipping,4,1,1,512,52,23940600,12673024,3
sample,int,wide-integral,clipping,4,1,2,512,52,21810400,12673024,3
sample,int,wide-integral,clipping,4,1,3,512,52,22984500,12673024,3
sample,int,wide-integral,clipping,4,1,4,512,52,21779000,12673024,3
sample,int,wide-integral,clipping,4,1,5,512,52,23025900,12673024,3
sample,int,wide-integral,clipping,4,1,6,512,52,24751600,12673024,3
summary,int,wide-integral,clipping,42537.109,44891.602,48342.969
fixture,long,exterior,4,1,success,0
fixture,long,interior,4,4,success,1
fixture,long,crossing,4,7,success,1
fixture,long,boundary-only,4,10,success,1
fixture,long,boundary-overlap,4,11,success,1
fixture,long,isolated-tangent,4,3,success,0
fixture,long,degenerate-interior,4,4,success,0
fixture,long,degenerate-boundary,4,2,success,0
fixture,long,empty,0,1,success,0
fixture,long,concave-u,8,7,success,2
fixture,long,hole,8,7,success,2
fixture,long,hole-reversed,8,7,success,2
fixture,long,rational-crossing,3,7,success,1
fixture,long,sparse-1,4,7,success,1
fixture,long,sparse-4,16,7,success,1
fixture,long,sparse-16,64,7,success,1
fixture,long,sparse-64,256,7,success,1
fixture,long,dense-1,4,7,success,1
fixture,long,dense-4,16,7,success,4
fixture,long,dense-16,64,7,success,16
fixture,long,dense-64,256,7,success,64
fixture,long,wide-integral,4,7,success,1
fixture,long,endpoint-collapse,4,6,unrepresentableConstruction,0
fixture,long,gap-collapse,8,7,unrepresentableConstruction,0
preflight,long,24,PASS
sample,long,exterior,relationship,4,0,0,8192,820,32252000,0,0
sample,long,exterior,relationship,4,0,1,8192,820,29305500,0,0
sample,long,exterior,relationship,4,0,2,8192,820,29142000,0,0
sample,long,exterior,relationship,4,0,3,8192,820,28457800,0,0
sample,long,exterior,relationship,4,0,4,8192,820,29461600,0,0
sample,long,exterior,relationship,4,0,5,8192,820,30395600,0,0
sample,long,exterior,relationship,4,0,6,8192,820,31232200,0,0
summary,long,exterior,relationship,3473.853,3596.387,3937.012
sample,long,exterior,clipping,4,0,0,2048,205,20444700,50528256,12
sample,long,exterior,clipping,4,0,1,2048,205,19161600,50528256,12
sample,long,exterior,clipping,4,0,2,2048,205,18574500,50528256,12
sample,long,exterior,clipping,4,0,3,2048,205,31186800,50528256,12
sample,long,exterior,clipping,4,0,4,2048,205,19033500,50528256,12
sample,long,exterior,clipping,4,0,5,2048,205,19829400,50528256,12
sample,long,exterior,clipping,4,0,6,2048,205,21722500,50528256,12
summary,long,exterior,clipping,9069.580,9682.324,15227.930
sample,long,interior,relationship,4,1,0,8192,820,29243200,0,0
sample,long,interior,relationship,4,1,1,8192,820,30187500,0,0
sample,long,interior,relationship,4,1,2,8192,820,29699600,0,0
sample,long,interior,relationship,4,1,3,8192,820,29655700,0,0
sample,long,interior,relationship,4,1,4,8192,820,31222100,0,0
sample,long,interior,relationship,4,1,5,8192,820,30952800,0,0
sample,long,interior,relationship,4,1,6,8192,820,29534200,0,0
summary,long,interior,relationship,3569.727,3625.439,3811.292
sample,long,interior,clipping,4,1,0,1024,103,20379900,25313280,6
sample,long,interior,clipping,4,1,1,1024,103,20487200,25313280,6
sample,long,interior,clipping,4,1,2,1024,103,23429100,25313280,6
sample,long,interior,clipping,4,1,3,1024,103,24428300,25313280,6
sample,long,interior,clipping,4,1,4,1024,103,23813500,25313280,6
sample,long,interior,clipping,4,1,5,1024,103,23050000,25313280,6
sample,long,interior,clipping,4,1,6,1024,103,20699100,25313280,6
summary,long,interior,clipping,19902.246,22509.766,23855.762
sample,long,crossing,relationship,4,1,0,8192,820,31140600,0,0
sample,long,crossing,relationship,4,1,1,8192,820,30630300,0,0
sample,long,crossing,relationship,4,1,2,8192,820,31005000,0,0
sample,long,crossing,relationship,4,1,3,8192,820,29287500,0,0
sample,long,crossing,relationship,4,1,4,8192,820,28834900,0,0
sample,long,crossing,relationship,4,1,5,8192,820,29091000,0,0
sample,long,crossing,relationship,4,1,6,8192,820,27998200,0,0
summary,long,crossing,relationship,3417.749,3575.134,3801.343
sample,long,crossing,clipping,4,1,0,512,52,25702700,12673024,3
sample,long,crossing,clipping,4,1,1,512,52,26599000,12673024,3
sample,long,crossing,clipping,4,1,2,512,52,24041100,12673024,3
sample,long,crossing,clipping,4,1,3,512,52,24644400,12673024,3
sample,long,crossing,clipping,4,1,4,512,52,23536700,12673024,3
sample,long,crossing,clipping,4,1,5,512,52,39703100,12673024,3
sample,long,crossing,clipping,4,1,6,512,52,24902800,12673024,3
summary,long,crossing,clipping,45970.117,48638.281,77545.117
sample,long,boundary-only,relationship,4,1,0,4096,410,19477400,0,0
sample,long,boundary-only,relationship,4,1,1,4096,410,19204800,0,0
sample,long,boundary-only,relationship,4,1,2,4096,410,20083700,0,0
sample,long,boundary-only,relationship,4,1,3,4096,410,20080300,0,0
sample,long,boundary-only,relationship,4,1,4,4096,410,19768400,0,0
sample,long,boundary-only,relationship,4,1,5,4096,410,19381000,0,0
sample,long,boundary-only,relationship,4,1,6,4096,410,20230800,0,0
summary,long,boundary-only,relationship,4688.672,4826.270,4939.160
sample,long,boundary-only,clipping,4,1,0,1024,103,32086800,25313280,6
sample,long,boundary-only,clipping,4,1,1,1024,103,31951300,25313280,6
sample,long,boundary-only,clipping,4,1,2,1024,103,31825400,25313280,6
sample,long,boundary-only,clipping,4,1,3,1024,103,33998400,25313280,6
sample,long,boundary-only,clipping,4,1,4,1024,103,36576000,25313280,6
sample,long,boundary-only,clipping,4,1,5,1024,103,34512200,25313280,6
sample,long,boundary-only,clipping,4,1,6,1024,103,32096800,25313280,6
summary,long,boundary-only,clipping,31079.492,31344.531,35718.750
sample,long,boundary-overlap,relationship,4,1,0,4096,410,26373500,0,0
sample,long,boundary-overlap,relationship,4,1,1,4096,410,25514300,0,0
sample,long,boundary-overlap,relationship,4,1,2,4096,410,28257500,0,0
sample,long,boundary-overlap,relationship,4,1,3,4096,410,23613200,0,0
sample,long,boundary-overlap,relationship,4,1,4,4096,410,22617500,0,0
sample,long,boundary-overlap,relationship,4,1,5,4096,410,23151000,0,0
sample,long,boundary-overlap,relationship,4,1,6,4096,410,22441700,0,0
summary,long,boundary-overlap,relationship,5478.931,5764.941,6898.804
sample,long,boundary-overlap,clipping,4,1,0,1024,103,32657300,25346048,6
sample,long,boundary-overlap,clipping,4,1,1,1024,103,31266600,25346048,6
sample,long,boundary-overlap,clipping,4,1,2,1024,103,29394800,25346048,6
sample,long,boundary-overlap,clipping,4,1,3,1024,103,29176000,25346048,6
sample,long,boundary-overlap,clipping,4,1,4,1024,103,29248400,25346048,6
sample,long,boundary-overlap,clipping,4,1,5,1024,103,39217200,25346048,6
sample,long,boundary-overlap,clipping,4,1,6,1024,103,31513700,25346048,6
summary,long,boundary-overlap,clipping,28492.188,30533.789,38298.047
sample,long,isolated-tangent,relationship,4,0,0,8192,820,39487800,0,0
sample,long,isolated-tangent,relationship,4,0,1,8192,820,41086100,0,0
sample,long,isolated-tangent,relationship,4,0,2,8192,820,42583200,0,0
sample,long,isolated-tangent,relationship,4,0,3,8192,820,41347000,0,0
sample,long,isolated-tangent,relationship,4,0,4,8192,820,39757700,0,0
sample,long,isolated-tangent,relationship,4,0,5,8192,820,39452800,0,0
sample,long,isolated-tangent,relationship,4,0,6,8192,820,41222700,0,0
summary,long,isolated-tangent,relationship,4816.016,5015.393,5198.145
sample,long,isolated-tangent,clipping,4,0,0,2048,205,28625700,50528256,12
sample,long,isolated-tangent,clipping,4,0,1,2048,205,30108300,50528256,12
sample,long,isolated-tangent,clipping,4,0,2,2048,205,29423700,50528256,12
sample,long,isolated-tangent,clipping,4,0,3,2048,205,35205800,50528256,12
sample,long,isolated-tangent,clipping,4,0,4,2048,205,35864700,50528256,12
sample,long,isolated-tangent,clipping,4,0,5,2048,205,37328200,50528256,12
sample,long,isolated-tangent,clipping,4,0,6,2048,205,39189000,50528256,12
summary,long,isolated-tangent,clipping,13977.393,17190.332,19135.254
sample,long,degenerate-interior,relationship,4,0,0,65536,6554,7280200,0,0
sample,long,degenerate-interior,relationship,4,0,1,65536,6554,9374700,0,0
sample,long,degenerate-interior,relationship,4,0,2,65536,6554,7181800,0,0
sample,long,degenerate-interior,relationship,4,0,3,65536,6554,9215200,0,0
sample,long,degenerate-interior,relationship,4,0,4,65536,6554,7305900,0,0
sample,long,degenerate-interior,relationship,4,0,5,65536,6554,8875100,0,0
sample,long,degenerate-interior,relationship,4,0,6,65536,6554,7373900,0,0
summary,long,degenerate-interior,relationship,109.586,112.517,143.047
sample,long,degenerate-interior,clipping,4,0,0,65536,6554,2635200,0,0
sample,long,degenerate-interior,clipping,4,0,1,65536,6554,2578900,0,0
sample,long,degenerate-interior,clipping,4,0,2,65536,6554,2308400,0,0
sample,long,degenerate-interior,clipping,4,0,3,65536,6554,2356900,0,0
sample,long,degenerate-interior,clipping,4,0,4,65536,6554,2707800,0,0
sample,long,degenerate-interior,clipping,4,0,5,65536,6554,3477200,0,0
sample,long,degenerate-interior,clipping,4,0,6,65536,6554,2608600,0,0
summary,long,degenerate-interior,clipping,35.223,39.804,53.058
sample,long,degenerate-boundary,relationship,4,0,0,65536,6554,7456000,0,0
sample,long,degenerate-boundary,relationship,4,0,1,65536,6554,8691400,0,0
sample,long,degenerate-boundary,relationship,4,0,2,65536,6554,7579600,0,0
sample,long,degenerate-boundary,relationship,4,0,3,65536,6554,9900200,0,0
sample,long,degenerate-boundary,relationship,4,0,4,65536,6554,7386400,0,0
sample,long,degenerate-boundary,relationship,4,0,5,65536,6554,10007700,0,0
sample,long,degenerate-boundary,relationship,4,0,6,65536,6554,7994300,0,0
summary,long,degenerate-boundary,relationship,112.708,121.983,152.705
sample,long,degenerate-boundary,clipping,4,0,0,65536,6554,2674900,0,0
sample,long,degenerate-boundary,clipping,4,0,1,65536,6554,2313300,0,0
sample,long,degenerate-boundary,clipping,4,0,2,65536,6554,2363500,0,0
sample,long,degenerate-boundary,clipping,4,0,3,65536,6554,3705300,0,0
sample,long,degenerate-boundary,clipping,4,0,4,65536,6554,4423600,0,0
sample,long,degenerate-boundary,clipping,4,0,5,65536,6554,2333600,0,0
sample,long,degenerate-boundary,clipping,4,0,6,65536,6554,2305300,0,0
summary,long,degenerate-boundary,clipping,35.176,36.064,67.499
sample,long,empty,relationship,0,0,0,65536,6554,3288200,0,0
sample,long,empty,relationship,0,0,1,65536,6554,2183000,0,0
sample,long,empty,relationship,0,0,2,65536,6554,2125400,0,0
sample,long,empty,relationship,0,0,3,65536,6554,2167000,0,0
sample,long,empty,relationship,0,0,4,65536,6554,2132400,0,0
sample,long,empty,relationship,0,0,5,65536,6554,2263600,0,0
sample,long,empty,relationship,0,0,6,65536,6554,3183800,0,0
summary,long,empty,relationship,32.431,33.310,50.174
sample,long,empty,clipping,0,0,0,65536,6554,1929600,0,0
sample,long,empty,clipping,0,0,1,65536,6554,1924000,0,0
sample,long,empty,clipping,0,0,2,65536,6554,1937800,0,0
sample,long,empty,clipping,0,0,3,65536,6554,2132200,0,0
sample,long,empty,clipping,0,0,4,65536,6554,2980000,0,0
sample,long,empty,clipping,0,0,5,65536,6554,2794500,0,0
sample,long,empty,clipping,0,0,6,65536,6554,1933600,0,0
summary,long,empty,clipping,29.358,29.568,45.471
sample,long,concave-u,relationship,8,2,0,4096,410,42034600,0,0
sample,long,concave-u,relationship,8,2,1,4096,410,44256500,0,0
sample,long,concave-u,relationship,8,2,2,4096,410,42004600,0,0
sample,long,concave-u,relationship,8,2,3,4096,410,43000300,0,0
sample,long,concave-u,relationship,8,2,4,4096,410,41461600,0,0
sample,long,concave-u,relationship,8,2,5,4096,410,41638100,0,0
sample,long,concave-u,relationship,8,2,6,4096,410,38162200,0,0
summary,long,concave-u,relationship,9316.943,10255.029,10804.810
sample,long,concave-u,clipping,8,2,0,256,26,30363400,10551296,2
sample,long,concave-u,clipping,8,2,1,256,26,29955900,10551296,2
sample,long,concave-u,clipping,8,2,2,256,26,30945800,10551296,2
sample,long,concave-u,clipping,8,2,3,256,26,28629000,10551296,2
sample,long,concave-u,clipping,8,2,4,256,26,28599500,10551296,2
sample,long,concave-u,clipping,8,2,5,256,26,27417800,10551296,2
sample,long,concave-u,clipping,8,2,6,256,26,28141900,10551296,2
summary,long,concave-u,clipping,107100.781,111832.031,120882.031
sample,long,hole,relationship,8,2,0,2048,205,20596500,0,0
sample,long,hole,relationship,8,2,1,2048,205,21438300,0,0
sample,long,hole,relationship,8,2,2,2048,205,20954000,0,0
sample,long,hole,relationship,8,2,3,2048,205,19992400,0,0
sample,long,hole,relationship,8,2,4,2048,205,19454700,0,0
sample,long,hole,relationship,8,2,5,2048,205,19833600,0,0
sample,long,hole,relationship,8,2,6,2048,205,20915800,0,0
summary,long,hole,relationship,9499.365,10056.885,10467.920
sample,long,hole,clipping,8,2,0,256,26,31849800,10551296,2
sample,long,hole,clipping,8,2,1,256,26,29516000,10551296,2
sample,long,hole,clipping,8,2,2,256,26,29071100,10551296,2
sample,long,hole,clipping,8,2,3,256,26,27410700,10551296,2
sample,long,hole,clipping,8,2,4,256,26,28648300,10551296,2
sample,long,hole,clipping,8,2,5,256,26,44053900,10551296,2
sample,long,hole,clipping,8,2,6,256,26,31235400,10551296,2
summary,long,hole,clipping,107073.047,115296.875,172085.547
sample,long,hole-reversed,relationship,8,2,0,4096,410,38728800,0,0
sample,long,hole-reversed,relationship,8,2,1,4096,410,41537500,0,0
sample,long,hole-reversed,relationship,8,2,2,4096,410,41812200,0,0
sample,long,hole-reversed,relationship,8,2,3,4096,410,40072100,0,0
sample,long,hole-reversed,relationship,8,2,4,4096,410,39390900,0,0
sample,long,hole-reversed,relationship,8,2,5,4096,410,38222300,0,0
sample,long,hole-reversed,relationship,8,2,6,4096,410,41503500,0,0
summary,long,hole-reversed,relationship,9331.616,9783.228,10208.057
sample,long,hole-reversed,clipping,8,2,0,256,26,28535600,10551296,2
sample,long,hole-reversed,clipping,8,2,1,256,26,28348500,10551296,2
sample,long,hole-reversed,clipping,8,2,2,256,26,26412700,10551296,2
sample,long,hole-reversed,clipping,8,2,3,256,26,29702000,10551296,2
sample,long,hole-reversed,clipping,8,2,4,256,26,29979400,10551296,2
sample,long,hole-reversed,clipping,8,2,5,256,26,26507100,10551296,2
sample,long,hole-reversed,clipping,8,2,6,256,26,24583600,10551296,2
summary,long,hole-reversed,clipping,96029.688,110736.328,117107.031
sample,long,rational-crossing,relationship,3,1,0,16384,1639,37611000,0,0
sample,long,rational-crossing,relationship,3,1,1,16384,1639,35012500,0,0
sample,long,rational-crossing,relationship,3,1,2,16384,1639,36331700,0,0
sample,long,rational-crossing,relationship,3,1,3,16384,1639,34324800,0,0
sample,long,rational-crossing,relationship,3,1,4,16384,1639,34448200,0,0
sample,long,rational-crossing,relationship,3,1,5,16384,1639,34989000,0,0
sample,long,rational-crossing,relationship,3,1,6,16384,1639,35084400,0,0
summary,long,rational-crossing,relationship,2095.020,2136.993,2295.593
sample,long,rational-crossing,clipping,3,1,0,512,52,22702300,10575872,2
sample,long,rational-crossing,clipping,3,1,1,512,52,21060600,10575872,2
sample,long,rational-crossing,clipping,3,1,2,512,52,21050200,10575872,2
sample,long,rational-crossing,clipping,3,1,3,512,52,22829800,10575872,2
sample,long,rational-crossing,clipping,3,1,4,512,52,21033200,10575872,2
sample,long,rational-crossing,clipping,3,1,5,512,52,22488700,10575872,2
sample,long,rational-crossing,clipping,3,1,6,512,52,23708800,10575872,2
summary,long,rational-crossing,clipping,41080.469,43923.242,46306.250
sample,long,sparse-1,relationship,4,1,0,8192,820,26600100,0,0
sample,long,sparse-1,relationship,4,1,1,8192,820,26053000,0,0
sample,long,sparse-1,relationship,4,1,2,8192,820,26658000,0,0
sample,long,sparse-1,relationship,4,1,3,8192,820,26089400,0,0
sample,long,sparse-1,relationship,4,1,4,8192,820,26625500,0,0
sample,long,sparse-1,relationship,4,1,5,8192,820,27250700,0,0
sample,long,sparse-1,relationship,4,1,6,8192,820,26587100,0,0
summary,long,sparse-1,relationship,3180.298,3247.083,3326.501
sample,long,sparse-1,clipping,4,1,0,512,52,21857000,12673024,3
sample,long,sparse-1,clipping,4,1,1,512,52,25407800,12673024,3
sample,long,sparse-1,clipping,4,1,2,512,52,26159900,12673024,3
sample,long,sparse-1,clipping,4,1,3,512,52,23578900,12673024,3
sample,long,sparse-1,clipping,4,1,4,512,52,26851600,12673024,3
sample,long,sparse-1,clipping,4,1,5,512,52,25461800,12673024,3
sample,long,sparse-1,clipping,4,1,6,512,52,27576200,12673024,3
summary,long,sparse-1,clipping,42689.453,49730.078,53859.766
sample,long,sparse-4,relationship,16,1,0,2048,205,32939400,0,0
sample,long,sparse-4,relationship,16,1,1,2048,205,34085400,0,0
sample,long,sparse-4,relationship,16,1,2,2048,205,35249800,0,0
sample,long,sparse-4,relationship,16,1,3,2048,205,36509000,0,0
sample,long,sparse-4,relationship,16,1,4,2048,205,33039000,0,0
sample,long,sparse-4,relationship,16,1,5,2048,205,33537700,0,0
sample,long,sparse-4,relationship,16,1,6,2048,205,33884100,0,0
summary,long,sparse-4,relationship,16083.691,16544.971,17826.660
sample,long,sparse-4,clipping,16,1,0,512,52,34431300,37838848,9
sample,long,sparse-4,clipping,16,1,1,512,52,34460500,37838848,9
sample,long,sparse-4,clipping,16,1,2,512,52,36601400,37838848,9
sample,long,sparse-4,clipping,16,1,3,512,52,36540900,37838848,9
sample,long,sparse-4,clipping,16,1,4,512,52,39641000,37838848,9
sample,long,sparse-4,clipping,16,1,5,512,52,35931400,37838848,9
sample,long,sparse-4,clipping,16,1,6,512,52,34412900,37838848,9
summary,long,sparse-4,clipping,67212.695,70178.516,77423.828
sample,long,sparse-16,relationship,64,1,0,512,52,34285400,0,0
sample,long,sparse-16,relationship,64,1,1,512,52,35152800,0,0
sample,long,sparse-16,relationship,64,1,2,512,52,34024200,0,0
sample,long,sparse-16,relationship,64,1,3,512,52,34395400,0,0
sample,long,sparse-16,relationship,64,1,4,512,52,34098700,0,0
sample,long,sparse-16,relationship,64,1,5,512,52,34872700,0,0
sample,long,sparse-16,relationship,64,1,6,512,52,35287000,0,0
summary,long,sparse-16,relationship,66453.516,67178.516,68919.922
sample,long,sparse-16,clipping,64,1,0,128,13,18506100,35674112,10
sample,long,sparse-16,clipping,64,1,1,128,13,18042600,35674112,10
sample,long,sparse-16,clipping,64,1,2,128,13,18558600,35674112,10
sample,long,sparse-16,clipping,64,1,3,128,13,18821700,35674112,10
sample,long,sparse-16,clipping,64,1,4,128,13,18816100,35674112,10
sample,long,sparse-16,clipping,64,1,5,128,13,19852600,35674112,10
sample,long,sparse-16,clipping,64,1,6,128,13,18701500,35674112,10
summary,long,sparse-16,clipping,140957.812,146105.469,155098.438
sample,long,sparse-64,relationship,256,1,0,128,13,34684000,0,0
sample,long,sparse-64,relationship,256,1,1,128,13,35148600,0,0
sample,long,sparse-64,relationship,256,1,2,128,13,34847500,0,0
sample,long,sparse-64,relationship,256,1,3,128,13,35074800,0,0
sample,long,sparse-64,relationship,256,1,4,128,13,49414800,0,0
sample,long,sparse-64,relationship,256,1,5,128,13,34641600,0,0
sample,long,sparse-64,relationship,256,1,6,128,13,34386000,0,0
summary,long,sparse-64,relationship,268640.625,272246.094,386053.125
sample,long,sparse-64,clipping,256,1,0,64,7,47994000,70003712,9
sample,long,sparse-64,clipping,256,1,1,64,7,42379200,70003712,8
sample,long,sparse-64,clipping,256,1,2,64,7,42037100,70003712,8
sample,long,sparse-64,clipping,256,1,3,64,7,40127100,70003712,8
sample,long,sparse-64,clipping,256,1,4,64,7,45544300,70003712,8
sample,long,sparse-64,clipping,256,1,5,64,7,46127100,70003712,8
sample,long,sparse-64,clipping,256,1,6,64,7,39626900,70003712,8
summary,long,sparse-64,clipping,619170.312,662175.000,749906.250
sample,long,dense-1,relationship,4,1,0,8192,820,30306400,0,0
sample,long,dense-1,relationship,4,1,1,8192,820,27674200,0,0
sample,long,dense-1,relationship,4,1,2,8192,820,26819400,0,0
sample,long,dense-1,relationship,4,1,3,8192,820,29364700,0,0
sample,long,dense-1,relationship,4,1,4,8192,820,24951600,0,0
sample,long,dense-1,relationship,4,1,5,8192,820,27382600,0,0
sample,long,dense-1,relationship,4,1,6,8192,820,26376300,0,0
summary,long,dense-1,relationship,3045.850,3342.603,3699.512
sample,long,dense-1,clipping,4,1,0,512,52,23036400,12673024,3
sample,long,dense-1,clipping,4,1,1,512,52,21384000,12673024,3
sample,long,dense-1,clipping,4,1,2,512,52,20593500,12673024,3
sample,long,dense-1,clipping,4,1,3,512,52,20803400,12673024,3
sample,long,dense-1,clipping,4,1,4,512,52,20563000,12673024,3
sample,long,dense-1,clipping,4,1,5,512,52,21716500,12673024,3
sample,long,dense-1,clipping,4,1,6,512,52,21576900,12673024,3
summary,long,dense-1,clipping,40162.109,41765.625,44992.969
sample,long,dense-4,relationship,16,4,0,1024,103,19833300,0,0
sample,long,dense-4,relationship,16,4,1,1024,103,19048200,0,0
sample,long,dense-4,relationship,16,4,2,1024,103,31404200,0,0
sample,long,dense-4,relationship,16,4,3,1024,103,19529300,0,0
sample,long,dense-4,relationship,16,4,4,1024,103,21076400,0,0
sample,long,dense-4,relationship,16,4,5,1024,103,20171900,0,0
sample,long,dense-4,relationship,16,4,6,1024,103,19792700,0,0
summary,long,dense-4,relationship,18601.758,19368.457,30668.164
sample,long,dense-4,clipping,16,4,0,128,13,26765400,9488384,2
sample,long,dense-4,clipping,16,4,1,128,13,29643700,9488384,2
sample,long,dense-4,clipping,16,4,2,128,13,27726200,9488384,2
sample,long,dense-4,clipping,16,4,3,128,13,29047800,9488384,2
sample,long,dense-4,clipping,16,4,4,128,13,27094400,9488384,2
sample,long,dense-4,clipping,16,4,5,128,13,28874400,9488384,2
sample,long,dense-4,clipping,16,4,6,128,13,31206400,9488384,2
summary,long,dense-4,clipping,209104.688,225581.250,243800.000
sample,long,dense-16,relationship,64,16,0,256,26,21899600,0,0
sample,long,dense-16,relationship,64,16,1,256,26,21605700,0,0
sample,long,dense-16,relationship,64,16,2,256,26,29954400,0,0
sample,long,dense-16,relationship,64,16,3,256,26,23948600,0,0
sample,long,dense-16,relationship,64,16,4,256,26,25296800,0,0
sample,long,dense-16,relationship,64,16,5,256,26,25023100,0,0
sample,long,dense-16,relationship,64,16,6,256,26,25986700,0,0
summary,long,dense-16,relationship,84397.266,97746.484,117009.375
sample,long,dense-16,clipping,64,16,0,32,4,36428100,8965632,2
sample,long,dense-16,clipping,64,16,1,32,4,36460300,8965632,2
sample,long,dense-16,clipping,64,16,2,32,4,40796400,8965632,2
sample,long,dense-16,clipping,64,16,3,32,4,39977400,8965632,2
sample,long,dense-16,clipping,64,16,4,32,4,36350500,8965632,2
sample,long,dense-16,clipping,64,16,5,32,4,37941600,8965632,2
sample,long,dense-16,clipping,64,16,6,32,4,36636300,8965632,2
summary,long,dense-16,clipping,1135953.125,1144884.375,1274887.500
sample,long,dense-64,relationship,256,64,0,64,7,26478200,0,0
sample,long,dense-64,relationship,256,64,1,64,7,37491300,0,0
sample,long,dense-64,relationship,256,64,2,64,7,24302200,0,0
sample,long,dense-64,relationship,256,64,3,64,7,26548400,0,0
sample,long,dense-64,relationship,256,64,4,64,7,24276400,0,0
sample,long,dense-64,relationship,256,64,5,64,7,26769200,0,0
sample,long,dense-64,relationship,256,64,6,64,7,26627900,0,0
summary,long,dense-64,relationship,379318.750,414818.750,585801.562
sample,long,dense-64,clipping,256,64,0,4,1,22041400,4403200,1
sample,long,dense-64,clipping,256,64,1,4,1,21072500,4403200,1
sample,long,dense-64,clipping,256,64,2,4,1,22168200,4403200,1
sample,long,dense-64,clipping,256,64,3,4,1,21987700,4403200,1
sample,long,dense-64,clipping,256,64,4,4,1,21465800,4403200,1
sample,long,dense-64,clipping,256,64,5,4,1,23417200,4403200,1
sample,long,dense-64,clipping,256,64,6,4,1,25584300,4403200,1
summary,long,dense-64,clipping,5268125.000,5510350.000,6396075.000
sample,long,wide-integral,relationship,4,1,0,8192,820,30565100,0,0
sample,long,wide-integral,relationship,4,1,1,8192,820,30348800,0,0
sample,long,wide-integral,relationship,4,1,2,8192,820,30063300,0,0
sample,long,wide-integral,relationship,4,1,3,8192,820,31286600,0,0
sample,long,wide-integral,relationship,4,1,4,8192,820,32056700,0,0
sample,long,wide-integral,relationship,4,1,5,8192,820,31089900,0,0
sample,long,wide-integral,relationship,4,1,6,8192,820,30159200,0,0
summary,long,wide-integral,relationship,3669.836,3731.091,3913.171
sample,long,wide-integral,clipping,4,1,0,512,52,28286200,12673024,3
sample,long,wide-integral,clipping,4,1,1,512,52,30538100,12673024,3
sample,long,wide-integral,clipping,4,1,2,512,52,34141900,12673024,3
sample,long,wide-integral,clipping,4,1,3,512,52,28207400,12673024,3
sample,long,wide-integral,clipping,4,1,4,512,52,25196400,12673024,3
sample,long,wide-integral,clipping,4,1,5,512,52,28164500,12673024,3
sample,long,wide-integral,clipping,4,1,6,512,52,27275000,12673024,3
summary,long,wide-integral,clipping,49211.719,55092.578,66683.398
sample,long,endpoint-collapse,relationship,4,0,0,4096,410,26845700,0,0
sample,long,endpoint-collapse,relationship,4,0,1,4096,410,27451900,0,0
sample,long,endpoint-collapse,relationship,4,0,2,4096,410,31651400,0,0
sample,long,endpoint-collapse,relationship,4,0,3,4096,410,20999600,0,0
sample,long,endpoint-collapse,relationship,4,0,4,4096,410,22122700,0,0
sample,long,endpoint-collapse,relationship,4,0,5,4096,410,21461100,0,0
sample,long,endpoint-collapse,relationship,4,0,6,4096,410,22420000,0,0
summary,long,endpoint-collapse,relationship,5126.855,5473.633,7727.393
sample,long,endpoint-collapse,clipping,4,0,0,512,52,20885200,12656640,3
sample,long,endpoint-collapse,clipping,4,0,1,512,52,19573400,12656640,3
sample,long,endpoint-collapse,clipping,4,0,2,512,52,21243000,12656640,3
sample,long,endpoint-collapse,clipping,4,0,3,512,52,19147300,12656640,3
sample,long,endpoint-collapse,clipping,4,0,4,512,52,19287000,12656640,3
sample,long,endpoint-collapse,clipping,4,0,5,512,52,18867300,12656640,3
sample,long,endpoint-collapse,clipping,4,0,6,512,52,19219200,12656640,3
summary,long,endpoint-collapse,clipping,36850.195,37669.922,41490.234
sample,long,gap-collapse,relationship,8,0,0,2048,205,25492500,0,0
sample,long,gap-collapse,relationship,8,0,1,2048,205,23831600,0,0
sample,long,gap-collapse,relationship,8,0,2,2048,205,24195300,0,0
sample,long,gap-collapse,relationship,8,0,3,2048,205,22980200,0,0
sample,long,gap-collapse,relationship,8,0,4,2048,205,24883700,0,0
sample,long,gap-collapse,relationship,8,0,5,2048,205,22727500,0,0
sample,long,gap-collapse,relationship,8,0,6,2048,205,24178500,0,0
summary,long,gap-collapse,relationship,11097.412,11805.908,12447.510
sample,long,gap-collapse,clipping,8,0,0,256,26,24127200,10543104,2
sample,long,gap-collapse,clipping,8,0,1,256,26,23100200,10543104,2
sample,long,gap-collapse,clipping,8,0,2,256,26,24749400,10543104,2
sample,long,gap-collapse,clipping,8,0,3,256,26,24008700,10543104,2
sample,long,gap-collapse,clipping,8,0,4,256,26,22297500,10543104,2
sample,long,gap-collapse,clipping,8,0,5,256,26,23016600,10543104,2
sample,long,gap-collapse,clipping,8,0,6,256,26,25790700,10543104,2
summary,long,gap-collapse,clipping,87099.609,93783.984,100744.922
fixture,float,exterior,4,1,success,0
fixture,float,interior,4,4,success,1
fixture,float,crossing,4,7,success,1
fixture,float,boundary-only,4,10,success,1
fixture,float,boundary-overlap,4,11,success,1
fixture,float,isolated-tangent,4,3,success,0
fixture,float,degenerate-interior,4,4,success,0
fixture,float,degenerate-boundary,4,2,success,0
fixture,float,empty,0,1,success,0
fixture,float,concave-u,8,7,success,2
fixture,float,hole,8,7,success,2
fixture,float,hole-reversed,8,7,success,2
fixture,float,rational-crossing,3,7,success,1
fixture,float,sparse-1,4,7,success,1
fixture,float,sparse-4,16,7,success,1
fixture,float,sparse-16,64,7,success,1
fixture,float,sparse-64,256,7,success,1
fixture,float,dense-1,4,7,success,1
fixture,float,dense-4,16,7,success,4
fixture,float,dense-16,64,7,success,16
fixture,float,dense-64,256,7,success,64
fixture,float,subnormal,4,7,success,1
fixture,float,large-finite,4,7,success,1
preflight,float,23,PASS
sample,float,exterior,relationship,4,0,0,8192,820,22871800,0,0
sample,float,exterior,relationship,4,0,1,8192,820,23356000,0,0
sample,float,exterior,relationship,4,0,2,8192,820,23356300,0,0
sample,float,exterior,relationship,4,0,3,8192,820,23474000,0,0
sample,float,exterior,relationship,4,0,4,8192,820,26578400,0,0
sample,float,exterior,relationship,4,0,5,8192,820,24651000,0,0
sample,float,exterior,relationship,4,0,6,8192,820,26219600,0,0
summary,float,exterior,relationship,2791.968,2865.479,3244.434
sample,float,exterior,clipping,4,0,0,4096,410,32725400,101056512,24
sample,float,exterior,clipping,4,0,1,4096,410,32955800,101056512,24
sample,float,exterior,clipping,4,0,2,4096,410,32492200,101056512,24
sample,float,exterior,clipping,4,0,3,4096,410,32348700,101056512,24
sample,float,exterior,clipping,4,0,4,4096,410,31091400,101056512,24
sample,float,exterior,clipping,4,0,5,4096,410,31730900,101056512,24
sample,float,exterior,clipping,4,0,6,4096,410,31726600,101056512,24
summary,float,exterior,clipping,7590.674,7897.632,8045.850
sample,float,interior,relationship,4,1,0,8192,820,23749700,0,0
sample,float,interior,relationship,4,1,1,8192,820,25057500,0,0
sample,float,interior,relationship,4,1,2,8192,820,24345500,0,0
sample,float,interior,relationship,4,1,3,8192,820,31637900,0,0
sample,float,interior,relationship,4,1,4,8192,820,27913300,0,0
sample,float,interior,relationship,4,1,5,8192,820,28265400,0,0
sample,float,interior,relationship,4,1,6,8192,820,33908400,0,0
summary,float,interior,relationship,2899.133,3407.385,4139.209
sample,float,interior,clipping,4,1,0,1024,103,24844700,25313280,6
sample,float,interior,clipping,4,1,1,1024,103,20398000,25313280,6
sample,float,interior,clipping,4,1,2,1024,103,22396000,25313280,6
sample,float,interior,clipping,4,1,3,1024,103,20856400,25313280,6
sample,float,interior,clipping,4,1,4,1024,103,20526200,25313280,6
sample,float,interior,clipping,4,1,5,1024,103,20259100,25313280,6
sample,float,interior,clipping,4,1,6,1024,103,22672900,25313280,6
summary,float,interior,clipping,19784.277,20367.578,24262.402
sample,float,crossing,relationship,4,1,0,8192,820,29057500,0,0
sample,float,crossing,relationship,4,1,1,8192,820,28162200,0,0
sample,float,crossing,relationship,4,1,2,8192,820,27182600,0,0
sample,float,crossing,relationship,4,1,3,8192,820,28144600,0,0
sample,float,crossing,relationship,4,1,4,8192,820,29680000,0,0
sample,float,crossing,relationship,4,1,5,8192,820,27497100,0,0
sample,float,crossing,relationship,4,1,6,8192,820,24854900,0,0
summary,float,crossing,relationship,3034.045,3435.620,3623.047
sample,float,crossing,clipping,4,1,0,512,52,24342200,12673024,3
sample,float,crossing,clipping,4,1,1,512,52,26829500,12673024,3
sample,float,crossing,clipping,4,1,2,512,52,24095900,12673024,3
sample,float,crossing,clipping,4,1,3,512,52,27615800,12673024,3
sample,float,crossing,clipping,4,1,4,512,52,27825300,12673024,3
sample,float,crossing,clipping,4,1,5,512,52,26967700,12673024,3
sample,float,crossing,clipping,4,1,6,512,52,26517000,12673024,3
summary,float,crossing,clipping,47062.305,52401.367,54346.289
sample,float,boundary-only,relationship,4,1,0,8192,820,30728700,0,0
sample,float,boundary-only,relationship,4,1,1,8192,820,31978200,0,0
sample,float,boundary-only,relationship,4,1,2,8192,820,32958000,0,0
sample,float,boundary-only,relationship,4,1,3,8192,820,31601900,0,0
sample,float,boundary-only,relationship,4,1,4,8192,820,30286900,0,0
sample,float,boundary-only,relationship,4,1,5,8192,820,31361200,0,0
sample,float,boundary-only,relationship,4,1,6,8192,820,31037400,0,0
summary,float,boundary-only,relationship,3697.131,3828.271,4023.193
sample,float,boundary-only,clipping,4,1,0,1024,103,32163500,25313280,6
sample,float,boundary-only,clipping,4,1,1,1024,103,31001300,25313280,6
sample,float,boundary-only,clipping,4,1,2,1024,103,35460400,25313280,6
sample,float,boundary-only,clipping,4,1,3,1024,103,31735300,25313280,6
sample,float,boundary-only,clipping,4,1,4,1024,103,32172800,25313280,6
sample,float,boundary-only,clipping,4,1,5,1024,103,34220800,25313280,6
sample,float,boundary-only,clipping,4,1,6,1024,103,34053900,25313280,6
summary,float,boundary-only,clipping,30274.707,31418.750,34629.297
sample,float,boundary-overlap,relationship,4,1,0,8192,820,37194900,0,0
sample,float,boundary-overlap,relationship,4,1,1,8192,820,39929200,0,0
sample,float,boundary-overlap,relationship,4,1,2,8192,820,38110100,0,0
sample,float,boundary-overlap,relationship,4,1,3,8192,820,48695900,0,0
sample,float,boundary-overlap,relationship,4,1,4,8192,820,36386200,0,0
sample,float,boundary-overlap,relationship,4,1,5,8192,820,36851900,0,0
sample,float,boundary-overlap,relationship,4,1,6,8192,820,39543500,0,0
summary,float,boundary-overlap,relationship,4441.675,4652.112,5944.324
sample,float,boundary-overlap,clipping,4,1,0,1024,103,32492900,25346048,6
sample,float,boundary-overlap,clipping,4,1,1,1024,103,32180000,25346048,6
sample,float,boundary-overlap,clipping,4,1,2,1024,103,33838400,25346048,6
sample,float,boundary-overlap,clipping,4,1,3,1024,103,33846900,25346048,6
sample,float,boundary-overlap,clipping,4,1,4,1024,103,34884800,25346048,6
sample,float,boundary-overlap,clipping,4,1,5,1024,103,33101200,25346048,6
sample,float,boundary-overlap,clipping,4,1,6,1024,103,32842700,25346048,6
summary,float,boundary-overlap,clipping,31425.781,32325.391,34067.188
sample,float,isolated-tangent,relationship,4,0,0,4096,410,19997700,0,0
sample,float,isolated-tangent,relationship,4,0,1,4096,410,22633600,0,0
sample,float,isolated-tangent,relationship,4,0,2,4096,410,22405000,0,0
sample,float,isolated-tangent,relationship,4,0,3,4096,410,22572500,0,0
sample,float,isolated-tangent,relationship,4,0,4,4096,410,21406600,0,0
sample,float,isolated-tangent,relationship,4,0,5,4096,410,19719500,0,0
sample,float,isolated-tangent,relationship,4,0,6,4096,410,21811100,0,0
summary,float,isolated-tangent,relationship,4814.331,5324.976,5525.781
sample,float,isolated-tangent,clipping,4,0,0,2048,205,31329300,50528256,12
sample,float,isolated-tangent,clipping,4,0,1,2048,205,28619800,50528256,12
sample,float,isolated-tangent,clipping,4,0,2,2048,205,28901900,50528256,12
sample,float,isolated-tangent,clipping,4,0,3,2048,205,28651700,50528256,12
sample,float,isolated-tangent,clipping,4,0,4,2048,205,28561800,50528256,12
sample,float,isolated-tangent,clipping,4,0,5,2048,205,28945300,50528256,12
sample,float,isolated-tangent,clipping,4,0,6,2048,205,30865700,50528256,12
summary,float,isolated-tangent,clipping,13946.191,14112.256,15297.510
sample,float,degenerate-interior,relationship,4,0,0,65536,6554,5502800,0,0
sample,float,degenerate-interior,relationship,4,0,1,65536,6554,5226100,0,0
sample,float,degenerate-interior,relationship,4,0,2,65536,6554,5035000,0,0
sample,float,degenerate-interior,relationship,4,0,3,65536,6554,5016500,0,0
sample,float,degenerate-interior,relationship,4,0,4,65536,6554,5018000,0,0
sample,float,degenerate-interior,relationship,4,0,5,65536,6554,5724900,0,0
sample,float,degenerate-interior,relationship,4,0,6,65536,6554,5069800,0,0
summary,float,degenerate-interior,relationship,76.546,77.359,87.355
sample,float,degenerate-interior,clipping,4,0,0,65536,6554,726000,0,0
sample,float,degenerate-interior,clipping,4,0,1,65536,6554,768900,0,0
sample,float,degenerate-interior,clipping,4,0,2,65536,6554,724600,0,0
sample,float,degenerate-interior,clipping,4,0,3,65536,6554,769300,0,0
sample,float,degenerate-interior,clipping,4,0,4,65536,6554,726100,0,0
sample,float,degenerate-interior,clipping,4,0,5,65536,6554,765700,0,0
sample,float,degenerate-interior,clipping,4,0,6,65536,6554,957500,0,0
summary,float,degenerate-interior,clipping,11.057,11.684,14.610
sample,float,degenerate-boundary,relationship,4,0,0,65536,6554,5316200,0,0
sample,float,degenerate-boundary,relationship,4,0,1,65536,6554,4853700,0,0
sample,float,degenerate-boundary,relationship,4,0,2,65536,6554,4889300,0,0
sample,float,degenerate-boundary,relationship,4,0,3,65536,6554,4857700,0,0
sample,float,degenerate-boundary,relationship,4,0,4,65536,6554,5729700,0,0
sample,float,degenerate-boundary,relationship,4,0,5,65536,6554,4855100,0,0
sample,float,degenerate-boundary,relationship,4,0,6,65536,6554,4884400,0,0
summary,float,degenerate-boundary,relationship,74.062,74.530,87.428
sample,float,degenerate-boundary,clipping,4,0,0,65536,6554,1123200,0,0
sample,float,degenerate-boundary,clipping,4,0,1,65536,6554,1294700,0,0
sample,float,degenerate-boundary,clipping,4,0,2,65536,6554,3014200,0,0
sample,float,degenerate-boundary,clipping,4,0,3,65536,6554,2441200,0,0
sample,float,degenerate-boundary,clipping,4,0,4,65536,6554,1842600,0,0
sample,float,degenerate-boundary,clipping,4,0,5,65536,6554,2210600,0,0
sample,float,degenerate-boundary,clipping,4,0,6,65536,6554,2392400,0,0
summary,float,degenerate-boundary,clipping,17.139,33.731,45.993
sample,float,empty,relationship,0,0,0,65536,6554,1272800,0,0
sample,float,empty,relationship,0,0,1,65536,6554,1267100,0,0
sample,float,empty,relationship,0,0,2,65536,6554,1267600,0,0
sample,float,empty,relationship,0,0,3,65536,6554,1296200,0,0
sample,float,empty,relationship,0,0,4,65536,6554,1268700,0,0
sample,float,empty,relationship,0,0,5,65536,6554,1279400,0,0
sample,float,empty,relationship,0,0,6,65536,6554,1268500,0,0
summary,float,empty,relationship,19.334,19.359,19.778
sample,float,empty,clipping,0,0,0,65536,6554,1108000,0,0
sample,float,empty,clipping,0,0,1,65536,6554,926600,0,0
sample,float,empty,clipping,0,0,2,65536,6554,1104700,0,0
sample,float,empty,clipping,0,0,3,65536,6554,1158700,0,0
sample,float,empty,clipping,0,0,4,65536,6554,892700,0,0
sample,float,empty,clipping,0,0,5,65536,6554,936400,0,0
sample,float,empty,clipping,0,0,6,65536,6554,893200,0,0
summary,float,empty,clipping,13.622,14.288,17.680
sample,float,concave-u,relationship,8,2,0,4096,410,32345500,0,0
sample,float,concave-u,relationship,8,2,1,4096,410,33698100,0,0
sample,float,concave-u,relationship,8,2,2,4096,410,33681300,0,0
sample,float,concave-u,relationship,8,2,3,4096,410,33343700,0,0
sample,float,concave-u,relationship,8,2,4,4096,410,34166200,0,0
sample,float,concave-u,relationship,8,2,5,4096,410,35367000,0,0
sample,float,concave-u,relationship,8,2,6,4096,410,33032000,0,0
summary,float,concave-u,relationship,7896.851,8222.974,8634.521
sample,float,concave-u,clipping,8,2,0,256,26,28704600,10551296,2
sample,float,concave-u,clipping,8,2,1,256,26,29722500,10551296,2
sample,float,concave-u,clipping,8,2,2,256,26,30125000,10551296,2
sample,float,concave-u,clipping,8,2,3,256,26,29543800,10551296,2
sample,float,concave-u,clipping,8,2,4,256,26,31312700,10551296,2
sample,float,concave-u,clipping,8,2,5,256,26,30468400,10551296,2
sample,float,concave-u,clipping,8,2,6,256,26,29093400,10551296,2
summary,float,concave-u,clipping,112127.344,116103.516,122315.234
sample,float,hole,relationship,8,2,0,4096,410,38216400,0,0
sample,float,hole,relationship,8,2,1,4096,410,40705200,0,0
sample,float,hole,relationship,8,2,2,4096,410,37755700,0,0
sample,float,hole,relationship,8,2,3,4096,410,37214900,0,0
sample,float,hole,relationship,8,2,4,4096,410,41444700,0,0
sample,float,hole,relationship,8,2,5,4096,410,46742700,0,0
sample,float,hole,relationship,8,2,6,4096,410,43575000,0,0
summary,float,hole,relationship,9085.669,9937.793,11411.792
sample,float,hole,clipping,8,2,0,128,13,15149700,5275648,1
sample,float,hole,clipping,8,2,1,128,13,14433000,5275648,1
sample,float,hole,clipping,8,2,2,128,13,15445300,5275648,1
sample,float,hole,clipping,8,2,3,128,13,13751400,5275648,1
sample,float,hole,clipping,8,2,4,128,13,15689400,5275648,1
sample,float,hole,clipping,8,2,5,128,13,15121600,5275648,1
sample,float,hole,clipping,8,2,6,128,13,18138900,5275648,1
summary,float,hole,clipping,107432.812,118357.031,141710.156
sample,float,hole-reversed,relationship,8,2,0,2048,205,20393200,0,0
sample,float,hole-reversed,relationship,8,2,1,2048,205,22489100,0,0
sample,float,hole-reversed,relationship,8,2,2,2048,205,19982100,0,0
sample,float,hole-reversed,relationship,8,2,3,2048,205,20203100,0,0
sample,float,hole-reversed,relationship,8,2,4,2048,205,19800000,0,0
sample,float,hole-reversed,relationship,8,2,5,2048,205,23461300,0,0
sample,float,hole-reversed,relationship,8,2,6,2048,205,20926700,0,0
summary,float,hole-reversed,relationship,9667.969,9957.617,11455.713
sample,float,hole-reversed,clipping,8,2,0,256,26,32766700,10551296,2
sample,float,hole-reversed,clipping,8,2,1,256,26,31548300,10551296,2
sample,float,hole-reversed,clipping,8,2,2,256,26,32668900,10551296,2
sample,float,hole-reversed,clipping,8,2,3,256,26,32863900,10551296,2
sample,float,hole-reversed,clipping,8,2,4,256,26,33325800,10551296,2
sample,float,hole-reversed,clipping,8,2,5,256,26,31273700,10551296,2
sample,float,hole-reversed,clipping,8,2,6,256,26,31203100,10551296,2
summary,float,hole-reversed,clipping,121887.109,127612.891,130178.906
sample,float,rational-crossing,relationship,3,1,0,16384,1639,39590400,0,0
sample,float,rational-crossing,relationship,3,1,1,16384,1639,40408900,0,0
sample,float,rational-crossing,relationship,3,1,2,16384,1639,39064300,0,0
sample,float,rational-crossing,relationship,3,1,3,16384,1639,38403500,0,0
sample,float,rational-crossing,relationship,3,1,4,16384,1639,41992600,0,0
sample,float,rational-crossing,relationship,3,1,5,16384,1639,40117000,0,0
sample,float,rational-crossing,relationship,3,1,6,16384,1639,42888800,0,0
summary,float,rational-crossing,relationship,2343.964,2448.547,2617.725
sample,float,rational-crossing,clipping,3,1,0,512,52,26375400,10575872,2
sample,float,rational-crossing,clipping,3,1,1,512,52,26800600,10575872,2
sample,float,rational-crossing,clipping,3,1,2,512,52,28398100,10575872,2
sample,float,rational-crossing,clipping,3,1,3,512,52,25641000,10575872,2
sample,float,rational-crossing,clipping,3,1,4,512,52,26238300,10575872,2
sample,float,rational-crossing,clipping,3,1,5,512,52,24094700,10575872,2
sample,float,rational-crossing,clipping,3,1,6,512,52,25114300,10575872,2
summary,float,rational-crossing,clipping,47059.961,51246.680,55465.039
sample,float,sparse-1,relationship,4,1,0,8192,820,27428000,0,0
sample,float,sparse-1,relationship,4,1,1,8192,820,26636400,0,0
sample,float,sparse-1,relationship,4,1,2,8192,820,26608600,0,0
sample,float,sparse-1,relationship,4,1,3,8192,820,28710100,0,0
sample,float,sparse-1,relationship,4,1,4,8192,820,28209900,0,0
sample,float,sparse-1,relationship,4,1,5,8192,820,25460600,0,0
sample,float,sparse-1,relationship,4,1,6,8192,820,27339000,0,0
summary,float,sparse-1,relationship,3107.983,3337.280,3504.651
sample,float,sparse-1,clipping,4,1,0,512,52,24557200,12673024,3
sample,float,sparse-1,clipping,4,1,1,512,52,23601200,12673024,3
sample,float,sparse-1,clipping,4,1,2,512,52,21968300,12673024,3
sample,float,sparse-1,clipping,4,1,3,512,52,23820500,12673024,3
sample,float,sparse-1,clipping,4,1,4,512,52,22807300,12673024,3
sample,float,sparse-1,clipping,4,1,5,512,52,21990400,12673024,3
sample,float,sparse-1,clipping,4,1,6,512,52,21613700,12673024,3
summary,float,sparse-1,clipping,42214.258,44545.508,47963.281
sample,float,sparse-4,relationship,16,1,0,2048,205,27405200,0,0
sample,float,sparse-4,relationship,16,1,1,2048,205,26770400,0,0
sample,float,sparse-4,relationship,16,1,2,2048,205,27154700,0,0
sample,float,sparse-4,relationship,16,1,3,2048,205,28996500,0,0
sample,float,sparse-4,relationship,16,1,4,2048,205,28135300,0,0
sample,float,sparse-4,relationship,16,1,5,2048,205,30195900,0,0
sample,float,sparse-4,relationship,16,1,6,2048,205,28734700,0,0
summary,float,sparse-4,relationship,13071.484,13737.939,14744.092
sample,float,sparse-4,clipping,16,1,0,512,52,41619500,37838848,9
sample,float,sparse-4,clipping,16,1,1,512,52,31779800,37838848,9
sample,float,sparse-4,clipping,16,1,2,512,52,32983300,37838848,9
sample,float,sparse-4,clipping,16,1,3,512,52,30843900,37838848,9
sample,float,sparse-4,clipping,16,1,4,512,52,31480400,37838848,9
sample,float,sparse-4,clipping,16,1,5,512,52,31643000,37838848,9
sample,float,sparse-4,clipping,16,1,6,512,52,31398100,37838848,9
summary,float,sparse-4,clipping,60241.992,61802.734,81288.086
sample,float,sparse-16,relationship,64,1,0,512,52,33720800,0,0
sample,float,sparse-16,relationship,64,1,1,512,52,36230600,0,0
sample,float,sparse-16,relationship,64,1,2,512,52,32627900,0,0
sample,float,sparse-16,relationship,64,1,3,512,52,34430200,0,0
sample,float,sparse-16,relationship,64,1,4,512,52,34786500,0,0
sample,float,sparse-16,relationship,64,1,5,512,52,36344300,0,0
sample,float,sparse-16,relationship,64,1,6,512,52,35269900,0,0
summary,float,sparse-16,relationship,63726.367,67942.383,70984.961
sample,float,sparse-16,clipping,64,1,0,128,13,18774000,35674112,10
sample,float,sparse-16,clipping,64,1,1,128,13,19125300,35674112,10
sample,float,sparse-16,clipping,64,1,2,128,13,19025400,35674112,10
sample,float,sparse-16,clipping,64,1,3,128,13,19067200,35674112,10
sample,float,sparse-16,clipping,64,1,4,128,13,19589800,35674112,10
sample,float,sparse-16,clipping,64,1,5,128,13,20239300,35674112,10
sample,float,sparse-16,clipping,64,1,6,128,13,19961100,35674112,10
summary,float,sparse-16,clipping,146671.875,149416.406,158119.531
sample,float,sparse-64,relationship,256,1,0,128,13,40562900,0,0
sample,float,sparse-64,relationship,256,1,1,128,13,32867300,0,0
sample,float,sparse-64,relationship,256,1,2,128,13,35183800,0,0
sample,float,sparse-64,relationship,256,1,3,128,13,33707500,0,0
sample,float,sparse-64,relationship,256,1,4,128,13,33158300,0,0
sample,float,sparse-64,relationship,256,1,5,128,13,33600200,0,0
sample,float,sparse-64,relationship,256,1,6,128,13,34529900,0,0
summary,float,sparse-64,relationship,256775.781,263339.844,316897.656
sample,float,sparse-64,clipping,256,1,0,64,7,43808300,70003712,9
sample,float,sparse-64,clipping,256,1,1,64,7,40350800,70003712,8
sample,float,sparse-64,clipping,256,1,2,64,7,39451400,70003712,8
sample,float,sparse-64,clipping,256,1,3,64,7,37512000,70003712,8
sample,float,sparse-64,clipping,256,1,4,64,7,55545400,70003712,8
sample,float,sparse-64,clipping,256,1,5,64,7,55055800,70003712,8
sample,float,sparse-64,clipping,256,1,6,64,7,38681100,70003712,8
summary,float,sparse-64,clipping,586125.000,630481.250,867896.875
sample,float,dense-1,relationship,4,1,0,8192,820,28789700,0,0
sample,float,dense-1,relationship,4,1,1,8192,820,29719800,0,0
sample,float,dense-1,relationship,4,1,2,8192,820,29451700,0,0
sample,float,dense-1,relationship,4,1,3,8192,820,28052900,0,0
sample,float,dense-1,relationship,4,1,4,8192,820,26453900,0,0
sample,float,dense-1,relationship,4,1,5,8192,820,29070000,0,0
sample,float,dense-1,relationship,4,1,6,8192,820,29670900,0,0
summary,float,dense-1,relationship,3229.236,3548.584,3627.905
sample,float,dense-1,clipping,4,1,0,512,52,28201900,12673024,3
sample,float,dense-1,clipping,4,1,1,512,52,26622600,12673024,3
sample,float,dense-1,clipping,4,1,2,512,52,26049600,12673024,3
sample,float,dense-1,clipping,4,1,3,512,52,27300600,12673024,3
sample,float,dense-1,clipping,4,1,4,512,52,24841200,12673024,3
sample,float,dense-1,clipping,4,1,5,512,52,28841600,12673024,3
sample,float,dense-1,clipping,4,1,6,512,52,26312900,12673024,3
summary,float,dense-1,clipping,48517.969,51997.266,56331.250
sample,float,dense-4,relationship,16,4,0,1024,103,22722400,0,0
sample,float,dense-4,relationship,16,4,1,1024,103,21069500,0,0
sample,float,dense-4,relationship,16,4,2,1024,103,20933300,0,0
sample,float,dense-4,relationship,16,4,3,1024,103,33375400,0,0
sample,float,dense-4,relationship,16,4,4,1024,103,23814000,0,0
sample,float,dense-4,relationship,16,4,5,1024,103,21385300,0,0
sample,float,dense-4,relationship,16,4,6,1024,103,20587700,0,0
summary,float,dense-4,relationship,20105.176,20884.082,32593.164
sample,float,dense-4,clipping,16,4,0,128,13,32360100,9488384,2
sample,float,dense-4,clipping,16,4,1,128,13,32582400,9488384,2
sample,float,dense-4,clipping,16,4,2,128,13,33563800,9488384,2
sample,float,dense-4,clipping,16,4,3,128,13,33080600,9488384,2
sample,float,dense-4,clipping,16,4,4,128,13,33168100,9488384,2
sample,float,dense-4,clipping,16,4,5,128,13,32132000,9488384,2
sample,float,dense-4,clipping,16,4,6,128,13,30555300,9488384,2
summary,float,dense-4,clipping,238713.281,254550.000,262217.188
sample,float,dense-16,relationship,64,16,0,256,26,19917600,0,0
sample,float,dense-16,relationship,64,16,1,256,26,23017200,0,0
sample,float,dense-16,relationship,64,16,2,256,26,22196800,0,0
sample,float,dense-16,relationship,64,16,3,256,26,21457600,0,0
sample,float,dense-16,relationship,64,16,4,256,26,19873700,0,0
sample,float,dense-16,relationship,64,16,5,256,26,21434500,0,0
sample,float,dense-16,relationship,64,16,6,256,26,20895400,0,0
summary,float,dense-16,relationship,77631.641,83728.516,89910.938
sample,float,dense-16,clipping,64,16,0,32,4,36964300,8965632,2
sample,float,dense-16,clipping,64,16,1,32,4,33878600,8965632,2
sample,float,dense-16,clipping,64,16,2,32,4,33165300,8965632,2
sample,float,dense-16,clipping,64,16,3,32,4,33056400,8965632,2
sample,float,dense-16,clipping,64,16,4,32,4,35090100,8965632,2
sample,float,dense-16,clipping,64,16,5,32,4,35649600,8965632,2
sample,float,dense-16,clipping,64,16,6,32,4,37919700,8965632,2
summary,float,dense-16,clipping,1033012.500,1096565.625,1184990.625
sample,float,dense-64,relationship,256,64,0,64,7,22761200,0,0
sample,float,dense-64,relationship,256,64,1,64,7,22521600,0,0
sample,float,dense-64,relationship,256,64,2,64,7,22509500,0,0
sample,float,dense-64,relationship,256,64,3,64,7,30259500,0,0
sample,float,dense-64,relationship,256,64,4,64,7,23715300,0,0
sample,float,dense-64,relationship,256,64,5,64,7,20705600,0,0
sample,float,dense-64,relationship,256,64,6,64,7,21381200,0,0
summary,float,dense-64,relationship,323525.000,351900.000,472804.688
sample,float,dense-64,clipping,256,64,0,8,1,41142300,8806400,2
sample,float,dense-64,clipping,256,64,1,8,1,48424400,8806400,0
sample,float,dense-64,clipping,256,64,2,8,1,45008100,8806400,0
sample,float,dense-64,clipping,256,64,3,8,1,43683700,8806400,0
sample,float,dense-64,clipping,256,64,4,8,1,41967000,8806400,0
sample,float,dense-64,clipping,256,64,5,8,1,43262100,8806400,0
sample,float,dense-64,clipping,256,64,6,8,1,45017600,8806400,0
summary,float,dense-64,clipping,5142787.500,5460462.500,6053050.000
sample,float,subnormal,relationship,4,1,0,8192,820,28396100,0,0
sample,float,subnormal,relationship,4,1,1,8192,820,26704100,0,0
sample,float,subnormal,relationship,4,1,2,8192,820,27923400,0,0
sample,float,subnormal,relationship,4,1,3,8192,820,28899300,0,0
sample,float,subnormal,relationship,4,1,4,8192,820,27949300,0,0
sample,float,subnormal,relationship,4,1,5,8192,820,27600200,0,0
sample,float,subnormal,relationship,4,1,6,8192,820,28668200,0,0
summary,float,subnormal,relationship,3259.778,3411.780,3527.747
sample,float,subnormal,clipping,4,1,0,512,52,25994900,12673024,3
sample,float,subnormal,clipping,4,1,1,512,52,25101600,12673024,3
sample,float,subnormal,clipping,4,1,2,512,52,28067900,12673024,3
sample,float,subnormal,clipping,4,1,3,512,52,25810400,12673024,3
sample,float,subnormal,clipping,4,1,4,512,52,27620800,12673024,3
sample,float,subnormal,clipping,4,1,5,512,52,26819600,12673024,3
sample,float,subnormal,clipping,4,1,6,512,52,24414700,12673024,3
summary,float,subnormal,clipping,47684.961,50771.289,54820.117
sample,float,large-finite,relationship,4,1,0,8192,820,29551600,0,0
sample,float,large-finite,relationship,4,1,1,8192,820,29053200,0,0
sample,float,large-finite,relationship,4,1,2,8192,820,28031900,0,0
sample,float,large-finite,relationship,4,1,3,8192,820,26439100,0,0
sample,float,large-finite,relationship,4,1,4,8192,820,28175100,0,0
sample,float,large-finite,relationship,4,1,5,8192,820,26802900,0,0
sample,float,large-finite,relationship,4,1,6,8192,820,26531600,0,0
summary,float,large-finite,relationship,3227.429,3421.863,3607.373
sample,float,large-finite,clipping,4,1,0,512,52,27447400,12673024,3
sample,float,large-finite,clipping,4,1,1,512,52,26913900,12673024,3
sample,float,large-finite,clipping,4,1,2,512,52,24386800,12673024,3
sample,float,large-finite,clipping,4,1,3,512,52,27964900,12673024,3
sample,float,large-finite,clipping,4,1,4,512,52,26313800,12673024,3
sample,float,large-finite,clipping,4,1,5,512,52,27042200,12673024,3
sample,float,large-finite,clipping,4,1,6,512,52,28580200,12673024,3
summary,float,large-finite,clipping,47630.469,52816.797,55820.703
fixture,double,exterior,4,1,success,0
fixture,double,interior,4,4,success,1
fixture,double,crossing,4,7,success,1
fixture,double,boundary-only,4,10,success,1
fixture,double,boundary-overlap,4,11,success,1
fixture,double,isolated-tangent,4,3,success,0
fixture,double,degenerate-interior,4,4,success,0
fixture,double,degenerate-boundary,4,2,success,0
fixture,double,empty,0,1,success,0
fixture,double,concave-u,8,7,success,2
fixture,double,hole,8,7,success,2
fixture,double,hole-reversed,8,7,success,2
fixture,double,rational-crossing,3,7,success,1
fixture,double,sparse-1,4,7,success,1
fixture,double,sparse-4,16,7,success,1
fixture,double,sparse-16,64,7,success,1
fixture,double,sparse-64,256,7,success,1
fixture,double,dense-1,4,7,success,1
fixture,double,dense-4,16,7,success,4
fixture,double,dense-16,64,7,success,16
fixture,double,dense-64,256,7,success,64
fixture,double,subnormal,4,7,success,1
fixture,double,large-finite,4,7,success,1
preflight,double,23,PASS
sample,double,exterior,relationship,4,0,0,8192,820,26508600,0,0
sample,double,exterior,relationship,4,0,1,8192,820,27567500,0,0
sample,double,exterior,relationship,4,0,2,8192,820,27458100,0,0
sample,double,exterior,relationship,4,0,3,8192,820,27706100,0,0
sample,double,exterior,relationship,4,0,4,8192,820,29203400,0,0
sample,double,exterior,relationship,4,0,5,8192,820,28631000,0,0
sample,double,exterior,relationship,4,0,6,8192,820,26357700,0,0
summary,double,exterior,relationship,3217.493,3365.173,3564.868
sample,double,exterior,clipping,4,0,0,4096,410,37747200,101056512,24
sample,double,exterior,clipping,4,0,1,4096,410,41909100,101056512,24
sample,double,exterior,clipping,4,0,2,4096,410,36683400,101056512,24
sample,double,exterior,clipping,4,0,3,4096,410,35604600,101056512,24
sample,double,exterior,clipping,4,0,4,4096,410,35761600,101056512,24
sample,double,exterior,clipping,4,0,5,4096,410,49476000,101056512,24
sample,double,exterior,clipping,4,0,6,4096,410,41064400,101056512,24
summary,double,exterior,clipping,8692.529,9215.625,12079.102
sample,double,interior,relationship,4,1,0,8192,820,28651800,0,0
sample,double,interior,relationship,4,1,1,8192,820,28982400,0,0
sample,double,interior,relationship,4,1,2,8192,820,30961000,0,0
sample,double,interior,relationship,4,1,3,8192,820,28035500,0,0
sample,double,interior,relationship,4,1,4,8192,820,28712000,0,0
sample,double,interior,relationship,4,1,5,8192,820,28103800,0,0
sample,double,interior,relationship,4,1,6,8192,820,24862100,0,0
summary,double,interior,relationship,3034.924,3497.534,3779.419
sample,double,interior,clipping,4,1,0,2048,205,42509200,50626560,12
sample,double,interior,clipping,4,1,1,2048,205,35967200,50626560,12
sample,double,interior,clipping,4,1,2,2048,205,39026500,50626560,12
sample,double,interior,clipping,4,1,3,2048,205,35482900,50626560,12
sample,double,interior,clipping,4,1,4,2048,205,34605700,50626560,12
sample,double,interior,clipping,4,1,5,2048,205,38488500,50626560,12
sample,double,interior,clipping,4,1,6,2048,205,35115000,50626560,12
summary,double,interior,clipping,16897.314,17562.109,20756.445
sample,double,crossing,relationship,4,1,0,8192,820,25756300,0,0
sample,double,crossing,relationship,4,1,1,8192,820,24089500,0,0
sample,double,crossing,relationship,4,1,2,8192,820,24144200,0,0
sample,double,crossing,relationship,4,1,3,8192,820,27797500,0,0
sample,double,crossing,relationship,4,1,4,8192,820,23913600,0,0
sample,double,crossing,relationship,4,1,5,8192,820,25615900,0,0
sample,double,crossing,relationship,4,1,6,8192,820,24008100,0,0
summary,double,crossing,relationship,2919.141,2947.290,3393.250
sample,double,crossing,clipping,4,1,0,512,52,23394800,12673024,3
sample,double,crossing,clipping,4,1,1,512,52,21613600,12673024,3
sample,double,crossing,clipping,4,1,2,512,52,22582500,12673024,3
sample,double,crossing,clipping,4,1,3,512,52,34394500,12673024,3
sample,double,crossing,clipping,4,1,4,512,52,24213100,12673024,3
sample,double,crossing,clipping,4,1,5,512,52,21957500,12673024,3
sample,double,crossing,clipping,4,1,6,512,52,23817800,12673024,3
summary,double,crossing,clipping,42214.062,45692.969,67176.758
sample,double,boundary-only,relationship,4,1,0,8192,820,30952600,0,0
sample,double,boundary-only,relationship,4,1,1,8192,820,34013100,0,0
sample,double,boundary-only,relationship,4,1,2,8192,820,32165900,0,0
sample,double,boundary-only,relationship,4,1,3,8192,820,32250500,0,0
sample,double,boundary-only,relationship,4,1,4,8192,820,31420800,0,0
sample,double,boundary-only,relationship,4,1,5,8192,820,31066600,0,0
sample,double,boundary-only,relationship,4,1,6,8192,820,30853400,0,0
summary,double,boundary-only,relationship,3766.284,3835.547,4151.990
sample,double,boundary-only,clipping,4,1,0,1024,103,31677400,25313280,6
sample,double,boundary-only,clipping,4,1,1,1024,103,31296000,25313280,6
sample,double,boundary-only,clipping,4,1,2,1024,103,30988200,25313280,6
sample,double,boundary-only,clipping,4,1,3,1024,103,31212500,25313280,6
sample,double,boundary-only,clipping,4,1,4,1024,103,31137400,25313280,6
sample,double,boundary-only,clipping,4,1,5,1024,103,31141500,25313280,6
sample,double,boundary-only,clipping,4,1,6,1024,103,31548700,25313280,6
summary,double,boundary-only,clipping,30261.914,30480.957,30934.961
sample,double,boundary-overlap,relationship,4,1,0,8192,820,36216200,0,0
sample,double,boundary-overlap,relationship,4,1,1,8192,820,38882900,0,0
sample,double,boundary-overlap,relationship,4,1,2,8192,820,37387600,0,0
sample,double,boundary-overlap,relationship,4,1,3,8192,820,37034700,0,0
sample,double,boundary-overlap,relationship,4,1,4,8192,820,38164100,0,0
sample,double,boundary-overlap,relationship,4,1,5,8192,820,38223500,0,0
sample,double,boundary-overlap,relationship,4,1,6,8192,820,37255800,0,0
summary,double,boundary-overlap,relationship,4420.923,4563.916,4746.448
sample,double,boundary-overlap,clipping,4,1,0,1024,103,32458000,25346048,6
sample,double,boundary-overlap,clipping,4,1,1,1024,103,32288100,25346048,6
sample,double,boundary-overlap,clipping,4,1,2,1024,103,32724900,25346048,6
sample,double,boundary-overlap,clipping,4,1,3,1024,103,34218000,25346048,6
sample,double,boundary-overlap,clipping,4,1,4,1024,103,34550900,25346048,6
sample,double,boundary-overlap,clipping,4,1,5,1024,103,33901200,25346048,6
sample,double,boundary-overlap,clipping,4,1,6,1024,103,32576900,25346048,6
summary,double,boundary-overlap,clipping,31531.348,31957.910,33741.113
sample,double,isolated-tangent,relationship,4,0,0,4096,410,22059500,0,0
sample,double,isolated-tangent,relationship,4,0,1,4096,410,25002800,0,0
sample,double,isolated-tangent,relationship,4,0,2,4096,410,22063300,0,0
sample,double,isolated-tangent,relationship,4,0,3,4096,410,23715600,0,0
sample,double,isolated-tangent,relationship,4,0,4,4096,410,22518600,0,0
sample,double,isolated-tangent,relationship,4,0,5,4096,410,22652800,0,0
sample,double,isolated-tangent,relationship,4,0,6,4096,410,23557600,0,0
summary,double,isolated-tangent,relationship,5385.620,5530.469,6104.199
sample,double,isolated-tangent,clipping,4,0,0,2048,205,37666200,50528256,12
sample,double,isolated-tangent,clipping,4,0,1,2048,205,44539000,50528256,12
sample,double,isolated-tangent,clipping,4,0,2,2048,205,37668000,50528256,12
sample,double,isolated-tangent,clipping,4,0,3,2048,205,37710800,50528256,12
sample,double,isolated-tangent,clipping,4,0,4,2048,205,37624700,50528256,12
sample,double,isolated-tangent,clipping,4,0,5,2048,205,39641500,50528256,12
sample,double,isolated-tangent,clipping,4,0,6,2048,205,43819900,50528256,12
summary,double,isolated-tangent,clipping,18371.436,18413.477,21747.559
sample,double,degenerate-interior,relationship,4,0,0,65536,6554,5685700,0,0
sample,double,degenerate-interior,relationship,4,0,1,65536,6554,4889400,0,0
sample,double,degenerate-interior,relationship,4,0,2,65536,6554,7504600,0,0
sample,double,degenerate-interior,relationship,4,0,3,65536,6554,4904600,0,0
sample,double,degenerate-interior,relationship,4,0,4,65536,6554,4819800,0,0
sample,double,degenerate-interior,relationship,4,0,5,65536,6554,8006700,0,0
sample,double,degenerate-interior,relationship,4,0,6,65536,6554,4868100,0,0
summary,double,degenerate-interior,relationship,73.544,74.838,122.173
sample,double,degenerate-interior,clipping,4,0,0,65536,6554,891400,0,0
sample,double,degenerate-interior,clipping,4,0,1,65536,6554,938400,0,0
sample,double,degenerate-interior,clipping,4,0,2,65536,6554,1190900,0,0
sample,double,degenerate-interior,clipping,4,0,3,65536,6554,1584500,0,0
sample,double,degenerate-interior,clipping,4,0,4,65536,6554,1156700,0,0
sample,double,degenerate-interior,clipping,4,0,5,65536,6554,1536100,0,0
sample,double,degenerate-interior,clipping,4,0,6,65536,6554,948000,0,0
summary,double,degenerate-interior,clipping,13.602,17.650,24.178
sample,double,degenerate-boundary,relationship,4,0,0,65536,6554,6856400,0,0
sample,double,degenerate-boundary,relationship,4,0,1,65536,6554,4754200,0,0
sample,double,degenerate-boundary,relationship,4,0,2,65536,6554,5032600,0,0
sample,double,degenerate-boundary,relationship,4,0,3,65536,6554,7189200,0,0
sample,double,degenerate-boundary,relationship,4,0,4,65536,6554,4763700,0,0
sample,double,degenerate-boundary,relationship,4,0,5,65536,6554,4760800,0,0
sample,double,degenerate-boundary,relationship,4,0,6,65536,6554,6441400,0,0
summary,double,degenerate-boundary,relationship,72.543,76.791,109.698
sample,double,degenerate-boundary,clipping,4,0,0,65536,6554,898500,0,0
sample,double,degenerate-boundary,clipping,4,0,1,65536,6554,949500,0,0
sample,double,degenerate-boundary,clipping,4,0,2,65536,6554,903800,0,0
sample,double,degenerate-boundary,clipping,4,0,3,65536,6554,951600,0,0
sample,double,degenerate-boundary,clipping,4,0,4,65536,6554,903000,0,0
sample,double,degenerate-boundary,clipping,4,0,5,65536,6554,1106400,0,0
sample,double,degenerate-boundary,clipping,4,0,6,65536,6554,1177000,0,0
summary,double,degenerate-boundary,clipping,13.710,14.488,17.960
sample,double,empty,relationship,0,0,0,65536,6554,2245600,0,0
sample,double,empty,relationship,0,0,1,65536,6554,1465200,0,0
sample,double,empty,relationship,0,0,2,65536,6554,1403300,0,0
sample,double,empty,relationship,0,0,3,65536,6554,1408400,0,0
sample,double,empty,relationship,0,0,4,65536,6554,1441700,0,0
sample,double,empty,relationship,0,0,5,65536,6554,1486800,0,0
sample,double,empty,relationship,0,0,6,65536,6554,1694500,0,0
summary,double,empty,relationship,21.413,22.357,34.265
sample,double,empty,clipping,0,0,0,65536,6554,1862300,0,0
sample,double,empty,clipping,0,0,1,65536,6554,1167300,0,0
sample,double,empty,clipping,0,0,2,65536,6554,1262900,0,0
sample,double,empty,clipping,0,0,3,65536,6554,3288100,0,0
sample,double,empty,clipping,0,0,4,65536,6554,2713300,0,0
sample,double,empty,clipping,0,0,5,65536,6554,4872200,0,0
sample,double,empty,clipping,0,0,6,65536,6554,3539000,0,0
summary,double,empty,clipping,17.812,41.402,74.344
sample,double,concave-u,relationship,8,2,0,4096,410,36861500,0,0
sample,double,concave-u,relationship,8,2,1,4096,410,37845000,0,0
sample,double,concave-u,relationship,8,2,2,4096,410,40075900,0,0
sample,double,concave-u,relationship,8,2,3,4096,410,38643100,0,0
sample,double,concave-u,relationship,8,2,4,4096,410,33925600,0,0
sample,double,concave-u,relationship,8,2,5,4096,410,34788400,0,0
sample,double,concave-u,relationship,8,2,6,4096,410,33361700,0,0
summary,double,concave-u,relationship,8144.946,8999.390,9784.155
sample,double,concave-u,clipping,8,2,0,256,26,24630800,10551296,2
sample,double,concave-u,clipping,8,2,1,256,26,25936000,10551296,2
sample,double,concave-u,clipping,8,2,2,256,26,24116100,10551296,2
sample,double,concave-u,clipping,8,2,3,256,26,24743800,10551296,2
sample,double,concave-u,clipping,8,2,4,256,26,24651200,10551296,2
sample,double,concave-u,clipping,8,2,5,256,26,25052200,10551296,2
sample,double,concave-u,clipping,8,2,6,256,26,25276000,10551296,2
summary,double,concave-u,clipping,94203.516,96655.469,101312.500
sample,double,hole,relationship,8,2,0,4096,410,34879000,0,0
sample,double,hole,relationship,8,2,1,4096,410,33533800,0,0
sample,double,hole,relationship,8,2,2,4096,410,34776500,0,0
sample,double,hole,relationship,8,2,3,4096,410,34346600,0,0
sample,double,hole,relationship,8,2,4,4096,410,35626000,0,0
sample,double,hole,relationship,8,2,5,4096,410,33383600,0,0
sample,double,hole,relationship,8,2,6,4096,410,34069600,0,0
summary,double,hole,relationship,8150.293,8385.400,8697.754
sample,double,hole,clipping,8,2,0,256,26,25072700,10551296,2
sample,double,hole,clipping,8,2,1,256,26,27975200,10551296,2
sample,double,hole,clipping,8,2,2,256,26,34952300,10551296,2
sample,double,hole,clipping,8,2,3,256,26,26584800,10551296,2
sample,double,hole,clipping,8,2,4,256,26,26104700,10551296,2
sample,double,hole,clipping,8,2,5,256,26,28421000,10551296,2
sample,double,hole,clipping,8,2,6,256,26,31719600,10551296,2
summary,double,hole,clipping,97940.234,109278.125,136532.422
sample,double,hole-reversed,relationship,8,2,0,4096,410,41504400,0,0
sample,double,hole-reversed,relationship,8,2,1,4096,410,40715400,0,0
sample,double,hole-reversed,relationship,8,2,2,4096,410,40913100,0,0
sample,double,hole-reversed,relationship,8,2,3,4096,410,40816500,0,0
sample,double,hole-reversed,relationship,8,2,4,4096,410,40431800,0,0
sample,double,hole-reversed,relationship,8,2,5,4096,410,40204300,0,0
sample,double,hole-reversed,relationship,8,2,6,4096,410,38925000,0,0
summary,double,hole-reversed,relationship,9503.174,9940.283,10132.910
sample,double,hole-reversed,clipping,8,2,0,256,26,31186200,10551296,2
sample,double,hole-reversed,clipping,8,2,1,256,26,32007300,10551296,2
sample,double,hole-reversed,clipping,8,2,2,256,26,31957300,10551296,2
sample,double,hole-reversed,clipping,8,2,3,256,26,29203800,10551296,2
sample,double,hole-reversed,clipping,8,2,4,256,26,31180000,10551296,2
sample,double,hole-reversed,clipping,8,2,5,256,26,29704400,10551296,2
sample,double,hole-reversed,clipping,8,2,6,256,26,30670600,10551296,2
summary,double,hole-reversed,clipping,114077.344,121796.875,125028.516
sample,double,rational-crossing,relationship,3,1,0,16384,1639,37495400,0,0
sample,double,rational-crossing,relationship,3,1,1,16384,1639,37802100,0,0
sample,double,rational-crossing,relationship,3,1,2,16384,1639,38917800,0,0
sample,double,rational-crossing,relationship,3,1,3,16384,1639,41850300,0,0
sample,double,rational-crossing,relationship,3,1,4,16384,1639,47280900,0,0
sample,double,rational-crossing,relationship,3,1,5,16384,1639,38257200,0,0
sample,double,rational-crossing,relationship,3,1,6,16384,1639,38064100,0,0
summary,double,rational-crossing,relationship,2288.538,2335.034,2885.797
sample,double,rational-crossing,clipping,3,1,0,512,52,26115200,10575872,2
sample,double,rational-crossing,clipping,3,1,1,512,52,36956100,10575872,2
sample,double,rational-crossing,clipping,3,1,2,512,52,24552000,10575872,2
sample,double,rational-crossing,clipping,3,1,3,512,52,25275700,10575872,2
sample,double,rational-crossing,clipping,3,1,4,512,52,23810800,10575872,2
sample,double,rational-crossing,clipping,3,1,5,512,52,26945900,10575872,2
sample,double,rational-crossing,clipping,3,1,6,512,52,25535200,10575872,2
summary,double,rational-crossing,clipping,46505.469,49873.438,72179.883
sample,double,sparse-1,relationship,4,1,0,8192,820,27871700,0,0
sample,double,sparse-1,relationship,4,1,1,8192,820,25809900,0,0
sample,double,sparse-1,relationship,4,1,2,8192,820,27799500,0,0
sample,double,sparse-1,relationship,4,1,3,8192,820,26328500,0,0
sample,double,sparse-1,relationship,4,1,4,8192,820,27480700,0,0
sample,double,sparse-1,relationship,4,1,5,8192,820,28049200,0,0
sample,double,sparse-1,relationship,4,1,6,8192,820,27654800,0,0
summary,double,sparse-1,relationship,3150.623,3375.830,3423.975
sample,double,sparse-1,clipping,4,1,0,512,52,24516100,12673024,3
sample,double,sparse-1,clipping,4,1,1,512,52,26530700,12673024,3
sample,double,sparse-1,clipping,4,1,2,512,52,24265800,12673024,3
sample,double,sparse-1,clipping,4,1,3,512,52,26937300,12673024,3
sample,double,sparse-1,clipping,4,1,4,512,52,26657700,12673024,3
sample,double,sparse-1,clipping,4,1,5,512,52,26000500,12673024,3
sample,double,sparse-1,clipping,4,1,6,512,52,26551200,12673024,3
summary,double,sparse-1,clipping,47394.141,51817.773,52611.914
sample,double,sparse-4,relationship,16,1,0,2048,205,32397300,0,0
sample,double,sparse-4,relationship,16,1,1,2048,205,32836900,0,0
sample,double,sparse-4,relationship,16,1,2,2048,205,43173700,0,0
sample,double,sparse-4,relationship,16,1,3,2048,205,32332000,0,0
sample,double,sparse-4,relationship,16,1,4,2048,205,31995900,0,0
sample,double,sparse-4,relationship,16,1,5,2048,205,32233200,0,0
sample,double,sparse-4,relationship,16,1,6,2048,205,33009600,0,0
summary,double,sparse-4,relationship,15622.998,15818.994,21080.908
sample,double,sparse-4,clipping,16,1,0,512,52,33778600,37838848,9
sample,double,sparse-4,clipping,16,1,1,512,52,29714400,37838848,9
sample,double,sparse-4,clipping,16,1,2,512,52,32787600,37838848,9
sample,double,sparse-4,clipping,16,1,3,512,52,31407700,37838848,9
sample,double,sparse-4,clipping,16,1,4,512,52,34355000,37838848,9
sample,double,sparse-4,clipping,16,1,5,512,52,30354300,37838848,9
sample,double,sparse-4,clipping,16,1,6,512,52,30050900,37838848,9
summary,double,sparse-4,clipping,58035.938,61343.164,67099.609
sample,double,sparse-16,relationship,64,1,0,512,52,28453800,0,0
sample,double,sparse-16,relationship,64,1,1,512,52,29555300,0,0
sample,double,sparse-16,relationship,64,1,2,512,52,28168000,0,0
sample,double,sparse-16,relationship,64,1,3,512,52,27778700,0,0
sample,double,sparse-16,relationship,64,1,4,512,52,31373600,0,0
sample,double,sparse-16,relationship,64,1,5,512,52,29391100,0,0
sample,double,sparse-16,relationship,64,1,6,512,52,29716700,0,0
summary,double,sparse-16,relationship,54255.273,57404.492,61276.562
sample,double,sparse-16,clipping,64,1,0,256,26,32314500,71348224,21
sample,double,sparse-16,clipping,64,1,1,256,26,32829900,71348224,21
sample,double,sparse-16,clipping,64,1,2,256,26,32078600,71348224,21
sample,double,sparse-16,clipping,64,1,3,256,26,32608800,71348224,21
sample,double,sparse-16,clipping,64,1,4,256,26,32733800,71348224,21
sample,double,sparse-16,clipping,64,1,5,256,26,33864000,71348224,21
sample,double,sparse-16,clipping,64,1,6,256,26,32571000,71348224,21
summary,double,sparse-16,clipping,125307.031,127378.125,132281.250
sample,double,sparse-64,relationship,256,1,0,128,13,34192200,0,0
sample,double,sparse-64,relationship,256,1,1,128,13,32246800,0,0
sample,double,sparse-64,relationship,256,1,2,128,13,33576400,0,0
sample,double,sparse-64,relationship,256,1,3,128,13,32871200,0,0
sample,double,sparse-64,relationship,256,1,4,128,13,33278900,0,0
sample,double,sparse-64,relationship,256,1,5,128,13,33727200,0,0
sample,double,sparse-64,relationship,256,1,6,128,13,33176900,0,0
summary,double,sparse-64,relationship,251928.125,259991.406,267126.562
sample,double,sparse-64,clipping,256,1,0,64,7,42770200,70003712,9
sample,double,sparse-64,clipping,256,1,1,64,7,41020100,70003712,8
sample,double,sparse-64,clipping,256,1,2,64,7,37479400,70003712,8
sample,double,sparse-64,clipping,256,1,3,64,7,38614100,70003712,8
sample,double,sparse-64,clipping,256,1,4,64,7,46597400,70003712,8
sample,double,sparse-64,clipping,256,1,5,64,7,38469400,70003712,8
sample,double,sparse-64,clipping,256,1,6,64,7,37192000,70003712,8
summary,double,sparse-64,clipping,581125.000,603345.312,728084.375
sample,double,dense-1,relationship,4,1,0,8192,820,30558600,0,0
sample,double,dense-1,relationship,4,1,1,8192,820,31932600,0,0
sample,double,dense-1,relationship,4,1,2,8192,820,28322600,0,0
sample,double,dense-1,relationship,4,1,3,8192,820,28331200,0,0
sample,double,dense-1,relationship,4,1,4,8192,820,27745200,0,0
sample,double,dense-1,relationship,4,1,5,8192,820,26909600,0,0
sample,double,dense-1,relationship,4,1,6,8192,820,28614700,0,0
summary,double,dense-1,relationship,3284.863,3458.398,3898.022
sample,double,dense-1,clipping,4,1,0,512,52,26301200,12673024,3
sample,double,dense-1,clipping,4,1,1,512,52,29033600,12673024,3
sample,double,dense-1,clipping,4,1,2,512,52,33245800,12673024,3
sample,double,dense-1,clipping,4,1,3,512,52,26462200,12673024,3
sample,double,dense-1,clipping,4,1,4,512,52,27250100,12673024,3
sample,double,dense-1,clipping,4,1,5,512,52,26759700,12673024,3
sample,double,dense-1,clipping,4,1,6,512,52,26632800,12673024,3
summary,double,dense-1,clipping,51369.531,52265.039,64933.203
sample,double,dense-4,relationship,16,4,0,1024,103,22524100,0,0
sample,double,dense-4,relationship,16,4,1,1024,103,22574700,0,0
sample,double,dense-4,relationship,16,4,2,1024,103,21967800,0,0
sample,double,dense-4,relationship,16,4,3,1024,103,21569500,0,0
sample,double,dense-4,relationship,16,4,4,1024,103,23802300,0,0
sample,double,dense-4,relationship,16,4,5,1024,103,21245800,0,0
sample,double,dense-4,relationship,16,4,6,1024,103,21762500,0,0
summary,double,dense-4,relationship,20747.852,21452.930,23244.434
sample,double,dense-4,clipping,16,4,0,128,13,35237700,9488384,2
sample,double,dense-4,clipping,16,4,1,128,13,33240500,9488384,2
sample,double,dense-4,clipping,16,4,2,128,13,32502600,9488384,2
sample,double,dense-4,clipping,16,4,3,128,13,33992000,9488384,2
sample,double,dense-4,clipping,16,4,4,128,13,31044000,9488384,2
sample,double,dense-4,clipping,16,4,5,128,13,33834300,9488384,2
sample,double,dense-4,clipping,16,4,6,128,13,35953500,9488384,2
summary,double,dense-4,clipping,242531.250,264330.469,280886.719
sample,double,dense-16,relationship,64,16,0,256,26,22724100,0,0
sample,double,dense-16,relationship,64,16,1,256,26,25689800,0,0
sample,double,dense-16,relationship,64,16,2,256,26,22818200,0,0
sample,double,dense-16,relationship,64,16,3,256,26,24131600,0,0
sample,double,dense-16,relationship,64,16,4,256,26,24881600,0,0
sample,double,dense-16,relationship,64,16,5,256,26,24689100,0,0
sample,double,dense-16,relationship,64,16,6,256,26,24290300,0,0
summary,double,dense-16,relationship,88766.016,94883.984,100350.781
sample,double,dense-16,clipping,64,16,0,16,2,19393400,4482816,1
sample,double,dense-16,clipping,64,16,1,16,2,20001300,4482816,1
sample,double,dense-16,clipping,64,16,2,16,2,18686600,4482816,1
sample,double,dense-16,clipping,64,16,3,16,2,20793000,4482816,1
sample,double,dense-16,clipping,64,16,4,16,2,19286400,4482816,1
sample,double,dense-16,clipping,64,16,5,16,2,29020500,4482816,1
sample,double,dense-16,clipping,64,16,6,16,2,21191500,4482816,1
summary,double,dense-16,clipping,1167912.500,1250081.250,1813781.250
sample,double,dense-64,relationship,256,64,0,64,7,23268400,0,0
sample,double,dense-64,relationship,256,64,1,64,7,23741200,0,0
sample,double,dense-64,relationship,256,64,2,64,7,21987800,0,0
sample,double,dense-64,relationship,256,64,3,64,7,20442500,0,0
sample,double,dense-64,relationship,256,64,4,64,7,22912100,0,0
sample,double,dense-64,relationship,256,64,5,64,7,21798300,0,0
sample,double,dense-64,relationship,256,64,6,64,7,20385600,0,0
summary,double,dense-64,relationship,318525.000,343559.375,370956.250
sample,double,dense-64,clipping,256,64,0,4,1,19309900,4403200,1
sample,double,dense-64,clipping,256,64,1,4,1,21436300,4403200,1
sample,double,dense-64,clipping,256,64,2,4,1,19431500,4403200,1
sample,double,dense-64,clipping,256,64,3,4,1,19460800,4403200,1
sample,double,dense-64,clipping,256,64,4,4,1,19249900,4403200,1
sample,double,dense-64,clipping,256,64,5,4,1,19270200,4403200,1
sample,double,dense-64,clipping,256,64,6,4,1,18822400,4403200,1
summary,double,dense-64,clipping,4705600.000,4827475.000,5359075.000
sample,double,subnormal,relationship,4,1,0,1024,103,21315100,0,0
sample,double,subnormal,relationship,4,1,1,1024,103,21973300,0,0
sample,double,subnormal,relationship,4,1,2,1024,103,22215800,0,0
sample,double,subnormal,relationship,4,1,3,1024,103,25399400,0,0
sample,double,subnormal,relationship,4,1,4,1024,103,21556800,0,0
sample,double,subnormal,relationship,4,1,5,1024,103,22675400,0,0
sample,double,subnormal,relationship,4,1,6,1024,103,22881000,0,0
summary,double,subnormal,relationship,20815.527,21695.117,24804.102
sample,double,subnormal,clipping,4,1,0,512,52,37206600,12673024,3
sample,double,subnormal,clipping,4,1,1,512,52,37574600,12673024,3
sample,double,subnormal,clipping,4,1,2,512,52,35326300,12673024,3
sample,double,subnormal,clipping,4,1,3,512,52,36150900,12673024,3
sample,double,subnormal,clipping,4,1,4,512,52,37998200,12673024,3
sample,double,subnormal,clipping,4,1,5,512,52,37590500,12673024,3
sample,double,subnormal,clipping,4,1,6,512,52,38629900,12673024,3
summary,double,subnormal,clipping,68996.680,73387.891,75449.023
sample,double,large-finite,relationship,4,1,0,1024,103,35004200,0,0
sample,double,large-finite,relationship,4,1,1,1024,103,27130300,0,0
sample,double,large-finite,relationship,4,1,2,1024,103,25111600,0,0
sample,double,large-finite,relationship,4,1,3,1024,103,24130500,0,0
sample,double,large-finite,relationship,4,1,4,1024,103,24593300,0,0
sample,double,large-finite,relationship,4,1,5,1024,103,24741900,0,0
sample,double,large-finite,relationship,4,1,6,1024,103,24330400,0,0
summary,double,large-finite,relationship,23564.941,24162.012,34183.789
sample,double,large-finite,clipping,4,1,0,256,26,23532600,6336512,1
sample,double,large-finite,clipping,4,1,1,256,26,22603900,6336512,1
sample,double,large-finite,clipping,4,1,2,256,26,24753500,6336512,1
sample,double,large-finite,clipping,4,1,3,256,26,25447700,6336512,1
sample,double,large-finite,clipping,4,1,4,256,26,28098200,6336512,1
sample,double,large-finite,clipping,4,1,5,256,26,24936900,6336512,1
sample,double,large-finite,clipping,4,1,6,256,26,25938600,6336512,1
summary,double,large-finite,clipping,88296.484,97409.766,109758.594
sink,8223600179684733843
