fixture_header,scalar,case,edges,expected_fact_bits,expected_status,expected_components
sample_header,scalar,case,operation,edges,expected_components,round,iterations,warmup,elapsed_ns,gc_bytes,gc_collections
summary_header,scalar,case,operation,min_ns_per_op,median_ns_per_op,max_ns_per_op
fixture,int,exterior,4,1,success,0
fixture,int,interior,4,4,success,1
fixture,int,crossing,4,7,success,1
fixture,int,boundary-only,4,10,success,1
fixture,int,boundary-overlap,4,11,success,1
fixture,int,isolated-tangent,4,3,success,0
fixture,int,degenerate-interior,4,4,success,0
fixture,int,degenerate-boundary,4,2,success,0
fixture,int,empty,0,1,success,0
fixture,int,concave-u,8,7,success,2
fixture,int,hole,8,7,success,2
fixture,int,hole-reversed,8,7,success,2
fixture,int,rational-crossing,3,7,success,1
fixture,int,sparse-1,4,7,success,1
fixture,int,sparse-4,16,7,success,1
fixture,int,sparse-16,64,7,success,1
fixture,int,sparse-64,256,7,success,1
fixture,int,dense-1,4,7,success,1
fixture,int,dense-4,16,7,success,4
fixture,int,dense-16,64,7,success,16
fixture,int,dense-64,256,7,success,64
fixture,int,wide-integral,4,7,success,1
preflight,int,22,PASS
sample,int,exterior,relationship,4,0,0,8192,820,23985700,0,0
sample,int,exterior,relationship,4,0,1,8192,820,24052700,0,0
sample,int,exterior,relationship,4,0,2,8192,820,24711400,0,0
sample,int,exterior,relationship,4,0,3,8192,820,27011900,0,0
sample,int,exterior,relationship,4,0,4,8192,820,24007700,0,0
sample,int,exterior,relationship,4,0,5,8192,820,24354500,0,0
sample,int,exterior,relationship,4,0,6,8192,820,25214900,0,0
summary,int,exterior,relationship,2927.942,2972.961,3297.351
sample,int,exterior,clipping,4,0,0,4096,410,30575400,101056512,24
sample,int,exterior,clipping,4,0,1,4096,410,32760900,101056512,24
sample,int,exterior,clipping,4,0,2,4096,410,29757800,101056512,24
sample,int,exterior,clipping,4,0,3,4096,410,30923100,101056512,24
sample,int,exterior,clipping,4,0,4,4096,410,32171500,101056512,24
sample,int,exterior,clipping,4,0,5,4096,410,31035700,101056512,24
sample,int,exterior,clipping,4,0,6,4096,410,30660200,101056512,24
summary,int,exterior,clipping,7265.088,7549.585,7998.267
sample,int,interior,relationship,4,1,0,8192,820,24287300,0,0
sample,int,interior,relationship,4,1,1,8192,820,23865300,0,0
sample,int,interior,relationship,4,1,2,8192,820,23799900,0,0
sample,int,interior,relationship,4,1,3,8192,820,23869700,0,0
sample,int,interior,relationship,4,1,4,8192,820,23752900,0,0
sample,int,interior,relationship,4,1,5,8192,820,25849500,0,0
sample,int,interior,relationship,4,1,6,8192,820,24761000,0,0
summary,int,interior,relationship,2899.524,2913.782,3155.457
sample,int,interior,clipping,4,1,0,2048,205,36973400,50626560,12
sample,int,interior,clipping,4,1,1,2048,205,35574100,50626560,12
sample,int,interior,clipping,4,1,2,2048,205,34855600,50626560,12
sample,int,interior,clipping,4,1,3,2048,205,37152700,50626560,12
sample,int,interior,clipping,4,1,4,2048,205,34503400,50626560,12
sample,int,interior,clipping,4,1,5,2048,205,34655700,50626560,12
sample,int,interior,clipping,4,1,6,2048,205,34665600,50626560,12
summary,int,interior,clipping,16847.363,17019.336,18140.967
sample,int,crossing,relationship,4,1,0,8192,820,24263200,0,0
sample,int,crossing,relationship,4,1,1,8192,820,25221300,0,0
sample,int,crossing,relationship,4,1,2,8192,820,24317400,0,0
sample,int,crossing,relationship,4,1,3,8192,820,24361000,0,0
sample,int,crossing,relationship,4,1,4,8192,820,24447600,0,0
sample,int,crossing,relationship,4,1,5,8192,820,24415700,0,0
sample,int,crossing,relationship,4,1,6,8192,820,24235000,0,0
summary,int,crossing,relationship,2958.374,2973.755,3078.772
sample,int,crossing,clipping,4,1,0,1024,103,39510900,25346048,6
sample,int,crossing,clipping,4,1,1,1024,103,39616800,25346048,6
sample,int,crossing,clipping,4,1,2,1024,103,39544300,25346048,6
sample,int,crossing,clipping,4,1,3,1024,103,40157700,25346048,6
sample,int,crossing,clipping,4,1,4,1024,103,42172400,25346048,6
sample,int,crossing,clipping,4,1,5,1024,103,40288000,25346048,6
sample,int,crossing,clipping,4,1,6,1024,103,40389900,25346048,6
summary,int,crossing,clipping,38584.863,39216.504,41183.984
sample,int,boundary-only,relationship,4,1,0,8192,820,33426300,0,0
sample,int,boundary-only,relationship,4,1,1,8192,820,31482800,0,0
sample,int,boundary-only,relationship,4,1,2,8192,820,32163300,0,0
sample,int,boundary-only,relationship,4,1,3,8192,820,32415600,0,0
sample,int,boundary-only,relationship,4,1,4,8192,820,32155400,0,0
sample,int,boundary-only,relationship,4,1,5,8192,820,31556200,0,0
sample,int,boundary-only,relationship,4,1,6,8192,820,33245300,0,0
summary,int,boundary-only,relationship,3843.115,3926.184,4080.359
sample,int,boundary-only,clipping,4,1,0,1024,103,26547600,25313280,6
sample,int,boundary-only,clipping,4,1,1,1024,103,26401800,25313280,6
sample,int,boundary-only,clipping,4,1,2,1024,103,26878500,25313280,6
sample,int,boundary-only,clipping,4,1,3,1024,103,25837100,25313280,6
sample,int,boundary-only,clipping,4,1,4,1024,103,27665800,25313280,6
sample,int,boundary-only,clipping,4,1,5,1024,103,27413700,25313280,6
sample,int,boundary-only,clipping,4,1,6,1024,103,26057900,25313280,6
summary,int,boundary-only,clipping,25231.543,25925.391,27017.383
sample,int,boundary-overlap,relationship,4,1,0,4096,410,20815200,0,0
sample,int,boundary-overlap,relationship,4,1,1,4096,410,20677100,0,0
sample,int,boundary-overlap,relationship,4,1,2,4096,410,20697600,0,0
sample,int,boundary-overlap,relationship,4,1,3,4096,410,20241300,0,0
sample,int,boundary-overlap,relationship,4,1,4,4096,410,20666100,0,0
sample,int,boundary-overlap,relationship,4,1,5,4096,410,21671800,0,0
sample,int,boundary-overlap,relationship,4,1,6,4096,410,20338300,0,0
summary,int,boundary-overlap,relationship,4941.724,5048.120,5290.967
sample,int,boundary-overlap,clipping,4,1,0,1024,103,27797600,25346048,6
sample,int,boundary-overlap,clipping,4,1,1,1024,103,27776200,25346048,6
sample,int,boundary-overlap,clipping,4,1,2,1024,103,27722900,25346048,6
sample,int,boundary-overlap,clipping,4,1,3,1024,103,29494200,25346048,6
sample,int,boundary-overlap,clipping,4,1,4,1024,103,27975800,25346048,6
sample,int,boundary-overlap,clipping,4,1,5,1024,103,27618600,25346048,6
sample,int,boundary-overlap,clipping,4,1,6,1024,103,28202600,25346048,6
summary,int,boundary-overlap,clipping,26971.289,27146.094,28802.930
sample,int,isolated-tangent,relationship,4,0,0,8192,820,37647200,0,0
sample,int,isolated-tangent,relationship,4,0,1,8192,820,36114800,0,0
sample,int,isolated-tangent,relationship,4,0,2,8192,820,36640700,0,0
sample,int,isolated-tangent,relationship,4,0,3,8192,820,36829700,0,0
sample,int,isolated-tangent,relationship,4,0,4,8192,820,36670800,0,0
sample,int,isolated-tangent,relationship,4,0,5,8192,820,35847200,0,0
sample,int,isolated-tangent,relationship,4,0,6,8192,820,36654200,0,0
summary,int,isolated-tangent,relationship,4375.879,4474.390,4595.605
sample,int,isolated-tangent,clipping,4,0,0,2048,205,26042700,50528256,12
sample,int,isolated-tangent,clipping,4,0,1,2048,205,26245900,50528256,12
sample,int,isolated-tangent,clipping,4,0,2,2048,205,26120300,50528256,12
sample,int,isolated-tangent,clipping,4,0,3,2048,205,26573100,50528256,12
sample,int,isolated-tangent,clipping,4,0,4,2048,205,27448100,50528256,12
sample,int,isolated-tangent,clipping,4,0,5,2048,205,26242300,50528256,12
sample,int,isolated-tangent,clipping,4,0,6,2048,205,26319600,50528256,12
summary,int,isolated-tangent,clipping,12716.162,12815.381,13402.393
sample,int,degenerate-interior,relationship,4,0,0,65536,6554,7164500,0,0
sample,int,degenerate-interior,relationship,4,0,1,65536,6554,7229300,0,0
sample,int,degenerate-interior,relationship,4,0,2,65536,6554,7161800,0,0
sample,int,degenerate-interior,relationship,4,0,3,65536,6554,7238200,0,0
sample,int,degenerate-interior,relationship,4,0,4,65536,6554,7132000,0,0
sample,int,degenerate-interior,relationship,4,0,5,65536,6554,7252100,0,0
sample,int,degenerate-interior,relationship,4,0,6,65536,6554,7123600,0,0
summary,int,degenerate-interior,relationship,108.698,109.322,110.658
sample,int,degenerate-interior,clipping,4,0,0,65536,6554,1804500,0,0
sample,int,degenerate-interior,clipping,4,0,1,65536,6554,1845000,0,0
sample,int,degenerate-interior,clipping,4,0,2,65536,6554,1927700,0,0
sample,int,degenerate-interior,clipping,4,0,3,65536,6554,1780600,0,0
sample,int,degenerate-interior,clipping,4,0,4,65536,6554,1793000,0,0
sample,int,degenerate-interior,clipping,4,0,5,65536,6554,1794900,0,0
sample,int,degenerate-interior,clipping,4,0,6,65536,6554,1795800,0,0
summary,int,degenerate-interior,clipping,27.170,27.402,29.414
sample,int,degenerate-boundary,relationship,4,0,0,65536,6554,7409400,0,0
sample,int,degenerate-boundary,relationship,4,0,1,65536,6554,7641100,0,0
sample,int,degenerate-boundary,relationship,4,0,2,65536,6554,7095200,0,0
sample,int,degenerate-boundary,relationship,4,0,3,65536,6554,8218300,0,0
sample,int,degenerate-boundary,relationship,4,0,4,65536,6554,7254500,0,0
sample,int,degenerate-boundary,relationship,4,0,5,65536,6554,7265700,0,0
sample,int,degenerate-boundary,relationship,4,0,6,65536,6554,7048400,0,0
summary,int,degenerate-boundary,relationship,107.550,110.866,125.401
sample,int,degenerate-boundary,clipping,4,0,0,65536,6554,1812900,0,0
sample,int,degenerate-boundary,clipping,4,0,1,65536,6554,1911100,0,0
sample,int,degenerate-boundary,clipping,4,0,2,65536,6554,1841500,0,0
sample,int,degenerate-boundary,clipping,4,0,3,65536,6554,1815100,0,0
sample,int,degenerate-boundary,clipping,4,0,4,65536,6554,1806500,0,0
sample,int,degenerate-boundary,clipping,4,0,5,65536,6554,1796000,0,0
sample,int,degenerate-boundary,clipping,4,0,6,65536,6554,1851400,0,0
summary,int,degenerate-boundary,clipping,27.405,27.696,29.161
sample,int,empty,relationship,0,0,0,65536,6554,1983800,0,0
sample,int,empty,relationship,0,0,1,65536,6554,2118400,0,0
sample,int,empty,relationship,0,0,2,65536,6554,1987400,0,0
sample,int,empty,relationship,0,0,3,65536,6554,1988500,0,0
sample,int,empty,relationship,0,0,4,65536,6554,1987700,0,0
sample,int,empty,relationship,0,0,5,65536,6554,1986000,0,0
sample,int,empty,relationship,0,0,6,65536,6554,1987700,0,0
summary,int,empty,relationship,30.270,30.330,32.324
sample,int,empty,clipping,0,0,0,65536,6554,1915900,0,0
sample,int,empty,clipping,0,0,1,65536,6554,1763500,0,0
sample,int,empty,clipping,0,0,2,65536,6554,1797000,0,0
sample,int,empty,clipping,0,0,3,65536,6554,1950100,0,0
sample,int,empty,clipping,0,0,4,65536,6554,1844600,0,0
sample,int,empty,clipping,0,0,5,65536,6554,1832000,0,0
sample,int,empty,clipping,0,0,6,65536,6554,1837800,0,0
summary,int,empty,clipping,26.909,28.043,29.756
sample,int,concave-u,relationship,8,2,0,4096,410,31776800,0,0
sample,int,concave-u,relationship,8,2,1,4096,410,33386700,0,0
sample,int,concave-u,relationship,8,2,2,4096,410,31760300,0,0
sample,int,concave-u,relationship,8,2,3,4096,410,32689500,0,0
sample,int,concave-u,relationship,8,2,4,4096,410,32301700,0,0
sample,int,concave-u,relationship,8,2,5,4096,410,32193500,0,0
sample,int,concave-u,relationship,8,2,6,4096,410,32210600,0,0
summary,int,concave-u,relationship,7753.979,7863.916,8151.050
sample,int,concave-u,clipping,8,2,0,256,26,22837200,10551296,2
sample,int,concave-u,clipping,8,2,1,256,26,22980000,10551296,2
sample,int,concave-u,clipping,8,2,2,256,26,22970800,10551296,2
sample,int,concave-u,clipping,8,2,3,256,26,23009000,10551296,2
sample,int,concave-u,clipping,8,2,4,256,26,22838900,10551296,2
sample,int,concave-u,clipping,8,2,5,256,26,22466900,10551296,2
sample,int,concave-u,clipping,8,2,6,256,26,23195100,10551296,2
summary,int,concave-u,clipping,87761.328,89729.688,90605.859
sample,int,hole,relationship,8,2,0,4096,410,32367300,0,0
sample,int,hole,relationship,8,2,1,4096,410,32607300,0,0
sample,int,hole,relationship,8,2,2,4096,410,32337300,0,0
sample,int,hole,relationship,8,2,3,4096,410,32233200,0,0
sample,int,hole,relationship,8,2,4,4096,410,33365200,0,0
sample,int,hole,relationship,8,2,5,4096,410,32089200,0,0
sample,int,hole,relationship,8,2,6,4096,410,32518800,0,0
summary,int,hole,relationship,7834.277,7902.173,8145.801
sample,int,hole,clipping,8,2,0,256,26,22918500,10551296,2
sample,int,hole,clipping,8,2,1,256,26,22821300,10551296,2
sample,int,hole,clipping,8,2,2,256,26,24381100,10551296,2
sample,int,hole,clipping,8,2,3,256,26,23151600,10551296,2
sample,int,hole,clipping,8,2,4,256,26,22793200,10551296,2
sample,int,hole,clipping,8,2,5,256,26,22902400,10551296,2
sample,int,hole,clipping,8,2,6,256,26,22883400,10551296,2
summary,int,hole,clipping,89035.938,89462.500,95238.672
sample,int,hole-reversed,relationship,8,2,0,4096,410,32917900,0,0
sample,int,hole-reversed,relationship,8,2,1,4096,410,33473900,0,0
sample,int,hole-reversed,relationship,8,2,2,4096,410,32359200,0,0
sample,int,hole-reversed,relationship,8,2,3,4096,410,32727300,0,0
sample,int,hole-reversed,relationship,8,2,4,4096,410,32441800,0,0
sample,int,hole-reversed,relationship,8,2,5,4096,410,32199500,0,0
sample,int,hole-reversed,relationship,8,2,6,4096,410,32411000,0,0
summary,int,hole-reversed,relationship,7861.206,7920.361,8172.339
sample,int,hole-reversed,clipping,8,2,0,256,26,22704300,10551296,2
sample,int,hole-reversed,clipping,8,2,1,256,26,22981100,10551296,2
sample,int,hole-reversed,clipping,8,2,2,256,26,23118000,10551296,2
sample,int,hole-reversed,clipping,8,2,3,256,26,22937100,10551296,2
sample,int,hole-reversed,clipping,8,2,4,256,26,22593300,10551296,2
sample,int,hole-reversed,clipping,8,2,5,256,26,22356700,10551296,2
sample,int,hole-reversed,clipping,8,2,6,256,26,24843200,10551296,2
summary,int,hole-reversed,clipping,87330.859,89598.047,97043.750
sample,int,rational-crossing,relationship,3,1,0,16384,1639,33026500,0,0
sample,int,rational-crossing,relationship,3,1,1,16384,1639,37295300,0,0
sample,int,rational-crossing,relationship,3,1,2,16384,1639,34436600,0,0
sample,int,rational-crossing,relationship,3,1,3,16384,1639,35019300,0,0
sample,int,rational-crossing,relationship,3,1,4,16384,1639,34107200,0,0
sample,int,rational-crossing,relationship,3,1,5,16384,1639,33748200,0,0
sample,int,rational-crossing,relationship,3,1,6,16384,1639,34240600,0,0
summary,int,rational-crossing,relationship,2015.778,2089.880,2276.324
sample,int,rational-crossing,clipping,3,1,0,1024,103,40425900,21151744,5
sample,int,rational-crossing,clipping,3,1,1,1024,103,38986300,21151744,5
sample,int,rational-crossing,clipping,3,1,2,1024,103,39469400,21151744,5
sample,int,rational-crossing,clipping,3,1,3,1024,103,38765800,21151744,5
sample,int,rational-crossing,clipping,3,1,4,1024,103,39029400,21151744,5
sample,int,rational-crossing,clipping,3,1,5,1024,103,41917800,21151744,5
sample,int,rational-crossing,clipping,3,1,6,1024,103,40650500,21151744,5
summary,int,rational-crossing,clipping,37857.227,38544.336,40935.352
sample,int,sparse-1,relationship,4,1,0,8192,820,24326700,0,0
sample,int,sparse-1,relationship,4,1,1,8192,820,23998700,0,0
sample,int,sparse-1,relationship,4,1,2,8192,820,26410000,0,0
sample,int,sparse-1,relationship,4,1,3,8192,820,23711500,0,0
sample,int,sparse-1,relationship,4,1,4,8192,820,24079500,0,0
sample,int,sparse-1,relationship,4,1,5,8192,820,24199300,0,0
sample,int,sparse-1,relationship,4,1,6,8192,820,24610600,0,0
summary,int,sparse-1,relationship,2894.470,2954.016,3223.877
sample,int,sparse-1,clipping,4,1,0,512,52,19520300,12673024,3
sample,int,sparse-1,clipping,4,1,1,512,52,19615300,12673024,3
sample,int,sparse-1,clipping,4,1,2,512,52,21362900,12673024,3
sample,int,sparse-1,clipping,4,1,3,512,52,19631300,12673024,3
sample,int,sparse-1,clipping,4,1,4,512,52,19974700,12673024,3
sample,int,sparse-1,clipping,4,1,5,512,52,19849100,12673024,3
sample,int,sparse-1,clipping,4,1,6,512,52,19997800,12673024,3
summary,int,sparse-1,clipping,38125.586,38767.773,41724.414
sample,int,sparse-4,relationship,16,1,0,2048,205,27312100,0,0
sample,int,sparse-4,relationship,16,1,1,2048,205,27411200,0,0
sample,int,sparse-4,relationship,16,1,2,2048,205,28581500,0,0
sample,int,sparse-4,relationship,16,1,3,2048,205,28256600,0,0
sample,int,sparse-4,relationship,16,1,4,2048,205,27681600,0,0
sample,int,sparse-4,relationship,16,1,5,2048,205,27931600,0,0
sample,int,sparse-4,relationship,16,1,6,2048,205,28088500,0,0
summary,int,sparse-4,relationship,13335.986,13638.477,13955.811
sample,int,sparse-4,clipping,16,1,0,512,52,29321000,37838848,9
sample,int,sparse-4,clipping,16,1,1,512,52,28075400,37838848,9
sample,int,sparse-4,clipping,16,1,2,512,52,27881700,37838848,9
sample,int,sparse-4,clipping,16,1,3,512,52,28676800,37838848,9
sample,int,sparse-4,clipping,16,1,4,512,52,28253700,37838848,9
sample,int,sparse-4,clipping,16,1,5,512,52,28055300,37838848,9
sample,int,sparse-4,clipping,16,1,6,512,52,28367100,37838848,9
summary,int,sparse-4,clipping,54456.445,55183.008,57267.578
sample,int,sparse-16,relationship,64,1,0,512,52,28384400,0,0
sample,int,sparse-16,relationship,64,1,1,512,52,27951900,0,0
sample,int,sparse-16,relationship,64,1,2,512,52,27985500,0,0
sample,int,sparse-16,relationship,64,1,3,512,52,28268800,0,0
sample,int,sparse-16,relationship,64,1,4,512,52,28427500,0,0
sample,int,sparse-16,relationship,64,1,5,512,52,29262400,0,0
sample,int,sparse-16,relationship,64,1,6,512,52,28148500,0,0
summary,int,sparse-16,relationship,54593.555,55212.500,57153.125
sample,int,sparse-16,clipping,64,1,0,256,26,30049900,71348224,19
sample,int,sparse-16,clipping,64,1,1,256,26,30357900,71348224,19
sample,int,sparse-16,clipping,64,1,2,256,26,32154500,71348224,19
sample,int,sparse-16,clipping,64,1,3,256,26,30408100,71348224,19
sample,int,sparse-16,clipping,64,1,4,256,26,39556500,71348224,19
sample,int,sparse-16,clipping,64,1,5,256,26,30530600,71348224,19
sample,int,sparse-16,clipping,64,1,6,256,26,30658200,71348224,19
summary,int,sparse-16,clipping,117382.422,119260.156,154517.578
sample,int,sparse-64,relationship,256,1,0,128,13,28184300,0,0
sample,int,sparse-64,relationship,256,1,1,128,13,28213100,0,0
sample,int,sparse-64,relationship,256,1,2,128,13,28312000,0,0
sample,int,sparse-64,relationship,256,1,3,128,13,28483600,0,0
sample,int,sparse-64,relationship,256,1,4,128,13,28198900,0,0
sample,int,sparse-64,relationship,256,1,5,128,13,28530800,0,0
sample,int,sparse-64,relationship,256,1,6,128,13,29822800,0,0
summary,int,sparse-64,relationship,220189.844,221187.500,232990.625
sample,int,sparse-64,clipping,256,1,0,64,7,34065300,70003712,9
sample,int,sparse-64,clipping,256,1,1,64,7,33098500,70003712,8
sample,int,sparse-64,clipping,256,1,2,64,7,32262100,70003712,8
sample,int,sparse-64,clipping,256,1,3,64,7,32713600,70003712,8
sample,int,sparse-64,clipping,256,1,4,64,7,33744800,70003712,8
sample,int,sparse-64,clipping,256,1,5,64,7,32628200,70003712,8
sample,int,sparse-64,clipping,256,1,6,64,7,32754800,70003712,8
summary,int,sparse-64,clipping,504095.312,511793.750,532270.312
sample,int,dense-1,relationship,4,1,0,8192,820,33606100,0,0
sample,int,dense-1,relationship,4,1,1,8192,820,24417000,0,0
sample,int,dense-1,relationship,4,1,2,8192,820,25368400,0,0
sample,int,dense-1,relationship,4,1,3,8192,820,23724500,0,0
sample,int,dense-1,relationship,4,1,4,8192,820,24311400,0,0
sample,int,dense-1,relationship,4,1,5,8192,820,24493000,0,0
sample,int,dense-1,relationship,4,1,6,8192,820,24308400,0,0
summary,int,dense-1,relationship,2896.057,2980.591,4102.307
sample,int,dense-1,clipping,4,1,0,1024,103,39526700,25346048,6
sample,int,dense-1,clipping,4,1,1,1024,103,39582800,25346048,6
sample,int,dense-1,clipping,4,1,2,1024,103,47690300,25346048,6
sample,int,dense-1,clipping,4,1,3,1024,103,41199600,25346048,6
sample,int,dense-1,clipping,4,1,4,1024,103,43196000,25346048,6
sample,int,dense-1,clipping,4,1,5,1024,103,41497300,25346048,6
sample,int,dense-1,clipping,4,1,6,1024,103,40685500,25346048,6
summary,int,dense-1,clipping,38600.293,40233.984,46572.559
sample,int,dense-4,relationship,16,4,0,2048,205,38533200,0,0
sample,int,dense-4,relationship,16,4,1,2048,205,36522800,0,0
sample,int,dense-4,relationship,16,4,2,2048,205,36593900,0,0
sample,int,dense-4,relationship,16,4,3,2048,205,36498000,0,0
sample,int,dense-4,relationship,16,4,4,2048,205,36357000,0,0
sample,int,dense-4,relationship,16,4,5,2048,205,36664800,0,0
sample,int,dense-4,relationship,16,4,6,2048,205,37649300,0,0
summary,int,dense-4,relationship,17752.441,17868.115,18815.039
sample,int,dense-4,clipping,16,4,0,128,13,26673200,9488384,2
sample,int,dense-4,clipping,16,4,1,128,13,26139800,9488384,2
sample,int,dense-4,clipping,16,4,2,128,13,26217900,9488384,2
sample,int,dense-4,clipping,16,4,3,128,13,26625000,9488384,2
sample,int,dense-4,clipping,16,4,4,128,13,27426500,9488384,2
sample,int,dense-4,clipping,16,4,5,128,13,26098100,9488384,2
sample,int,dense-4,clipping,16,4,6,128,13,25613400,9488384,2
summary,int,dense-4,clipping,200104.688,204827.344,214269.531
sample,int,dense-16,relationship,64,16,0,512,52,39456100,0,0
sample,int,dense-16,relationship,64,16,1,512,52,40787100,0,0
sample,int,dense-16,relationship,64,16,2,512,52,39588500,0,0
sample,int,dense-16,relationship,64,16,3,512,52,39914100,0,0
sample,int,dense-16,relationship,64,16,4,512,52,39456300,0,0
sample,int,dense-16,relationship,64,16,5,512,52,40230500,0,0
sample,int,dense-16,relationship,64,16,6,512,52,41252700,0,0
summary,int,dense-16,relationship,77062.695,77957.227,80571.680
sample,int,dense-16,clipping,64,16,0,32,4,31153000,8965632,2
sample,int,dense-16,clipping,64,16,1,32,4,30509300,8965632,2
sample,int,dense-16,clipping,64,16,2,32,4,31129400,8965632,2
sample,int,dense-16,clipping,64,16,3,32,4,32278200,8965632,2
sample,int,dense-16,clipping,64,16,4,32,4,30880700,8965632,2
sample,int,dense-16,clipping,64,16,5,32,4,31136700,8965632,2
sample,int,dense-16,clipping,64,16,6,32,4,31330100,8965632,2
summary,int,dense-16,clipping,953415.625,973021.875,1008693.750
sample,int,dense-64,relationship,256,64,0,128,13,40567400,0,0
sample,int,dense-64,relationship,256,64,1,128,13,40872800,0,0
sample,int,dense-64,relationship,256,64,2,128,13,40682100,0,0
sample,int,dense-64,relationship,256,64,3,128,13,40936400,0,0
sample,int,dense-64,relationship,256,64,4,128,13,42142600,0,0
sample,int,dense-64,relationship,256,64,5,128,13,40748000,0,0
sample,int,dense-64,relationship,256,64,6,128,13,40459100,0,0
summary,int,dense-64,relationship,316086.719,318343.750,329239.062
sample,int,dense-64,clipping,256,64,0,8,1,37082300,8806400,3
sample,int,dense-64,clipping,256,64,1,8,1,35622100,8806400,3
sample,int,dense-64,clipping,256,64,2,8,1,35656800,8806400,3
sample,int,dense-64,clipping,256,64,3,8,1,35620400,8806400,3
sample,int,dense-64,clipping,256,64,4,8,1,35677900,8806400,3
sample,int,dense-64,clipping,256,64,5,8,1,35726700,8806400,3
sample,int,dense-64,clipping,256,64,6,8,1,37235600,8806400,3
summary,int,dense-64,clipping,4452550.000,4459737.500,4654450.000
sample,int,wide-integral,relationship,4,1,0,8192,820,23939700,0,0
sample,int,wide-integral,relationship,4,1,1,8192,820,23950700,0,0
sample,int,wide-integral,relationship,4,1,2,8192,820,23815400,0,0
sample,int,wide-integral,relationship,4,1,3,8192,820,23911500,0,0
sample,int,wide-integral,relationship,4,1,4,8192,820,24247600,0,0
sample,int,wide-integral,relationship,4,1,5,8192,820,25304800,0,0
sample,int,wide-integral,relationship,4,1,6,8192,820,23765400,0,0
summary,int,wide-integral,relationship,2901.050,2922.327,3088.965
sample,int,wide-integral,clipping,4,1,0,512,52,20531200,12673024,3
sample,int,wide-integral,clipping,4,1,1,512,52,20440500,12673024,3
sample,int,wide-integral,clipping,4,1,2,512,52,20356000,12673024,3
sample,int,wide-integral,clipping,4,1,3,512,52,20247400,12673024,3
sample,int,wide-integral,clipping,4,1,4,512,52,21469900,12673024,3
sample,int,wide-integral,clipping,4,1,5,512,52,21593000,12673024,3
sample,int,wide-integral,clipping,4,1,6,512,52,20648900,12673024,3
summary,int,wide-integral,clipping,39545.703,40100.000,42173.828
fixture,long,exterior,4,1,success,0
fixture,long,interior,4,4,success,1
fixture,long,crossing,4,7,success,1
fixture,long,boundary-only,4,10,success,1
fixture,long,boundary-overlap,4,11,success,1
fixture,long,isolated-tangent,4,3,success,0
fixture,long,degenerate-interior,4,4,success,0
fixture,long,degenerate-boundary,4,2,success,0
fixture,long,empty,0,1,success,0
fixture,long,concave-u,8,7,success,2
fixture,long,hole,8,7,success,2
fixture,long,hole-reversed,8,7,success,2
fixture,long,rational-crossing,3,7,success,1
fixture,long,sparse-1,4,7,success,1
fixture,long,sparse-4,16,7,success,1
fixture,long,sparse-16,64,7,success,1
fixture,long,sparse-64,256,7,success,1
fixture,long,dense-1,4,7,success,1
fixture,long,dense-4,16,7,success,4
fixture,long,dense-16,64,7,success,16
fixture,long,dense-64,256,7,success,64
fixture,long,wide-integral,4,7,success,1
fixture,long,endpoint-collapse,4,6,unrepresentableConstruction,0
fixture,long,gap-collapse,8,7,unrepresentableConstruction,0
preflight,long,24,PASS
sample,long,exterior,relationship,4,0,0,8192,820,24747300,0,0
sample,long,exterior,relationship,4,0,1,8192,820,24450000,0,0
sample,long,exterior,relationship,4,0,2,8192,820,24516600,0,0
sample,long,exterior,relationship,4,0,3,8192,820,24798100,0,0
sample,long,exterior,relationship,4,0,4,8192,820,25310500,0,0
sample,long,exterior,relationship,4,0,5,8192,820,24004600,0,0
sample,long,exterior,relationship,4,0,6,8192,820,24211900,0,0
summary,long,exterior,relationship,2930.249,2992.749,3089.661
sample,long,exterior,clipping,4,0,0,4096,410,30232200,101056512,24
sample,long,exterior,clipping,4,0,1,4096,410,30771300,101056512,24
sample,long,exterior,clipping,4,0,2,4096,410,31724800,101056512,24
sample,long,exterior,clipping,4,0,3,4096,410,30431800,101056512,24
sample,long,exterior,clipping,4,0,4,4096,410,40194800,101056512,24
sample,long,exterior,clipping,4,0,5,4096,410,30549600,101056512,24
sample,long,exterior,clipping,4,0,6,4096,410,30392900,101056512,24
summary,long,exterior,clipping,7380.908,7458.398,9813.184
sample,long,interior,relationship,4,1,0,8192,820,23963400,0,0
sample,long,interior,relationship,4,1,1,8192,820,23833000,0,0
sample,long,interior,relationship,4,1,2,8192,820,24638800,0,0
sample,long,interior,relationship,4,1,3,8192,820,24239600,0,0
sample,long,interior,relationship,4,1,4,8192,820,23763400,0,0
sample,long,interior,relationship,4,1,5,8192,820,23936800,0,0
sample,long,interior,relationship,4,1,6,8192,820,24156100,0,0
summary,long,interior,relationship,2900.806,2925.220,3007.666
sample,long,interior,clipping,4,1,0,2048,205,34052800,50626560,12
sample,long,interior,clipping,4,1,1,2048,205,34182700,50626560,12
sample,long,interior,clipping,4,1,2,2048,205,33883900,50626560,12
sample,long,interior,clipping,4,1,3,2048,205,34978100,50626560,12
sample,long,interior,clipping,4,1,4,2048,205,35356700,50626560,12
sample,long,interior,clipping,4,1,5,2048,205,37484200,50626560,12
sample,long,interior,clipping,4,1,6,2048,205,36912600,50626560,12
summary,long,interior,clipping,16544.873,17079.150,18302.832
sample,long,crossing,relationship,4,1,0,8192,820,24536400,0,0
sample,long,crossing,relationship,4,1,1,8192,820,25866000,0,0
sample,long,crossing,relationship,4,1,2,8192,820,24463700,0,0
sample,long,crossing,relationship,4,1,3,8192,820,24596600,0,0
sample,long,crossing,relationship,4,1,4,8192,820,23928800,0,0
sample,long,crossing,relationship,4,1,5,8192,820,24323200,0,0
sample,long,crossing,relationship,4,1,6,8192,820,23967400,0,0
summary,long,crossing,relationship,2920.996,2986.292,3157.471
sample,long,crossing,clipping,4,1,0,1024,103,40047400,25346048,6
sample,long,crossing,clipping,4,1,1,1024,103,40726000,25346048,6
sample,long,crossing,clipping,4,1,2,1024,103,41012700,25346048,6
sample,long,crossing,clipping,4,1,3,1024,103,40192600,25346048,6
sample,long,crossing,clipping,4,1,4,1024,103,41399600,25346048,6
sample,long,crossing,clipping,4,1,5,1024,103,40118700,25346048,6
sample,long,crossing,clipping,4,1,6,1024,103,41908200,25346048,6
summary,long,crossing,clipping,39108.789,39771.484,40925.977
sample,long,boundary-only,relationship,4,1,0,8192,820,33923000,0,0
sample,long,boundary-only,relationship,4,1,1,8192,820,33283000,0,0
sample,long,boundary-only,relationship,4,1,2,8192,820,33077700,0,0
sample,long,boundary-only,relationship,4,1,3,8192,820,33144500,0,0
sample,long,boundary-only,relationship,4,1,4,8192,820,33138400,0,0
sample,long,boundary-only,relationship,4,1,5,8192,820,32571400,0,0
sample,long,boundary-only,relationship,4,1,6,8192,820,32473600,0,0
summary,long,boundary-only,relationship,3964.062,4045.215,4140.991
sample,long,boundary-only,clipping,4,1,0,1024,103,27268700,25313280,6
sample,long,boundary-only,clipping,4,1,1,1024,103,27159100,25313280,6
sample,long,boundary-only,clipping,4,1,2,1024,103,26785200,25313280,6
sample,long,boundary-only,clipping,4,1,3,1024,103,26581100,25313280,6
sample,long,boundary-only,clipping,4,1,4,1024,103,27563100,25313280,6
sample,long,boundary-only,clipping,4,1,5,1024,103,27752600,25313280,6
sample,long,boundary-only,clipping,4,1,6,1024,103,33643400,25313280,6
summary,long,boundary-only,clipping,25958.105,26629.590,32854.883
sample,long,boundary-overlap,relationship,4,1,0,4096,410,21966000,0,0
sample,long,boundary-overlap,relationship,4,1,1,4096,410,21712500,0,0
sample,long,boundary-overlap,relationship,4,1,2,4096,410,21901500,0,0
sample,long,boundary-overlap,relationship,4,1,3,4096,410,22167700,0,0
sample,long,boundary-overlap,relationship,4,1,4,4096,410,22672400,0,0
sample,long,boundary-overlap,relationship,4,1,5,4096,410,21812100,0,0
sample,long,boundary-overlap,relationship,4,1,6,4096,410,21171500,0,0
summary,long,boundary-overlap,relationship,5168.823,5347.046,5535.254
sample,long,boundary-overlap,clipping,4,1,0,1024,103,27970200,25346048,6
sample,long,boundary-overlap,clipping,4,1,1,1024,103,27950100,25346048,6
sample,long,boundary-overlap,clipping,4,1,2,1024,103,29235400,25346048,6
sample,long,boundary-overlap,clipping,4,1,3,1024,103,28435100,25346048,6
sample,long,boundary-overlap,clipping,4,1,4,1024,103,28025600,25346048,6
sample,long,boundary-overlap,clipping,4,1,5,1024,103,28085400,25346048,6
sample,long,boundary-overlap,clipping,4,1,6,1024,103,29519300,25346048,6
summary,long,boundary-overlap,clipping,27295.020,27427.148,28827.441
sample,long,isolated-tangent,relationship,4,0,0,8192,820,37931000,0,0
sample,long,isolated-tangent,relationship,4,0,1,8192,820,36835000,0,0
sample,long,isolated-tangent,relationship,4,0,2,8192,820,36860000,0,0
sample,long,isolated-tangent,relationship,4,0,3,8192,820,36862700,0,0
sample,long,isolated-tangent,relationship,4,0,4,8192,820,37826800,0,0
sample,long,isolated-tangent,relationship,4,0,5,8192,820,39363300,0,0
sample,long,isolated-tangent,relationship,4,0,6,8192,820,38409500,0,0
summary,long,isolated-tangent,relationship,4496.460,4617.529,4805.090
sample,long,isolated-tangent,clipping,4,0,0,2048,205,27273000,50528256,12
sample,long,isolated-tangent,clipping,4,0,1,2048,205,26860500,50528256,12
sample,long,isolated-tangent,clipping,4,0,2,2048,205,27943000,50528256,12
sample,long,isolated-tangent,clipping,4,0,3,2048,205,27184200,50528256,12
sample,long,isolated-tangent,clipping,4,0,4,2048,205,26828400,50528256,12
sample,long,isolated-tangent,clipping,4,0,5,2048,205,26574600,50528256,12
sample,long,isolated-tangent,clipping,4,0,6,2048,205,26964200,50528256,12
summary,long,isolated-tangent,clipping,12975.879,13166.113,13644.043
sample,long,degenerate-interior,relationship,4,0,0,65536,6554,6693400,0,0
sample,long,degenerate-interior,relationship,4,0,1,65536,6554,6820400,0,0
sample,long,degenerate-interior,relationship,4,0,2,65536,6554,6685300,0,0
sample,long,degenerate-interior,relationship,4,0,3,65536,6554,6767700,0,0
sample,long,degenerate-interior,relationship,4,0,4,65536,6554,6569900,0,0
sample,long,degenerate-interior,relationship,4,0,5,65536,6554,6569400,0,0
sample,long,degenerate-interior,relationship,4,0,6,65536,6554,6716000,0,0
summary,long,degenerate-interior,relationship,100.241,102.133,104.071
sample,long,degenerate-interior,clipping,4,0,0,65536,6554,2084900,0,0
sample,long,degenerate-interior,clipping,4,0,1,65536,6554,2102200,0,0
sample,long,degenerate-interior,clipping,4,0,2,65536,6554,2134000,0,0
sample,long,degenerate-interior,clipping,4,0,3,65536,6554,2319700,0,0
sample,long,degenerate-interior,clipping,4,0,4,65536,6554,2597200,0,0
sample,long,degenerate-interior,clipping,4,0,5,65536,6554,2258900,0,0
sample,long,degenerate-interior,clipping,4,0,6,65536,6554,2208600,0,0
summary,long,degenerate-interior,clipping,31.813,33.701,39.630
sample,long,degenerate-boundary,relationship,4,0,0,65536,6554,6935600,0,0
sample,long,degenerate-boundary,relationship,4,0,1,65536,6554,6867500,0,0
sample,long,degenerate-boundary,relationship,4,0,2,65536,6554,6686600,0,0
sample,long,degenerate-boundary,relationship,4,0,3,65536,6554,6885300,0,0
sample,long,degenerate-boundary,relationship,4,0,4,65536,6554,6643000,0,0
sample,long,degenerate-boundary,relationship,4,0,5,65536,6554,6668600,0,0
sample,long,degenerate-boundary,relationship,4,0,6,65536,6554,7019700,0,0
summary,long,degenerate-boundary,relationship,101.364,104.790,107.112
sample,long,degenerate-boundary,clipping,4,0,0,65536,6554,2259500,0,0
sample,long,degenerate-boundary,clipping,4,0,1,65536,6554,2209300,0,0
sample,long,degenerate-boundary,clipping,4,0,2,65536,6554,2327200,0,0
sample,long,degenerate-boundary,clipping,4,0,3,65536,6554,2194200,0,0
sample,long,degenerate-boundary,clipping,4,0,4,65536,6554,2195200,0,0
sample,long,degenerate-boundary,clipping,4,0,5,65536,6554,2193200,0,0
sample,long,degenerate-boundary,clipping,4,0,6,65536,6554,2192300,0,0
summary,long,degenerate-boundary,clipping,33.452,33.496,35.510
sample,long,empty,relationship,0,0,0,65536,6554,2068800,0,0
sample,long,empty,relationship,0,0,1,65536,6554,2162600,0,0
sample,long,empty,relationship,0,0,2,65536,6554,2039300,0,0
sample,long,empty,relationship,0,0,3,65536,6554,2044200,0,0
sample,long,empty,relationship,0,0,4,65536,6554,2037200,0,0
sample,long,empty,relationship,0,0,5,65536,6554,2122500,0,0
sample,long,empty,relationship,0,0,6,65536,6554,2069800,0,0
summary,long,empty,relationship,31.085,31.567,32.999
sample,long,empty,clipping,0,0,0,65536,6554,1904000,0,0
sample,long,empty,clipping,0,0,1,65536,6554,1884600,0,0
sample,long,empty,clipping,0,0,2,65536,6554,1862700,0,0
sample,long,empty,clipping,0,0,3,65536,6554,1878700,0,0
sample,long,empty,clipping,0,0,4,65536,6554,1909600,0,0
sample,long,empty,clipping,0,0,5,65536,6554,1868800,0,0
sample,long,empty,clipping,0,0,6,65536,6554,1869200,0,0
summary,long,empty,clipping,28.423,28.667,29.138
sample,long,concave-u,relationship,8,2,0,4096,410,34105600,0,0
sample,long,concave-u,relationship,8,2,1,4096,410,32423900,0,0
sample,long,concave-u,relationship,8,2,2,4096,410,32487400,0,0
sample,long,concave-u,relationship,8,2,3,4096,410,32787300,0,0
sample,long,concave-u,relationship,8,2,4,4096,410,32468500,0,0
sample,long,concave-u,relationship,8,2,5,4096,410,33753700,0,0
sample,long,concave-u,relationship,8,2,6,4096,410,34971000,0,0
summary,long,concave-u,relationship,7915.991,8004.712,8537.842
sample,long,concave-u,clipping,8,2,0,256,26,23967300,10551296,2
sample,long,concave-u,clipping,8,2,1,256,26,24181700,10551296,2
sample,long,concave-u,clipping,8,2,2,256,26,24190800,10551296,2
sample,long,concave-u,clipping,8,2,3,256,26,22933700,10551296,2
sample,long,concave-u,clipping,8,2,4,256,26,23406400,10551296,2
sample,long,concave-u,clipping,8,2,5,256,26,24680800,10551296,2
sample,long,concave-u,clipping,8,2,6,256,26,23347900,10551296,2
summary,long,concave-u,clipping,89584.766,93622.266,96409.375
sample,long,hole,relationship,8,2,0,4096,410,33530300,0,0
sample,long,hole,relationship,8,2,1,4096,410,32766400,0,0
sample,long,hole,relationship,8,2,2,4096,410,34499400,0,0
sample,long,hole,relationship,8,2,3,4096,410,32655400,0,0
sample,long,hole,relationship,8,2,4,4096,410,33134300,0,0
sample,long,hole,relationship,8,2,5,4096,410,36532800,0,0
sample,long,hole,relationship,8,2,6,4096,410,36751300,0,0
summary,long,hole,relationship,7972.510,8186.108,8972.485
sample,long,hole,clipping,8,2,0,256,26,26241400,10551296,2
sample,long,hole,clipping,8,2,1,256,26,26494800,10551296,2
sample,long,hole,clipping,8,2,2,256,26,24017000,10551296,2
sample,long,hole,clipping,8,2,3,256,26,36763300,10551296,2
sample,long,hole,clipping,8,2,4,256,26,26458100,10551296,2
sample,long,hole,clipping,8,2,5,256,26,24503800,10551296,2
sample,long,hole,clipping,8,2,6,256,26,25198200,10551296,2
summary,long,hole,clipping,93816.406,102505.469,143606.641
sample,long,hole-reversed,relationship,8,2,0,4096,410,37696500,0,0
sample,long,hole-reversed,relationship,8,2,1,4096,410,36981000,0,0
sample,long,hole-reversed,relationship,8,2,2,4096,410,34609000,0,0
sample,long,hole-reversed,relationship,8,2,3,4096,410,38388300,0,0
sample,long,hole-reversed,relationship,8,2,4,4096,410,37605500,0,0
sample,long,hole-reversed,relationship,8,2,5,4096,410,36350300,0,0
sample,long,hole-reversed,relationship,8,2,6,4096,410,39659600,0,0
summary,long,hole-reversed,relationship,8449.463,9181.030,9682.520
sample,long,hole-reversed,clipping,8,2,0,256,26,28214900,10551296,2
sample,long,hole-reversed,clipping,8,2,1,256,26,26964100,10551296,2
sample,long,hole-reversed,clipping,8,2,2,256,26,27033900,10551296,2
sample,long,hole-reversed,clipping,8,2,3,256,26,27322100,10551296,2
sample,long,hole-reversed,clipping,8,2,4,256,26,25845600,10551296,2
sample,long,hole-reversed,clipping,8,2,5,256,26,26498600,10551296,2
sample,long,hole-reversed,clipping,8,2,6,256,26,26160300,10551296,2
summary,long,hole-reversed,clipping,100959.375,105328.516,110214.453
sample,long,rational-crossing,relationship,3,1,0,8192,820,19038400,0,0
sample,long,rational-crossing,relationship,3,1,1,8192,820,18342800,0,0
sample,long,rational-crossing,relationship,3,1,2,8192,820,18900300,0,0
sample,long,rational-crossing,relationship,3,1,3,8192,820,18373000,0,0
sample,long,rational-crossing,relationship,3,1,4,8192,820,18999800,0,0
sample,long,rational-crossing,relationship,3,1,5,8192,820,18331100,0,0
sample,long,rational-crossing,relationship,3,1,6,8192,820,18847500,0,0
summary,long,rational-crossing,relationship,2237.683,2300.720,2324.023
sample,long,rational-crossing,clipping,3,1,0,512,52,23850700,10575872,2
sample,long,rational-crossing,clipping,3,1,1,512,52,22746800,10575872,2
sample,long,rational-crossing,clipping,3,1,2,512,52,22219700,10575872,2
sample,long,rational-crossing,clipping,3,1,3,512,52,21780500,10575872,2
sample,long,rational-crossing,clipping,3,1,4,512,52,22091400,10575872,2
sample,long,rational-crossing,clipping,3,1,5,512,52,22466300,10575872,2
sample,long,rational-crossing,clipping,3,1,6,512,52,21565500,10575872,2
summary,long,rational-crossing,clipping,42120.117,43397.852,46583.398
sample,long,sparse-1,relationship,4,1,0,8192,820,26968500,0,0
sample,long,sparse-1,relationship,4,1,1,8192,820,27104300,0,0
sample,long,sparse-1,relationship,4,1,2,8192,820,27112000,0,0
sample,long,sparse-1,relationship,4,1,3,8192,820,27652200,0,0
sample,long,sparse-1,relationship,4,1,4,8192,820,27175400,0,0
sample,long,sparse-1,relationship,4,1,5,8192,820,27388000,0,0
sample,long,sparse-1,relationship,4,1,6,8192,820,29001000,0,0
summary,long,sparse-1,relationship,3292.053,3317.310,3540.161
sample,long,sparse-1,clipping,4,1,0,512,52,24275900,12673024,3
sample,long,sparse-1,clipping,4,1,1,512,52,23512500,12673024,3
sample,long,sparse-1,clipping,4,1,2,512,52,23148200,12673024,3
sample,long,sparse-1,clipping,4,1,3,512,52,21381600,12673024,3
sample,long,sparse-1,clipping,4,1,4,512,52,21190600,12673024,3
sample,long,sparse-1,clipping,4,1,5,512,52,21408500,12673024,3
sample,long,sparse-1,clipping,4,1,6,512,52,21989700,12673024,3
summary,long,sparse-1,clipping,41387.891,42948.633,47413.867
sample,long,sparse-4,relationship,16,1,0,2048,205,28124700,0,0
sample,long,sparse-4,relationship,16,1,1,2048,205,28021600,0,0
sample,long,sparse-4,relationship,16,1,2,2048,205,28161300,0,0
sample,long,sparse-4,relationship,16,1,3,2048,205,29040400,0,0
sample,long,sparse-4,relationship,16,1,4,2048,205,29260800,0,0
sample,long,sparse-4,relationship,16,1,5,2048,205,27950000,0,0
sample,long,sparse-4,relationship,16,1,6,2048,205,28615600,0,0
summary,long,sparse-4,relationship,13647.461,13750.635,14287.500
sample,long,sparse-4,clipping,16,1,0,512,52,28268600,37838848,9
sample,long,sparse-4,clipping,16,1,1,512,52,28763300,37838848,9
sample,long,sparse-4,clipping,16,1,2,512,52,29591100,37838848,9
sample,long,sparse-4,clipping,16,1,3,512,52,28635700,37838848,9
sample,long,sparse-4,clipping,16,1,4,512,52,28681000,37838848,9
sample,long,sparse-4,clipping,16,1,5,512,52,28968300,37838848,9
sample,long,sparse-4,clipping,16,1,6,512,52,28937600,37838848,9
summary,long,sparse-4,clipping,55212.109,56178.320,57795.117
sample,long,sparse-16,relationship,64,1,0,512,52,30476000,0,0
sample,long,sparse-16,relationship,64,1,1,512,52,29606500,0,0
sample,long,sparse-16,relationship,64,1,2,512,52,29705100,0,0
sample,long,sparse-16,relationship,64,1,3,512,52,29776700,0,0
sample,long,sparse-16,relationship,64,1,4,512,52,29411400,0,0
sample,long,sparse-16,relationship,64,1,5,512,52,28285000,0,0
sample,long,sparse-16,relationship,64,1,6,512,52,29918100,0,0
summary,long,sparse-16,relationship,55244.141,58017.773,59523.438
sample,long,sparse-16,clipping,64,1,0,256,26,31256400,71348224,21
sample,long,sparse-16,clipping,64,1,1,256,26,30796100,71348224,21
sample,long,sparse-16,clipping,64,1,2,256,26,30455400,71348224,21
sample,long,sparse-16,clipping,64,1,3,256,26,31072500,71348224,21
sample,long,sparse-16,clipping,64,1,4,256,26,31945800,71348224,21
sample,long,sparse-16,clipping,64,1,5,256,26,30733000,71348224,21
sample,long,sparse-16,clipping,64,1,6,256,26,31153800,71348224,21
summary,long,sparse-16,clipping,118966.406,121376.953,124788.281
sample,long,sparse-64,relationship,256,1,0,128,13,28536300,0,0
sample,long,sparse-64,relationship,256,1,1,128,13,30438200,0,0
sample,long,sparse-64,relationship,256,1,2,128,13,28389100,0,0
sample,long,sparse-64,relationship,256,1,3,128,13,28621800,0,0
sample,long,sparse-64,relationship,256,1,4,128,13,31273000,0,0
sample,long,sparse-64,relationship,256,1,5,128,13,29279600,0,0
sample,long,sparse-64,relationship,256,1,6,128,13,29071800,0,0
summary,long,sparse-64,relationship,221789.844,227123.438,244320.312
sample,long,sparse-64,clipping,256,1,0,64,7,34865400,70003712,9
sample,long,sparse-64,clipping,256,1,1,64,7,32804900,70003712,8
sample,long,sparse-64,clipping,256,1,2,64,7,32119100,70003712,8
sample,long,sparse-64,clipping,256,1,3,64,7,32692600,70003712,8
sample,long,sparse-64,clipping,256,1,4,64,7,32076000,70003712,8
sample,long,sparse-64,clipping,256,1,5,64,7,40815100,70003712,8
sample,long,sparse-64,clipping,256,1,6,64,7,36806200,70003712,8
summary,long,sparse-64,clipping,501187.500,512576.562,637735.938
sample,long,dense-1,relationship,4,1,0,8192,820,25195300,0,0
sample,long,dense-1,relationship,4,1,1,8192,820,24870600,0,0
sample,long,dense-1,relationship,4,1,2,8192,820,24520400,0,0
sample,long,dense-1,relationship,4,1,3,8192,820,24182500,0,0
sample,long,dense-1,relationship,4,1,4,8192,820,25652400,0,0
sample,long,dense-1,relationship,4,1,5,8192,820,24342100,0,0
sample,long,dense-1,relationship,4,1,6,8192,820,24514500,0,0
summary,long,dense-1,relationship,2951.965,2993.213,3131.396
sample,long,dense-1,clipping,4,1,0,512,52,20549600,12673024,3
sample,long,dense-1,clipping,4,1,1,512,52,20115800,12673024,3
sample,long,dense-1,clipping,4,1,2,512,52,20068500,12673024,3
sample,long,dense-1,clipping,4,1,3,512,52,20210800,12673024,3
sample,long,dense-1,clipping,4,1,4,512,52,21713600,12673024,3
sample,long,dense-1,clipping,4,1,5,512,52,20365900,12673024,3
sample,long,dense-1,clipping,4,1,6,512,52,20021700,12673024,3
summary,long,dense-1,clipping,39104.883,39474.219,42409.375
sample,long,dense-4,relationship,16,4,0,2048,205,36702400,0,0
sample,long,dense-4,relationship,16,4,1,2048,205,37301700,0,0
sample,long,dense-4,relationship,16,4,2,2048,205,38129100,0,0
sample,long,dense-4,relationship,16,4,3,2048,205,36687500,0,0
sample,long,dense-4,relationship,16,4,4,2048,205,36729900,0,0
sample,long,dense-4,relationship,16,4,5,2048,205,36941200,0,0
sample,long,dense-4,relationship,16,4,6,2048,205,37566900,0,0
summary,long,dense-4,relationship,17913.818,18037.695,18617.725
sample,long,dense-4,clipping,16,4,0,128,13,26191500,9488384,2
sample,long,dense-4,clipping,16,4,1,128,13,27700800,9488384,2
sample,long,dense-4,clipping,16,4,2,128,13,37704500,9488384,2
sample,long,dense-4,clipping,16,4,3,128,13,26121700,9488384,2
sample,long,dense-4,clipping,16,4,4,128,13,26721200,9488384,2
sample,long,dense-4,clipping,16,4,5,128,13,27270100,9488384,2
sample,long,dense-4,clipping,16,4,6,128,13,26040500,9488384,2
summary,long,dense-4,clipping,203441.406,208759.375,294566.406
sample,long,dense-16,relationship,64,16,0,512,52,40965700,0,0
sample,long,dense-16,relationship,64,16,1,512,52,42134000,0,0
sample,long,dense-16,relationship,64,16,2,512,52,41047600,0,0
sample,long,dense-16,relationship,64,16,3,512,52,41162800,0,0
sample,long,dense-16,relationship,64,16,4,512,52,40841800,0,0
sample,long,dense-16,relationship,64,16,5,512,52,39951000,0,0
sample,long,dense-16,relationship,64,16,6,512,52,41632400,0,0
summary,long,dense-16,relationship,78029.297,80171.094,82292.969
sample,long,dense-16,clipping,64,16,0,32,4,30439500,8965632,2
sample,long,dense-16,clipping,64,16,1,32,4,30335700,8965632,2
sample,long,dense-16,clipping,64,16,2,32,4,30402800,8965632,2
sample,long,dense-16,clipping,64,16,3,32,4,30723400,8965632,2
sample,long,dense-16,clipping,64,16,4,32,4,31665400,8965632,2
sample,long,dense-16,clipping,64,16,5,32,4,30442700,8965632,2
sample,long,dense-16,clipping,64,16,6,32,4,30389600,8965632,2
summary,long,dense-16,clipping,947990.625,951234.375,989543.750
sample,long,dense-64,relationship,256,64,0,64,7,20594100,0,0
sample,long,dense-64,relationship,256,64,1,64,7,20777600,0,0
sample,long,dense-64,relationship,256,64,2,64,7,21039200,0,0
sample,long,dense-64,relationship,256,64,3,64,7,22367000,0,0
sample,long,dense-64,relationship,256,64,4,64,7,20753100,0,0
sample,long,dense-64,relationship,256,64,5,64,7,22579200,0,0
sample,long,dense-64,relationship,256,64,6,64,7,24551000,0,0
summary,long,dense-64,relationship,321782.812,328737.500,383609.375
sample,long,dense-64,clipping,256,64,0,4,1,18685300,4403200,1
sample,long,dense-64,clipping,256,64,1,4,1,18574500,4403200,1
sample,long,dense-64,clipping,256,64,2,4,1,18732600,4403200,1
sample,long,dense-64,clipping,256,64,3,4,1,20016400,4403200,1
sample,long,dense-64,clipping,256,64,4,4,1,18678300,4403200,1
sample,long,dense-64,clipping,256,64,5,4,1,17950900,4403200,1
sample,long,dense-64,clipping,256,64,6,4,1,17798800,4403200,1
summary,long,dense-64,clipping,4449700.000,4669575.000,5004100.000
sample,long,wide-integral,relationship,4,1,0,8192,820,24418400,0,0
sample,long,wide-integral,relationship,4,1,1,8192,820,24115800,0,0
sample,long,wide-integral,relationship,4,1,2,8192,820,24664700,0,0
sample,long,wide-integral,relationship,4,1,3,8192,820,25723600,0,0
sample,long,wide-integral,relationship,4,1,4,8192,820,24490600,0,0
sample,long,wide-integral,relationship,4,1,5,8192,820,24125100,0,0
sample,long,wide-integral,relationship,4,1,6,8192,820,24354800,0,0
summary,long,wide-integral,relationship,2943.823,2980.762,3140.088
sample,long,wide-integral,clipping,4,1,0,512,52,21945300,12673024,3
sample,long,wide-integral,clipping,4,1,1,512,52,21891300,12673024,3
sample,long,wide-integral,clipping,4,1,2,512,52,22276800,12673024,3
sample,long,wide-integral,clipping,4,1,3,512,52,22890300,12673024,3
sample,long,wide-integral,clipping,4,1,4,512,52,22331500,12673024,3
sample,long,wide-integral,clipping,4,1,5,512,52,22134300,12673024,3
sample,long,wide-integral,clipping,4,1,6,512,52,21992400,12673024,3
summary,long,wide-integral,clipping,42756.445,43231.055,44707.617
sample,long,endpoint-collapse,relationship,4,0,0,8192,820,35877300,0,0
sample,long,endpoint-collapse,relationship,4,0,1,8192,820,36725400,0,0
sample,long,endpoint-collapse,relationship,4,0,2,8192,820,35620400,0,0
sample,long,endpoint-collapse,relationship,4,0,3,8192,820,35498100,0,0
sample,long,endpoint-collapse,relationship,4,0,4,8192,820,35955100,0,0
sample,long,endpoint-collapse,relationship,4,0,5,8192,820,35792300,0,0
sample,long,endpoint-collapse,relationship,4,0,6,8192,820,38415200,0,0
summary,long,endpoint-collapse,relationship,4333.264,4379.553,4689.355
sample,long,endpoint-collapse,clipping,4,0,0,1024,103,32335900,25313280,6
sample,long,endpoint-collapse,clipping,4,0,1,1024,103,31799300,25313280,6
sample,long,endpoint-collapse,clipping,4,0,2,1024,103,31083500,25313280,6
sample,long,endpoint-collapse,clipping,4,0,3,1024,103,33349000,25313280,6
sample,long,endpoint-collapse,clipping,4,0,4,1024,103,31151800,25313280,6
sample,long,endpoint-collapse,clipping,4,0,5,1024,103,31172400,25313280,6
sample,long,endpoint-collapse,clipping,4,0,6,1024,103,31144400,25313280,6
summary,long,endpoint-collapse,clipping,30354.980,30441.797,32567.383
sample,long,gap-collapse,relationship,8,0,0,4096,410,40381600,0,0
sample,long,gap-collapse,relationship,8,0,1,4096,410,40111300,0,0
sample,long,gap-collapse,relationship,8,0,2,4096,410,39975800,0,0
sample,long,gap-collapse,relationship,8,0,3,4096,410,39263000,0,0
sample,long,gap-collapse,relationship,8,0,4,4096,410,40043400,0,0
sample,long,gap-collapse,relationship,8,0,5,4096,410,41615100,0,0
sample,long,gap-collapse,relationship,8,0,6,4096,410,40624800,0,0
summary,long,gap-collapse,relationship,9585.693,9792.798,10159.937
sample,long,gap-collapse,clipping,8,0,0,256,26,21588000,10543104,2
sample,long,gap-collapse,clipping,8,0,1,256,26,21222400,10543104,2
sample,long,gap-collapse,clipping,8,0,2,256,26,21187400,10543104,2
sample,long,gap-collapse,clipping,8,0,3,256,26,22792500,10543104,2
sample,long,gap-collapse,clipping,8,0,4,256,26,21640600,10543104,2
sample,long,gap-collapse,clipping,8,0,5,256,26,21218000,10543104,2
sample,long,gap-collapse,clipping,8,0,6,256,26,21352000,10543104,2
summary,long,gap-collapse,clipping,82763.281,83406.250,89033.203
fixture,float,exterior,4,1,success,0
fixture,float,interior,4,4,success,1
fixture,float,crossing,4,7,success,1
fixture,float,boundary-only,4,10,success,1
fixture,float,boundary-overlap,4,11,success,1
fixture,float,isolated-tangent,4,3,success,0
fixture,float,degenerate-interior,4,4,success,0
fixture,float,degenerate-boundary,4,2,success,0
fixture,float,empty,0,1,success,0
fixture,float,concave-u,8,7,success,2
fixture,float,hole,8,7,success,2
fixture,float,hole-reversed,8,7,success,2
fixture,float,rational-crossing,3,7,success,1
fixture,float,sparse-1,4,7,success,1
fixture,float,sparse-4,16,7,success,1
fixture,float,sparse-16,64,7,success,1
fixture,float,sparse-64,256,7,success,1
fixture,float,dense-1,4,7,success,1
fixture,float,dense-4,16,7,success,4
fixture,float,dense-16,64,7,success,16
fixture,float,dense-64,256,7,success,64
fixture,float,subnormal,4,7,success,1
fixture,float,large-finite,4,7,success,1
preflight,float,23,PASS
sample,float,exterior,relationship,4,0,0,8192,820,22839800,0,0
sample,float,exterior,relationship,4,0,1,8192,820,22956200,0,0
sample,float,exterior,relationship,4,0,2,8192,820,25001700,0,0
sample,float,exterior,relationship,4,0,3,8192,820,24265500,0,0
sample,float,exterior,relationship,4,0,4,8192,820,23779000,0,0
sample,float,exterior,relationship,4,0,5,8192,820,23347100,0,0
sample,float,exterior,relationship,4,0,6,8192,820,23394400,0,0
summary,float,exterior,relationship,2788.062,2855.762,3051.965
sample,float,exterior,clipping,4,0,0,4096,410,28710200,101056512,24
sample,float,exterior,clipping,4,0,1,4096,410,29800500,101056512,24
sample,float,exterior,clipping,4,0,2,4096,410,28002200,101056512,24
sample,float,exterior,clipping,4,0,3,4096,410,28668000,101056512,24
sample,float,exterior,clipping,4,0,4,4096,410,28788200,101056512,24
sample,float,exterior,clipping,4,0,5,4096,410,28909200,101056512,24
sample,float,exterior,clipping,4,0,6,4096,410,28958800,101056512,24
summary,float,exterior,clipping,6836.475,7028.369,7275.513
sample,float,interior,relationship,4,1,0,8192,820,23390800,0,0
sample,float,interior,relationship,4,1,1,8192,820,22939800,0,0
sample,float,interior,relationship,4,1,2,8192,820,23008300,0,0
sample,float,interior,relationship,4,1,3,8192,820,23147100,0,0
sample,float,interior,relationship,4,1,4,8192,820,23067800,0,0
sample,float,interior,relationship,4,1,5,8192,820,23299700,0,0
sample,float,interior,relationship,4,1,6,8192,820,22682900,0,0
summary,float,interior,relationship,2768.909,2815.894,2855.322
sample,float,interior,clipping,4,1,0,2048,205,34127300,50626560,12
sample,float,interior,clipping,4,1,1,2048,205,34012000,50626560,12
sample,float,interior,clipping,4,1,2,2048,205,33368300,50626560,12
sample,float,interior,clipping,4,1,3,2048,205,32942200,50626560,12
sample,float,interior,clipping,4,1,4,2048,205,35170900,50626560,12
sample,float,interior,clipping,4,1,5,2048,205,33155400,50626560,12
sample,float,interior,clipping,4,1,6,2048,205,34030300,50626560,12
summary,float,interior,clipping,16085.059,16607.422,17173.291
sample,float,crossing,relationship,4,1,0,8192,820,22772900,0,0
sample,float,crossing,relationship,4,1,1,8192,820,23458300,0,0
sample,float,crossing,relationship,4,1,2,8192,820,24610900,0,0
sample,float,crossing,relationship,4,1,3,8192,820,23104900,0,0
sample,float,crossing,relationship,4,1,4,8192,820,23484700,0,0
sample,float,crossing,relationship,4,1,5,8192,820,23094100,0,0
sample,float,crossing,relationship,4,1,6,8192,820,22741300,0,0
summary,float,crossing,relationship,2776.038,2820.422,3004.260
sample,float,crossing,clipping,4,1,0,512,52,20589100,12673024,3
sample,float,crossing,clipping,4,1,1,512,52,20857600,12673024,3
sample,float,crossing,clipping,4,1,2,512,52,21651600,12673024,3
sample,float,crossing,clipping,4,1,3,512,52,20699900,12673024,3
sample,float,crossing,clipping,4,1,4,512,52,20831000,12673024,3
sample,float,crossing,clipping,4,1,5,512,52,22809000,12673024,3
sample,float,crossing,clipping,4,1,6,512,52,21521100,12673024,3
summary,float,crossing,clipping,40213.086,40737.500,44548.828
sample,float,boundary-only,relationship,4,1,0,8192,820,25735900,0,0
sample,float,boundary-only,relationship,4,1,1,8192,820,26924200,0,0
sample,float,boundary-only,relationship,4,1,2,8192,820,25940900,0,0
sample,float,boundary-only,relationship,4,1,3,8192,820,25395800,0,0
sample,float,boundary-only,relationship,4,1,4,8192,820,26220800,0,0
sample,float,boundary-only,relationship,4,1,5,8192,820,25864900,0,0
sample,float,boundary-only,relationship,4,1,6,8192,820,26326100,0,0
summary,float,boundary-only,relationship,3100.073,3166.614,3286.646
sample,float,boundary-only,clipping,4,1,0,1024,103,26685800,25313280,6
sample,float,boundary-only,clipping,4,1,1,1024,103,24897600,25313280,6
sample,float,boundary-only,clipping,4,1,2,1024,103,25881600,25313280,6
sample,float,boundary-only,clipping,4,1,3,1024,103,25250400,25313280,6
sample,float,boundary-only,clipping,4,1,4,1024,103,25543100,25313280,6
sample,float,boundary-only,clipping,4,1,5,1024,103,24937500,25313280,6
sample,float,boundary-only,clipping,4,1,6,1024,103,24818300,25313280,6
summary,float,boundary-only,clipping,24236.621,24658.594,26060.352
sample,float,boundary-overlap,relationship,4,1,0,8192,820,30661300,0,0
sample,float,boundary-overlap,relationship,4,1,1,8192,820,30786200,0,0
sample,float,boundary-overlap,relationship,4,1,2,8192,820,30603600,0,0
sample,float,boundary-overlap,relationship,4,1,3,8192,820,30641600,0,0
sample,float,boundary-overlap,relationship,4,1,4,8192,820,31714100,0,0
sample,float,boundary-overlap,relationship,4,1,5,8192,820,32869200,0,0
sample,float,boundary-overlap,relationship,4,1,6,8192,820,31146600,0,0
summary,float,boundary-overlap,relationship,3735.791,3758.081,4012.354
sample,float,boundary-overlap,clipping,4,1,0,1024,103,26680000,25346048,6
sample,float,boundary-overlap,clipping,4,1,1,1024,103,26948700,25346048,6
sample,float,boundary-overlap,clipping,4,1,2,1024,103,27356000,25346048,6
sample,float,boundary-overlap,clipping,4,1,3,1024,103,28499900,25346048,6
sample,float,boundary-overlap,clipping,4,1,4,1024,103,27218400,25346048,6
sample,float,boundary-overlap,clipping,4,1,5,1024,103,27671600,25346048,6
sample,float,boundary-overlap,clipping,4,1,6,1024,103,27031600,25346048,6
summary,float,boundary-overlap,clipping,26054.688,26580.469,27831.934
sample,float,isolated-tangent,relationship,4,0,0,8192,820,41148000,0,0
sample,float,isolated-tangent,relationship,4,0,1,8192,820,38385800,0,0
sample,float,isolated-tangent,relationship,4,0,2,8192,820,38722900,0,0
sample,float,isolated-tangent,relationship,4,0,3,8192,820,38067200,0,0
sample,float,isolated-tangent,relationship,4,0,4,8192,820,38442600,0,0
sample,float,isolated-tangent,relationship,4,0,5,8192,820,40963300,0,0
sample,float,isolated-tangent,relationship,4,0,6,8192,820,38581600,0,0
summary,float,isolated-tangent,relationship,4646.875,4709.668,5022.949
sample,float,isolated-tangent,clipping,4,0,0,2048,205,27854300,50528256,12
sample,float,isolated-tangent,clipping,4,0,1,2048,205,27789300,50528256,12
sample,float,isolated-tangent,clipping,4,0,2,2048,205,29222600,50528256,12
sample,float,isolated-tangent,clipping,4,0,3,2048,205,28026800,50528256,12
sample,float,isolated-tangent,clipping,4,0,4,2048,205,27707300,50528256,12
sample,float,isolated-tangent,clipping,4,0,5,2048,205,27812700,50528256,12
sample,float,isolated-tangent,clipping,4,0,6,2048,205,27804800,50528256,12
summary,float,isolated-tangent,clipping,13528.955,13580.420,14268.848
sample,float,degenerate-interior,relationship,4,0,0,65536,6554,5077500,0,0
sample,float,degenerate-interior,relationship,4,0,1,65536,6554,5177200,0,0
sample,float,degenerate-interior,relationship,4,0,2,65536,6554,4948000,0,0
sample,float,degenerate-interior,relationship,4,0,3,65536,6554,4956800,0,0
sample,float,degenerate-interior,relationship,4,0,4,65536,6554,5114500,0,0
sample,float,degenerate-interior,relationship,4,0,5,65536,6554,4977800,0,0
sample,float,degenerate-interior,relationship,4,0,6,65536,6554,4889400,0,0
summary,float,degenerate-interior,relationship,74.606,75.955,78.998
sample,float,degenerate-interior,clipping,4,0,0,65536,6554,707900,0,0
sample,float,degenerate-interior,clipping,4,0,1,65536,6554,748200,0,0
sample,float,degenerate-interior,clipping,4,0,2,65536,6554,720900,0,0
sample,float,degenerate-interior,clipping,4,0,3,65536,6554,766100,0,0
sample,float,degenerate-interior,clipping,4,0,4,65536,6554,726300,0,0
sample,float,degenerate-interior,clipping,4,0,5,65536,6554,867100,0,0
sample,float,degenerate-interior,clipping,4,0,6,65536,6554,725400,0,0
summary,float,degenerate-interior,clipping,10.802,11.082,13.231
sample,float,degenerate-boundary,relationship,4,0,0,65536,6554,5055100,0,0
sample,float,degenerate-boundary,relationship,4,0,1,65536,6554,5411000,0,0
sample,float,degenerate-boundary,relationship,4,0,2,65536,6554,4744600,0,0
sample,float,degenerate-boundary,relationship,4,0,3,65536,6554,4895500,0,0
sample,float,degenerate-boundary,relationship,4,0,4,65536,6554,6280400,0,0
sample,float,degenerate-boundary,relationship,4,0,5,65536,6554,4972400,0,0
sample,float,degenerate-boundary,relationship,4,0,6,65536,6554,5021100,0,0
summary,float,degenerate-boundary,relationship,72.397,76.616,95.831
sample,float,degenerate-boundary,clipping,4,0,0,65536,6554,732200,0,0
sample,float,degenerate-boundary,clipping,4,0,1,65536,6554,748200,0,0
sample,float,degenerate-boundary,clipping,4,0,2,65536,6554,708800,0,0
sample,float,degenerate-boundary,clipping,4,0,3,65536,6554,804900,0,0
sample,float,degenerate-boundary,clipping,4,0,4,65536,6554,738700,0,0
sample,float,degenerate-boundary,clipping,4,0,5,65536,6554,770700,0,0
sample,float,degenerate-boundary,clipping,4,0,6,65536,6554,727200,0,0
summary,float,degenerate-boundary,clipping,10.815,11.272,12.282
sample,float,empty,relationship,0,0,0,65536,6554,1237700,0,0
sample,float,empty,relationship,0,0,1,65536,6554,1239600,0,0
sample,float,empty,relationship,0,0,2,65536,6554,1274500,0,0
sample,float,empty,relationship,0,0,3,65536,6554,1287900,0,0
sample,float,empty,relationship,0,0,4,65536,6554,1364700,0,0
sample,float,empty,relationship,0,0,5,65536,6554,1359100,0,0
sample,float,empty,relationship,0,0,6,65536,6554,1272800,0,0
summary,float,empty,relationship,18.886,19.447,20.824
sample,float,empty,clipping,0,0,0,65536,6554,889000,0,0
sample,float,empty,clipping,0,0,1,65536,6554,929800,0,0
sample,float,empty,clipping,0,0,2,65536,6554,889000,0,0
sample,float,empty,clipping,0,0,3,65536,6554,931200,0,0
sample,float,empty,clipping,0,0,4,65536,6554,890000,0,0
sample,float,empty,clipping,0,0,5,65536,6554,931300,0,0
sample,float,empty,clipping,0,0,6,65536,6554,892000,0,0
summary,float,empty,clipping,13.565,13.611,14.211
sample,float,concave-u,relationship,8,2,0,4096,410,32442500,0,0
sample,float,concave-u,relationship,8,2,1,4096,410,32126900,0,0
sample,float,concave-u,relationship,8,2,2,4096,410,33774100,0,0
sample,float,concave-u,relationship,8,2,3,4096,410,32136400,0,0
sample,float,concave-u,relationship,8,2,4,4096,410,31583800,0,0
sample,float,concave-u,relationship,8,2,5,4096,410,31630500,0,0
sample,float,concave-u,relationship,8,2,6,4096,410,31389900,0,0
summary,float,concave-u,relationship,7663.550,7843.481,8245.630
sample,float,concave-u,clipping,8,2,0,256,26,24777300,10551296,2
sample,float,concave-u,clipping,8,2,1,256,26,23601700,10551296,2
sample,float,concave-u,clipping,8,2,2,256,26,23385500,10551296,2
sample,float,concave-u,clipping,8,2,3,256,26,23426700,10551296,2
sample,float,concave-u,clipping,8,2,4,256,26,23585600,10551296,2
sample,float,concave-u,clipping,8,2,5,256,26,23531500,10551296,2
sample,float,concave-u,clipping,8,2,6,256,26,24122300,10551296,2
summary,float,concave-u,clipping,91349.609,92131.250,96786.328
sample,float,hole,relationship,8,2,0,4096,410,32979700,0,0
sample,float,hole,relationship,8,2,1,4096,410,32544000,0,0
sample,float,hole,relationship,8,2,2,4096,410,32694000,0,0
sample,float,hole,relationship,8,2,3,4096,410,31507300,0,0
sample,float,hole,relationship,8,2,4,4096,410,32680200,0,0
sample,float,hole,relationship,8,2,5,4096,410,32810800,0,0
sample,float,hole,relationship,8,2,6,4096,410,32082400,0,0
summary,float,hole,relationship,7692.212,7978.564,8051.685
sample,float,hole,clipping,8,2,0,256,26,24103500,10551296,2
sample,float,hole,clipping,8,2,1,256,26,23612900,10551296,2
sample,float,hole,clipping,8,2,2,256,26,23422500,10551296,2
sample,float,hole,clipping,8,2,3,256,26,24163500,10551296,2
sample,float,hole,clipping,8,2,4,256,26,24866300,10551296,2
sample,float,hole,clipping,8,2,5,256,26,23450100,10551296,2
sample,float,hole,clipping,8,2,6,256,26,23547300,10551296,2
summary,float,hole,clipping,91494.141,92237.891,97133.984
sample,float,hole-reversed,relationship,8,2,0,4096,410,31795800,0,0
sample,float,hole-reversed,relationship,8,2,1,4096,410,33663300,0,0
sample,float,hole-reversed,relationship,8,2,2,4096,410,32542400,0,0
sample,float,hole-reversed,relationship,8,2,3,4096,410,32208900,0,0
sample,float,hole-reversed,relationship,8,2,4,4096,410,31779800,0,0
sample,float,hole-reversed,relationship,8,2,5,4096,410,31693700,0,0
sample,float,hole-reversed,relationship,8,2,6,4096,410,31693400,0,0
summary,float,hole-reversed,relationship,7737.646,7762.646,8218.579
sample,float,hole-reversed,clipping,8,2,0,256,26,23773900,10551296,2
sample,float,hole-reversed,clipping,8,2,1,256,26,24025000,10551296,2
sample,float,hole-reversed,clipping,8,2,2,256,26,24032600,10551296,2
sample,float,hole-reversed,clipping,8,2,3,256,26,24799700,10551296,2
sample,float,hole-reversed,clipping,8,2,4,256,26,24060100,10551296,2
sample,float,hole-reversed,clipping,8,2,5,256,26,23400600,10551296,2
sample,float,hole-reversed,clipping,8,2,6,256,26,23569700,10551296,2
summary,float,hole-reversed,clipping,91408.594,93847.656,96873.828
sample,float,rational-crossing,relationship,3,1,0,16384,1639,30735400,0,0
sample,float,rational-crossing,relationship,3,1,1,16384,1639,30894100,0,0
sample,float,rational-crossing,relationship,3,1,2,16384,1639,30991300,0,0
sample,float,rational-crossing,relationship,3,1,3,16384,1639,30795400,0,0
sample,float,rational-crossing,relationship,3,1,4,16384,1639,32580400,0,0
sample,float,rational-crossing,relationship,3,1,5,16384,1639,31806700,0,0
sample,float,rational-crossing,relationship,3,1,6,16384,1639,31299800,0,0
summary,float,rational-crossing,relationship,1875.940,1891.559,1988.550
sample,float,rational-crossing,clipping,3,1,0,512,52,20565700,10575872,2
sample,float,rational-crossing,clipping,3,1,1,512,52,20187200,10575872,2
sample,float,rational-crossing,clipping,3,1,2,512,52,20131800,10575872,2
sample,float,rational-crossing,clipping,3,1,3,512,52,20532300,10575872,2
sample,float,rational-crossing,clipping,3,1,4,512,52,21488600,10575872,2
sample,float,rational-crossing,clipping,3,1,5,512,52,20153500,10575872,2
sample,float,rational-crossing,clipping,3,1,6,512,52,20198100,10575872,2
summary,float,rational-crossing,clipping,39319.922,39449.414,41969.922
sample,float,sparse-1,relationship,4,1,0,8192,820,22928800,0,0
sample,float,sparse-1,relationship,4,1,1,8192,820,32836800,0,0
sample,float,sparse-1,relationship,4,1,2,8192,820,24177500,0,0
sample,float,sparse-1,relationship,4,1,3,8192,820,24126500,0,0
sample,float,sparse-1,relationship,4,1,4,8192,820,23981500,0,0
sample,float,sparse-1,relationship,4,1,5,8192,820,22782800,0,0
sample,float,sparse-1,relationship,4,1,6,8192,820,22736600,0,0
summary,float,sparse-1,relationship,2775.464,2927.429,4008.398
sample,float,sparse-1,clipping,4,1,0,512,52,20555600,12673024,3
sample,float,sparse-1,clipping,4,1,1,512,52,21355100,12673024,3
sample,float,sparse-1,clipping,4,1,2,512,52,20871000,12673024,3
sample,float,sparse-1,clipping,4,1,3,512,52,21890200,12673024,3
sample,float,sparse-1,clipping,4,1,4,512,52,20964900,12673024,3
sample,float,sparse-1,clipping,4,1,5,512,52,21074800,12673024,3
sample,float,sparse-1,clipping,4,1,6,512,52,20969700,12673024,3
summary,float,sparse-1,clipping,40147.656,40956.445,42754.297
sample,float,sparse-4,relationship,16,1,0,2048,205,27309000,0,0
sample,float,sparse-4,relationship,16,1,1,2048,205,27771600,0,0
sample,float,sparse-4,relationship,16,1,2,2048,205,28747400,0,0
sample,float,sparse-4,relationship,16,1,3,2048,205,27522200,0,0
sample,float,sparse-4,relationship,16,1,4,2048,205,28006300,0,0
sample,float,sparse-4,relationship,16,1,5,2048,205,27129900,0,0
sample,float,sparse-4,relationship,16,1,6,2048,205,27525000,0,0
summary,float,sparse-4,relationship,13247.021,13439.941,14036.816
sample,float,sparse-4,clipping,16,1,0,512,52,29709000,37838848,9
sample,float,sparse-4,clipping,16,1,1,512,52,28272900,37838848,9
sample,float,sparse-4,clipping,16,1,2,512,52,29052500,37838848,9
sample,float,sparse-4,clipping,16,1,3,512,52,28428600,37838848,9
sample,float,sparse-4,clipping,16,1,4,512,52,28358500,37838848,9
sample,float,sparse-4,clipping,16,1,5,512,52,28183200,37838848,9
sample,float,sparse-4,clipping,16,1,6,512,52,28855200,37838848,9
summary,float,sparse-4,clipping,55045.312,55524.609,58025.391
sample,float,sparse-16,relationship,64,1,0,512,52,27368400,0,0
sample,float,sparse-16,relationship,64,1,1,512,52,27533100,0,0
sample,float,sparse-16,relationship,64,1,2,512,52,27440400,0,0
sample,float,sparse-16,relationship,64,1,3,512,52,27859000,0,0
sample,float,sparse-16,relationship,64,1,4,512,52,27710000,0,0
sample,float,sparse-16,relationship,64,1,5,512,52,30445200,0,0
sample,float,sparse-16,relationship,64,1,6,512,52,28060900,0,0
summary,float,sparse-16,relationship,53453.906,54121.094,59463.281
sample,float,sparse-16,clipping,64,1,0,128,13,16120700,35674112,10
sample,float,sparse-16,clipping,64,1,1,128,13,15466700,35674112,10
sample,float,sparse-16,clipping,64,1,2,128,13,15279500,35674112,10
sample,float,sparse-16,clipping,64,1,3,128,13,15189100,35674112,10
sample,float,sparse-16,clipping,64,1,4,128,13,15179100,35674112,10
sample,float,sparse-16,clipping,64,1,5,128,13,15242500,35674112,10
sample,float,sparse-16,clipping,64,1,6,128,13,15576700,35674112,10
summary,float,sparse-16,clipping,118586.719,119371.094,125942.969
sample,float,sparse-64,relationship,256,1,0,128,13,27514500,0,0
sample,float,sparse-64,relationship,256,1,1,128,13,27906700,0,0
sample,float,sparse-64,relationship,256,1,2,128,13,27378200,0,0
sample,float,sparse-64,relationship,256,1,3,128,13,27173800,0,0
sample,float,sparse-64,relationship,256,1,4,128,13,28188700,0,0
sample,float,sparse-64,relationship,256,1,5,128,13,29654200,0,0
sample,float,sparse-64,relationship,256,1,6,128,13,27980200,0,0
summary,float,sparse-64,relationship,212295.312,218021.094,231673.438
sample,float,sparse-64,clipping,256,1,0,64,7,33155400,70003712,9
sample,float,sparse-64,clipping,256,1,1,64,7,31282000,70003712,8
sample,float,sparse-64,clipping,256,1,2,64,7,31049500,70003712,8
sample,float,sparse-64,clipping,256,1,3,64,7,32190600,70003712,8
sample,float,sparse-64,clipping,256,1,4,64,7,31079400,70003712,8
sample,float,sparse-64,clipping,256,1,5,64,7,31048000,70003712,8
sample,float,sparse-64,clipping,256,1,6,64,7,31340500,70003712,8
summary,float,sparse-64,clipping,485125.000,488781.250,518053.125
sample,float,dense-1,relationship,4,1,0,8192,820,23334700,0,0
sample,float,dense-1,relationship,4,1,1,8192,820,24280500,0,0
sample,float,dense-1,relationship,4,1,2,8192,820,23491100,0,0
sample,float,dense-1,relationship,4,1,3,8192,820,22815600,0,0
sample,float,dense-1,relationship,4,1,4,8192,820,22784300,0,0
sample,float,dense-1,relationship,4,1,5,8192,820,23139100,0,0
sample,float,dense-1,relationship,4,1,6,8192,820,22975600,0,0
summary,float,dense-1,relationship,2781.287,2824.597,2963.928
sample,float,dense-1,clipping,4,1,0,512,52,21127000,12673024,3
sample,float,dense-1,clipping,4,1,1,512,52,22026200,12673024,3
sample,float,dense-1,clipping,4,1,2,512,52,21050300,12673024,3
sample,float,dense-1,clipping,4,1,3,512,52,21358600,12673024,3
sample,float,dense-1,clipping,4,1,4,512,52,21937600,12673024,3
sample,float,dense-1,clipping,4,1,5,512,52,21032400,12673024,3
sample,float,dense-1,clipping,4,1,6,512,52,21214500,12673024,3
summary,float,dense-1,clipping,41078.906,41434.570,43019.922
sample,float,dense-4,relationship,16,4,0,2048,205,37536400,0,0
sample,float,dense-4,relationship,16,4,1,2048,205,35892200,0,0
sample,float,dense-4,relationship,16,4,2,2048,205,35836900,0,0
sample,float,dense-4,relationship,16,4,3,2048,205,35866000,0,0
sample,float,dense-4,relationship,16,4,4,2048,205,35741800,0,0
sample,float,dense-4,relationship,16,4,5,2048,205,37323200,0,0
sample,float,dense-4,relationship,16,4,6,2048,205,36874200,0,0
summary,float,dense-4,relationship,17452.051,17525.488,18328.320
sample,float,dense-4,clipping,16,4,0,128,13,26828500,9488384,2
sample,float,dense-4,clipping,16,4,1,128,13,26049400,9488384,2
sample,float,dense-4,clipping,16,4,2,128,13,26629600,9488384,2
sample,float,dense-4,clipping,16,4,3,128,13,26988400,9488384,2
sample,float,dense-4,clipping,16,4,4,128,13,26246800,9488384,2
sample,float,dense-4,clipping,16,4,5,128,13,26343900,9488384,2
sample,float,dense-4,clipping,16,4,6,128,13,26446200,9488384,2
summary,float,dense-4,clipping,203510.938,206610.938,210846.875
sample,float,dense-16,relationship,64,16,0,512,52,41210800,0,0
sample,float,dense-16,relationship,64,16,1,512,52,39193100,0,0
sample,float,dense-16,relationship,64,16,2,512,52,38855100,0,0
sample,float,dense-16,relationship,64,16,3,512,52,39108100,0,0
sample,float,dense-16,relationship,64,16,4,512,52,38866800,0,0
sample,float,dense-16,relationship,64,16,5,512,52,44052100,0,0
sample,float,dense-16,relationship,64,16,6,512,52,46085200,0,0
summary,float,dense-16,relationship,75888.867,76549.023,90010.156
sample,float,dense-16,clipping,64,16,0,32,4,32830900,8965632,2
sample,float,dense-16,clipping,64,16,1,32,4,33930800,8965632,2
sample,float,dense-16,clipping,64,16,2,32,4,32232100,8965632,2
sample,float,dense-16,clipping,64,16,3,32,4,31660500,8965632,2
sample,float,dense-16,clipping,64,16,4,32,4,31628700,8965632,2
sample,float,dense-16,clipping,64,16,5,32,4,31884200,8965632,2
sample,float,dense-16,clipping,64,16,6,32,4,31491100,8965632,2
summary,float,dense-16,clipping,984096.875,996381.250,1060337.500
sample,float,dense-64,relationship,256,64,0,64,7,19891700,0,0
sample,float,dense-64,relationship,256,64,1,64,7,20414700,0,0
sample,float,dense-64,relationship,256,64,2,64,7,19931800,0,0
sample,float,dense-64,relationship,256,64,3,64,7,19823700,0,0
sample,float,dense-64,relationship,256,64,4,64,7,21028100,0,0
sample,float,dense-64,relationship,256,64,5,64,7,21843200,0,0
sample,float,dense-64,relationship,256,64,6,64,7,22436600,0,0
summary,float,dense-64,relationship,309745.312,318979.688,350571.875
sample,float,dense-64,clipping,256,64,0,4,1,22036000,4403200,1
sample,float,dense-64,clipping,256,64,1,4,1,19568900,4403200,1
sample,float,dense-64,clipping,256,64,2,4,1,18912200,4403200,1
sample,float,dense-64,clipping,256,64,3,4,1,18985600,4403200,1
sample,float,dense-64,clipping,256,64,4,4,1,18940900,4403200,1
sample,float,dense-64,clipping,256,64,5,4,1,18895600,4403200,1
sample,float,dense-64,clipping,256,64,6,4,1,18916700,4403200,1
summary,float,dense-64,clipping,4723900.000,4735225.000,5509000.000
sample,float,subnormal,relationship,4,1,0,8192,820,24949900,0,0
sample,float,subnormal,relationship,4,1,1,8192,820,24027600,0,0
sample,float,subnormal,relationship,4,1,2,8192,820,23373500,0,0
sample,float,subnormal,relationship,4,1,3,8192,820,22911200,0,0
sample,float,subnormal,relationship,4,1,4,8192,820,23219300,0,0
sample,float,subnormal,relationship,4,1,5,8192,820,22990000,0,0
sample,float,subnormal,relationship,4,1,6,8192,820,22926800,0,0
summary,float,subnormal,relationship,2796.777,2834.387,3045.642
sample,float,subnormal,clipping,4,1,0,512,52,21807300,12673024,3
sample,float,subnormal,clipping,4,1,1,512,52,21722700,12673024,3
sample,float,subnormal,clipping,4,1,2,512,52,21219800,12673024,3
sample,float,subnormal,clipping,4,1,3,512,52,20905000,12673024,3
sample,float,subnormal,clipping,4,1,4,512,52,20935200,12673024,3
sample,float,subnormal,clipping,4,1,5,512,52,20926600,12673024,3
sample,float,subnormal,clipping,4,1,6,512,52,20767900,12673024,3
summary,float,subnormal,clipping,40562.305,40889.062,42592.383
sample,float,large-finite,relationship,4,1,0,8192,820,22881300,0,0
sample,float,large-finite,relationship,4,1,1,8192,820,22974200,0,0
sample,float,large-finite,relationship,4,1,2,8192,820,23039800,0,0
sample,float,large-finite,relationship,4,1,3,8192,820,22915900,0,0
sample,float,large-finite,relationship,4,1,4,8192,820,23093500,0,0
sample,float,large-finite,relationship,4,1,5,8192,820,23386700,0,0
sample,float,large-finite,relationship,4,1,6,8192,820,22909000,0,0
summary,float,large-finite,relationship,2793.127,2804.468,2854.822
sample,float,large-finite,clipping,4,1,0,512,52,21878000,12673024,3
sample,float,large-finite,clipping,4,1,1,512,52,22264900,12673024,3
sample,float,large-finite,clipping,4,1,2,512,52,22269800,12673024,3
sample,float,large-finite,clipping,4,1,3,512,52,21905300,12673024,3
sample,float,large-finite,clipping,4,1,4,512,52,21766700,12673024,3
sample,float,large-finite,clipping,4,1,5,512,52,21766300,12673024,3
sample,float,large-finite,clipping,4,1,6,512,52,21737500,12673024,3
summary,float,large-finite,clipping,42456.055,42730.469,43495.703
fixture,double,exterior,4,1,success,0
fixture,double,interior,4,4,success,1
fixture,double,crossing,4,7,success,1
fixture,double,boundary-only,4,10,success,1
fixture,double,boundary-overlap,4,11,success,1
fixture,double,isolated-tangent,4,3,success,0
fixture,double,degenerate-interior,4,4,success,0
fixture,double,degenerate-boundary,4,2,success,0
fixture,double,empty,0,1,success,0
fixture,double,concave-u,8,7,success,2
fixture,double,hole,8,7,success,2
fixture,double,hole-reversed,8,7,success,2
fixture,double,rational-crossing,3,7,success,1
fixture,double,sparse-1,4,7,success,1
fixture,double,sparse-4,16,7,success,1
fixture,double,sparse-16,64,7,success,1
fixture,double,sparse-64,256,7,success,1
fixture,double,dense-1,4,7,success,1
fixture,double,dense-4,16,7,success,4
fixture,double,dense-16,64,7,success,16
fixture,double,dense-64,256,7,success,64
fixture,double,subnormal,4,7,success,1
fixture,double,large-finite,4,7,success,1
preflight,double,23,PASS
sample,double,exterior,relationship,4,0,0,8192,820,23007700,0,0
sample,double,exterior,relationship,4,0,1,8192,820,23007600,0,0
sample,double,exterior,relationship,4,0,2,8192,820,23422000,0,0
sample,double,exterior,relationship,4,0,3,8192,820,23057800,0,0
sample,double,exterior,relationship,4,0,4,8192,820,23392000,0,0
sample,double,exterior,relationship,4,0,5,8192,820,23164400,0,0
sample,double,exterior,relationship,4,0,6,8192,820,23748200,0,0
summary,double,exterior,relationship,2808.545,2827.686,2898.950
sample,double,exterior,clipping,4,0,0,4096,410,29743000,101056512,24
sample,double,exterior,clipping,4,0,1,4096,410,29770200,101056512,24
sample,double,exterior,clipping,4,0,2,4096,410,29372600,101056512,24
sample,double,exterior,clipping,4,0,3,4096,410,29447400,101056512,24
sample,double,exterior,clipping,4,0,4,4096,410,31599200,101056512,24
sample,double,exterior,clipping,4,0,5,4096,410,30214900,101056512,24
sample,double,exterior,clipping,4,0,6,4096,410,30816800,101056512,24
summary,double,exterior,clipping,7171.045,7268.115,7714.648
sample,double,interior,relationship,4,1,0,8192,820,23167100,0,0
sample,double,interior,relationship,4,1,1,8192,820,23329300,0,0
sample,double,interior,relationship,4,1,2,8192,820,23605600,0,0
sample,double,interior,relationship,4,1,3,8192,820,24227800,0,0
sample,double,interior,relationship,4,1,4,8192,820,23607000,0,0
sample,double,interior,relationship,4,1,5,8192,820,23639300,0,0
sample,double,interior,relationship,4,1,6,8192,820,23901600,0,0
summary,double,interior,relationship,2828.015,2881.714,2957.495
sample,double,interior,clipping,4,1,0,2048,205,34886200,50626560,12
sample,double,interior,clipping,4,1,1,2048,205,35506600,50626560,12
sample,double,interior,clipping,4,1,2,2048,205,34166900,50626560,12
sample,double,interior,clipping,4,1,3,2048,205,33625400,50626560,12
sample,double,interior,clipping,4,1,4,2048,205,34406800,50626560,12
sample,double,interior,clipping,4,1,5,2048,205,34199800,50626560,12
sample,double,interior,clipping,4,1,6,2048,205,35724700,50626560,12
summary,double,interior,clipping,16418.652,16800.195,17443.701
sample,double,crossing,relationship,4,1,0,8192,820,23075900,0,0
sample,double,crossing,relationship,4,1,1,8192,820,23113500,0,0
sample,double,crossing,relationship,4,1,2,8192,820,22974800,0,0
sample,double,crossing,relationship,4,1,3,8192,820,23045500,0,0
sample,double,crossing,relationship,4,1,4,8192,820,23362100,0,0
sample,double,crossing,relationship,4,1,5,8192,820,23400900,0,0
sample,double,crossing,relationship,4,1,6,8192,820,24411100,0,0
summary,double,crossing,relationship,2804.541,2821.472,2979.871
sample,double,crossing,clipping,4,1,0,512,52,21007700,12673024,3
sample,double,crossing,clipping,4,1,1,512,52,21083700,12673024,3
sample,double,crossing,clipping,4,1,2,512,52,21000900,12673024,3
sample,double,crossing,clipping,4,1,3,512,52,20540500,12673024,3
sample,double,crossing,clipping,4,1,4,512,52,20633100,12673024,3
sample,double,crossing,clipping,4,1,5,512,52,21244100,12673024,3
sample,double,crossing,clipping,4,1,6,512,52,22350500,12673024,3
summary,double,crossing,clipping,40118.164,41030.664,43653.320
sample,double,boundary-only,relationship,4,1,0,8192,820,26427400,0,0
sample,double,boundary-only,relationship,4,1,1,8192,820,26117000,0,0
sample,double,boundary-only,relationship,4,1,2,8192,820,25921500,0,0
sample,double,boundary-only,relationship,4,1,3,8192,820,26075400,0,0
sample,double,boundary-only,relationship,4,1,4,8192,820,26293300,0,0
sample,double,boundary-only,relationship,4,1,5,8192,820,26931000,0,0
sample,double,boundary-only,relationship,4,1,6,8192,820,26497400,0,0
summary,double,boundary-only,relationship,3164.246,3209.631,3287.476
sample,double,boundary-only,clipping,4,1,0,1024,103,25163300,25313280,6
sample,double,boundary-only,clipping,4,1,1,1024,103,24687600,25313280,6
sample,double,boundary-only,clipping,4,1,2,1024,103,24473100,25313280,6
sample,double,boundary-only,clipping,4,1,3,1024,103,26448100,25313280,6
sample,double,boundary-only,clipping,4,1,4,1024,103,24519300,25313280,6
sample,double,boundary-only,clipping,4,1,5,1024,103,25938100,25313280,6
sample,double,boundary-only,clipping,4,1,6,1024,103,25054400,25313280,6
summary,double,boundary-only,clipping,23899.512,24467.188,25828.223
sample,double,boundary-overlap,relationship,4,1,0,8192,820,31031200,0,0
sample,double,boundary-overlap,relationship,4,1,1,8192,820,32627200,0,0
sample,double,boundary-overlap,relationship,4,1,2,8192,820,31048700,0,0
sample,double,boundary-overlap,relationship,4,1,3,8192,820,31191400,0,0
sample,double,boundary-overlap,relationship,4,1,4,8192,820,31362800,0,0
sample,double,boundary-overlap,relationship,4,1,5,8192,820,31684400,0,0
sample,double,boundary-overlap,relationship,4,1,6,8192,820,31347000,0,0
summary,double,boundary-overlap,relationship,3787.988,3826.538,3982.812
sample,double,boundary-overlap,clipping,4,1,0,1024,103,26838200,25346048,6
sample,double,boundary-overlap,clipping,4,1,1,1024,103,26616600,25346048,6
sample,double,boundary-overlap,clipping,4,1,2,1024,103,26878400,25346048,6
sample,double,boundary-overlap,clipping,4,1,3,1024,103,26703400,25346048,6
sample,double,boundary-overlap,clipping,4,1,4,1024,103,26309100,25346048,6
sample,double,boundary-overlap,clipping,4,1,5,1024,103,26325400,25346048,6
sample,double,boundary-overlap,clipping,4,1,6,1024,103,27942900,25346048,6
summary,double,boundary-overlap,clipping,25692.480,26077.539,27287.988
sample,double,isolated-tangent,relationship,4,0,0,8192,820,38706500,0,0
sample,double,isolated-tangent,relationship,4,0,1,8192,820,38724100,0,0
sample,double,isolated-tangent,relationship,4,0,2,8192,820,39901800,0,0
sample,double,isolated-tangent,relationship,4,0,3,8192,820,38911400,0,0
sample,double,isolated-tangent,relationship,4,0,4,8192,820,38457300,0,0
sample,double,isolated-tangent,relationship,4,0,5,8192,820,38854700,0,0
sample,double,isolated-tangent,relationship,4,0,6,8192,820,38823600,0,0
summary,double,isolated-tangent,relationship,4694.495,4739.209,4870.825
sample,double,isolated-tangent,clipping,4,0,0,2048,205,29334200,50528256,12
sample,double,isolated-tangent,clipping,4,0,1,2048,205,28904300,50528256,12
sample,double,isolated-tangent,clipping,4,0,2,2048,205,28589400,50528256,12
sample,double,isolated-tangent,clipping,4,0,3,2048,205,28434400,50528256,12
sample,double,isolated-tangent,clipping,4,0,4,2048,205,28148700,50528256,12
sample,double,isolated-tangent,clipping,4,0,5,2048,205,29775500,50528256,12
sample,double,isolated-tangent,clipping,4,0,6,2048,205,28586300,50528256,12
summary,double,isolated-tangent,clipping,13744.482,13959.668,14538.818
sample,double,degenerate-interior,relationship,4,0,0,65536,6554,4554000,0,0
sample,double,degenerate-interior,relationship,4,0,1,65536,6554,4754400,0,0
sample,double,degenerate-interior,relationship,4,0,2,65536,6554,4544300,0,0
sample,double,degenerate-interior,relationship,4,0,3,65536,6554,4839200,0,0
sample,double,degenerate-interior,relationship,4,0,4,65536,6554,4833200,0,0
sample,double,degenerate-interior,relationship,4,0,5,65536,6554,4779500,0,0
sample,double,degenerate-interior,relationship,4,0,6,65536,6554,4564700,0,0
summary,double,degenerate-interior,relationship,69.341,72.546,73.840
sample,double,degenerate-interior,clipping,4,0,0,65536,6554,862000,0,0
sample,double,degenerate-interior,clipping,4,0,1,65536,6554,899300,0,0
sample,double,degenerate-interior,clipping,4,0,2,65536,6554,858700,0,0
sample,double,degenerate-interior,clipping,4,0,3,65536,6554,903700,0,0
sample,double,degenerate-interior,clipping,4,0,4,65536,6554,873100,0,0
sample,double,degenerate-interior,clipping,4,0,5,65536,6554,914600,0,0
sample,double,degenerate-interior,clipping,4,0,6,65536,6554,865400,0,0
summary,double,degenerate-interior,clipping,13.103,13.322,13.956
sample,double,degenerate-boundary,relationship,4,0,0,65536,6554,4479400,0,0
sample,double,degenerate-boundary,relationship,4,0,1,65536,6554,4582200,0,0
sample,double,degenerate-boundary,relationship,4,0,2,65536,6554,4370700,0,0
sample,double,degenerate-boundary,relationship,4,0,3,65536,6554,4570300,0,0
sample,double,degenerate-boundary,relationship,4,0,4,65536,6554,4352300,0,0
sample,double,degenerate-boundary,relationship,4,0,5,65536,6554,4702100,0,0
sample,double,degenerate-boundary,relationship,4,0,6,65536,6554,4365600,0,0
summary,double,degenerate-boundary,relationship,66.411,68.350,71.748
sample,double,degenerate-boundary,clipping,4,0,0,65536,6554,892800,0,0
sample,double,degenerate-boundary,clipping,4,0,1,65536,6554,931500,0,0
sample,double,degenerate-boundary,clipping,4,0,2,65536,6554,891300,0,0
sample,double,degenerate-boundary,clipping,4,0,3,65536,6554,929400,0,0
sample,double,degenerate-boundary,clipping,4,0,4,65536,6554,869400,0,0
sample,double,degenerate-boundary,clipping,4,0,5,65536,6554,907700,0,0
sample,double,degenerate-boundary,clipping,4,0,6,65536,6554,974400,0,0
summary,double,degenerate-boundary,clipping,13.266,13.850,14.868
sample,double,empty,relationship,0,0,0,65536,6554,1303200,0,0
sample,double,empty,relationship,0,0,1,65536,6554,1305100,0,0
sample,double,empty,relationship,0,0,2,65536,6554,1308500,0,0
sample,double,empty,relationship,0,0,3,65536,6554,1304000,0,0
sample,double,empty,relationship,0,0,4,65536,6554,1458100,0,0
sample,double,empty,relationship,0,0,5,65536,6554,1303900,0,0
sample,double,empty,relationship,0,0,6,65536,6554,1403100,0,0
summary,double,empty,relationship,19.885,19.914,22.249
sample,double,empty,clipping,0,0,0,65536,6554,1065000,0,0
sample,double,empty,clipping,0,0,1,65536,6554,1325900,0,0
sample,double,empty,clipping,0,0,2,65536,6554,1064400,0,0
sample,double,empty,clipping,0,0,3,65536,6554,1065200,0,0
sample,double,empty,clipping,0,0,4,65536,6554,1064600,0,0
sample,double,empty,clipping,0,0,5,65536,6554,1064300,0,0
sample,double,empty,clipping,0,0,6,65536,6554,1073800,0,0
summary,double,empty,clipping,16.240,16.251,20.232
sample,double,concave-u,relationship,8,2,0,4096,410,32718200,0,0
sample,double,concave-u,relationship,8,2,1,4096,410,32418000,0,0
sample,double,concave-u,relationship,8,2,2,4096,410,32479200,0,0
sample,double,concave-u,relationship,8,2,3,4096,410,31749200,0,0
sample,double,concave-u,relationship,8,2,4,4096,410,42643100,0,0
sample,double,concave-u,relationship,8,2,5,4096,410,34158000,0,0
sample,double,concave-u,relationship,8,2,6,4096,410,33540800,0,0
summary,double,concave-u,relationship,7751.270,7987.842,10410.913
sample,double,concave-u,clipping,8,2,0,256,26,24348400,10551296,2
sample,double,concave-u,clipping,8,2,1,256,26,24552800,10551296,2
sample,double,concave-u,clipping,8,2,2,256,26,24422600,10551296,2
sample,double,concave-u,clipping,8,2,3,256,26,25191100,10551296,2
sample,double,concave-u,clipping,8,2,4,256,26,24032000,10551296,2
sample,double,concave-u,clipping,8,2,5,256,26,24005500,10551296,2
sample,double,concave-u,clipping,8,2,6,256,26,24153500,10551296,2
summary,double,concave-u,clipping,93771.484,95110.938,98402.734
sample,double,hole,relationship,8,2,0,4096,410,32947500,0,0
sample,double,hole,relationship,8,2,1,4096,410,33699900,0,0
sample,double,hole,relationship,8,2,2,4096,410,33331600,0,0
sample,double,hole,relationship,8,2,3,4096,410,34867200,0,0
sample,double,hole,relationship,8,2,4,4096,410,33038600,0,0
sample,double,hole,relationship,8,2,5,4096,410,33056400,0,0
sample,double,hole,relationship,8,2,6,4096,410,32563000,0,0
summary,double,hole,relationship,7949.951,8070.410,8512.500
sample,double,hole,clipping,8,2,0,256,26,24247500,10551296,2
sample,double,hole,clipping,8,2,1,256,26,24080100,10551296,2
sample,double,hole,clipping,8,2,2,256,26,24115500,10551296,2
sample,double,hole,clipping,8,2,3,256,26,24884200,10551296,2
sample,double,hole,clipping,8,2,4,256,26,24004500,10551296,2
sample,double,hole,clipping,8,2,5,256,26,24274400,10551296,2
sample,double,hole,clipping,8,2,6,256,26,24800200,10551296,2
summary,double,hole,clipping,93767.578,94716.797,97203.906
sample,double,hole-reversed,relationship,8,2,0,4096,410,32243100,0,0
sample,double,hole-reversed,relationship,8,2,1,4096,410,32065500,0,0
sample,double,hole-reversed,relationship,8,2,2,4096,410,32656300,0,0
sample,double,hole-reversed,relationship,8,2,3,4096,410,34355500,0,0
sample,double,hole-reversed,relationship,8,2,4,4096,410,32804300,0,0
sample,double,hole-reversed,relationship,8,2,5,4096,410,32821400,0,0
sample,double,hole-reversed,relationship,8,2,6,4096,410,32291200,0,0
summary,double,hole-reversed,relationship,7828.491,7972.729,8387.573
sample,double,hole-reversed,clipping,8,2,0,256,26,24739600,10551296,2
sample,double,hole-reversed,clipping,8,2,1,256,26,25044300,10551296,2
sample,double,hole-reversed,clipping,8,2,2,256,26,23967900,10551296,2
sample,double,hole-reversed,clipping,8,2,3,256,26,23444400,10551296,2
sample,double,hole-reversed,clipping,8,2,4,256,26,23867700,10551296,2
sample,double,hole-reversed,clipping,8,2,5,256,26,23709700,10551296,2
sample,double,hole-reversed,clipping,8,2,6,256,26,24513300,10551296,2
summary,double,hole-reversed,clipping,91579.688,93624.609,97829.297
sample,double,rational-crossing,relationship,3,1,0,16384,1639,32263600,0,0
sample,double,rational-crossing,relationship,3,1,1,16384,1639,32280500,0,0
sample,double,rational-crossing,relationship,3,1,2,16384,1639,32060100,0,0
sample,double,rational-crossing,relationship,3,1,3,16384,1639,31610600,0,0
sample,double,rational-crossing,relationship,3,1,4,16384,1639,31553200,0,0
sample,double,rational-crossing,relationship,3,1,5,16384,1639,31847700,0,0
sample,double,rational-crossing,relationship,3,1,6,16384,1639,31924900,0,0
summary,double,rational-crossing,relationship,1925.854,1948.541,1970.245
sample,double,rational-crossing,clipping,3,1,0,512,52,20729800,10575872,2
sample,double,rational-crossing,clipping,3,1,1,512,52,20794600,10575872,2
sample,double,rational-crossing,clipping,3,1,2,512,52,20676600,10575872,2
sample,double,rational-crossing,clipping,3,1,3,512,52,20489900,10575872,2
sample,double,rational-crossing,clipping,3,1,4,512,52,20415700,10575872,2
sample,double,rational-crossing,clipping,3,1,5,512,52,20984500,10575872,2
sample,double,rational-crossing,clipping,3,1,6,512,52,21762900,10575872,2
summary,double,rational-crossing,clipping,39874.414,40487.891,42505.664
sample,double,sparse-1,relationship,4,1,0,8192,820,23049800,0,0
sample,double,sparse-1,relationship,4,1,1,8192,820,22881300,0,0
sample,double,sparse-1,relationship,4,1,2,8192,820,23058200,0,0
sample,double,sparse-1,relationship,4,1,3,8192,820,23818600,0,0
sample,double,sparse-1,relationship,4,1,4,8192,820,23421200,0,0
sample,double,sparse-1,relationship,4,1,5,8192,820,24934900,0,0
sample,double,sparse-1,relationship,4,1,6,8192,820,23640100,0,0
summary,double,sparse-1,relationship,2793.127,2859.033,3043.811
sample,double,sparse-1,clipping,4,1,0,512,52,21082500,12673024,3
sample,double,sparse-1,clipping,4,1,1,512,52,21292000,12673024,3
sample,double,sparse-1,clipping,4,1,2,512,52,21242000,12673024,3
sample,double,sparse-1,clipping,4,1,3,512,52,20591500,12673024,3
sample,double,sparse-1,clipping,4,1,4,512,52,20979500,12673024,3
sample,double,sparse-1,clipping,4,1,5,512,52,21903400,12673024,3
sample,double,sparse-1,clipping,4,1,6,512,52,20982400,12673024,3
summary,double,sparse-1,clipping,40217.773,41176.758,42780.078
sample,double,sparse-4,relationship,16,1,0,2048,205,27769300,0,0
sample,double,sparse-4,relationship,16,1,1,2048,205,27133100,0,0
sample,double,sparse-4,relationship,16,1,2,2048,205,26928200,0,0
sample,double,sparse-4,relationship,16,1,3,2048,205,28134300,0,0
sample,double,sparse-4,relationship,16,1,4,2048,205,28170400,0,0
sample,double,sparse-4,relationship,16,1,5,2048,205,26889900,0,0
sample,double,sparse-4,relationship,16,1,6,2048,205,27225500,0,0
summary,double,sparse-4,relationship,13129.834,13293.701,13755.078
sample,double,sparse-4,clipping,16,1,0,512,52,28397300,37838848,9
sample,double,sparse-4,clipping,16,1,1,512,52,38234600,37838848,9
sample,double,sparse-4,clipping,16,1,2,512,52,29733200,37838848,9
sample,double,sparse-4,clipping,16,1,3,512,52,29067700,37838848,9
sample,double,sparse-4,clipping,16,1,4,512,52,29155600,37838848,9
sample,double,sparse-4,clipping,16,1,5,512,52,28988400,37838848,9
sample,double,sparse-4,clipping,16,1,6,512,52,28305400,37838848,9
summary,double,sparse-4,clipping,55283.984,56772.852,74676.953
sample,double,sparse-16,relationship,64,1,0,512,52,28201600,0,0
sample,double,sparse-16,relationship,64,1,1,512,52,27390500,0,0
sample,double,sparse-16,relationship,64,1,2,512,52,27458200,0,0
sample,double,sparse-16,relationship,64,1,3,512,52,27364500,0,0
sample,double,sparse-16,relationship,64,1,4,512,52,34719100,0,0
sample,double,sparse-16,relationship,64,1,5,512,52,31192300,0,0
sample,double,sparse-16,relationship,64,1,6,512,52,32533100,0,0
summary,double,sparse-16,relationship,53446.289,55081.250,67810.742
sample,double,sparse-16,clipping,64,1,0,256,26,34056800,71348224,21
sample,double,sparse-16,clipping,64,1,1,256,26,31415500,71348224,21
sample,double,sparse-16,clipping,64,1,2,256,26,31388000,71348224,21
sample,double,sparse-16,clipping,64,1,3,256,26,32030700,71348224,21
sample,double,sparse-16,clipping,64,1,4,256,26,30155500,71348224,21
sample,double,sparse-16,clipping,64,1,5,256,26,29955300,71348224,21
sample,double,sparse-16,clipping,64,1,6,256,26,29934000,71348224,21
summary,double,sparse-16,clipping,116929.688,122609.375,133034.375
sample,double,sparse-64,relationship,256,1,0,128,13,28571000,0,0
sample,double,sparse-64,relationship,256,1,1,128,13,29585800,0,0
sample,double,sparse-64,relationship,256,1,2,128,13,28985500,0,0
sample,double,sparse-64,relationship,256,1,3,128,13,28140900,0,0
sample,double,sparse-64,relationship,256,1,4,128,13,28202700,0,0
sample,double,sparse-64,relationship,256,1,5,128,13,27779300,0,0
sample,double,sparse-64,relationship,256,1,6,128,13,27466300,0,0
summary,double,sparse-64,relationship,214580.469,220333.594,231139.062
sample,double,sparse-64,clipping,256,1,0,64,7,33017700,70003712,9
sample,double,sparse-64,clipping,256,1,1,64,7,32060300,70003712,8
sample,double,sparse-64,clipping,256,1,2,64,7,31868600,70003712,8
sample,double,sparse-64,clipping,256,1,3,64,7,30970900,70003712,8
sample,double,sparse-64,clipping,256,1,4,64,7,30527000,70003712,8
sample,double,sparse-64,clipping,256,1,5,64,7,32470100,70003712,8
sample,double,sparse-64,clipping,256,1,6,64,7,31098300,70003712,8
summary,double,sparse-64,clipping,476984.375,497946.875,515901.562
sample,double,dense-1,relationship,4,1,0,8192,820,23141100,0,0
sample,double,dense-1,relationship,4,1,1,8192,820,23327900,0,0
sample,double,dense-1,relationship,4,1,2,8192,820,23035900,0,0
sample,double,dense-1,relationship,4,1,3,8192,820,23126500,0,0
sample,double,dense-1,relationship,4,1,4,8192,820,35267300,0,0
sample,double,dense-1,relationship,4,1,5,8192,820,23287300,0,0
sample,double,dense-1,relationship,4,1,6,8192,820,22924800,0,0
summary,double,dense-1,relationship,2798.438,2824.841,4305.090
sample,double,dense-1,clipping,4,1,0,512,52,21109300,12673024,3
sample,double,dense-1,clipping,4,1,1,512,52,21293800,12673024,3
sample,double,dense-1,clipping,4,1,2,512,52,21333900,12673024,3
sample,double,dense-1,clipping,4,1,3,512,52,22119000,12673024,3
sample,double,dense-1,clipping,4,1,4,512,52,21979000,12673024,3
sample,double,dense-1,clipping,4,1,5,512,52,21404000,12673024,3
sample,double,dense-1,clipping,4,1,6,512,52,21058600,12673024,3
summary,double,dense-1,clipping,41130.078,41667.773,43201.172
sample,double,dense-4,relationship,16,4,0,2048,205,36560100,0,0
sample,double,dense-4,relationship,16,4,1,2048,205,37894900,0,0
sample,double,dense-4,relationship,16,4,2,2048,205,36050300,0,0
sample,double,dense-4,relationship,16,4,3,2048,205,36084600,0,0
sample,double,dense-4,relationship,16,4,4,2048,205,36610200,0,0
sample,double,dense-4,relationship,16,4,5,2048,205,36872000,0,0
sample,double,dense-4,relationship,16,4,6,2048,205,37348200,0,0
summary,double,dense-4,relationship,17602.686,17876.074,18503.369
sample,double,dense-4,clipping,16,4,0,128,13,27452800,9488384,2
sample,double,dense-4,clipping,16,4,1,128,13,27446300,9488384,2
sample,double,dense-4,clipping,16,4,2,128,13,27273100,9488384,2
sample,double,dense-4,clipping,16,4,3,128,13,26157700,9488384,2
sample,double,dense-4,clipping,16,4,4,128,13,26259400,9488384,2
sample,double,dense-4,clipping,16,4,5,128,13,27843200,9488384,2
sample,double,dense-4,clipping,16,4,6,128,13,26662400,9488384,2
summary,double,dense-4,clipping,204357.031,213071.094,217525.000
sample,double,dense-16,relationship,64,16,0,512,52,39556400,0,0
sample,double,dense-16,relationship,64,16,1,512,52,40554200,0,0
sample,double,dense-16,relationship,64,16,2,512,52,40624400,0,0
sample,double,dense-16,relationship,64,16,3,512,52,39230700,0,0
sample,double,dense-16,relationship,64,16,4,512,52,38976600,0,0
sample,double,dense-16,relationship,64,16,5,512,52,38766400,0,0
sample,double,dense-16,relationship,64,16,6,512,52,39574800,0,0
summary,double,dense-16,relationship,75715.625,77258.594,79344.531
sample,double,dense-16,clipping,64,16,0,32,4,31574300,8965632,2
sample,double,dense-16,clipping,64,16,1,32,4,31797600,8965632,2
sample,double,dense-16,clipping,64,16,2,32,4,31169400,8965632,2
sample,double,dense-16,clipping,64,16,3,32,4,32008100,8965632,2
sample,double,dense-16,clipping,64,16,4,32,4,32615000,8965632,2
sample,double,dense-16,clipping,64,16,5,32,4,32070700,8965632,2
sample,double,dense-16,clipping,64,16,6,32,4,32100600,8965632,2
summary,double,dense-16,clipping,974043.750,1000253.125,1019218.750
sample,double,dense-64,relationship,256,64,0,128,13,42254500,0,0
sample,double,dense-64,relationship,256,64,1,128,13,40077800,0,0
sample,double,dense-64,relationship,256,64,2,128,13,39792200,0,0
sample,double,dense-64,relationship,256,64,3,128,13,39937500,0,0
sample,double,dense-64,relationship,256,64,4,128,13,40445500,0,0
sample,double,dense-64,relationship,256,64,5,128,13,42009500,0,0
sample,double,dense-64,relationship,256,64,6,128,13,39941500,0,0
summary,double,dense-64,relationship,310876.562,313107.812,330113.281
sample,double,dense-64,clipping,256,64,0,8,1,37624300,8806400,2
sample,double,dense-64,clipping,256,64,1,8,1,40402200,8806400,0
sample,double,dense-64,clipping,256,64,2,8,1,37378200,8806400,0
sample,double,dense-64,clipping,256,64,3,8,1,38051600,8806400,0
sample,double,dense-64,clipping,256,64,4,8,1,36878600,8806400,0
sample,double,dense-64,clipping,256,64,5,8,1,36083800,8806400,0
sample,double,dense-64,clipping,256,64,6,8,1,36838600,8806400,0
summary,double,dense-64,clipping,4510475.000,4672275.000,5050275.000
sample,double,subnormal,relationship,4,1,0,1024,103,21081600,0,0
sample,double,subnormal,relationship,4,1,1,1024,103,21412000,0,0
sample,double,subnormal,relationship,4,1,2,1024,103,20951900,0,0
sample,double,subnormal,relationship,4,1,3,1024,103,21021000,0,0
sample,double,subnormal,relationship,4,1,4,1024,103,21274900,0,0
sample,double,subnormal,relationship,4,1,5,1024,103,21842600,0,0
sample,double,subnormal,relationship,4,1,6,1024,103,21901700,0,0
summary,double,subnormal,relationship,20460.840,20776.270,21388.379
sample,double,subnormal,clipping,4,1,0,512,52,33798400,12673024,3
sample,double,subnormal,clipping,4,1,1,512,52,33335300,12673024,3
sample,double,subnormal,clipping,4,1,2,512,52,33611100,12673024,3
sample,double,subnormal,clipping,4,1,3,512,52,35487800,12673024,3
sample,double,subnormal,clipping,4,1,4,512,52,34444800,12673024,3
sample,double,subnormal,clipping,4,1,5,512,52,34223200,12673024,3
sample,double,subnormal,clipping,4,1,6,512,52,34053000,12673024,3
summary,double,subnormal,clipping,65108.008,66509.766,69312.109
sample,double,large-finite,relationship,4,1,0,2048,205,41225400,0,0
sample,double,large-finite,relationship,4,1,1,2048,205,40316800,0,0
sample,double,large-finite,relationship,4,1,2,2048,205,40030800,0,0
sample,double,large-finite,relationship,4,1,3,2048,205,39754600,0,0
sample,double,large-finite,relationship,4,1,4,2048,205,40743000,0,0
sample,double,large-finite,relationship,4,1,5,2048,205,41523700,0,0
sample,double,large-finite,relationship,4,1,6,2048,205,40093600,0,0
summary,double,large-finite,relationship,19411.426,19685.938,20275.244
sample,double,large-finite,clipping,4,1,0,512,52,39027500,12673024,3
sample,double,large-finite,clipping,4,1,1,512,52,40048000,12673024,3
sample,double,large-finite,clipping,4,1,2,512,52,38024400,12673024,3
sample,double,large-finite,clipping,4,1,3,512,52,38011800,12673024,3
sample,double,large-finite,clipping,4,1,4,512,52,38117300,12673024,3
sample,double,large-finite,clipping,4,1,5,512,52,39348600,12673024,3
sample,double,large-finite,clipping,4,1,6,512,52,39629300,12673024,3
summary,double,large-finite,clipping,74241.797,76225.586,78218.750
sink,17352175278531336880
