fixture_header,scalar,case,edges,expected_fact_bits,expected_status,expected_components
sample_header,scalar,case,operation,edges,expected_components,round,iterations,warmup,elapsed_ns,gc_bytes,gc_collections
summary_header,scalar,case,operation,min_ns_per_op,median_ns_per_op,max_ns_per_op
fixture,int,exterior,4,1,success,0
fixture,int,interior,4,4,success,1
fixture,int,crossing,4,7,success,1
fixture,int,boundary-only,4,10,success,1
fixture,int,boundary-overlap,4,11,success,1
fixture,int,isolated-tangent,4,3,success,0
fixture,int,degenerate-interior,4,4,success,0
fixture,int,degenerate-boundary,4,2,success,0
fixture,int,empty,0,1,success,0
fixture,int,concave-u,8,7,success,2
fixture,int,hole,8,7,success,2
fixture,int,hole-reversed,8,7,success,2
fixture,int,rational-crossing,3,7,success,1
fixture,int,sparse-1,4,7,success,1
fixture,int,sparse-4,16,7,success,1
fixture,int,sparse-16,64,7,success,1
fixture,int,sparse-64,256,7,success,1
fixture,int,dense-1,4,7,success,1
fixture,int,dense-4,16,7,success,4
fixture,int,dense-16,64,7,success,16
fixture,int,dense-64,256,7,success,64
fixture,int,wide-integral,4,7,success,1
preflight,int,22,PASS
sample,int,exterior,relationship,4,0,0,8192,820,27720200,0,0
sample,int,exterior,relationship,4,0,1,8192,820,27640300,0,0
sample,int,exterior,relationship,4,0,2,8192,820,27706000,0,0
sample,int,exterior,relationship,4,0,3,8192,820,27677200,0,0
sample,int,exterior,relationship,4,0,4,8192,820,27594500,0,0
sample,int,exterior,relationship,4,0,5,8192,820,27438400,0,0
sample,int,exterior,relationship,4,0,6,8192,820,27858400,0,0
summary,int,exterior,relationship,3349.414,3378.564,3400.684
sample,int,exterior,clipping,4,0,0,4096,410,31551200,33947648,8
sample,int,exterior,clipping,4,0,1,4096,410,31548300,33947648,8
sample,int,exterior,clipping,4,0,2,4096,410,31516400,33947648,8
sample,int,exterior,clipping,4,0,3,4096,410,31345000,33947648,8
sample,int,exterior,clipping,4,0,4,4096,410,31408600,33947648,8
sample,int,exterior,clipping,4,0,5,4096,410,31469100,33947648,8
sample,int,exterior,clipping,4,0,6,4096,410,31569600,33947648,8
summary,int,exterior,clipping,7652.588,7694.434,7707.422
sample,int,interior,relationship,4,1,0,8192,820,27301300,0,0
sample,int,interior,relationship,4,1,1,8192,820,27536300,0,0
sample,int,interior,relationship,4,1,2,8192,820,27352700,0,0
sample,int,interior,relationship,4,1,3,8192,820,27071100,0,0
sample,int,interior,relationship,4,1,4,8192,820,37236400,0,0
sample,int,interior,relationship,4,1,5,8192,820,27189100,0,0
sample,int,interior,relationship,4,1,6,8192,820,27451900,0,0
summary,int,interior,relationship,3304.578,3338.953,4545.459
sample,int,interior,clipping,4,1,0,2048,205,36352300,17072128,4
sample,int,interior,clipping,4,1,1,2048,205,36231600,17072128,4
sample,int,interior,clipping,4,1,2,2048,205,36002400,17072128,4
sample,int,interior,clipping,4,1,3,2048,205,36077000,17072128,4
sample,int,interior,clipping,4,1,4,2048,205,36062600,17072128,4
sample,int,interior,clipping,4,1,5,2048,205,36225800,17072128,4
sample,int,interior,clipping,4,1,6,2048,205,36324500,17072128,4
summary,int,interior,clipping,17579.297,17688.379,17750.146
sample,int,crossing,relationship,4,1,0,8192,820,27445600,0,0
sample,int,crossing,relationship,4,1,1,8192,820,27488800,0,0
sample,int,crossing,relationship,4,1,2,8192,820,28183500,0,0
sample,int,crossing,relationship,4,1,3,8192,820,27457800,0,0
sample,int,crossing,relationship,4,1,4,8192,820,27490100,0,0
sample,int,crossing,relationship,4,1,5,8192,820,27752000,0,0
sample,int,crossing,relationship,4,1,6,8192,820,27676800,0,0
summary,int,crossing,relationship,3350.293,3355.725,3440.369
sample,int,crossing,clipping,4,1,0,512,52,23347100,8478720,2
sample,int,crossing,clipping,4,1,1,512,52,23122300,8478720,2
sample,int,crossing,clipping,4,1,2,512,52,23350000,8478720,2
sample,int,crossing,clipping,4,1,3,512,52,23105800,8478720,2
sample,int,crossing,clipping,4,1,4,512,52,23647800,8478720,2
sample,int,crossing,clipping,4,1,5,512,52,23142400,8478720,2
sample,int,crossing,clipping,4,1,6,512,52,22940700,8478720,2
summary,int,crossing,clipping,44806.055,45200.000,46187.109
sample,int,boundary-only,relationship,4,1,0,8192,820,34521800,0,0
sample,int,boundary-only,relationship,4,1,1,8192,820,33310800,0,0
sample,int,boundary-only,relationship,4,1,2,8192,820,43509500,0,0
sample,int,boundary-only,relationship,4,1,3,8192,820,33994100,0,0
sample,int,boundary-only,relationship,4,1,4,8192,820,33946900,0,0
sample,int,boundary-only,relationship,4,1,5,8192,820,33907000,0,0
sample,int,boundary-only,relationship,4,1,6,8192,820,33982100,0,0
summary,int,boundary-only,relationship,4066.260,4148.206,5311.218
sample,int,boundary-only,clipping,4,1,0,1024,103,27595500,21118976,5
sample,int,boundary-only,clipping,4,1,1,1024,103,27739100,21118976,5
sample,int,boundary-only,clipping,4,1,2,1024,103,27638600,21118976,5
sample,int,boundary-only,clipping,4,1,3,1024,103,27719000,21118976,5
sample,int,boundary-only,clipping,4,1,4,1024,103,27805600,21118976,5
sample,int,boundary-only,clipping,4,1,5,1024,103,27820600,21118976,5
sample,int,boundary-only,clipping,4,1,6,1024,103,27715000,21118976,5
summary,int,boundary-only,clipping,26948.730,27069.336,27168.555
sample,int,boundary-overlap,relationship,4,1,0,4096,410,21685700,0,0
sample,int,boundary-overlap,relationship,4,1,1,4096,410,21872900,0,0
sample,int,boundary-overlap,relationship,4,1,2,4096,410,21407600,0,0
sample,int,boundary-overlap,relationship,4,1,3,4096,410,21544600,0,0
sample,int,boundary-overlap,relationship,4,1,4,4096,410,21633100,0,0
sample,int,boundary-overlap,relationship,4,1,5,4096,410,21588000,0,0
sample,int,boundary-overlap,relationship,4,1,6,4096,410,22247200,0,0
summary,int,boundary-overlap,relationship,5226.465,5281.519,5431.445
sample,int,boundary-overlap,clipping,4,1,0,1024,103,30414200,21151744,5
sample,int,boundary-overlap,clipping,4,1,1,1024,103,30698900,21151744,5
sample,int,boundary-overlap,clipping,4,1,2,1024,103,32501200,21151744,5
sample,int,boundary-overlap,clipping,4,1,3,1024,103,32647400,21151744,5
sample,int,boundary-overlap,clipping,4,1,4,1024,103,32604500,21151744,5
sample,int,boundary-overlap,clipping,4,1,5,1024,103,32695100,21151744,5
sample,int,boundary-overlap,clipping,4,1,6,1024,103,32651500,21151744,5
summary,int,boundary-overlap,clipping,29701.367,31840.332,31928.809
sample,int,isolated-tangent,relationship,4,0,0,4096,410,20785900,0,0
sample,int,isolated-tangent,relationship,4,0,1,4096,410,20548800,0,0
sample,int,isolated-tangent,relationship,4,0,2,4096,410,21413300,0,0
sample,int,isolated-tangent,relationship,4,0,3,4096,410,29124700,0,0
sample,int,isolated-tangent,relationship,4,0,4,4096,410,20517600,0,0
sample,int,isolated-tangent,relationship,4,0,5,4096,410,20828800,0,0
sample,int,isolated-tangent,relationship,4,0,6,4096,410,20447900,0,0
summary,int,isolated-tangent,relationship,4992.163,5074.683,7110.522
sample,int,isolated-tangent,clipping,4,0,0,2048,205,28545700,33751040,8
sample,int,isolated-tangent,clipping,4,0,1,2048,205,28356200,33751040,8
sample,int,isolated-tangent,clipping,4,0,2,2048,205,28291400,33751040,8
sample,int,isolated-tangent,clipping,4,0,3,2048,205,28368300,33751040,8
sample,int,isolated-tangent,clipping,4,0,4,2048,205,28527100,33751040,8
sample,int,isolated-tangent,clipping,4,0,5,2048,205,28431100,33751040,8
sample,int,isolated-tangent,clipping,4,0,6,2048,205,27889000,33751040,8
summary,int,isolated-tangent,clipping,13617.676,13851.709,13938.330
sample,int,degenerate-interior,relationship,4,0,0,65536,6554,8304100,0,0
sample,int,degenerate-interior,relationship,4,0,1,65536,6554,7807100,0,0
sample,int,degenerate-interior,relationship,4,0,2,65536,6554,7785300,0,0
sample,int,degenerate-interior,relationship,4,0,3,65536,6554,7758000,0,0
sample,int,degenerate-interior,relationship,4,0,4,65536,6554,8169600,0,0
sample,int,degenerate-interior,relationship,4,0,5,65536,6554,7762100,0,0
sample,int,degenerate-interior,relationship,4,0,6,65536,6554,7999800,0,0
summary,int,degenerate-interior,relationship,118.378,119.127,126.711
sample,int,degenerate-interior,clipping,4,0,0,65536,6554,1960300,0,0
sample,int,degenerate-interior,clipping,4,0,1,65536,6554,1921000,0,0
sample,int,degenerate-interior,clipping,4,0,2,65536,6554,1912100,0,0
sample,int,degenerate-interior,clipping,4,0,3,65536,6554,2123300,0,0
sample,int,degenerate-interior,clipping,4,0,4,65536,6554,2164600,0,0
sample,int,degenerate-interior,clipping,4,0,5,65536,6554,1985000,0,0
sample,int,degenerate-interior,clipping,4,0,6,65536,6554,1961200,0,0
summary,int,degenerate-interior,clipping,29.176,29.926,33.029
sample,int,degenerate-boundary,relationship,4,0,0,65536,6554,7715600,0,0
sample,int,degenerate-boundary,relationship,4,0,1,65536,6554,7987300,0,0
sample,int,degenerate-boundary,relationship,4,0,2,65536,6554,7710100,0,0
sample,int,degenerate-boundary,relationship,4,0,3,65536,6554,7929100,0,0
sample,int,degenerate-boundary,relationship,4,0,4,65536,6554,7722800,0,0
sample,int,degenerate-boundary,relationship,4,0,5,65536,6554,8073400,0,0
sample,int,degenerate-boundary,relationship,4,0,6,65536,6554,7732500,0,0
summary,int,degenerate-boundary,relationship,117.647,117.989,123.190
sample,int,degenerate-boundary,clipping,4,0,0,65536,6554,2279300,0,0
sample,int,degenerate-boundary,clipping,4,0,1,65536,6554,2150800,0,0
sample,int,degenerate-boundary,clipping,4,0,2,65536,6554,1948100,0,0
sample,int,degenerate-boundary,clipping,4,0,3,65536,6554,1944200,0,0
sample,int,degenerate-boundary,clipping,4,0,4,65536,6554,1973500,0,0
sample,int,degenerate-boundary,clipping,4,0,5,65536,6554,1936800,0,0
sample,int,degenerate-boundary,clipping,4,0,6,65536,6554,1909300,0,0
summary,int,degenerate-boundary,clipping,29.134,29.726,34.779
sample,int,empty,relationship,0,0,0,65536,6554,2181800,0,0
sample,int,empty,relationship,0,0,1,65536,6554,2152100,0,0
sample,int,empty,relationship,0,0,2,65536,6554,2322300,0,0
sample,int,empty,relationship,0,0,3,65536,6554,2083000,0,0
sample,int,empty,relationship,0,0,4,65536,6554,2081200,0,0
sample,int,empty,relationship,0,0,5,65536,6554,2169700,0,0
sample,int,empty,relationship,0,0,6,65536,6554,2251000,0,0
summary,int,empty,relationship,31.757,33.107,35.435
sample,int,empty,clipping,0,0,0,65536,6554,1826900,0,0
sample,int,empty,clipping,0,0,1,65536,6554,1806500,0,0
sample,int,empty,clipping,0,0,2,65536,6554,2032600,0,0
sample,int,empty,clipping,0,0,3,65536,6554,1806800,0,0
sample,int,empty,clipping,0,0,4,65536,6554,1950300,0,0
sample,int,empty,clipping,0,0,5,65536,6554,2043200,0,0
sample,int,empty,clipping,0,0,6,65536,6554,1906700,0,0
summary,int,empty,clipping,27.565,29.094,31.177
sample,int,concave-u,relationship,8,2,0,4096,410,38948700,0,0
sample,int,concave-u,relationship,8,2,1,4096,410,38949300,0,0
sample,int,concave-u,relationship,8,2,2,4096,410,39195900,0,0
sample,int,concave-u,relationship,8,2,3,4096,410,39073200,0,0
sample,int,concave-u,relationship,8,2,4,4096,410,39350200,0,0
sample,int,concave-u,relationship,8,2,5,4096,410,39395800,0,0
sample,int,concave-u,relationship,8,2,6,4096,410,38811400,0,0
summary,int,concave-u,relationship,9475.439,9539.355,9618.115
sample,int,concave-u,clipping,8,2,0,256,26,27563100,6356992,1
sample,int,concave-u,clipping,8,2,1,256,26,37247300,6356992,1
sample,int,concave-u,clipping,8,2,2,256,26,27447600,6356992,1
sample,int,concave-u,clipping,8,2,3,256,26,27759200,6356992,1
sample,int,concave-u,clipping,8,2,4,256,26,27587400,6356992,1
sample,int,concave-u,clipping,8,2,5,256,26,27384800,6356992,1
sample,int,concave-u,clipping,8,2,6,256,26,27616300,6356992,1
summary,int,concave-u,clipping,106971.875,107763.281,145497.266
sample,int,hole,relationship,8,2,0,4096,410,38649500,0,0
sample,int,hole,relationship,8,2,1,4096,410,38684500,0,0
sample,int,hole,relationship,8,2,2,4096,410,39316600,0,0
sample,int,hole,relationship,8,2,3,4096,410,38396900,0,0
sample,int,hole,relationship,8,2,4,4096,410,38564500,0,0
sample,int,hole,relationship,8,2,5,4096,410,39225400,0,0
sample,int,hole,relationship,8,2,6,4096,410,38482000,0,0
summary,int,hole,relationship,9374.243,9435.913,9598.779
sample,int,hole,clipping,8,2,0,256,26,27768100,6356992,1
sample,int,hole,clipping,8,2,1,256,26,27713500,6356992,1
sample,int,hole,clipping,8,2,2,256,26,27841000,6356992,1
sample,int,hole,clipping,8,2,3,256,26,27234600,6356992,1
sample,int,hole,clipping,8,2,4,256,26,27953900,6356992,1
sample,int,hole,clipping,8,2,5,256,26,27782300,6356992,1
sample,int,hole,clipping,8,2,6,256,26,27521000,6356992,1
summary,int,hole,clipping,106385.156,108469.141,109194.922
sample,int,hole-reversed,relationship,8,2,0,4096,410,37810400,0,0
sample,int,hole-reversed,relationship,8,2,1,4096,410,37179100,0,0
sample,int,hole-reversed,relationship,8,2,2,4096,410,36444500,0,0
sample,int,hole-reversed,relationship,8,2,3,4096,410,36332000,0,0
sample,int,hole-reversed,relationship,8,2,4,4096,410,45953900,0,0
sample,int,hole-reversed,relationship,8,2,5,4096,410,36304700,0,0
sample,int,hole-reversed,relationship,8,2,6,4096,410,36498500,0,0
summary,int,hole-reversed,relationship,8863.452,8910.767,11219.214
sample,int,hole-reversed,clipping,8,2,0,256,26,25953900,6356992,1
sample,int,hole-reversed,clipping,8,2,1,256,26,26135200,6356992,1
sample,int,hole-reversed,clipping,8,2,2,256,26,26174800,6356992,1
sample,int,hole-reversed,clipping,8,2,3,256,26,26080200,6356992,1
sample,int,hole-reversed,clipping,8,2,4,256,26,26232600,6356992,1
sample,int,hole-reversed,clipping,8,2,5,256,26,26224100,6356992,1
sample,int,hole-reversed,clipping,8,2,6,256,26,26109400,6356992,1
summary,int,hole-reversed,clipping,101382.422,102090.625,102471.094
sample,int,rational-crossing,relationship,3,1,0,16384,1639,35235600,0,0
sample,int,rational-crossing,relationship,3,1,1,16384,1639,34919100,0,0
sample,int,rational-crossing,relationship,3,1,2,16384,1639,34986200,0,0
sample,int,rational-crossing,relationship,3,1,3,16384,1639,37034100,0,0
sample,int,rational-crossing,relationship,3,1,4,16384,1639,34856500,0,0
sample,int,rational-crossing,relationship,3,1,5,16384,1639,35633800,0,0
sample,int,rational-crossing,relationship,3,1,6,16384,1639,35522100,0,0
summary,int,rational-crossing,relationship,2127.472,2150.610,2260.382
sample,int,rational-crossing,clipping,3,1,0,512,52,23197400,8478720,2
sample,int,rational-crossing,clipping,3,1,1,512,52,23813700,8478720,2
sample,int,rational-crossing,clipping,3,1,2,512,52,24039700,8478720,2
sample,int,rational-crossing,clipping,3,1,3,512,52,23652100,8478720,2
sample,int,rational-crossing,clipping,3,1,4,512,52,23639300,8478720,2
sample,int,rational-crossing,clipping,3,1,5,512,52,23225500,8478720,2
sample,int,rational-crossing,clipping,3,1,6,512,52,23705300,8478720,2
summary,int,rational-crossing,clipping,45307.422,46195.508,46952.539
sample,int,sparse-1,relationship,4,1,0,8192,820,27718300,0,0
sample,int,sparse-1,relationship,4,1,1,8192,820,27105600,0,0
sample,int,sparse-1,relationship,4,1,2,8192,820,37536700,0,0
sample,int,sparse-1,relationship,4,1,3,8192,820,27383500,0,0
sample,int,sparse-1,relationship,4,1,4,8192,820,27670600,0,0
sample,int,sparse-1,relationship,4,1,5,8192,820,28055500,0,0
sample,int,sparse-1,relationship,4,1,6,8192,820,27319700,0,0
summary,int,sparse-1,relationship,3308.789,3377.759,4582.117
sample,int,sparse-1,clipping,4,1,0,512,52,24181200,8478720,2
sample,int,sparse-1,clipping,4,1,1,512,52,23597200,8478720,2
sample,int,sparse-1,clipping,4,1,2,512,52,24073200,8478720,2
sample,int,sparse-1,clipping,4,1,3,512,52,23740000,8478720,2
sample,int,sparse-1,clipping,4,1,4,512,52,23831900,8478720,2
sample,int,sparse-1,clipping,4,1,5,512,52,23704400,8478720,2
sample,int,sparse-1,clipping,4,1,6,512,52,23600600,8478720,2
summary,int,sparse-1,clipping,46088.281,46367.188,47228.906
sample,int,sparse-4,relationship,16,1,0,2048,205,32079100,0,0
sample,int,sparse-4,relationship,16,1,1,2048,205,32123600,0,0
sample,int,sparse-4,relationship,16,1,2,2048,205,32373800,0,0
sample,int,sparse-4,relationship,16,1,3,2048,205,32476500,0,0
sample,int,sparse-4,relationship,16,1,4,2048,205,32483300,0,0
sample,int,sparse-4,relationship,16,1,5,2048,205,32226000,0,0
sample,int,sparse-4,relationship,16,1,6,2048,205,31974100,0,0
summary,int,sparse-4,relationship,15612.354,15735.352,15860.986
sample,int,sparse-4,clipping,16,1,0,512,52,31385400,8478720,2
sample,int,sparse-4,clipping,16,1,1,512,52,31193400,8478720,2
sample,int,sparse-4,clipping,16,1,2,512,52,31639900,8478720,2
sample,int,sparse-4,clipping,16,1,3,512,52,31536200,8478720,2
sample,int,sparse-4,clipping,16,1,4,512,52,31330200,8478720,2
sample,int,sparse-4,clipping,16,1,5,512,52,31130700,8478720,2
sample,int,sparse-4,clipping,16,1,6,512,52,31175300,8478720,2
summary,int,sparse-4,clipping,60802.148,61191.797,61796.680
sample,int,sparse-16,relationship,64,1,0,512,52,42075500,0,0
sample,int,sparse-16,relationship,64,1,1,512,52,32401700,0,0
sample,int,sparse-16,relationship,64,1,2,512,52,32542300,0,0
sample,int,sparse-16,relationship,64,1,3,512,52,32824500,0,0
sample,int,sparse-16,relationship,64,1,4,512,52,32810400,0,0
sample,int,sparse-16,relationship,64,1,5,512,52,32614500,0,0
sample,int,sparse-16,relationship,64,1,6,512,52,32642300,0,0
summary,int,sparse-16,relationship,63284.570,63754.492,82178.711
sample,int,sparse-16,clipping,64,1,0,256,26,30778600,4239360,1
sample,int,sparse-16,clipping,64,1,1,256,26,30630300,4239360,1
sample,int,sparse-16,clipping,64,1,2,256,26,30782400,4239360,1
sample,int,sparse-16,clipping,64,1,3,256,26,30671100,4239360,1
sample,int,sparse-16,clipping,64,1,4,256,26,33860700,4239360,1
sample,int,sparse-16,clipping,64,1,5,256,26,31065400,4239360,1
sample,int,sparse-16,clipping,64,1,6,256,26,31201300,4239360,1
summary,int,sparse-16,clipping,119649.609,120243.750,132268.359
sample,int,sparse-64,relationship,256,1,0,128,13,33112800,0,0
sample,int,sparse-64,relationship,256,1,1,128,13,33153500,0,0
sample,int,sparse-64,relationship,256,1,2,128,13,33109800,0,0
sample,int,sparse-64,relationship,256,1,3,128,13,33095800,0,0
sample,int,sparse-64,relationship,256,1,4,128,13,32629800,0,0
sample,int,sparse-64,relationship,256,1,5,128,13,32396700,0,0
sample,int,sparse-64,relationship,256,1,6,128,13,32130900,0,0
summary,int,sparse-64,relationship,251022.656,258560.938,259011.719
sample,int,sparse-64,clipping,256,1,0,64,7,21771400,1059840,0
sample,int,sparse-64,clipping,256,1,1,64,7,21478200,1059840,0
sample,int,sparse-64,clipping,256,1,2,64,7,21539300,1059840,0
sample,int,sparse-64,clipping,256,1,3,64,7,21384600,1059840,0
sample,int,sparse-64,clipping,256,1,4,64,7,21390800,1059840,0
sample,int,sparse-64,clipping,256,1,5,64,7,21619500,1059840,0
sample,int,sparse-64,clipping,256,1,6,64,7,21458200,1059840,0
summary,int,sparse-64,clipping,334134.375,335596.875,340178.125
sample,int,dense-1,relationship,4,1,0,8192,820,25616700,0,0
sample,int,dense-1,relationship,4,1,1,8192,820,25763500,0,0
sample,int,dense-1,relationship,4,1,2,8192,820,25750000,0,0
sample,int,dense-1,relationship,4,1,3,8192,820,25512500,0,0
sample,int,dense-1,relationship,4,1,4,8192,820,25970000,0,0
sample,int,dense-1,relationship,4,1,5,8192,820,26281600,0,0
sample,int,dense-1,relationship,4,1,6,8192,820,25945600,0,0
summary,int,dense-1,relationship,3114.319,3144.958,3208.203
sample,int,dense-1,clipping,4,1,0,512,52,22139900,8478720,2
sample,int,dense-1,clipping,4,1,1,512,52,22547500,8478720,2
sample,int,dense-1,clipping,4,1,2,512,52,22285800,8478720,2
sample,int,dense-1,clipping,4,1,3,512,52,22200300,8478720,2
sample,int,dense-1,clipping,4,1,4,512,52,22280900,8478720,2
sample,int,dense-1,clipping,4,1,5,512,52,22422400,8478720,2
sample,int,dense-1,clipping,4,1,6,512,52,23377200,8478720,2
summary,int,dense-1,clipping,43241.992,43526.953,45658.594
sample,int,dense-4,relationship,16,4,0,1024,103,22439300,0,0
sample,int,dense-4,relationship,16,4,1,1024,103,21282600,0,0
sample,int,dense-4,relationship,16,4,2,1024,103,21119400,0,0
sample,int,dense-4,relationship,16,4,3,1024,103,21515100,0,0
sample,int,dense-4,relationship,16,4,4,1024,103,21551800,0,0
sample,int,dense-4,relationship,16,4,5,1024,103,21507200,0,0
sample,int,dense-4,relationship,16,4,6,1024,103,21706200,0,0
summary,int,dense-4,relationship,20624.414,21010.840,21913.379
sample,int,dense-4,clipping,16,4,0,128,13,32016700,5294080,1
sample,int,dense-4,clipping,16,4,1,128,13,31687000,5294080,1
sample,int,dense-4,clipping,16,4,2,128,13,31424400,5294080,1
sample,int,dense-4,clipping,16,4,3,128,13,31399600,5294080,1
sample,int,dense-4,clipping,16,4,4,128,13,31621900,5294080,1
sample,int,dense-4,clipping,16,4,5,128,13,31362900,5294080,1
sample,int,dense-4,clipping,16,4,6,128,13,31550600,5294080,1
summary,int,dense-4,clipping,245022.656,246489.062,250130.469
sample,int,dense-16,relationship,64,16,0,256,26,24565000,0,0
sample,int,dense-16,relationship,64,16,1,256,26,33719400,0,0
sample,int,dense-16,relationship,64,16,2,256,26,24368400,0,0
sample,int,dense-16,relationship,64,16,3,256,26,24604800,0,0
sample,int,dense-16,relationship,64,16,4,256,26,24381500,0,0
sample,int,dense-16,relationship,64,16,5,256,26,24602400,0,0
sample,int,dense-16,relationship,64,16,6,256,26,24175400,0,0
summary,int,dense-16,relationship,94435.156,95957.031,131716.406
sample,int,dense-16,clipping,64,16,0,32,4,37736100,4640256,1
sample,int,dense-16,clipping,64,16,1,32,4,37845000,4640256,1
sample,int,dense-16,clipping,64,16,2,32,4,37676700,4640256,1
sample,int,dense-16,clipping,64,16,3,32,4,37327800,4640256,1
sample,int,dense-16,clipping,64,16,4,32,4,37282000,4640256,1
sample,int,dense-16,clipping,64,16,5,32,4,37537300,4640256,1
sample,int,dense-16,clipping,64,16,6,32,4,37841700,4640256,1
summary,int,dense-16,clipping,1165062.500,1177396.875,1182656.250
sample,int,dense-64,relationship,256,64,0,64,7,24844800,0,0
sample,int,dense-64,relationship,256,64,1,64,7,24649900,0,0
sample,int,dense-64,relationship,256,64,2,64,7,25014000,0,0
sample,int,dense-64,relationship,256,64,3,64,7,24760900,0,0
sample,int,dense-64,relationship,256,64,4,64,7,24933700,0,0
sample,int,dense-64,relationship,256,64,5,64,7,24775700,0,0
sample,int,dense-64,relationship,256,64,6,64,7,24873000,0,0
summary,int,dense-64,relationship,385154.688,388200.000,390843.750
sample,int,dense-64,clipping,256,64,0,4,1,21533200,2224128,0
sample,int,dense-64,clipping,256,64,1,4,1,22102200,2224128,0
sample,int,dense-64,clipping,256,64,2,4,1,21679700,2224128,0
sample,int,dense-64,clipping,256,64,3,4,1,21881900,2224128,0
sample,int,dense-64,clipping,256,64,4,4,1,22153100,2224128,0
sample,int,dense-64,clipping,256,64,5,4,1,21640600,2224128,0
sample,int,dense-64,clipping,256,64,6,4,1,21625800,2224128,0
summary,int,dense-64,clipping,5383300.000,5419925.000,5538275.000
sample,int,wide-integral,relationship,4,1,0,8192,820,27057900,0,0
sample,int,wide-integral,relationship,4,1,1,8192,820,37256200,0,0
sample,int,wide-integral,relationship,4,1,2,8192,820,26989700,0,0
sample,int,wide-integral,relationship,4,1,3,8192,820,27254800,0,0
sample,int,wide-integral,relationship,4,1,4,8192,820,27622400,0,0
sample,int,wide-integral,relationship,4,1,5,8192,820,27042100,0,0
sample,int,wide-integral,relationship,4,1,6,8192,820,27453000,0,0
summary,int,wide-integral,relationship,3294.641,3327.002,4547.876
sample,int,wide-integral,clipping,4,1,0,512,52,24442700,8478720,2
sample,int,wide-integral,clipping,4,1,1,512,52,24489500,8478720,2
sample,int,wide-integral,clipping,4,1,2,512,52,24148900,8478720,2
sample,int,wide-integral,clipping,4,1,3,512,52,24613900,8478720,2
sample,int,wide-integral,clipping,4,1,4,512,52,24226300,8478720,2
sample,int,wide-integral,clipping,4,1,5,512,52,24695800,8478720,2
sample,int,wide-integral,clipping,4,1,6,512,52,24331800,8478720,2
summary,int,wide-integral,clipping,47165.820,47739.648,48233.984
fixture,long,exterior,4,1,success,0
fixture,long,interior,4,4,success,1
fixture,long,crossing,4,7,success,1
fixture,long,boundary-only,4,10,success,1
fixture,long,boundary-overlap,4,11,success,1
fixture,long,isolated-tangent,4,3,success,0
fixture,long,degenerate-interior,4,4,success,0
fixture,long,degenerate-boundary,4,2,success,0
fixture,long,empty,0,1,success,0
fixture,long,concave-u,8,7,success,2
fixture,long,hole,8,7,success,2
fixture,long,hole-reversed,8,7,success,2
fixture,long,rational-crossing,3,7,success,1
fixture,long,sparse-1,4,7,success,1
fixture,long,sparse-4,16,7,success,1
fixture,long,sparse-16,64,7,success,1
fixture,long,sparse-64,256,7,success,1
fixture,long,dense-1,4,7,success,1
fixture,long,dense-4,16,7,success,4
fixture,long,dense-16,64,7,success,16
fixture,long,dense-64,256,7,success,64
fixture,long,wide-integral,4,7,success,1
fixture,long,endpoint-collapse,4,6,unrepresentableConstruction,0
fixture,long,gap-collapse,8,7,unrepresentableConstruction,0
preflight,long,24,PASS
sample,long,exterior,relationship,4,0,0,8192,820,27478300,0,0
sample,long,exterior,relationship,4,0,1,8192,820,27553400,0,0
sample,long,exterior,relationship,4,0,2,8192,820,27507800,0,0
sample,long,exterior,relationship,4,0,3,8192,820,27343000,0,0
sample,long,exterior,relationship,4,0,4,8192,820,27125400,0,0
sample,long,exterior,relationship,4,0,5,8192,820,27322500,0,0
sample,long,exterior,relationship,4,0,6,8192,820,27262600,0,0
summary,long,exterior,relationship,3311.206,3337.769,3363.452
sample,long,exterior,clipping,4,0,0,4096,410,32414200,33947648,8
sample,long,exterior,clipping,4,0,1,4096,410,32222800,33947648,8
sample,long,exterior,clipping,4,0,2,4096,410,32322300,33947648,8
sample,long,exterior,clipping,4,0,3,4096,410,31112300,33947648,8
sample,long,exterior,clipping,4,0,4,4096,410,31210300,33947648,8
sample,long,exterior,clipping,4,0,5,4096,410,31331800,33947648,8
sample,long,exterior,clipping,4,0,6,4096,410,31990200,33947648,8
summary,long,exterior,clipping,7595.776,7810.107,7913.623
sample,long,interior,relationship,4,1,0,8192,820,36026300,0,0
sample,long,interior,relationship,4,1,1,8192,820,25965000,0,0
sample,long,interior,relationship,4,1,2,8192,820,25914200,0,0
sample,long,interior,relationship,4,1,3,8192,820,25933700,0,0
sample,long,interior,relationship,4,1,4,8192,820,25696300,0,0
sample,long,interior,relationship,4,1,5,8192,820,25670200,0,0
sample,long,interior,relationship,4,1,6,8192,820,26484100,0,0
summary,long,interior,relationship,3133.569,3165.735,4397.742
sample,long,interior,clipping,4,1,0,2048,205,35215700,17072128,4
sample,long,interior,clipping,4,1,1,2048,205,35586700,17072128,4
sample,long,interior,clipping,4,1,2,2048,205,35540400,17072128,4
sample,long,interior,clipping,4,1,3,2048,205,36068000,17072128,4
sample,long,interior,clipping,4,1,4,2048,205,35146200,17072128,4
sample,long,interior,clipping,4,1,5,2048,205,36568200,17072128,4
sample,long,interior,clipping,4,1,6,2048,205,35589400,17072128,4
summary,long,interior,clipping,17161.230,17376.318,17855.566
sample,long,crossing,relationship,4,1,0,8192,820,26142100,0,0
sample,long,crossing,relationship,4,1,1,8192,820,27470300,0,0
sample,long,crossing,relationship,4,1,2,8192,820,27236600,0,0
sample,long,crossing,relationship,4,1,3,8192,820,28041300,0,0
sample,long,crossing,relationship,4,1,4,8192,820,28414800,0,0
sample,long,crossing,relationship,4,1,5,8192,820,28093700,0,0
sample,long,crossing,relationship,4,1,6,8192,820,27551000,0,0
summary,long,crossing,relationship,3191.174,3363.159,3468.604
sample,long,crossing,clipping,4,1,0,512,52,23828300,8478720,2
sample,long,crossing,clipping,4,1,1,512,52,23487100,8478720,2
sample,long,crossing,clipping,4,1,2,512,52,23845900,8478720,2
sample,long,crossing,clipping,4,1,3,512,52,24315000,8478720,2
sample,long,crossing,clipping,4,1,4,512,52,23891900,8478720,2
sample,long,crossing,clipping,4,1,5,512,52,23977200,8478720,2
sample,long,crossing,clipping,4,1,6,512,52,23732700,8478720,2
summary,long,crossing,clipping,45873.242,46574.023,47490.234
sample,long,boundary-only,relationship,4,1,0,8192,820,36776300,0,0
sample,long,boundary-only,relationship,4,1,1,8192,820,36482800,0,0
sample,long,boundary-only,relationship,4,1,2,8192,820,36357000,0,0
sample,long,boundary-only,relationship,4,1,3,8192,820,36458300,0,0
sample,long,boundary-only,relationship,4,1,4,8192,820,37533100,0,0
sample,long,boundary-only,relationship,4,1,5,8192,820,39170000,0,0
sample,long,boundary-only,relationship,4,1,6,8192,820,37956600,0,0
summary,long,boundary-only,relationship,4438.110,4489.294,4781.494
sample,long,boundary-only,clipping,4,1,0,1024,103,30866700,21118976,5
sample,long,boundary-only,clipping,4,1,1,1024,103,30547000,21118976,5
sample,long,boundary-only,clipping,4,1,2,1024,103,30549500,21118976,5
sample,long,boundary-only,clipping,4,1,3,1024,103,30220300,21118976,5
sample,long,boundary-only,clipping,4,1,4,1024,103,30704300,21118976,5
sample,long,boundary-only,clipping,4,1,5,1024,103,30693300,21118976,5
sample,long,boundary-only,clipping,4,1,6,1024,103,30605100,21118976,5
summary,long,boundary-only,clipping,29512.012,29887.793,30143.262
sample,long,boundary-overlap,relationship,4,1,0,4096,410,23515000,0,0
sample,long,boundary-overlap,relationship,4,1,1,4096,410,23691500,0,0
sample,long,boundary-overlap,relationship,4,1,2,4096,410,23323900,0,0
sample,long,boundary-overlap,relationship,4,1,3,4096,410,23519600,0,0
sample,long,boundary-overlap,relationship,4,1,4,4096,410,23642700,0,0
sample,long,boundary-overlap,relationship,4,1,5,4096,410,22895900,0,0
sample,long,boundary-overlap,relationship,4,1,6,4096,410,23461200,0,0
summary,long,boundary-overlap,relationship,5589.819,5740.967,5784.058
sample,long,boundary-overlap,clipping,4,1,0,1024,103,33173700,21151744,5
sample,long,boundary-overlap,clipping,4,1,1,1024,103,32672300,21151744,5
sample,long,boundary-overlap,clipping,4,1,2,1024,103,32635200,21151744,5
sample,long,boundary-overlap,clipping,4,1,3,1024,103,32589400,21151744,5
sample,long,boundary-overlap,clipping,4,1,4,1024,103,32772400,21151744,5
sample,long,boundary-overlap,clipping,4,1,5,1024,103,41914300,21151744,5
sample,long,boundary-overlap,clipping,4,1,6,1024,103,32472400,21151744,5
summary,long,boundary-overlap,clipping,31711.328,31906.543,40931.934
sample,long,isolated-tangent,relationship,4,0,0,4096,410,20463000,0,0
sample,long,isolated-tangent,relationship,4,0,1,4096,410,20362800,0,0
sample,long,isolated-tangent,relationship,4,0,2,4096,410,20836500,0,0
sample,long,isolated-tangent,relationship,4,0,3,4096,410,20531200,0,0
sample,long,isolated-tangent,relationship,4,0,4,4096,410,20628600,0,0
sample,long,isolated-tangent,relationship,4,0,5,4096,410,20459000,0,0
sample,long,isolated-tangent,relationship,4,0,6,4096,410,20973700,0,0
summary,long,isolated-tangent,relationship,4971.387,5012.500,5120.532
sample,long,isolated-tangent,clipping,4,0,0,2048,205,29093000,33751040,8
sample,long,isolated-tangent,clipping,4,0,1,2048,205,28995800,33751040,8
sample,long,isolated-tangent,clipping,4,0,2,2048,205,28871800,33751040,8
sample,long,isolated-tangent,clipping,4,0,3,2048,205,28992600,33751040,8
sample,long,isolated-tangent,clipping,4,0,4,2048,205,28955000,33751040,8
sample,long,isolated-tangent,clipping,4,0,5,2048,205,28310300,33751040,8
sample,long,isolated-tangent,clipping,4,0,6,2048,205,28827300,33751040,8
summary,long,isolated-tangent,clipping,13823.389,14138.184,14205.566
sample,long,degenerate-interior,relationship,4,0,0,65536,6554,7036000,0,0
sample,long,degenerate-interior,relationship,4,0,1,65536,6554,7483000,0,0
sample,long,degenerate-interior,relationship,4,0,2,65536,6554,7043000,0,0
sample,long,degenerate-interior,relationship,4,0,3,65536,6554,7451100,0,0
sample,long,degenerate-interior,relationship,4,0,4,65536,6554,7056400,0,0
sample,long,degenerate-interior,relationship,4,0,5,65536,6554,7241400,0,0
sample,long,degenerate-interior,relationship,4,0,6,65536,6554,7146700,0,0
summary,long,degenerate-interior,relationship,107.361,109.050,114.182
sample,long,degenerate-interior,clipping,4,0,0,65536,6554,2260800,0,0
sample,long,degenerate-interior,clipping,4,0,1,65536,6554,2575800,0,0
sample,long,degenerate-interior,clipping,4,0,2,65536,6554,2364400,0,0
sample,long,degenerate-interior,clipping,4,0,3,65536,6554,2267700,0,0
sample,long,degenerate-interior,clipping,4,0,4,65536,6554,2193700,0,0
sample,long,degenerate-interior,clipping,4,0,5,65536,6554,2243600,0,0
sample,long,degenerate-interior,clipping,4,0,6,65536,6554,2253300,0,0
summary,long,degenerate-interior,clipping,33.473,34.497,39.304
sample,long,degenerate-boundary,relationship,4,0,0,65536,6554,7729100,0,0
sample,long,degenerate-boundary,relationship,4,0,1,65536,6554,7163600,0,0
sample,long,degenerate-boundary,relationship,4,0,2,65536,6554,7093800,0,0
sample,long,degenerate-boundary,relationship,4,0,3,65536,6554,7107100,0,0
sample,long,degenerate-boundary,relationship,4,0,4,65536,6554,7010200,0,0
sample,long,degenerate-boundary,relationship,4,0,5,65536,6554,7142400,0,0
sample,long,degenerate-boundary,relationship,4,0,6,65536,6554,7016700,0,0
summary,long,degenerate-boundary,relationship,106.967,108.446,117.937
sample,long,degenerate-boundary,clipping,4,0,0,65536,6554,2256300,0,0
sample,long,degenerate-boundary,clipping,4,0,1,65536,6554,2243400,0,0
sample,long,degenerate-boundary,clipping,4,0,2,65536,6554,2245200,0,0
sample,long,degenerate-boundary,clipping,4,0,3,65536,6554,2228500,0,0
sample,long,degenerate-boundary,clipping,4,0,4,65536,6554,2283400,0,0
sample,long,degenerate-boundary,clipping,4,0,5,65536,6554,2266000,0,0
sample,long,degenerate-boundary,clipping,4,0,6,65536,6554,2282400,0,0
summary,long,degenerate-boundary,clipping,34.004,34.428,34.842
sample,long,empty,relationship,0,0,0,65536,6554,2099200,0,0
sample,long,empty,relationship,0,0,1,65536,6554,2092500,0,0
sample,long,empty,relationship,0,0,2,65536,6554,2094500,0,0
sample,long,empty,relationship,0,0,3,65536,6554,2095800,0,0
sample,long,empty,relationship,0,0,4,65536,6554,2093000,0,0
sample,long,empty,relationship,0,0,5,65536,6554,2095300,0,0
sample,long,empty,relationship,0,0,6,65536,6554,2090800,0,0
summary,long,empty,relationship,31.903,31.960,32.031
sample,long,empty,clipping,0,0,0,65536,6554,2194300,0,0
sample,long,empty,clipping,0,0,1,65536,6554,2260400,0,0
sample,long,empty,clipping,0,0,2,65536,6554,2224000,0,0
sample,long,empty,clipping,0,0,3,65536,6554,2208000,0,0
sample,long,empty,clipping,0,0,4,65536,6554,2225500,0,0
sample,long,empty,clipping,0,0,5,65536,6554,2225000,0,0
sample,long,empty,clipping,0,0,6,65536,6554,2224600,0,0
summary,long,empty,clipping,33.482,33.945,34.491
sample,long,concave-u,relationship,8,2,0,4096,410,36436800,0,0
sample,long,concave-u,relationship,8,2,1,4096,410,36916200,0,0
sample,long,concave-u,relationship,8,2,2,4096,410,37333500,0,0
sample,long,concave-u,relationship,8,2,3,4096,410,36786100,0,0
sample,long,concave-u,relationship,8,2,4,4096,410,36427500,0,0
sample,long,concave-u,relationship,8,2,5,4096,410,47089600,0,0
sample,long,concave-u,relationship,8,2,6,4096,410,36918300,0,0
summary,long,concave-u,relationship,8893.433,9012.744,11496.484
sample,long,concave-u,clipping,8,2,0,256,26,26499800,6356992,1
sample,long,concave-u,clipping,8,2,1,256,26,26240000,6356992,1
sample,long,concave-u,clipping,8,2,2,256,26,26369700,6356992,1
sample,long,concave-u,clipping,8,2,3,256,26,26504400,6356992,1
sample,long,concave-u,clipping,8,2,4,256,26,26444000,6356992,1
sample,long,concave-u,clipping,8,2,5,256,26,26396900,6356992,1
sample,long,concave-u,clipping,8,2,6,256,26,26686700,6356992,1
summary,long,concave-u,clipping,102500.000,103296.875,104244.922
sample,long,hole,relationship,8,2,0,4096,410,39458600,0,0
sample,long,hole,relationship,8,2,1,4096,410,37603300,0,0
sample,long,hole,relationship,8,2,2,4096,410,38022000,0,0
sample,long,hole,relationship,8,2,3,4096,410,38397900,0,0
sample,long,hole,relationship,8,2,4,4096,410,40053300,0,0
sample,long,hole,relationship,8,2,5,4096,410,40513500,0,0
sample,long,hole,relationship,8,2,6,4096,410,39819500,0,0
summary,long,hole,relationship,9180.493,9633.447,9890.991
sample,long,hole,clipping,8,2,0,256,26,28278000,6356992,1
sample,long,hole,clipping,8,2,1,256,26,28516900,6356992,1
sample,long,hole,clipping,8,2,2,256,26,28740600,6356992,1
sample,long,hole,clipping,8,2,3,256,26,28079200,6356992,1
sample,long,hole,clipping,8,2,4,256,26,28347100,6356992,1
sample,long,hole,clipping,8,2,5,256,26,28664300,6356992,1
sample,long,hole,clipping,8,2,6,256,26,28599900,6356992,1
summary,long,hole,clipping,109684.375,111394.141,112267.969
sample,long,hole-reversed,relationship,8,2,0,4096,410,49198300,0,0
sample,long,hole-reversed,relationship,8,2,1,4096,410,39433000,0,0
sample,long,hole-reversed,relationship,8,2,2,4096,410,39287900,0,0
sample,long,hole-reversed,relationship,8,2,3,4096,410,40070800,0,0
sample,long,hole-reversed,relationship,8,2,4,4096,410,39261900,0,0
sample,long,hole-reversed,relationship,8,2,5,4096,410,39206300,0,0
sample,long,hole-reversed,relationship,8,2,6,4096,410,39901800,0,0
summary,long,hole-reversed,relationship,9571.851,9627.197,12011.304
sample,long,hole-reversed,clipping,8,2,0,256,26,27967100,6356992,1
sample,long,hole-reversed,clipping,8,2,1,256,26,28234000,6356992,1
sample,long,hole-reversed,clipping,8,2,2,256,26,27747800,6356992,1
sample,long,hole-reversed,clipping,8,2,3,256,26,26835700,6356992,1
sample,long,hole-reversed,clipping,8,2,4,256,26,26752900,6356992,1
sample,long,hole-reversed,clipping,8,2,5,256,26,26397400,6356992,1
sample,long,hole-reversed,clipping,8,2,6,256,26,26475900,6356992,1
summary,long,hole-reversed,clipping,103114.844,104826.953,110289.062
sample,long,rational-crossing,relationship,3,1,0,16384,1639,37259800,0,0
sample,long,rational-crossing,relationship,3,1,1,16384,1639,35988200,0,0
sample,long,rational-crossing,relationship,3,1,2,16384,1639,35840800,0,0
sample,long,rational-crossing,relationship,3,1,3,16384,1639,35587900,0,0
sample,long,rational-crossing,relationship,3,1,4,16384,1639,35919800,0,0
sample,long,rational-crossing,relationship,3,1,5,16384,1639,35992100,0,0
sample,long,rational-crossing,relationship,3,1,6,16384,1639,35925400,0,0
summary,long,rational-crossing,relationship,2172.113,2192.712,2274.158
sample,long,rational-crossing,clipping,3,1,0,512,52,22265500,8478720,2
sample,long,rational-crossing,clipping,3,1,1,512,52,23760300,8478720,2
sample,long,rational-crossing,clipping,3,1,2,512,52,24569400,8478720,2
sample,long,rational-crossing,clipping,3,1,3,512,52,23603100,8478720,2
sample,long,rational-crossing,clipping,3,1,4,512,52,34585500,8478720,2
sample,long,rational-crossing,clipping,3,1,5,512,52,23847900,8478720,2
sample,long,rational-crossing,clipping,3,1,6,512,52,23598000,8478720,2
summary,long,rational-crossing,clipping,43487.305,46406.836,67549.805
sample,long,sparse-1,relationship,4,1,0,8192,820,27502200,0,0
sample,long,sparse-1,relationship,4,1,1,8192,820,27573300,0,0
sample,long,sparse-1,relationship,4,1,2,8192,820,27203300,0,0
sample,long,sparse-1,relationship,4,1,3,8192,820,27751600,0,0
sample,long,sparse-1,relationship,4,1,4,8192,820,27131400,0,0
sample,long,sparse-1,relationship,4,1,5,8192,820,27281800,0,0
sample,long,sparse-1,relationship,4,1,6,8192,820,27481100,0,0
summary,long,sparse-1,relationship,3311.938,3354.626,3387.646
sample,long,sparse-1,clipping,4,1,0,512,52,23687400,8478720,2
sample,long,sparse-1,clipping,4,1,1,512,52,24111800,8478720,2
sample,long,sparse-1,clipping,4,1,2,512,52,23505000,8478720,2
sample,long,sparse-1,clipping,4,1,3,512,52,23966700,8478720,2
sample,long,sparse-1,clipping,4,1,4,512,52,23571400,8478720,2
sample,long,sparse-1,clipping,4,1,5,512,52,23944200,8478720,2
sample,long,sparse-1,clipping,4,1,6,512,52,23479500,8478720,2
summary,long,sparse-1,clipping,45858.398,46264.453,47093.359
sample,long,sparse-4,relationship,16,1,0,2048,205,32128300,0,0
sample,long,sparse-4,relationship,16,1,1,2048,205,32193000,0,0
sample,long,sparse-4,relationship,16,1,2,2048,205,32018200,0,0
sample,long,sparse-4,relationship,16,1,3,2048,205,32042700,0,0
sample,long,sparse-4,relationship,16,1,4,2048,205,31869200,0,0
sample,long,sparse-4,relationship,16,1,5,2048,205,31919400,0,0
sample,long,sparse-4,relationship,16,1,6,2048,205,32012400,0,0
summary,long,sparse-4,relationship,15561.133,15633.887,15719.238
sample,long,sparse-4,clipping,16,1,0,512,52,31446000,8478720,2
sample,long,sparse-4,clipping,16,1,1,512,52,31669000,8478720,2
sample,long,sparse-4,clipping,16,1,2,512,52,31756700,8478720,2
sample,long,sparse-4,clipping,16,1,3,512,52,34775800,8478720,2
sample,long,sparse-4,clipping,16,1,4,512,52,37369700,8478720,2
sample,long,sparse-4,clipping,16,1,5,512,52,31604000,8478720,2
sample,long,sparse-4,clipping,16,1,6,512,52,31618600,8478720,2
summary,long,sparse-4,clipping,61417.969,61853.516,72987.695
sample,long,sparse-16,relationship,64,1,0,512,52,33120200,0,0
sample,long,sparse-16,relationship,64,1,1,512,52,32958600,0,0
sample,long,sparse-16,relationship,64,1,2,512,52,33309200,0,0
sample,long,sparse-16,relationship,64,1,3,512,52,33082700,0,0
sample,long,sparse-16,relationship,64,1,4,512,52,33213000,0,0
sample,long,sparse-16,relationship,64,1,5,512,52,33589900,0,0
sample,long,sparse-16,relationship,64,1,6,512,52,33094300,0,0
summary,long,sparse-16,relationship,64372.266,64687.891,65605.273
sample,long,sparse-16,clipping,64,1,0,256,26,31120600,4239360,1
sample,long,sparse-16,clipping,64,1,1,256,26,31588500,4239360,1
sample,long,sparse-16,clipping,64,1,2,256,26,31554600,4239360,1
sample,long,sparse-16,clipping,64,1,3,256,26,31541500,4239360,1
sample,long,sparse-16,clipping,64,1,4,256,26,31348700,4239360,1
sample,long,sparse-16,clipping,64,1,5,256,26,31407600,4239360,1
sample,long,sparse-16,clipping,64,1,6,256,26,31514300,4239360,1
summary,long,sparse-16,clipping,121564.844,123102.734,123392.578
sample,long,sparse-64,relationship,256,1,0,128,13,34070500,0,0
sample,long,sparse-64,relationship,256,1,1,128,13,33946800,0,0
sample,long,sparse-64,relationship,256,1,2,128,13,33664200,0,0
sample,long,sparse-64,relationship,256,1,3,128,13,33723300,0,0
sample,long,sparse-64,relationship,256,1,4,128,13,33910700,0,0
sample,long,sparse-64,relationship,256,1,5,128,13,33790800,0,0
sample,long,sparse-64,relationship,256,1,6,128,13,33786600,0,0
summary,long,sparse-64,relationship,263001.562,263990.625,266175.781
sample,long,sparse-64,clipping,256,1,0,64,7,22759500,1059840,0
sample,long,sparse-64,clipping,256,1,1,64,7,22608400,1059840,0
sample,long,sparse-64,clipping,256,1,2,64,7,22304400,1059840,0
sample,long,sparse-64,clipping,256,1,3,64,7,22334400,1059840,0
sample,long,sparse-64,clipping,256,1,4,64,7,22245100,1059840,0
sample,long,sparse-64,clipping,256,1,5,64,7,22375300,1059840,0
sample,long,sparse-64,clipping,256,1,6,64,7,22221200,1059840,0
summary,long,sparse-64,clipping,347206.250,348975.000,355617.188
sample,long,dense-1,relationship,4,1,0,8192,820,26286800,0,0
sample,long,dense-1,relationship,4,1,1,8192,820,26100300,0,0
sample,long,dense-1,relationship,4,1,2,8192,820,27240000,0,0
sample,long,dense-1,relationship,4,1,3,8192,820,26308700,0,0
sample,long,dense-1,relationship,4,1,4,8192,820,26104900,0,0
sample,long,dense-1,relationship,4,1,5,8192,820,26177700,0,0
sample,long,dense-1,relationship,4,1,6,8192,820,26240800,0,0
summary,long,dense-1,relationship,3186.072,3203.223,3325.195
sample,long,dense-1,clipping,4,1,0,512,52,22646600,8478720,2
sample,long,dense-1,clipping,4,1,1,512,52,23023700,8478720,2
sample,long,dense-1,clipping,4,1,2,512,52,22695700,8478720,2
sample,long,dense-1,clipping,4,1,3,512,52,22422700,8478720,2
sample,long,dense-1,clipping,4,1,4,512,52,22430000,8478720,2
sample,long,dense-1,clipping,4,1,5,512,52,22369100,8478720,2
sample,long,dense-1,clipping,4,1,6,512,52,22364700,8478720,2
summary,long,dense-1,clipping,43681.055,43808.594,44968.164
sample,long,dense-4,relationship,16,4,0,1024,103,21156000,0,0
sample,long,dense-4,relationship,16,4,1,1024,103,20979000,0,0
sample,long,dense-4,relationship,16,4,2,1024,103,21024600,0,0
sample,long,dense-4,relationship,16,4,3,1024,103,21183500,0,0
sample,long,dense-4,relationship,16,4,4,1024,103,21248300,0,0
sample,long,dense-4,relationship,16,4,5,1024,103,21510300,0,0
sample,long,dense-4,relationship,16,4,6,1024,103,21472100,0,0
summary,long,dense-4,relationship,20487.305,20687.012,21006.152
sample,long,dense-4,clipping,16,4,0,128,13,31408400,5294080,1
sample,long,dense-4,clipping,16,4,1,128,13,32093200,5294080,1
sample,long,dense-4,clipping,16,4,2,128,13,31774700,5294080,1
sample,long,dense-4,clipping,16,4,3,128,13,40484500,5294080,1
sample,long,dense-4,clipping,16,4,4,128,13,31171600,5294080,1
sample,long,dense-4,clipping,16,4,5,128,13,31389500,5294080,1
sample,long,dense-4,clipping,16,4,6,128,13,31579300,5294080,1
summary,long,dense-4,clipping,243528.125,246713.281,316285.156
sample,long,dense-16,relationship,64,16,0,256,26,25188700,0,0
sample,long,dense-16,relationship,64,16,1,256,26,24648300,0,0
sample,long,dense-16,relationship,64,16,2,256,26,25603500,0,0
sample,long,dense-16,relationship,64,16,3,256,26,24476700,0,0
sample,long,dense-16,relationship,64,16,4,256,26,25217400,0,0
sample,long,dense-16,relationship,64,16,5,256,26,24595100,0,0
sample,long,dense-16,relationship,64,16,6,256,26,25002100,0,0
summary,long,dense-16,relationship,95612.109,97664.453,100013.672
sample,long,dense-16,clipping,64,16,0,32,4,37647100,4640256,1
sample,long,dense-16,clipping,64,16,1,32,4,37262200,4640256,1
sample,long,dense-16,clipping,64,16,2,32,4,37177900,4640256,1
sample,long,dense-16,clipping,64,16,3,32,4,37229500,4640256,1
sample,long,dense-16,clipping,64,16,4,32,4,37623000,4640256,1
sample,long,dense-16,clipping,64,16,5,32,4,37234600,4640256,1
sample,long,dense-16,clipping,64,16,6,32,4,37082200,4640256,1
summary,long,dense-16,clipping,1158818.750,1163581.250,1176471.875
sample,long,dense-64,relationship,256,64,0,64,7,25618200,0,0
sample,long,dense-64,relationship,256,64,1,64,7,25013500,0,0
sample,long,dense-64,relationship,256,64,2,64,7,25596500,0,0
sample,long,dense-64,relationship,256,64,3,64,7,24963100,0,0
sample,long,dense-64,relationship,256,64,4,64,7,25296600,0,0
sample,long,dense-64,relationship,256,64,5,64,7,25251500,0,0
sample,long,dense-64,relationship,256,64,6,64,7,25064100,0,0
summary,long,dense-64,relationship,390048.438,394554.688,400284.375
sample,long,dense-64,clipping,256,64,0,4,1,21723100,2224128,0
sample,long,dense-64,clipping,256,64,1,4,1,21636100,2224128,0
sample,long,dense-64,clipping,256,64,2,4,1,31228000,2224128,0
sample,long,dense-64,clipping,256,64,3,4,1,21694400,2224128,0
sample,long,dense-64,clipping,256,64,4,4,1,21893300,2224128,0
sample,long,dense-64,clipping,256,64,5,4,1,21616700,2224128,0
sample,long,dense-64,clipping,256,64,6,4,1,21508700,2224128,0
summary,long,dense-64,clipping,5377175.000,5423600.000,7807000.000
sample,long,wide-integral,relationship,4,1,0,8192,820,28716300,0,0
sample,long,wide-integral,relationship,4,1,1,8192,820,27508000,0,0
sample,long,wide-integral,relationship,4,1,2,8192,820,27854100,0,0
sample,long,wide-integral,relationship,4,1,3,8192,820,27651400,0,0
sample,long,wide-integral,relationship,4,1,4,8192,820,27668900,0,0
sample,long,wide-integral,relationship,4,1,5,8192,820,27870400,0,0
sample,long,wide-integral,relationship,4,1,6,8192,820,27692700,0,0
summary,long,wide-integral,relationship,3357.910,3380.457,3505.408
sample,long,wide-integral,clipping,4,1,0,512,52,25662600,8478720,2
sample,long,wide-integral,clipping,4,1,1,512,52,26268900,8478720,2
sample,long,wide-integral,clipping,4,1,2,512,52,26062100,8478720,2
sample,long,wide-integral,clipping,4,1,3,512,52,26019400,8478720,2
sample,long,wide-integral,clipping,4,1,4,512,52,26342500,8478720,2
sample,long,wide-integral,clipping,4,1,5,512,52,25870100,8478720,2
sample,long,wide-integral,clipping,4,1,6,512,52,26237600,8478720,2
summary,long,wide-integral,clipping,50122.266,50902.539,51450.195
sample,long,endpoint-collapse,relationship,4,0,0,4096,410,21086200,0,0
sample,long,endpoint-collapse,relationship,4,0,1,4096,410,20683100,0,0
sample,long,endpoint-collapse,relationship,4,0,2,4096,410,20582700,0,0
sample,long,endpoint-collapse,relationship,4,0,3,4096,410,20753600,0,0
sample,long,endpoint-collapse,relationship,4,0,4,4096,410,20795400,0,0
sample,long,endpoint-collapse,relationship,4,0,5,4096,410,20540300,0,0
sample,long,endpoint-collapse,relationship,4,0,6,4096,410,20526900,0,0
summary,long,endpoint-collapse,relationship,5011.450,5049.585,5147.998
sample,long,endpoint-collapse,clipping,4,0,0,1024,103,37778500,16924672,4
sample,long,endpoint-collapse,clipping,4,0,1,1024,103,38525600,16924672,4
sample,long,endpoint-collapse,clipping,4,0,2,1024,103,37451700,16924672,4
sample,long,endpoint-collapse,clipping,4,0,3,1024,103,38540500,16924672,4
sample,long,endpoint-collapse,clipping,4,0,4,1024,103,42982600,16924672,4
sample,long,endpoint-collapse,clipping,4,0,5,1024,103,35735700,16924672,4
sample,long,endpoint-collapse,clipping,4,0,6,1024,103,36118100,16924672,4
summary,long,endpoint-collapse,clipping,34898.145,36893.066,41975.195
sample,long,gap-collapse,relationship,8,0,0,2048,205,22474700,0,0
sample,long,gap-collapse,relationship,8,0,1,2048,205,22323900,0,0
sample,long,gap-collapse,relationship,8,0,2,2048,205,22415600,0,0
sample,long,gap-collapse,relationship,8,0,3,2048,205,22609200,0,0
sample,long,gap-collapse,relationship,8,0,4,2048,205,22639900,0,0
sample,long,gap-collapse,relationship,8,0,5,2048,205,23057700,0,0
sample,long,gap-collapse,relationship,8,0,6,2048,205,22596700,0,0
summary,long,gap-collapse,relationship,10900.342,11033.545,11258.643
sample,long,gap-collapse,clipping,8,0,0,256,26,24645700,6348800,1
sample,long,gap-collapse,clipping,8,0,1,256,26,24571500,6348800,1
sample,long,gap-collapse,clipping,8,0,2,256,26,24689000,6348800,1
sample,long,gap-collapse,clipping,8,0,3,256,26,24361000,6348800,1
sample,long,gap-collapse,clipping,8,0,4,256,26,24892400,6348800,1
sample,long,gap-collapse,clipping,8,0,5,256,26,24696400,6348800,1
sample,long,gap-collapse,clipping,8,0,6,256,26,24824800,6348800,1
summary,long,gap-collapse,clipping,95160.156,96441.406,97235.938
fixture,float,exterior,4,1,success,0
fixture,float,interior,4,4,success,1
fixture,float,crossing,4,7,success,1
fixture,float,boundary-only,4,10,success,1
fixture,float,boundary-overlap,4,11,success,1
fixture,float,isolated-tangent,4,3,success,0
fixture,float,degenerate-interior,4,4,success,0
fixture,float,degenerate-boundary,4,2,success,0
fixture,float,empty,0,1,success,0
fixture,float,concave-u,8,7,success,2
fixture,float,hole,8,7,success,2
fixture,float,hole-reversed,8,7,success,2
fixture,float,rational-crossing,3,7,success,1
fixture,float,sparse-1,4,7,success,1
fixture,float,sparse-4,16,7,success,1
fixture,float,sparse-16,64,7,success,1
fixture,float,sparse-64,256,7,success,1
fixture,float,dense-1,4,7,success,1
fixture,float,dense-4,16,7,success,4
fixture,float,dense-16,64,7,success,16
fixture,float,dense-64,256,7,success,64
fixture,float,subnormal,4,7,success,1
fixture,float,large-finite,4,7,success,1
preflight,float,23,PASS
sample,float,exterior,relationship,4,0,0,8192,820,25522800,0,0
sample,float,exterior,relationship,4,0,1,8192,820,25112200,0,0
sample,float,exterior,relationship,4,0,2,8192,820,25513800,0,0
sample,float,exterior,relationship,4,0,3,8192,820,25429600,0,0
sample,float,exterior,relationship,4,0,4,8192,820,25391500,0,0
sample,float,exterior,relationship,4,0,5,8192,820,25217300,0,0
sample,float,exterior,relationship,4,0,6,8192,820,25254600,0,0
summary,float,exterior,relationship,3065.454,3099.548,3115.576
sample,float,exterior,clipping,4,0,0,4096,410,32159500,33947648,8
sample,float,exterior,clipping,4,0,1,4096,410,33773400,33947648,8
sample,float,exterior,clipping,4,0,2,4096,410,33085800,33947648,8
sample,float,exterior,clipping,4,0,3,4096,410,32604000,33947648,8
sample,float,exterior,clipping,4,0,4,4096,410,43179800,33947648,8
sample,float,exterior,clipping,4,0,5,4096,410,32933000,33947648,8
sample,float,exterior,clipping,4,0,6,4096,410,32835200,33947648,8
summary,float,exterior,clipping,7851.440,8040.283,10541.943
sample,float,interior,relationship,4,1,0,8192,820,26517900,0,0
sample,float,interior,relationship,4,1,1,8192,820,26523600,0,0
sample,float,interior,relationship,4,1,2,8192,820,26567700,0,0
sample,float,interior,relationship,4,1,3,8192,820,26498600,0,0
sample,float,interior,relationship,4,1,4,8192,820,26729800,0,0
sample,float,interior,relationship,4,1,5,8192,820,26761200,0,0
sample,float,interior,relationship,4,1,6,8192,820,26394200,0,0
summary,float,interior,relationship,3221.948,3237.744,3266.748
sample,float,interior,clipping,4,1,0,2048,205,37277700,17072128,4
sample,float,interior,clipping,4,1,1,2048,205,37156500,17072128,4
sample,float,interior,clipping,4,1,2,2048,205,38187800,17072128,4
sample,float,interior,clipping,4,1,3,2048,205,37145400,17072128,4
sample,float,interior,clipping,4,1,4,2048,205,37232200,17072128,4
sample,float,interior,clipping,4,1,5,2048,205,37588100,17072128,4
sample,float,interior,clipping,4,1,6,2048,205,37619600,17072128,4
summary,float,interior,clipping,18137.402,18202.002,18646.387
sample,float,crossing,relationship,4,1,0,8192,820,26071600,0,0
sample,float,crossing,relationship,4,1,1,8192,820,26059500,0,0
sample,float,crossing,relationship,4,1,2,8192,820,26365400,0,0
sample,float,crossing,relationship,4,1,3,8192,820,25907600,0,0
sample,float,crossing,relationship,4,1,4,8192,820,26486800,0,0
sample,float,crossing,relationship,4,1,5,8192,820,25894300,0,0
sample,float,crossing,relationship,4,1,6,8192,820,26520900,0,0
summary,float,crossing,relationship,3160.925,3182.568,3237.415
sample,float,crossing,clipping,4,1,0,512,52,24448000,8478720,2
sample,float,crossing,clipping,4,1,1,512,52,30946400,8478720,2
sample,float,crossing,clipping,4,1,2,512,52,28775000,8478720,2
sample,float,crossing,clipping,4,1,3,512,52,24708100,8478720,2
sample,float,crossing,clipping,4,1,4,512,52,24231500,8478720,2
sample,float,crossing,clipping,4,1,5,512,52,24577100,8478720,2
sample,float,crossing,clipping,4,1,6,512,52,24312600,8478720,2
summary,float,crossing,clipping,47327.148,48002.148,60442.188
sample,float,boundary-only,relationship,4,1,0,8192,820,29160300,0,0
sample,float,boundary-only,relationship,4,1,1,8192,820,29417600,0,0
sample,float,boundary-only,relationship,4,1,2,8192,820,29535500,0,0
sample,float,boundary-only,relationship,4,1,3,8192,820,29415900,0,0
sample,float,boundary-only,relationship,4,1,4,8192,820,29271400,0,0
sample,float,boundary-only,relationship,4,1,5,8192,820,28947700,0,0
sample,float,boundary-only,relationship,4,1,6,8192,820,29441900,0,0
summary,float,boundary-only,relationship,3533.655,3590.808,3605.408
sample,float,boundary-only,clipping,4,1,0,1024,103,30027700,21118976,5
sample,float,boundary-only,clipping,4,1,1,1024,103,29571700,21118976,5
sample,float,boundary-only,clipping,4,1,2,1024,103,29838500,21118976,5
sample,float,boundary-only,clipping,4,1,3,1024,103,29712500,21118976,5
sample,float,boundary-only,clipping,4,1,4,1024,103,29728200,21118976,5
sample,float,boundary-only,clipping,4,1,5,1024,103,29706200,21118976,5
sample,float,boundary-only,clipping,4,1,6,1024,103,29499300,21118976,5
summary,float,boundary-only,clipping,28807.910,29016.113,29323.926
sample,float,boundary-overlap,relationship,4,1,0,8192,820,35186400,0,0
sample,float,boundary-overlap,relationship,4,1,1,8192,820,34808900,0,0
sample,float,boundary-overlap,relationship,4,1,2,8192,820,34759000,0,0
sample,float,boundary-overlap,relationship,4,1,3,8192,820,35281000,0,0
sample,float,boundary-overlap,relationship,4,1,4,8192,820,34887000,0,0
sample,float,boundary-overlap,relationship,4,1,5,8192,820,33867800,0,0
sample,float,boundary-overlap,relationship,4,1,6,8192,820,33739500,0,0
summary,float,boundary-overlap,relationship,4118.591,4249.133,4306.763
sample,float,boundary-overlap,clipping,4,1,0,512,52,14917300,10575872,2
sample,float,boundary-overlap,clipping,4,1,1,512,52,14897800,10575872,2
sample,float,boundary-overlap,clipping,4,1,2,512,52,14843900,10575872,2
sample,float,boundary-overlap,clipping,4,1,3,512,52,15110000,10575872,2
sample,float,boundary-overlap,clipping,4,1,4,512,52,15233200,10575872,2
sample,float,boundary-overlap,clipping,4,1,5,512,52,15302200,10575872,2
sample,float,boundary-overlap,clipping,4,1,6,512,52,15399700,10575872,2
summary,float,boundary-overlap,clipping,28991.992,29511.719,30077.539
sample,float,isolated-tangent,relationship,4,0,0,4096,410,20723700,0,0
sample,float,isolated-tangent,relationship,4,0,1,4096,410,20555100,0,0
sample,float,isolated-tangent,relationship,4,0,2,4096,410,20755400,0,0
sample,float,isolated-tangent,relationship,4,0,3,4096,410,21498800,0,0
sample,float,isolated-tangent,relationship,4,0,4,4096,410,20768000,0,0
sample,float,isolated-tangent,relationship,4,0,5,4096,410,20496600,0,0
sample,float,isolated-tangent,relationship,4,0,6,4096,410,20617600,0,0
summary,float,isolated-tangent,relationship,5004.053,5059.497,5248.730
sample,float,isolated-tangent,clipping,4,0,0,2048,205,29248500,33751040,8
sample,float,isolated-tangent,clipping,4,0,1,2048,205,30745800,33751040,8
sample,float,isolated-tangent,clipping,4,0,2,2048,205,30678800,33751040,8
sample,float,isolated-tangent,clipping,4,0,3,2048,205,30065200,33751040,8
sample,float,isolated-tangent,clipping,4,0,4,2048,205,30244800,33751040,8
sample,float,isolated-tangent,clipping,4,0,5,2048,205,30269000,33751040,8
sample,float,isolated-tangent,clipping,4,0,6,2048,205,30117800,33751040,8
summary,float,isolated-tangent,clipping,14281.494,14767.969,15012.598
sample,float,degenerate-interior,relationship,4,0,0,65536,6554,5089900,0,0
sample,float,degenerate-interior,relationship,4,0,1,65536,6554,5106200,0,0
sample,float,degenerate-interior,relationship,4,0,2,65536,6554,5100200,0,0
sample,float,degenerate-interior,relationship,4,0,3,65536,6554,5366800,0,0
sample,float,degenerate-interior,relationship,4,0,4,65536,6554,5071300,0,0
sample,float,degenerate-interior,relationship,4,0,5,65536,6554,5056000,0,0
sample,float,degenerate-interior,relationship,4,0,6,65536,6554,5319000,0,0
summary,float,degenerate-interior,relationship,77.148,77.823,81.891
sample,float,degenerate-interior,clipping,4,0,0,65536,6554,708100,0,0
sample,float,degenerate-interior,clipping,4,0,1,65536,6554,750000,0,0
sample,float,degenerate-interior,clipping,4,0,2,65536,6554,773100,0,0
sample,float,degenerate-interior,clipping,4,0,3,65536,6554,747800,0,0
sample,float,degenerate-interior,clipping,4,0,4,65536,6554,711500,0,0
sample,float,degenerate-interior,clipping,4,0,5,65536,6554,747700,0,0
sample,float,degenerate-interior,clipping,4,0,6,65536,6554,712600,0,0
summary,float,degenerate-interior,clipping,10.805,11.409,11.797
sample,float,degenerate-boundary,relationship,4,0,0,65536,6554,5049500,0,0
sample,float,degenerate-boundary,relationship,4,0,1,65536,6554,4976300,0,0
sample,float,degenerate-boundary,relationship,4,0,2,65536,6554,5089900,0,0
sample,float,degenerate-boundary,relationship,4,0,3,65536,6554,4911800,0,0
sample,float,degenerate-boundary,relationship,4,0,4,65536,6554,4913500,0,0
sample,float,degenerate-boundary,relationship,4,0,5,65536,6554,5182400,0,0
sample,float,degenerate-boundary,relationship,4,0,6,65536,6554,5004000,0,0
summary,float,degenerate-boundary,relationship,74.948,76.355,79.077
sample,float,degenerate-boundary,clipping,4,0,0,65536,6554,713500,0,0
sample,float,degenerate-boundary,clipping,4,0,1,65536,6554,754800,0,0
sample,float,degenerate-boundary,clipping,4,0,2,65536,6554,714400,0,0
sample,float,degenerate-boundary,clipping,4,0,3,65536,6554,752800,0,0
sample,float,degenerate-boundary,clipping,4,0,4,65536,6554,713700,0,0
sample,float,degenerate-boundary,clipping,4,0,5,65536,6554,753500,0,0
sample,float,degenerate-boundary,clipping,4,0,6,65536,6554,756200,0,0
summary,float,degenerate-boundary,clipping,10.887,11.487,11.539
sample,float,empty,relationship,0,0,0,65536,6554,1285300,0,0
sample,float,empty,relationship,0,0,1,65536,6554,1284300,0,0
sample,float,empty,relationship,0,0,2,65536,6554,1286300,0,0
sample,float,empty,relationship,0,0,3,65536,6554,1353700,0,0
sample,float,empty,relationship,0,0,4,65536,6554,1350700,0,0
sample,float,empty,relationship,0,0,5,65536,6554,1350500,0,0
sample,float,empty,relationship,0,0,6,65536,6554,1351200,0,0
summary,float,empty,relationship,19.597,20.607,20.656
sample,float,empty,clipping,0,0,0,65536,6554,908900,0,0
sample,float,empty,clipping,0,0,1,65536,6554,977200,0,0
sample,float,empty,clipping,0,0,2,65536,6554,924100,0,0
sample,float,empty,clipping,0,0,3,65536,6554,949400,0,0
sample,float,empty,clipping,0,0,4,65536,6554,1062600,0,0
sample,float,empty,clipping,0,0,5,65536,6554,846700,0,0
sample,float,empty,clipping,0,0,6,65536,6554,882400,0,0
summary,float,empty,clipping,12.920,14.101,16.214
sample,float,concave-u,relationship,8,2,0,4096,410,37497600,0,0
sample,float,concave-u,relationship,8,2,1,4096,410,37925400,0,0
sample,float,concave-u,relationship,8,2,2,4096,410,37932700,0,0
sample,float,concave-u,relationship,8,2,3,4096,410,37308100,0,0
sample,float,concave-u,relationship,8,2,4,4096,410,38151600,0,0
sample,float,concave-u,relationship,8,2,5,4096,410,37581200,0,0
sample,float,concave-u,relationship,8,2,6,4096,410,46479600,0,0
summary,float,concave-u,relationship,9108.423,9259.131,11347.559
sample,float,concave-u,clipping,8,2,0,256,26,29021900,6356992,1
sample,float,concave-u,clipping,8,2,1,256,26,29072700,6356992,1
sample,float,concave-u,clipping,8,2,2,256,26,29086100,6356992,1
sample,float,concave-u,clipping,8,2,3,256,26,28501800,6356992,1
sample,float,concave-u,clipping,8,2,4,256,26,29212700,6356992,1
sample,float,concave-u,clipping,8,2,5,256,26,28708800,6356992,1
sample,float,concave-u,clipping,8,2,6,256,26,28660600,6356992,1
summary,float,concave-u,clipping,111335.156,113366.797,114112.109
sample,float,hole,relationship,8,2,0,4096,410,38000500,0,0
sample,float,hole,relationship,8,2,1,4096,410,37539800,0,0
sample,float,hole,relationship,8,2,2,4096,410,37635500,0,0
sample,float,hole,relationship,8,2,3,4096,410,37814600,0,0
sample,float,hole,relationship,8,2,4,4096,410,37912900,0,0
sample,float,hole,relationship,8,2,5,4096,410,37518900,0,0
sample,float,hole,relationship,8,2,6,4096,410,37532600,0,0
summary,float,hole,relationship,9159.888,9188.354,9277.466
sample,float,hole,clipping,8,2,0,256,26,29039100,6356992,1
sample,float,hole,clipping,8,2,1,256,26,28177300,6356992,1
sample,float,hole,clipping,8,2,2,256,26,28805000,6356992,1
sample,float,hole,clipping,8,2,3,256,26,28690800,6356992,1
sample,float,hole,clipping,8,2,4,256,26,28613300,6356992,1
sample,float,hole,clipping,8,2,5,256,26,28520700,6356992,1
sample,float,hole,clipping,8,2,6,256,26,28718800,6356992,1
summary,float,hole,clipping,110067.578,112073.438,113433.984
sample,float,hole-reversed,relationship,8,2,0,4096,410,47309500,0,0
sample,float,hole-reversed,relationship,8,2,1,4096,410,38017300,0,0
sample,float,hole-reversed,relationship,8,2,2,4096,410,37706500,0,0
sample,float,hole-reversed,relationship,8,2,3,4096,410,37884100,0,0
sample,float,hole-reversed,relationship,8,2,4,4096,410,38148900,0,0
sample,float,hole-reversed,relationship,8,2,5,4096,410,37954400,0,0
sample,float,hole-reversed,relationship,8,2,6,4096,410,37732100,0,0
summary,float,hole-reversed,relationship,9205.688,9266.211,11550.171
sample,float,hole-reversed,clipping,8,2,0,256,26,28542600,6356992,1
sample,float,hole-reversed,clipping,8,2,1,256,26,28325900,6356992,1
sample,float,hole-reversed,clipping,8,2,2,256,26,28721500,6356992,1
sample,float,hole-reversed,clipping,8,2,3,256,26,28718300,6356992,1
sample,float,hole-reversed,clipping,8,2,4,256,26,28180300,6356992,1
sample,float,hole-reversed,clipping,8,2,5,256,26,28513300,6356992,1
sample,float,hole-reversed,clipping,8,2,6,256,26,28485700,6356992,1
summary,float,hole-reversed,clipping,110079.297,111380.078,112193.359
sample,float,rational-crossing,relationship,3,1,0,16384,1639,34700300,0,0
sample,float,rational-crossing,relationship,3,1,1,16384,1639,35655800,0,0
sample,float,rational-crossing,relationship,3,1,2,16384,1639,35123400,0,0
sample,float,rational-crossing,relationship,3,1,3,16384,1639,34702900,0,0
sample,float,rational-crossing,relationship,3,1,4,16384,1639,34775000,0,0
sample,float,rational-crossing,relationship,3,1,5,16384,1639,34961700,0,0
sample,float,rational-crossing,relationship,3,1,6,16384,1639,34893300,0,0
summary,float,rational-crossing,relationship,2117.938,2129.718,2176.257
sample,float,rational-crossing,clipping,3,1,0,512,52,23525200,8478720,2
sample,float,rational-crossing,clipping,3,1,1,512,52,23592500,8478720,2
sample,float,rational-crossing,clipping,3,1,2,512,52,23340800,8478720,2
sample,float,rational-crossing,clipping,3,1,3,512,52,23156500,8478720,2
sample,float,rational-crossing,clipping,3,1,4,512,52,23028400,8478720,2
sample,float,rational-crossing,clipping,3,1,5,512,52,32372900,8478720,2
sample,float,rational-crossing,clipping,3,1,6,512,52,22898400,8478720,2
summary,float,rational-crossing,clipping,44723.438,45587.500,63228.320
sample,float,sparse-1,relationship,4,1,0,8192,820,26347700,0,0
sample,float,sparse-1,relationship,4,1,1,8192,820,25442000,0,0
sample,float,sparse-1,relationship,4,1,2,8192,820,25438300,0,0
sample,float,sparse-1,relationship,4,1,3,8192,820,26989100,0,0
sample,float,sparse-1,relationship,4,1,4,8192,820,25524100,0,0
sample,float,sparse-1,relationship,4,1,5,8192,820,25612300,0,0
sample,float,sparse-1,relationship,4,1,6,8192,820,25536300,0,0
summary,float,sparse-1,relationship,3105.261,3117.224,3294.568
sample,float,sparse-1,clipping,4,1,0,512,52,22996600,8478720,2
sample,float,sparse-1,clipping,4,1,1,512,52,23083800,8478720,2
sample,float,sparse-1,clipping,4,1,2,512,52,23596100,8478720,2
sample,float,sparse-1,clipping,4,1,3,512,52,22817400,8478720,2
sample,float,sparse-1,clipping,4,1,4,512,52,22905500,8478720,2
sample,float,sparse-1,clipping,4,1,5,512,52,23062400,8478720,2
sample,float,sparse-1,clipping,4,1,6,512,52,23082800,8478720,2
summary,float,sparse-1,clipping,44565.234,45043.750,46086.133
sample,float,sparse-4,relationship,16,1,0,2048,205,29791000,0,0
sample,float,sparse-4,relationship,16,1,1,2048,205,29717500,0,0
sample,float,sparse-4,relationship,16,1,2,2048,205,29888900,0,0
sample,float,sparse-4,relationship,16,1,3,2048,205,29626900,0,0
sample,float,sparse-4,relationship,16,1,4,2048,205,29601000,0,0
sample,float,sparse-4,relationship,16,1,5,2048,205,29732900,0,0
sample,float,sparse-4,relationship,16,1,6,2048,205,31792300,0,0
summary,float,sparse-4,relationship,14453.613,14518.018,15523.584
sample,float,sparse-4,clipping,16,1,0,512,52,31807800,8478720,2
sample,float,sparse-4,clipping,16,1,1,512,52,31596700,8478720,2
sample,float,sparse-4,clipping,16,1,2,512,52,31835600,8478720,2
sample,float,sparse-4,clipping,16,1,3,512,52,31615000,8478720,2
sample,float,sparse-4,clipping,16,1,4,512,52,31587100,8478720,2
sample,float,sparse-4,clipping,16,1,5,512,52,37742400,8478720,2
sample,float,sparse-4,clipping,16,1,6,512,52,36629600,8478720,2
summary,float,sparse-4,clipping,61693.555,62124.609,73715.625
sample,float,sparse-16,relationship,64,1,0,512,52,32093300,0,0
sample,float,sparse-16,relationship,64,1,1,512,52,32498500,0,0
sample,float,sparse-16,relationship,64,1,2,512,52,32115100,0,0
sample,float,sparse-16,relationship,64,1,3,512,52,31813800,0,0
sample,float,sparse-16,relationship,64,1,4,512,52,31623100,0,0
sample,float,sparse-16,relationship,64,1,5,512,52,31858900,0,0
sample,float,sparse-16,relationship,64,1,6,512,52,32667700,0,0
summary,float,sparse-16,relationship,61763.867,62682.227,63804.102
sample,float,sparse-16,clipping,64,1,0,256,26,30282100,4239360,1
sample,float,sparse-16,clipping,64,1,1,256,26,30282400,4239360,1
sample,float,sparse-16,clipping,64,1,2,256,26,29757800,4239360,1
sample,float,sparse-16,clipping,64,1,3,256,26,29671200,4239360,1
sample,float,sparse-16,clipping,64,1,4,256,26,30030400,4239360,1
sample,float,sparse-16,clipping,64,1,5,256,26,30659000,4239360,1
sample,float,sparse-16,clipping,64,1,6,256,26,30394400,4239360,1
summary,float,sparse-16,clipping,115903.125,118289.453,119761.719
sample,float,sparse-64,relationship,256,1,0,128,13,32179000,0,0
sample,float,sparse-64,relationship,256,1,1,128,13,32152400,0,0
sample,float,sparse-64,relationship,256,1,2,128,13,32083300,0,0
sample,float,sparse-64,relationship,256,1,3,128,13,32304800,0,0
sample,float,sparse-64,relationship,256,1,4,128,13,31910800,0,0
sample,float,sparse-64,relationship,256,1,5,128,13,32288900,0,0
sample,float,sparse-64,relationship,256,1,6,128,13,32174900,0,0
summary,float,sparse-64,relationship,249303.125,251366.406,252381.250
sample,float,sparse-64,clipping,256,1,0,64,7,21573100,1059840,0
sample,float,sparse-64,clipping,256,1,1,64,7,21663200,1059840,0
sample,float,sparse-64,clipping,256,1,2,64,7,22378700,1059840,0
sample,float,sparse-64,clipping,256,1,3,64,7,30216600,1059840,0
sample,float,sparse-64,clipping,256,1,4,64,7,21460600,1059840,0
sample,float,sparse-64,clipping,256,1,5,64,7,21998500,1059840,0
sample,float,sparse-64,clipping,256,1,6,64,7,21385900,1059840,0
summary,float,sparse-64,clipping,334154.688,338487.500,472134.375
sample,float,dense-1,relationship,4,1,0,8192,820,26377200,0,0
sample,float,dense-1,relationship,4,1,1,8192,820,26353300,0,0
sample,float,dense-1,relationship,4,1,2,8192,820,26174700,0,0
sample,float,dense-1,relationship,4,1,3,8192,820,26294200,0,0
sample,float,dense-1,relationship,4,1,4,8192,820,25927400,0,0
sample,float,dense-1,relationship,4,1,5,8192,820,26494300,0,0
sample,float,dense-1,relationship,4,1,6,8192,820,25820800,0,0
summary,float,dense-1,relationship,3151.953,3209.741,3234.167
sample,float,dense-1,clipping,4,1,0,512,52,24450300,8478720,2
sample,float,dense-1,clipping,4,1,1,512,52,24254700,8478720,2
sample,float,dense-1,clipping,4,1,2,512,52,24818300,8478720,2
sample,float,dense-1,clipping,4,1,3,512,52,24336600,8478720,2
sample,float,dense-1,clipping,4,1,4,512,52,24586000,8478720,2
sample,float,dense-1,clipping,4,1,5,512,52,24370800,8478720,2
sample,float,dense-1,clipping,4,1,6,512,52,24811700,8478720,2
summary,float,dense-1,clipping,47372.461,47754.492,48473.242
sample,float,dense-4,relationship,16,4,0,1024,103,21372500,0,0
sample,float,dense-4,relationship,16,4,1,1024,103,21401100,0,0
sample,float,dense-4,relationship,16,4,2,1024,103,21370600,0,0
sample,float,dense-4,relationship,16,4,3,1024,103,21897400,0,0
sample,float,dense-4,relationship,16,4,4,1024,103,21285200,0,0
sample,float,dense-4,relationship,16,4,5,1024,103,21329100,0,0
sample,float,dense-4,relationship,16,4,6,1024,103,21763300,0,0
summary,float,dense-4,relationship,20786.328,20871.582,21384.180
sample,float,dense-4,clipping,16,4,0,128,13,31024700,5294080,1
sample,float,dense-4,clipping,16,4,1,128,13,30938300,5294080,1
sample,float,dense-4,clipping,16,4,2,128,13,30290000,5294080,1
sample,float,dense-4,clipping,16,4,3,128,13,30576900,5294080,1
sample,float,dense-4,clipping,16,4,4,128,13,29785700,5294080,1
sample,float,dense-4,clipping,16,4,5,128,13,30306900,5294080,1
sample,float,dense-4,clipping,16,4,6,128,13,39945800,5294080,1
summary,float,dense-4,clipping,232700.781,238882.031,312076.562
sample,float,dense-16,relationship,64,16,0,256,26,22415500,0,0
sample,float,dense-16,relationship,64,16,1,256,26,22366000,0,0
sample,float,dense-16,relationship,64,16,2,256,26,23236200,0,0
sample,float,dense-16,relationship,64,16,3,256,26,22317000,0,0
sample,float,dense-16,relationship,64,16,4,256,26,22310300,0,0
sample,float,dense-16,relationship,64,16,5,256,26,22416800,0,0
sample,float,dense-16,relationship,64,16,6,256,26,22313800,0,0
summary,float,dense-16,relationship,87149.609,87367.188,90766.406
sample,float,dense-16,clipping,64,16,0,32,4,36556200,4640256,1
sample,float,dense-16,clipping,64,16,1,32,4,36618200,4640256,1
sample,float,dense-16,clipping,64,16,2,32,4,36004600,4640256,1
sample,float,dense-16,clipping,64,16,3,32,4,35963300,4640256,1
sample,float,dense-16,clipping,64,16,4,32,4,35789900,4640256,1
sample,float,dense-16,clipping,64,16,5,32,4,36235000,4640256,1
sample,float,dense-16,clipping,64,16,6,32,4,36248300,4640256,1
summary,float,dense-16,clipping,1118434.375,1132343.750,1144318.750
sample,float,dense-64,relationship,256,64,0,64,7,22936900,0,0
sample,float,dense-64,relationship,256,64,1,64,7,23018300,0,0
sample,float,dense-64,relationship,256,64,2,64,7,23900700,0,0
sample,float,dense-64,relationship,256,64,3,64,7,22817700,0,0
sample,float,dense-64,relationship,256,64,4,64,7,24262300,0,0
sample,float,dense-64,relationship,256,64,5,64,7,23554400,0,0
sample,float,dense-64,relationship,256,64,6,64,7,24453400,0,0
summary,float,dense-64,relationship,356526.562,368037.500,382084.375
sample,float,dense-64,clipping,256,64,0,4,1,21965200,2224128,0
sample,float,dense-64,clipping,256,64,1,4,1,22101800,2224128,0
sample,float,dense-64,clipping,256,64,2,4,1,22129000,2224128,0
sample,float,dense-64,clipping,256,64,3,4,1,21906700,2224128,0
sample,float,dense-64,clipping,256,64,4,4,1,21795300,2224128,0
sample,float,dense-64,clipping,256,64,5,4,1,22243300,2224128,0
sample,float,dense-64,clipping,256,64,6,4,1,22107000,2224128,0
summary,float,dense-64,clipping,5448825.000,5525450.000,5560825.000
sample,float,subnormal,relationship,4,1,0,8192,820,27197000,0,0
sample,float,subnormal,relationship,4,1,1,8192,820,26561500,0,0
sample,float,subnormal,relationship,4,1,2,8192,820,26357100,0,0
sample,float,subnormal,relationship,4,1,3,8192,820,26893800,0,0
sample,float,subnormal,relationship,4,1,4,8192,820,26623300,0,0
sample,float,subnormal,relationship,4,1,5,8192,820,26100700,0,0
sample,float,subnormal,relationship,4,1,6,8192,820,26570400,0,0
summary,float,subnormal,relationship,3186.121,3243.457,3319.946
sample,float,subnormal,clipping,4,1,0,512,52,24340300,8478720,2
sample,float,subnormal,clipping,4,1,1,512,52,24805800,8478720,2
sample,float,subnormal,clipping,4,1,2,512,52,24267300,8478720,2
sample,float,subnormal,clipping,4,1,3,512,52,24705400,8478720,2
sample,float,subnormal,clipping,4,1,4,512,52,24143000,8478720,2
sample,float,subnormal,clipping,4,1,5,512,52,24711400,8478720,2
sample,float,subnormal,clipping,4,1,6,512,52,24171800,8478720,2
summary,float,subnormal,clipping,47154.297,47539.648,48448.828
sample,float,large-finite,relationship,4,1,0,8192,820,26138200,0,0
sample,float,large-finite,relationship,4,1,1,8192,820,26451200,0,0
sample,float,large-finite,relationship,4,1,2,8192,820,26155300,0,0
sample,float,large-finite,relationship,4,1,3,8192,820,26979700,0,0
sample,float,large-finite,relationship,4,1,4,8192,820,26587300,0,0
sample,float,large-finite,relationship,4,1,5,8192,820,26089300,0,0
sample,float,large-finite,relationship,4,1,6,8192,820,26831700,0,0
summary,float,large-finite,relationship,3184.729,3228.906,3293.420
sample,float,large-finite,clipping,4,1,0,512,52,26001100,8478720,2
sample,float,large-finite,clipping,4,1,1,512,52,25579700,8478720,2
sample,float,large-finite,clipping,4,1,2,512,52,25925900,8478720,2
sample,float,large-finite,clipping,4,1,3,512,52,25411300,8478720,2
sample,float,large-finite,clipping,4,1,4,512,52,26144800,8478720,2
sample,float,large-finite,clipping,4,1,5,512,52,25508300,8478720,2
sample,float,large-finite,clipping,4,1,6,512,52,26154600,8478720,2
summary,float,large-finite,clipping,49631.445,50636.523,51083.203
fixture,double,exterior,4,1,success,0
fixture,double,interior,4,4,success,1
fixture,double,crossing,4,7,success,1
fixture,double,boundary-only,4,10,success,1
fixture,double,boundary-overlap,4,11,success,1
fixture,double,isolated-tangent,4,3,success,0
fixture,double,degenerate-interior,4,4,success,0
fixture,double,degenerate-boundary,4,2,success,0
fixture,double,empty,0,1,success,0
fixture,double,concave-u,8,7,success,2
fixture,double,hole,8,7,success,2
fixture,double,hole-reversed,8,7,success,2
fixture,double,rational-crossing,3,7,success,1
fixture,double,sparse-1,4,7,success,1
fixture,double,sparse-4,16,7,success,1
fixture,double,sparse-16,64,7,success,1
fixture,double,sparse-64,256,7,success,1
fixture,double,dense-1,4,7,success,1
fixture,double,dense-4,16,7,success,4
fixture,double,dense-16,64,7,success,16
fixture,double,dense-64,256,7,success,64
fixture,double,subnormal,4,7,success,1
fixture,double,large-finite,4,7,success,1
preflight,double,23,PASS
sample,double,exterior,relationship,4,0,0,8192,820,26710400,0,0
sample,double,exterior,relationship,4,0,1,8192,820,35991500,0,0
sample,double,exterior,relationship,4,0,2,8192,820,26541900,0,0
sample,double,exterior,relationship,4,0,3,8192,820,26087300,0,0
sample,double,exterior,relationship,4,0,4,8192,820,26876500,0,0
sample,double,exterior,relationship,4,0,5,8192,820,26538500,0,0
sample,double,exterior,relationship,4,0,6,8192,820,26147100,0,0
summary,double,exterior,relationship,3184.485,3239.978,4393.494
sample,double,exterior,clipping,4,0,0,4096,410,30405400,33947648,8
sample,double,exterior,clipping,4,0,1,4096,410,30101800,33947648,8
sample,double,exterior,clipping,4,0,2,4096,410,29880100,33947648,8
sample,double,exterior,clipping,4,0,3,4096,410,30417200,33947648,8
sample,double,exterior,clipping,4,0,4,4096,410,30422800,33947648,8
sample,double,exterior,clipping,4,0,5,4096,410,30458400,33947648,8
sample,double,exterior,clipping,4,0,6,4096,410,30315400,33947648,8
summary,double,exterior,clipping,7294.946,7423.193,7436.133
sample,double,interior,relationship,4,1,0,8192,820,26515000,0,0
sample,double,interior,relationship,4,1,1,8192,820,26230500,0,0
sample,double,interior,relationship,4,1,2,8192,820,26519900,0,0
sample,double,interior,relationship,4,1,3,8192,820,26112300,0,0
sample,double,interior,relationship,4,1,4,8192,820,26393100,0,0
sample,double,interior,relationship,4,1,5,8192,820,26633300,0,0
sample,double,interior,relationship,4,1,6,8192,820,26076400,0,0
summary,double,interior,relationship,3183.154,3221.814,3251.135
sample,double,interior,clipping,4,1,0,2048,205,35056000,17072128,4
sample,double,interior,clipping,4,1,1,2048,205,34841300,17072128,4
sample,double,interior,clipping,4,1,2,2048,205,34474900,17072128,4
sample,double,interior,clipping,4,1,3,2048,205,34173900,17072128,4
sample,double,interior,clipping,4,1,4,2048,205,34268400,17072128,4
sample,double,interior,clipping,4,1,5,2048,205,34173500,17072128,4
sample,double,interior,clipping,4,1,6,2048,205,34309100,17072128,4
summary,double,interior,clipping,16686.279,16752.490,17117.188
sample,double,crossing,relationship,4,1,0,4096,410,12738900,0,0
sample,double,crossing,relationship,4,1,1,4096,410,13011000,0,0
sample,double,crossing,relationship,4,1,2,4096,410,13852900,0,0
sample,double,crossing,relationship,4,1,3,4096,410,15516700,0,0
sample,double,crossing,relationship,4,1,4,4096,410,13171900,0,0
sample,double,crossing,relationship,4,1,5,4096,410,12649900,0,0
sample,double,crossing,relationship,4,1,6,4096,410,13030400,0,0
summary,double,crossing,relationship,3088.354,3181.250,3788.257
sample,double,crossing,clipping,4,1,0,512,52,23352900,8478720,2
sample,double,crossing,clipping,4,1,1,512,52,23419400,8478720,2
sample,double,crossing,clipping,4,1,2,512,52,23008800,8478720,2
sample,double,crossing,clipping,4,1,3,512,52,22631600,8478720,2
sample,double,crossing,clipping,4,1,4,512,52,22641000,8478720,2
sample,double,crossing,clipping,4,1,5,512,52,22812300,8478720,2
sample,double,crossing,clipping,4,1,6,512,52,22684000,8478720,2
summary,double,crossing,clipping,44202.344,44555.273,45741.016
sample,double,boundary-only,relationship,4,1,0,8192,820,28144200,0,0
sample,double,boundary-only,relationship,4,1,1,8192,820,28265900,0,0
sample,double,boundary-only,relationship,4,1,2,8192,820,28311900,0,0
sample,double,boundary-only,relationship,4,1,3,8192,820,28142800,0,0
sample,double,boundary-only,relationship,4,1,4,8192,820,28091600,0,0
sample,double,boundary-only,relationship,4,1,5,8192,820,28176100,0,0
sample,double,boundary-only,relationship,4,1,6,8192,820,28066100,0,0
summary,double,boundary-only,relationship,3426.038,3435.571,3456.042
sample,double,boundary-only,clipping,4,1,0,1024,103,29502100,21118976,5
sample,double,boundary-only,clipping,4,1,1,1024,103,30127100,21118976,5
sample,double,boundary-only,clipping,4,1,2,1024,103,28779800,21118976,5
sample,double,boundary-only,clipping,4,1,3,1024,103,28931100,21118976,5
sample,double,boundary-only,clipping,4,1,4,1024,103,29059800,21118976,5
sample,double,boundary-only,clipping,4,1,5,1024,103,28973100,21118976,5
sample,double,boundary-only,clipping,4,1,6,1024,103,28911300,21118976,5
summary,double,boundary-only,clipping,28105.273,28294.043,29420.996
sample,double,boundary-overlap,relationship,4,1,0,8192,820,35094600,0,0
sample,double,boundary-overlap,relationship,4,1,1,8192,820,35074200,0,0
sample,double,boundary-overlap,relationship,4,1,2,8192,820,44768800,0,0
sample,double,boundary-overlap,relationship,4,1,3,8192,820,34950600,0,0
sample,double,boundary-overlap,relationship,4,1,4,8192,820,35382500,0,0
sample,double,boundary-overlap,relationship,4,1,5,8192,820,35391600,0,0
sample,double,boundary-overlap,relationship,4,1,6,8192,820,34971200,0,0
summary,double,boundary-overlap,relationship,4266.431,4284.009,5464.941
sample,double,boundary-overlap,clipping,4,1,0,1024,103,31150800,21151744,5
sample,double,boundary-overlap,clipping,4,1,1,1024,103,31194100,21151744,5
sample,double,boundary-overlap,clipping,4,1,2,1024,103,31152700,21151744,5
sample,double,boundary-overlap,clipping,4,1,3,1024,103,31003400,21151744,5
sample,double,boundary-overlap,clipping,4,1,4,1024,103,30858700,21151744,5
sample,double,boundary-overlap,clipping,4,1,5,1024,103,30734400,21151744,5
sample,double,boundary-overlap,clipping,4,1,6,1024,103,30896500,21151744,5
summary,double,boundary-overlap,clipping,30014.062,30276.758,30462.988
sample,double,isolated-tangent,relationship,4,0,0,4096,410,21132100,0,0
sample,double,isolated-tangent,relationship,4,0,1,4096,410,21033300,0,0
sample,double,isolated-tangent,relationship,4,0,2,4096,410,21474000,0,0
sample,double,isolated-tangent,relationship,4,0,3,4096,410,21044600,0,0
sample,double,isolated-tangent,relationship,4,0,4,4096,410,21101200,0,0
sample,double,isolated-tangent,relationship,4,0,5,4096,410,21471500,0,0
sample,double,isolated-tangent,relationship,4,0,6,4096,410,21196600,0,0
summary,double,isolated-tangent,relationship,5135.083,5159.204,5242.676
sample,double,isolated-tangent,clipping,4,0,0,2048,205,29963400,33751040,8
sample,double,isolated-tangent,clipping,4,0,1,2048,205,30131400,33751040,8
sample,double,isolated-tangent,clipping,4,0,2,2048,205,29895300,33751040,8
sample,double,isolated-tangent,clipping,4,0,3,2048,205,29874100,33751040,8
sample,double,isolated-tangent,clipping,4,0,4,2048,205,29745300,33751040,8
sample,double,isolated-tangent,clipping,4,0,5,2048,205,29987400,33751040,8
sample,double,isolated-tangent,clipping,4,0,6,2048,205,29947700,33751040,8
summary,double,isolated-tangent,clipping,14524.072,14622.900,14712.598
sample,double,degenerate-interior,relationship,4,0,0,65536,6554,5005700,0,0
sample,double,degenerate-interior,relationship,4,0,1,65536,6554,4801600,0,0
sample,double,degenerate-interior,relationship,4,0,2,65536,6554,4755600,0,0
sample,double,degenerate-interior,relationship,4,0,3,65536,6554,5141800,0,0
sample,double,degenerate-interior,relationship,4,0,4,65536,6554,4791400,0,0
sample,double,degenerate-interior,relationship,4,0,5,65536,6554,4794100,0,0
sample,double,degenerate-interior,relationship,4,0,6,65536,6554,5137600,0,0
summary,double,degenerate-interior,relationship,72.565,73.267,78.458
sample,double,degenerate-interior,clipping,4,0,0,65536,6554,864200,0,0
sample,double,degenerate-interior,clipping,4,0,1,65536,6554,891700,0,0
sample,double,degenerate-interior,clipping,4,0,2,65536,6554,834700,0,0
sample,double,degenerate-interior,clipping,4,0,3,65536,6554,879200,0,0
sample,double,degenerate-interior,clipping,4,0,4,65536,6554,834800,0,0
sample,double,degenerate-interior,clipping,4,0,5,65536,6554,878900,0,0
sample,double,degenerate-interior,clipping,4,0,6,65536,6554,876500,0,0
summary,double,degenerate-interior,clipping,12.737,13.374,13.606
sample,double,degenerate-boundary,relationship,4,0,0,65536,6554,4627000,0,0
sample,double,degenerate-boundary,relationship,4,0,1,65536,6554,4597600,0,0
sample,double,degenerate-boundary,relationship,4,0,2,65536,6554,5075600,0,0
sample,double,degenerate-boundary,relationship,4,0,3,65536,6554,4600600,0,0
sample,double,degenerate-boundary,relationship,4,0,4,65536,6554,4562400,0,0
sample,double,degenerate-boundary,relationship,4,0,5,65536,6554,5022500,0,0
sample,double,degenerate-boundary,relationship,4,0,6,65536,6554,4672000,0,0
summary,double,degenerate-boundary,relationship,69.617,70.602,77.448
sample,double,degenerate-boundary,clipping,4,0,0,65536,6554,832000,0,0
sample,double,degenerate-boundary,clipping,4,0,1,65536,6554,880500,0,0
sample,double,degenerate-boundary,clipping,4,0,2,65536,6554,876400,0,0
sample,double,degenerate-boundary,clipping,4,0,3,65536,6554,920900,0,0
sample,double,degenerate-boundary,clipping,4,0,4,65536,6554,876800,0,0
sample,double,degenerate-boundary,clipping,4,0,5,65536,6554,920600,0,0
sample,double,degenerate-boundary,clipping,4,0,6,65536,6554,1817500,0,0
summary,double,degenerate-boundary,clipping,12.695,13.435,27.733
sample,double,empty,relationship,0,0,0,65536,6554,3615900,0,0
sample,double,empty,relationship,0,0,1,65536,6554,3543700,0,0
sample,double,empty,relationship,0,0,2,65536,6554,3843700,0,0
sample,double,empty,relationship,0,0,3,65536,6554,2108200,0,0
sample,double,empty,relationship,0,0,4,65536,6554,1835800,0,0
sample,double,empty,relationship,0,0,5,65536,6554,1641000,0,0
sample,double,empty,relationship,0,0,6,65536,6554,1405100,0,0
summary,double,empty,relationship,21.440,32.169,58.650
sample,double,empty,clipping,0,0,0,65536,6554,1059600,0,0
sample,double,empty,clipping,0,0,1,65536,6554,1063600,0,0
sample,double,empty,clipping,0,0,2,65536,6554,1056200,0,0
sample,double,empty,clipping,0,0,3,65536,6554,1055300,0,0
sample,double,empty,clipping,0,0,4,65536,6554,1062700,0,0
sample,double,empty,clipping,0,0,5,65536,6554,1062600,0,0
sample,double,empty,clipping,0,0,6,65536,6554,1089900,0,0
summary,double,empty,clipping,16.103,16.214,16.631
sample,double,concave-u,relationship,8,2,0,4096,410,37596500,0,0
sample,double,concave-u,relationship,8,2,1,4096,410,37785400,0,0
sample,double,concave-u,relationship,8,2,2,4096,410,37518000,0,0
sample,double,concave-u,relationship,8,2,3,4096,410,37439000,0,0
sample,double,concave-u,relationship,8,2,4,4096,410,37922600,0,0
sample,double,concave-u,relationship,8,2,5,4096,410,37845600,0,0
sample,double,concave-u,relationship,8,2,6,4096,410,37465600,0,0
summary,double,concave-u,relationship,9140.381,9178.833,9258.447
sample,double,concave-u,clipping,8,2,0,256,26,28062800,6356992,1
sample,double,concave-u,clipping,8,2,1,256,26,28326200,6356992,1
sample,double,concave-u,clipping,8,2,2,256,26,28763400,6356992,1
sample,double,concave-u,clipping,8,2,3,256,26,28411000,6356992,1
sample,double,concave-u,clipping,8,2,4,256,26,28228900,6356992,1
sample,double,concave-u,clipping,8,2,5,256,26,28622800,6356992,1
sample,double,concave-u,clipping,8,2,6,256,26,28341100,6356992,1
summary,double,concave-u,clipping,109620.312,110707.422,112357.031
sample,double,hole,relationship,8,2,0,4096,410,36874900,0,0
sample,double,hole,relationship,8,2,1,4096,410,36786700,0,0
sample,double,hole,relationship,8,2,2,4096,410,35758100,0,0
sample,double,hole,relationship,8,2,3,4096,410,35858800,0,0
sample,double,hole,relationship,8,2,4,4096,410,36091700,0,0
sample,double,hole,relationship,8,2,5,4096,410,41992400,0,0
sample,double,hole,relationship,8,2,6,4096,410,37219200,0,0
summary,double,hole,relationship,8730.005,8981.128,10252.051
sample,double,hole,clipping,8,2,0,256,26,27746400,6356992,1
sample,double,hole,clipping,8,2,1,256,26,27193100,6356992,1
sample,double,hole,clipping,8,2,2,256,26,27036100,6356992,1
sample,double,hole,clipping,8,2,3,256,26,27099900,6356992,1
sample,double,hole,clipping,8,2,4,256,26,27038300,6356992,1
sample,double,hole,clipping,8,2,5,256,26,27410600,6356992,1
sample,double,hole,clipping,8,2,6,256,26,26647700,6356992,1
summary,double,hole,clipping,104092.578,105858.984,108384.375
sample,double,hole-reversed,relationship,8,2,0,4096,410,36098700,0,0
sample,double,hole-reversed,relationship,8,2,1,4096,410,35975000,0,0
sample,double,hole-reversed,relationship,8,2,2,4096,410,35985700,0,0
sample,double,hole-reversed,relationship,8,2,3,4096,410,36164800,0,0
sample,double,hole-reversed,relationship,8,2,4,4096,410,36325700,0,0
sample,double,hole-reversed,relationship,8,2,5,4096,410,36116900,0,0
sample,double,hole-reversed,relationship,8,2,6,4096,410,36116500,0,0
summary,double,hole-reversed,relationship,8782.959,8817.505,8868.579
sample,double,hole-reversed,clipping,8,2,0,256,26,29112400,6356992,1
sample,double,hole-reversed,clipping,8,2,1,256,26,28458600,6356992,1
sample,double,hole-reversed,clipping,8,2,2,256,26,28965900,6356992,1
sample,double,hole-reversed,clipping,8,2,3,256,26,28450100,6356992,1
sample,double,hole-reversed,clipping,8,2,4,256,26,28385200,6356992,1
sample,double,hole-reversed,clipping,8,2,5,256,26,28735600,6356992,1
sample,double,hole-reversed,clipping,8,2,6,256,26,29278000,6356992,1
summary,double,hole-reversed,clipping,110879.688,112248.438,114367.188
sample,double,rational-crossing,relationship,3,1,0,16384,1639,34874900,0,0
sample,double,rational-crossing,relationship,3,1,1,16384,1639,35200500,0,0
sample,double,rational-crossing,relationship,3,1,2,16384,1639,35371800,0,0
sample,double,rational-crossing,relationship,3,1,3,16384,1639,36354300,0,0
sample,double,rational-crossing,relationship,3,1,4,16384,1639,43120600,0,0
sample,double,rational-crossing,relationship,3,1,5,16384,1639,34983700,0,0
sample,double,rational-crossing,relationship,3,1,6,16384,1639,34696700,0,0
summary,double,rational-crossing,relationship,2117.719,2148.468,2631.873
sample,double,rational-crossing,clipping,3,1,0,512,52,23830600,8478720,2
sample,double,rational-crossing,clipping,3,1,1,512,52,24289000,8478720,2
sample,double,rational-crossing,clipping,3,1,2,512,52,23992600,8478720,2
sample,double,rational-crossing,clipping,3,1,3,512,52,24461400,8478720,2
sample,double,rational-crossing,clipping,3,1,4,512,52,23903200,8478720,2
sample,double,rational-crossing,clipping,3,1,5,512,52,24379000,8478720,2
sample,double,rational-crossing,clipping,3,1,6,512,52,23949600,8478720,2
summary,double,rational-crossing,clipping,46544.141,46860.547,47776.172
sample,double,sparse-1,relationship,4,1,0,8192,820,26252300,0,0
sample,double,sparse-1,relationship,4,1,1,8192,820,26297400,0,0
sample,double,sparse-1,relationship,4,1,2,8192,820,25981900,0,0
sample,double,sparse-1,relationship,4,1,3,8192,820,26321300,0,0
sample,double,sparse-1,relationship,4,1,4,8192,820,26388000,0,0
sample,double,sparse-1,relationship,4,1,5,8192,820,26513900,0,0
sample,double,sparse-1,relationship,4,1,6,8192,820,26317800,0,0
summary,double,sparse-1,relationship,3171.619,3212.622,3236.560
sample,double,sparse-1,clipping,4,1,0,512,52,24287900,8478720,2
sample,double,sparse-1,clipping,4,1,1,512,52,24243600,8478720,2
sample,double,sparse-1,clipping,4,1,2,512,52,24258900,8478720,2
sample,double,sparse-1,clipping,4,1,3,512,52,24097300,8478720,2
sample,double,sparse-1,clipping,4,1,4,512,52,24530600,8478720,2
sample,double,sparse-1,clipping,4,1,5,512,52,23987300,8478720,2
sample,double,sparse-1,clipping,4,1,6,512,52,24412800,8478720,2
summary,double,sparse-1,clipping,46850.195,47380.664,47911.328
sample,double,sparse-4,relationship,16,1,0,2048,205,31054000,0,0
sample,double,sparse-4,relationship,16,1,1,2048,205,30817100,0,0
sample,double,sparse-4,relationship,16,1,2,2048,205,31086900,0,0
sample,double,sparse-4,relationship,16,1,3,2048,205,31057300,0,0
sample,double,sparse-4,relationship,16,1,4,2048,205,31042700,0,0
sample,double,sparse-4,relationship,16,1,5,2048,205,40817300,0,0
sample,double,sparse-4,relationship,16,1,6,2048,205,30895600,0,0
summary,double,sparse-4,relationship,15047.412,15163.086,19930.322
sample,double,sparse-4,clipping,16,1,0,512,52,31558300,8478720,2
sample,double,sparse-4,clipping,16,1,1,512,52,31369600,8478720,2
sample,double,sparse-4,clipping,16,1,2,512,52,31407800,8478720,2
sample,double,sparse-4,clipping,16,1,3,512,52,31710400,8478720,2
sample,double,sparse-4,clipping,16,1,4,512,52,31406300,8478720,2
sample,double,sparse-4,clipping,16,1,5,512,52,31496100,8478720,2
sample,double,sparse-4,clipping,16,1,6,512,52,31631100,8478720,2
summary,double,sparse-4,clipping,61268.750,61515.820,61934.375
sample,double,sparse-16,relationship,64,1,0,512,52,32071200,0,0
sample,double,sparse-16,relationship,64,1,1,512,52,32134400,0,0
sample,double,sparse-16,relationship,64,1,2,512,52,31937100,0,0
sample,double,sparse-16,relationship,64,1,3,512,52,31975000,0,0
sample,double,sparse-16,relationship,64,1,4,512,52,32133400,0,0
sample,double,sparse-16,relationship,64,1,5,512,52,32180400,0,0
sample,double,sparse-16,relationship,64,1,6,512,52,31951900,0,0
summary,double,sparse-16,relationship,62377.148,62639.062,62852.344
sample,double,sparse-16,clipping,64,1,0,256,26,28840700,4239360,1
sample,double,sparse-16,clipping,64,1,1,256,26,28430100,4239360,1
sample,double,sparse-16,clipping,64,1,2,256,26,28363200,4239360,1
sample,double,sparse-16,clipping,64,1,3,256,26,28396700,4239360,1
sample,double,sparse-16,clipping,64,1,4,256,26,28194100,4239360,1
sample,double,sparse-16,clipping,64,1,5,256,26,28376400,4239360,1
sample,double,sparse-16,clipping,64,1,6,256,26,29243700,4239360,1
summary,double,sparse-16,clipping,110133.203,110924.609,114233.203
sample,double,sparse-64,relationship,256,1,0,128,13,32458800,0,0
sample,double,sparse-64,relationship,256,1,1,128,13,40284000,0,0
sample,double,sparse-64,relationship,256,1,2,128,13,30985800,0,0
sample,double,sparse-64,relationship,256,1,3,128,13,30996000,0,0
sample,double,sparse-64,relationship,256,1,4,128,13,31284800,0,0
sample,double,sparse-64,relationship,256,1,5,128,13,30924800,0,0
sample,double,sparse-64,relationship,256,1,6,128,13,31418800,0,0
summary,double,sparse-64,relationship,241600.000,244412.500,314718.750
sample,double,sparse-64,clipping,256,1,0,64,7,20516900,1059840,0
sample,double,sparse-64,clipping,256,1,1,64,7,20512000,1059840,0
sample,double,sparse-64,clipping,256,1,2,64,7,20507600,1059840,0
sample,double,sparse-64,clipping,256,1,3,64,7,20501700,1059840,0
sample,double,sparse-64,clipping,256,1,4,64,7,20478800,1059840,0
sample,double,sparse-64,clipping,256,1,5,64,7,20617400,1059840,0
sample,double,sparse-64,clipping,256,1,6,64,7,20678600,1059840,0
summary,double,sparse-64,clipping,319981.250,320500.000,323103.125
sample,double,dense-1,relationship,4,1,0,8192,820,25107400,0,0
sample,double,dense-1,relationship,4,1,1,8192,820,24932200,0,0
sample,double,dense-1,relationship,4,1,2,8192,820,24982600,0,0
sample,double,dense-1,relationship,4,1,3,8192,820,26291200,0,0
sample,double,dense-1,relationship,4,1,4,8192,820,26866200,0,0
sample,double,dense-1,relationship,4,1,5,8192,820,26128400,0,0
sample,double,dense-1,relationship,4,1,6,8192,820,27416900,0,0
summary,double,dense-1,relationship,3043.481,3189.502,3346.790
sample,double,dense-1,clipping,4,1,0,512,52,24040100,8478720,2
sample,double,dense-1,clipping,4,1,1,512,52,24322300,8478720,2
sample,double,dense-1,clipping,4,1,2,512,52,23986000,8478720,2
sample,double,dense-1,clipping,4,1,3,512,52,24397400,8478720,2
sample,double,dense-1,clipping,4,1,4,512,52,24000100,8478720,2
sample,double,dense-1,clipping,4,1,5,512,52,24208600,8478720,2
sample,double,dense-1,clipping,4,1,6,512,52,24148800,8478720,2
summary,double,dense-1,clipping,46847.656,47165.625,47651.172
sample,double,dense-4,relationship,16,4,0,1024,103,21656000,0,0
sample,double,dense-4,relationship,16,4,1,1024,103,21607100,0,0
sample,double,dense-4,relationship,16,4,2,1024,103,22145500,0,0
sample,double,dense-4,relationship,16,4,3,1024,103,21635000,0,0
sample,double,dense-4,relationship,16,4,4,1024,103,21735300,0,0
sample,double,dense-4,relationship,16,4,5,1024,103,22113700,0,0
sample,double,dense-4,relationship,16,4,6,1024,103,31011900,0,0
summary,double,dense-4,relationship,21100.684,21225.879,30285.059
sample,double,dense-4,clipping,16,4,0,128,13,31962000,5294080,1
sample,double,dense-4,clipping,16,4,1,128,13,31751800,5294080,1
sample,double,dense-4,clipping,16,4,2,128,13,31691700,5294080,1
sample,double,dense-4,clipping,16,4,3,128,13,31973500,5294080,1
sample,double,dense-4,clipping,16,4,4,128,13,31907900,5294080,1
sample,double,dense-4,clipping,16,4,5,128,13,31759800,5294080,1
sample,double,dense-4,clipping,16,4,6,128,13,32959200,5294080,1
summary,double,dense-4,clipping,247591.406,249280.469,257493.750
sample,double,dense-16,relationship,64,16,0,256,26,23817700,0,0
sample,double,dense-16,relationship,64,16,1,256,26,24068200,0,0
sample,double,dense-16,relationship,64,16,2,256,26,23913600,0,0
sample,double,dense-16,relationship,64,16,3,256,26,24140400,0,0
sample,double,dense-16,relationship,64,16,4,256,26,23687900,0,0
sample,double,dense-16,relationship,64,16,5,256,26,24382200,0,0
sample,double,dense-16,relationship,64,16,6,256,26,23636800,0,0
summary,double,dense-16,relationship,92331.250,93412.500,95242.969
sample,double,dense-16,clipping,64,16,0,32,4,37712700,4640256,1
sample,double,dense-16,clipping,64,16,1,32,4,37741800,4640256,1
sample,double,dense-16,clipping,64,16,2,32,4,38172700,4640256,1
sample,double,dense-16,clipping,64,16,3,32,4,37688900,4640256,1
sample,double,dense-16,clipping,64,16,4,32,4,37891300,4640256,1
sample,double,dense-16,clipping,64,16,5,32,4,37620100,4640256,1
sample,double,dense-16,clipping,64,16,6,32,4,38388900,4640256,1
summary,double,dense-16,clipping,1175628.125,1179431.250,1199653.125
sample,double,dense-64,relationship,256,64,0,64,7,24224700,0,0
sample,double,dense-64,relationship,256,64,1,64,7,24698100,0,0
sample,double,dense-64,relationship,256,64,2,64,7,24168400,0,0
sample,double,dense-64,relationship,256,64,3,64,7,33903200,0,0
sample,double,dense-64,relationship,256,64,4,64,7,24672200,0,0
sample,double,dense-64,relationship,256,64,5,64,7,24179700,0,0
sample,double,dense-64,relationship,256,64,6,64,7,24546000,0,0
summary,double,dense-64,relationship,377631.250,383531.250,529737.500
sample,double,dense-64,clipping,256,64,0,4,1,22045600,2224128,0
sample,double,dense-64,clipping,256,64,1,4,1,21764300,2224128,0
sample,double,dense-64,clipping,256,64,2,4,1,22067300,2224128,0
sample,double,dense-64,clipping,256,64,3,4,1,22061900,2224128,0
sample,double,dense-64,clipping,256,64,4,4,1,21729600,2224128,0
sample,double,dense-64,clipping,256,64,5,4,1,21800800,2224128,0
sample,double,dense-64,clipping,256,64,6,4,1,21938800,2224128,0
summary,double,dense-64,clipping,5432400.000,5484700.000,5516825.000
sample,double,subnormal,relationship,4,1,0,1024,103,25193500,0,0
sample,double,subnormal,relationship,4,1,1,1024,103,25755500,0,0
sample,double,subnormal,relationship,4,1,2,1024,103,25577200,0,0
sample,double,subnormal,relationship,4,1,3,1024,103,25653100,0,0
sample,double,subnormal,relationship,4,1,4,1024,103,25227600,0,0
sample,double,subnormal,relationship,4,1,5,1024,103,25623800,0,0
sample,double,subnormal,relationship,4,1,6,1024,103,25331400,0,0
summary,double,subnormal,relationship,24603.027,24977.734,25151.855
sample,double,subnormal,clipping,4,1,0,256,26,20170200,4239360,1
sample,double,subnormal,clipping,4,1,1,256,26,19877300,4239360,1
sample,double,subnormal,clipping,4,1,2,256,26,19742900,4239360,1
sample,double,subnormal,clipping,4,1,3,256,26,19665600,4239360,1
sample,double,subnormal,clipping,4,1,4,256,26,19661000,4239360,1
sample,double,subnormal,clipping,4,1,5,256,26,19398600,4239360,1
sample,double,subnormal,clipping,4,1,6,256,26,19449800,4239360,1
summary,double,subnormal,clipping,75775.781,76818.750,78789.844
sample,double,large-finite,relationship,4,1,0,1024,103,21916000,0,0
sample,double,large-finite,relationship,4,1,1,1024,103,21871800,0,0
sample,double,large-finite,relationship,4,1,2,1024,103,21842800,0,0
sample,double,large-finite,relationship,4,1,3,1024,103,21730300,0,0
sample,double,large-finite,relationship,4,1,4,1024,103,21703700,0,0
sample,double,large-finite,relationship,4,1,5,1024,103,21848200,0,0
sample,double,large-finite,relationship,4,1,6,1024,103,21501700,0,0
summary,double,large-finite,relationship,20997.754,21330.859,21402.344
sample,double,large-finite,clipping,4,1,0,256,26,21074800,4239360,1
sample,double,large-finite,clipping,4,1,1,256,26,21158700,4239360,1
sample,double,large-finite,clipping,4,1,2,256,26,25856400,4239360,1
sample,double,large-finite,clipping,4,1,3,256,26,25982300,4239360,1
sample,double,large-finite,clipping,4,1,4,256,26,21209400,4239360,1
sample,double,large-finite,clipping,4,1,5,256,26,21205700,4239360,1
sample,double,large-finite,clipping,4,1,6,256,26,21013700,4239360,1
summary,double,large-finite,clipping,82084.766,82834.766,101493.359
sink,14479764277889296213
