fixture_header,scalar,case,edges,expected_fact_bits,expected_status,expected_components
sample_header,scalar,case,operation,edges,expected_components,round,iterations,warmup,elapsed_ns,gc_bytes,gc_collections
summary_header,scalar,case,operation,min_ns_per_op,median_ns_per_op,max_ns_per_op
fixture,int,exterior,4,1,success,0
fixture,int,interior,4,4,success,1
fixture,int,crossing,4,7,success,1
fixture,int,boundary-only,4,10,success,1
fixture,int,boundary-overlap,4,11,success,1
fixture,int,isolated-tangent,4,3,success,0
fixture,int,degenerate-interior,4,4,success,0
fixture,int,degenerate-boundary,4,2,success,0
fixture,int,empty,0,1,success,0
fixture,int,concave-u,8,7,success,2
fixture,int,hole,8,7,success,2
fixture,int,hole-reversed,8,7,success,2
fixture,int,rational-crossing,3,7,success,1
fixture,int,sparse-1,4,7,success,1
fixture,int,sparse-4,16,7,success,1
fixture,int,sparse-16,64,7,success,1
fixture,int,sparse-64,256,7,success,1
fixture,int,dense-1,4,7,success,1
fixture,int,dense-4,16,7,success,4
fixture,int,dense-16,64,7,success,16
fixture,int,dense-64,256,7,success,64
fixture,int,wide-integral,4,7,success,1
preflight,int,22,PASS
sample,int,exterior,relationship,4,0,0,8192,820,29400700,0,0
sample,int,exterior,relationship,4,0,1,8192,820,28646400,0,0
sample,int,exterior,relationship,4,0,2,8192,820,29103300,0,0
sample,int,exterior,relationship,4,0,3,8192,820,28595900,0,0
sample,int,exterior,relationship,4,0,4,8192,820,28161300,0,0
sample,int,exterior,relationship,4,0,5,8192,820,28706000,0,0
sample,int,exterior,relationship,4,0,6,8192,820,31026400,0,0
summary,int,exterior,relationship,3437.659,3504.150,3787.402
sample,int,exterior,clipping,4,0,0,4096,410,33265000,33947648,8
sample,int,exterior,clipping,4,0,1,4096,410,33510400,33947648,8
sample,int,exterior,clipping,4,0,2,4096,410,33264100,33947648,8
sample,int,exterior,clipping,4,0,3,4096,410,34221300,33947648,8
sample,int,exterior,clipping,4,0,4,4096,410,32349000,33947648,8
sample,int,exterior,clipping,4,0,5,4096,410,28667100,33947648,8
sample,int,exterior,clipping,4,0,6,4096,410,28051200,33947648,8
summary,int,exterior,clipping,6848.438,8121.118,8354.810
sample,int,interior,relationship,4,1,0,8192,820,30161000,0,0
sample,int,interior,relationship,4,1,1,8192,820,32997000,0,0
sample,int,interior,relationship,4,1,2,8192,820,25509800,0,0
sample,int,interior,relationship,4,1,3,8192,820,24796300,0,0
sample,int,interior,relationship,4,1,4,8192,820,24564600,0,0
sample,int,interior,relationship,4,1,5,8192,820,23566800,0,0
sample,int,interior,relationship,4,1,6,8192,820,23909200,0,0
summary,int,interior,relationship,2876.807,3026.892,4027.954
sample,int,interior,clipping,4,1,0,2048,205,32424700,17072128,4
sample,int,interior,clipping,4,1,1,2048,205,32509800,17072128,4
sample,int,interior,clipping,4,1,2,2048,205,32322200,17072128,4
sample,int,interior,clipping,4,1,3,2048,205,32864800,17072128,4
sample,int,interior,clipping,4,1,4,2048,205,33115100,17072128,4
sample,int,interior,clipping,4,1,5,2048,205,35873700,17072128,4
sample,int,interior,clipping,4,1,6,2048,205,33236500,17072128,4
summary,int,interior,clipping,15782.324,16047.266,17516.455
sample,int,crossing,relationship,4,1,0,8192,820,24324900,0,0
sample,int,crossing,relationship,4,1,1,8192,820,24567500,0,0
sample,int,crossing,relationship,4,1,2,8192,820,24265900,0,0
sample,int,crossing,relationship,4,1,3,8192,820,26206400,0,0
sample,int,crossing,relationship,4,1,4,8192,820,24441900,0,0
sample,int,crossing,relationship,4,1,5,8192,820,24720900,0,0
sample,int,crossing,relationship,4,1,6,8192,820,24232000,0,0
summary,int,crossing,relationship,2958.008,2983.630,3199.023
sample,int,crossing,clipping,4,1,0,512,52,27497900,8478720,2
sample,int,crossing,clipping,4,1,1,512,52,23976500,8478720,2
sample,int,crossing,clipping,4,1,2,512,52,23644700,8478720,2
sample,int,crossing,clipping,4,1,3,512,52,28248600,8478720,2
sample,int,crossing,clipping,4,1,4,512,52,29194500,8478720,2
sample,int,crossing,clipping,4,1,5,512,52,24605600,8478720,2
sample,int,crossing,clipping,4,1,6,512,52,27398100,8478720,2
summary,int,crossing,clipping,46181.055,53511.914,57020.508
sample,int,boundary-only,relationship,4,1,0,8192,820,52282200,0,0
sample,int,boundary-only,relationship,4,1,1,8192,820,42858900,0,0
sample,int,boundary-only,relationship,4,1,2,8192,820,37808000,0,0
sample,int,boundary-only,relationship,4,1,3,8192,820,38954600,0,0
sample,int,boundary-only,relationship,4,1,4,8192,820,42210300,0,0
sample,int,boundary-only,relationship,4,1,5,8192,820,40265100,0,0
sample,int,boundary-only,relationship,4,1,6,8192,820,42136700,0,0
summary,int,boundary-only,relationship,4615.234,5143.640,6382.104
sample,int,boundary-only,clipping,4,1,0,1024,103,33777500,21118976,5
sample,int,boundary-only,clipping,4,1,1,1024,103,33829200,21118976,5
sample,int,boundary-only,clipping,4,1,2,1024,103,36396500,21118976,5
sample,int,boundary-only,clipping,4,1,3,1024,103,35028200,21118976,5
sample,int,boundary-only,clipping,4,1,4,1024,103,33565900,21118976,5
sample,int,boundary-only,clipping,4,1,5,1024,103,33973200,21118976,5
sample,int,boundary-only,clipping,4,1,6,1024,103,32920100,21118976,5
summary,int,boundary-only,clipping,32148.535,33036.328,35543.457
sample,int,boundary-overlap,relationship,4,1,0,4096,410,25043900,0,0
sample,int,boundary-overlap,relationship,4,1,1,4096,410,26111900,0,0
sample,int,boundary-overlap,relationship,4,1,2,4096,410,25284900,0,0
sample,int,boundary-overlap,relationship,4,1,3,4096,410,25565100,0,0
sample,int,boundary-overlap,relationship,4,1,4,4096,410,24938000,0,0
sample,int,boundary-overlap,relationship,4,1,5,4096,410,26690400,0,0
sample,int,boundary-overlap,relationship,4,1,6,4096,410,26436200,0,0
summary,int,boundary-overlap,relationship,6088.379,6241.479,6516.211
sample,int,boundary-overlap,clipping,4,1,0,1024,103,33760100,21151744,5
sample,int,boundary-overlap,clipping,4,1,1,1024,103,33925200,21151744,5
sample,int,boundary-overlap,clipping,4,1,2,1024,103,35693900,21151744,5
sample,int,boundary-overlap,clipping,4,1,3,1024,103,49652900,21151744,5
sample,int,boundary-overlap,clipping,4,1,4,1024,103,38071500,21151744,5
sample,int,boundary-overlap,clipping,4,1,5,1024,103,35008300,21151744,5
sample,int,boundary-overlap,clipping,4,1,6,1024,103,35835100,21151744,5
summary,int,boundary-overlap,clipping,32968.848,34857.324,48489.160
sample,int,isolated-tangent,relationship,4,0,0,4096,410,23522700,0,0
sample,int,isolated-tangent,relationship,4,0,1,4096,410,25086200,0,0
sample,int,isolated-tangent,relationship,4,0,2,4096,410,23398900,0,0
sample,int,isolated-tangent,relationship,4,0,3,4096,410,22662800,0,0
sample,int,isolated-tangent,relationship,4,0,4,4096,410,22715300,0,0
sample,int,isolated-tangent,relationship,4,0,5,4096,410,21521800,0,0
sample,int,isolated-tangent,relationship,4,0,6,4096,410,23370500,0,0
summary,int,isolated-tangent,relationship,5254.346,5705.688,6124.561
sample,int,isolated-tangent,clipping,4,0,0,2048,205,34342000,33751040,8
sample,int,isolated-tangent,clipping,4,0,1,2048,205,32312100,33751040,8
sample,int,isolated-tangent,clipping,4,0,2,2048,205,31988400,33751040,8
sample,int,isolated-tangent,clipping,4,0,3,2048,205,32026200,33751040,8
sample,int,isolated-tangent,clipping,4,0,4,2048,205,34137800,33751040,8
sample,int,isolated-tangent,clipping,4,0,5,2048,205,35694200,33751040,8
sample,int,isolated-tangent,clipping,4,0,6,2048,205,34465300,33751040,8
summary,int,isolated-tangent,clipping,15619.336,16668.848,17428.809
sample,int,degenerate-interior,relationship,4,0,0,65536,6554,9540900,0,0
sample,int,degenerate-interior,relationship,4,0,1,65536,6554,7691200,0,0
sample,int,degenerate-interior,relationship,4,0,2,65536,6554,9781600,0,0
sample,int,degenerate-interior,relationship,4,0,3,65536,6554,7898200,0,0
sample,int,degenerate-interior,relationship,4,0,4,65536,6554,9670400,0,0
sample,int,degenerate-interior,relationship,4,0,5,65536,6554,7637900,0,0
sample,int,degenerate-interior,relationship,4,0,6,65536,6554,9807500,0,0
summary,int,degenerate-interior,relationship,116.545,145.583,149.651
sample,int,degenerate-interior,clipping,4,0,0,65536,6554,2080700,0,0
sample,int,degenerate-interior,clipping,4,0,1,65536,6554,3229700,0,0
sample,int,degenerate-interior,clipping,4,0,2,65536,6554,2943100,0,0
sample,int,degenerate-interior,clipping,4,0,3,65536,6554,2277100,0,0
sample,int,degenerate-interior,clipping,4,0,4,65536,6554,2076600,0,0
sample,int,degenerate-interior,clipping,4,0,5,65536,6554,1958600,0,0
sample,int,degenerate-interior,clipping,4,0,6,65536,6554,1964700,0,0
summary,int,degenerate-interior,clipping,29.886,31.749,49.281
sample,int,degenerate-boundary,relationship,4,0,0,65536,6554,9093800,0,0
sample,int,degenerate-boundary,relationship,4,0,1,65536,6554,8816900,0,0
sample,int,degenerate-boundary,relationship,4,0,2,65536,6554,8091000,0,0
sample,int,degenerate-boundary,relationship,4,0,3,65536,6554,8007900,0,0
sample,int,degenerate-boundary,relationship,4,0,4,65536,6554,8226400,0,0
sample,int,degenerate-boundary,relationship,4,0,5,65536,6554,7573600,0,0
sample,int,degenerate-boundary,relationship,4,0,6,65536,6554,7554100,0,0
summary,int,degenerate-boundary,relationship,115.266,123.459,138.760
sample,int,degenerate-boundary,clipping,4,0,0,65536,6554,2224800,0,0
sample,int,degenerate-boundary,clipping,4,0,1,65536,6554,1936300,0,0
sample,int,degenerate-boundary,clipping,4,0,2,65536,6554,1953100,0,0
sample,int,degenerate-boundary,clipping,4,0,3,65536,6554,1941700,0,0
sample,int,degenerate-boundary,clipping,4,0,4,65536,6554,1984100,0,0
sample,int,degenerate-boundary,clipping,4,0,5,65536,6554,2075300,0,0
sample,int,degenerate-boundary,clipping,4,0,6,65536,6554,2032900,0,0
summary,int,degenerate-boundary,clipping,29.546,30.275,33.948
sample,int,empty,relationship,0,0,0,65536,6554,2023600,0,0
sample,int,empty,relationship,0,0,1,65536,6554,2022600,0,0
sample,int,empty,relationship,0,0,2,65536,6554,2022200,0,0
sample,int,empty,relationship,0,0,3,65536,6554,2022200,0,0
sample,int,empty,relationship,0,0,4,65536,6554,2020400,0,0
sample,int,empty,relationship,0,0,5,65536,6554,2021100,0,0
sample,int,empty,relationship,0,0,6,65536,6554,2023600,0,0
summary,int,empty,relationship,30.829,30.856,30.878
sample,int,empty,clipping,0,0,0,65536,6554,1962800,0,0
sample,int,empty,clipping,0,0,1,65536,6554,1828000,0,0
sample,int,empty,clipping,0,0,2,65536,6554,2047300,0,0
sample,int,empty,clipping,0,0,3,65536,6554,1990200,0,0
sample,int,empty,clipping,0,0,4,65536,6554,1981300,0,0
sample,int,empty,clipping,0,0,5,65536,6554,2062500,0,0
sample,int,empty,clipping,0,0,6,65536,6554,2198000,0,0
summary,int,empty,clipping,27.893,30.368,33.539
sample,int,concave-u,relationship,8,2,0,4096,410,35175400,0,0
sample,int,concave-u,relationship,8,2,1,4096,410,43414800,0,0
sample,int,concave-u,relationship,8,2,2,4096,410,33439400,0,0
sample,int,concave-u,relationship,8,2,3,4096,410,33532000,0,0
sample,int,concave-u,relationship,8,2,4,4096,410,33938200,0,0
sample,int,concave-u,relationship,8,2,5,4096,410,35042300,0,0
sample,int,concave-u,relationship,8,2,6,4096,410,33983800,0,0
summary,int,concave-u,relationship,8163.916,8296.826,10599.316
sample,int,concave-u,clipping,8,2,0,256,26,23322200,6356992,1
sample,int,concave-u,clipping,8,2,1,256,26,23608200,6356992,1
sample,int,concave-u,clipping,8,2,2,256,26,23400400,6356992,1
sample,int,concave-u,clipping,8,2,3,256,26,23431800,6356992,1
sample,int,concave-u,clipping,8,2,4,256,26,25317600,6356992,1
sample,int,concave-u,clipping,8,2,5,256,26,24618600,6356992,1
sample,int,concave-u,clipping,8,2,6,256,26,23566600,6356992,1
summary,int,concave-u,clipping,91102.344,92057.031,98896.875
sample,int,hole,relationship,8,2,0,4096,410,34218100,0,0
sample,int,hole,relationship,8,2,1,4096,410,33435100,0,0
sample,int,hole,relationship,8,2,2,4096,410,35838300,0,0
sample,int,hole,relationship,8,2,3,4096,410,33732700,0,0
sample,int,hole,relationship,8,2,4,4096,410,35783400,0,0
sample,int,hole,relationship,8,2,5,4096,410,48418600,0,0
sample,int,hole,relationship,8,2,6,4096,410,40117100,0,0
summary,int,hole,relationship,8162.866,8736.182,11820.947
sample,int,hole,clipping,8,2,0,256,26,32254600,6356992,1
sample,int,hole,clipping,8,2,1,256,26,30706600,6356992,1
sample,int,hole,clipping,8,2,2,256,26,31203300,6356992,1
sample,int,hole,clipping,8,2,3,256,26,28419300,6356992,1
sample,int,hole,clipping,8,2,4,256,26,30509400,6356992,1
sample,int,hole,clipping,8,2,5,256,26,31535700,6356992,1
sample,int,hole,clipping,8,2,6,256,26,46022400,6356992,1
summary,int,hole,clipping,111012.891,121887.891,179775.000
sample,int,hole-reversed,relationship,8,2,0,2048,205,22041900,0,0
sample,int,hole-reversed,relationship,8,2,1,2048,205,20476900,0,0
sample,int,hole-reversed,relationship,8,2,2,2048,205,20189200,0,0
sample,int,hole-reversed,relationship,8,2,3,2048,205,23158100,0,0
sample,int,hole-reversed,relationship,8,2,4,2048,205,21280600,0,0
sample,int,hole-reversed,relationship,8,2,5,2048,205,20605700,0,0
sample,int,hole-reversed,relationship,8,2,6,2048,205,21800700,0,0
summary,int,hole-reversed,relationship,9858.008,10390.918,11307.666
sample,int,hole-reversed,clipping,8,2,0,256,26,31826000,6356992,1
sample,int,hole-reversed,clipping,8,2,1,256,26,31675100,6356992,1
sample,int,hole-reversed,clipping,8,2,2,256,26,32726000,6356992,1
sample,int,hole-reversed,clipping,8,2,3,256,26,31960200,6356992,1
sample,int,hole-reversed,clipping,8,2,4,256,26,30807300,6356992,1
sample,int,hole-reversed,clipping,8,2,5,256,26,30366300,6356992,1
sample,int,hole-reversed,clipping,8,2,6,256,26,28536400,6356992,1
summary,int,hole-reversed,clipping,111470.312,123730.859,127835.938
sample,int,rational-crossing,relationship,3,1,0,8192,820,19993800,0,0
sample,int,rational-crossing,relationship,3,1,1,8192,820,22055800,0,0
sample,int,rational-crossing,relationship,3,1,2,8192,820,20990700,0,0
sample,int,rational-crossing,relationship,3,1,3,8192,820,19702700,0,0
sample,int,rational-crossing,relationship,3,1,4,8192,820,19446100,0,0
sample,int,rational-crossing,relationship,3,1,5,8192,820,20317200,0,0
sample,int,rational-crossing,relationship,3,1,6,8192,820,20589500,0,0
summary,int,rational-crossing,relationship,2373.792,2480.127,2692.358
sample,int,rational-crossing,clipping,3,1,0,512,52,23392500,8478720,2
sample,int,rational-crossing,clipping,3,1,1,512,52,26862800,8478720,2
sample,int,rational-crossing,clipping,3,1,2,512,52,24378600,8478720,2
sample,int,rational-crossing,clipping,3,1,3,512,52,24303700,8478720,2
sample,int,rational-crossing,clipping,3,1,4,512,52,23163400,8478720,2
sample,int,rational-crossing,clipping,3,1,5,512,52,26789600,8478720,2
sample,int,rational-crossing,clipping,3,1,6,512,52,24110300,8478720,2
summary,int,rational-crossing,clipping,45241.016,47468.164,52466.406
sample,int,sparse-1,relationship,4,1,0,8192,820,43611300,0,0
sample,int,sparse-1,relationship,4,1,1,8192,820,29671300,0,0
sample,int,sparse-1,relationship,4,1,2,8192,820,29627700,0,0
sample,int,sparse-1,relationship,4,1,3,8192,820,29386900,0,0
sample,int,sparse-1,relationship,4,1,4,8192,820,31284300,0,0
sample,int,sparse-1,relationship,4,1,5,8192,820,31323100,0,0
sample,int,sparse-1,relationship,4,1,6,8192,820,31771200,0,0
summary,int,sparse-1,relationship,3587.268,3818.884,5323.645
sample,int,sparse-1,clipping,4,1,0,512,52,24753500,8478720,2
sample,int,sparse-1,clipping,4,1,1,512,52,26006100,8478720,2
sample,int,sparse-1,clipping,4,1,2,512,52,25427400,8478720,2
sample,int,sparse-1,clipping,4,1,3,512,52,25518600,8478720,2
sample,int,sparse-1,clipping,4,1,4,512,52,28161400,8478720,2
sample,int,sparse-1,clipping,4,1,5,512,52,25583600,8478720,2
sample,int,sparse-1,clipping,4,1,6,512,52,26614400,8478720,2
summary,int,sparse-1,clipping,48346.680,49967.969,55002.734
sample,int,sparse-4,relationship,16,1,0,2048,205,34969200,0,0
sample,int,sparse-4,relationship,16,1,1,2048,205,36927700,0,0
sample,int,sparse-4,relationship,16,1,2,2048,205,37262000,0,0
sample,int,sparse-4,relationship,16,1,3,2048,205,33635100,0,0
sample,int,sparse-4,relationship,16,1,4,2048,205,34011600,0,0
sample,int,sparse-4,relationship,16,1,5,2048,205,34673200,0,0
sample,int,sparse-4,relationship,16,1,6,2048,205,33780100,0,0
summary,int,sparse-4,relationship,16423.389,16930.273,18194.336
sample,int,sparse-4,clipping,16,1,0,512,52,27914400,8478720,2
sample,int,sparse-4,clipping,16,1,1,512,52,29920800,8478720,2
sample,int,sparse-4,clipping,16,1,2,512,52,30073000,8478720,2
sample,int,sparse-4,clipping,16,1,3,512,52,27567200,8478720,2
sample,int,sparse-4,clipping,16,1,4,512,52,29344600,8478720,2
sample,int,sparse-4,clipping,16,1,5,512,52,27908200,8478720,2
sample,int,sparse-4,clipping,16,1,6,512,52,27367300,8478720,2
summary,int,sparse-4,clipping,53451.758,54520.312,58736.328
sample,int,sparse-16,relationship,64,1,0,512,52,28809000,0,0
sample,int,sparse-16,relationship,64,1,1,512,52,28293600,0,0
sample,int,sparse-16,relationship,64,1,2,512,52,30748700,0,0
sample,int,sparse-16,relationship,64,1,3,512,52,28794000,0,0
sample,int,sparse-16,relationship,64,1,4,512,52,29065700,0,0
sample,int,sparse-16,relationship,64,1,5,512,52,29007000,0,0
sample,int,sparse-16,relationship,64,1,6,512,52,28673100,0,0
summary,int,sparse-16,relationship,55260.938,56267.578,60056.055
sample,int,sparse-16,clipping,64,1,0,256,26,28460800,4239360,1
sample,int,sparse-16,clipping,64,1,1,256,26,27059800,4239360,1
sample,int,sparse-16,clipping,64,1,2,256,26,28144800,4239360,1
sample,int,sparse-16,clipping,64,1,3,256,26,28259800,4239360,1
sample,int,sparse-16,clipping,64,1,4,256,26,27929800,4239360,1
sample,int,sparse-16,clipping,64,1,5,256,26,27665000,4239360,1
sample,int,sparse-16,clipping,64,1,6,256,26,27217700,4239360,1
summary,int,sparse-16,clipping,105702.344,109100.781,111175.000
sample,int,sparse-64,relationship,256,1,0,128,13,33609800,0,0
sample,int,sparse-64,relationship,256,1,1,128,13,42788900,0,0
sample,int,sparse-64,relationship,256,1,2,128,13,34978400,0,0
sample,int,sparse-64,relationship,256,1,3,128,13,37087900,0,0
sample,int,sparse-64,relationship,256,1,4,128,13,35406400,0,0
sample,int,sparse-64,relationship,256,1,5,128,13,36470200,0,0
sample,int,sparse-64,relationship,256,1,6,128,13,33770200,0,0
summary,int,sparse-64,relationship,262576.562,276612.500,334288.281
sample,int,sparse-64,clipping,256,1,0,64,7,23559700,1059840,0
sample,int,sparse-64,clipping,256,1,1,64,7,26848500,1059840,0
sample,int,sparse-64,clipping,256,1,2,64,7,26760100,1059840,0
sample,int,sparse-64,clipping,256,1,3,64,7,27405400,1059840,0
sample,int,sparse-64,clipping,256,1,4,64,7,35894100,1059840,0
sample,int,sparse-64,clipping,256,1,5,64,7,27194400,1059840,0
sample,int,sparse-64,clipping,256,1,6,64,7,24301900,1059840,0
summary,int,sparse-64,clipping,368120.312,419507.812,560845.312
sample,int,dense-1,relationship,4,1,0,8192,820,31006800,0,0
sample,int,dense-1,relationship,4,1,1,8192,820,30924200,0,0
sample,int,dense-1,relationship,4,1,2,8192,820,29507300,0,0
sample,int,dense-1,relationship,4,1,3,8192,820,27860600,0,0
sample,int,dense-1,relationship,4,1,4,8192,820,30176700,0,0
sample,int,dense-1,relationship,4,1,5,8192,820,31104900,0,0
sample,int,dense-1,relationship,4,1,6,8192,820,31208300,0,0
summary,int,dense-1,relationship,3400.952,3774.927,3809.607
sample,int,dense-1,clipping,4,1,0,512,52,26964400,8478720,2
sample,int,dense-1,clipping,4,1,1,512,52,24194300,8478720,2
sample,int,dense-1,clipping,4,1,2,512,52,27180200,8478720,2
sample,int,dense-1,clipping,4,1,3,512,52,25704200,8478720,2
sample,int,dense-1,clipping,4,1,4,512,52,25762700,8478720,2
sample,int,dense-1,clipping,4,1,5,512,52,28323900,8478720,2
sample,int,dense-1,clipping,4,1,6,512,52,25816500,8478720,2
summary,int,dense-1,clipping,47254.492,50422.852,55320.117
sample,int,dense-4,relationship,16,4,0,1024,103,24960600,0,0
sample,int,dense-4,relationship,16,4,1,1024,103,22160300,0,0
sample,int,dense-4,relationship,16,4,2,1024,103,24033900,0,0
sample,int,dense-4,relationship,16,4,3,1024,103,24531100,0,0
sample,int,dense-4,relationship,16,4,4,1024,103,23808000,0,0
sample,int,dense-4,relationship,16,4,5,1024,103,23794700,0,0
sample,int,dense-4,relationship,16,4,6,1024,103,22056600,0,0
summary,int,dense-4,relationship,21539.648,23250.000,24375.586
sample,int,dense-4,clipping,16,4,0,128,13,32845900,5294080,1
sample,int,dense-4,clipping,16,4,1,128,13,33534800,5294080,1
sample,int,dense-4,clipping,16,4,2,128,13,36222600,5294080,1
sample,int,dense-4,clipping,16,4,3,128,13,31352100,5294080,1
sample,int,dense-4,clipping,16,4,4,128,13,40997500,5294080,1
sample,int,dense-4,clipping,16,4,5,128,13,30875800,5294080,1
sample,int,dense-4,clipping,16,4,6,128,13,32501000,5294080,1
summary,int,dense-4,clipping,241217.188,256608.594,320292.969
sample,int,dense-16,relationship,64,16,0,256,26,24457500,0,0
sample,int,dense-16,relationship,64,16,1,256,26,23962700,0,0
sample,int,dense-16,relationship,64,16,2,256,26,23635400,0,0
sample,int,dense-16,relationship,64,16,3,256,26,24365300,0,0
sample,int,dense-16,relationship,64,16,4,256,26,22775900,0,0
sample,int,dense-16,relationship,64,16,5,256,26,25057900,0,0
sample,int,dense-16,relationship,64,16,6,256,26,22868000,0,0
summary,int,dense-16,relationship,88968.359,93604.297,97882.422
sample,int,dense-16,clipping,64,16,0,32,4,36174100,4640256,1
sample,int,dense-16,clipping,64,16,1,32,4,39160600,4640256,1
sample,int,dense-16,clipping,64,16,2,32,4,41338200,4640256,1
sample,int,dense-16,clipping,64,16,3,32,4,40975200,4640256,1
sample,int,dense-16,clipping,64,16,4,32,4,42644700,4640256,1
sample,int,dense-16,clipping,64,16,5,32,4,38317600,4640256,1
sample,int,dense-16,clipping,64,16,6,32,4,40325900,4640256,1
summary,int,dense-16,clipping,1130440.625,1260184.375,1332646.875
sample,int,dense-64,relationship,256,64,0,64,7,21396400,0,0
sample,int,dense-64,relationship,256,64,1,64,7,21292300,0,0
sample,int,dense-64,relationship,256,64,2,64,7,21373400,0,0
sample,int,dense-64,relationship,256,64,3,64,7,22998300,0,0
sample,int,dense-64,relationship,256,64,4,64,7,22841600,0,0
sample,int,dense-64,relationship,256,64,5,64,7,21378500,0,0
sample,int,dense-64,relationship,256,64,6,64,7,20666900,0,0
summary,int,dense-64,relationship,322920.312,334039.062,359348.438
sample,int,dense-64,clipping,256,64,0,8,1,37092800,4448256,1
sample,int,dense-64,clipping,256,64,1,8,1,48031900,4448256,1
sample,int,dense-64,clipping,256,64,2,8,1,36801500,4448256,1
sample,int,dense-64,clipping,256,64,3,8,1,43764900,4448256,1
sample,int,dense-64,clipping,256,64,4,8,1,40297600,4448256,1
sample,int,dense-64,clipping,256,64,5,8,1,37467400,4448256,1
sample,int,dense-64,clipping,256,64,6,8,1,37638900,4448256,1
summary,int,dense-64,clipping,4600187.500,4704862.500,6003987.500
sample,int,wide-integral,relationship,4,1,0,8192,820,26597200,0,0
sample,int,wide-integral,relationship,4,1,1,8192,820,25288500,0,0
sample,int,wide-integral,relationship,4,1,2,8192,820,24475700,0,0
sample,int,wide-integral,relationship,4,1,3,8192,820,24615600,0,0
sample,int,wide-integral,relationship,4,1,4,8192,820,24629300,0,0
sample,int,wide-integral,relationship,4,1,5,8192,820,24587800,0,0
sample,int,wide-integral,relationship,4,1,6,8192,820,24166200,0,0
summary,int,wide-integral,relationship,2949.976,3004.834,3246.729
sample,int,wide-integral,clipping,4,1,0,512,52,22798900,8478720,2
sample,int,wide-integral,clipping,4,1,1,512,52,21241400,8478720,2
sample,int,wide-integral,clipping,4,1,2,512,52,24015500,8478720,2
sample,int,wide-integral,clipping,4,1,3,512,52,35062100,8478720,2
sample,int,wide-integral,clipping,4,1,4,512,52,25250400,8478720,2
sample,int,wide-integral,clipping,4,1,5,512,52,27476100,8478720,2
sample,int,wide-integral,clipping,4,1,6,512,52,27496800,8478720,2
summary,int,wide-integral,clipping,41487.109,49317.188,68480.664
fixture,long,exterior,4,1,success,0
fixture,long,interior,4,4,success,1
fixture,long,crossing,4,7,success,1
fixture,long,boundary-only,4,10,success,1
fixture,long,boundary-overlap,4,11,success,1
fixture,long,isolated-tangent,4,3,success,0
fixture,long,degenerate-interior,4,4,success,0
fixture,long,degenerate-boundary,4,2,success,0
fixture,long,empty,0,1,success,0
fixture,long,concave-u,8,7,success,2
fixture,long,hole,8,7,success,2
fixture,long,hole-reversed,8,7,success,2
fixture,long,rational-crossing,3,7,success,1
fixture,long,sparse-1,4,7,success,1
fixture,long,sparse-4,16,7,success,1
fixture,long,sparse-16,64,7,success,1
fixture,long,sparse-64,256,7,success,1
fixture,long,dense-1,4,7,success,1
fixture,long,dense-4,16,7,success,4
fixture,long,dense-16,64,7,success,16
fixture,long,dense-64,256,7,success,64
fixture,long,wide-integral,4,7,success,1
fixture,long,endpoint-collapse,4,6,unrepresentableConstruction,0
fixture,long,gap-collapse,8,7,unrepresentableConstruction,0
preflight,long,24,PASS
sample,long,exterior,relationship,4,0,0,8192,820,32203000,0,0
sample,long,exterior,relationship,4,0,1,8192,820,31723100,0,0
sample,long,exterior,relationship,4,0,2,8192,820,31106900,0,0
sample,long,exterior,relationship,4,0,3,8192,820,31907500,0,0
sample,long,exterior,relationship,4,0,4,8192,820,31063400,0,0
sample,long,exterior,relationship,4,0,5,8192,820,33534400,0,0
sample,long,exterior,relationship,4,0,6,8192,820,32304300,0,0
summary,long,exterior,relationship,3791.919,3894.958,4093.555
sample,long,exterior,clipping,4,0,0,2048,205,18729100,16973824,4
sample,long,exterior,clipping,4,0,1,2048,205,18675600,16973824,4
sample,long,exterior,clipping,4,0,2,2048,205,19307300,16973824,4
sample,long,exterior,clipping,4,0,3,2048,205,18649400,16973824,4
sample,long,exterior,clipping,4,0,4,2048,205,19197700,16973824,4
sample,long,exterior,clipping,4,0,5,2048,205,20363100,16973824,4
sample,long,exterior,clipping,4,0,6,2048,205,20341300,16973824,4
summary,long,exterior,clipping,9106.152,9373.877,9942.920
sample,long,interior,relationship,4,1,0,8192,820,31385900,0,0
sample,long,interior,relationship,4,1,1,8192,820,32649200,0,0
sample,long,interior,relationship,4,1,2,8192,820,30640900,0,0
sample,long,interior,relationship,4,1,3,8192,820,30435200,0,0
sample,long,interior,relationship,4,1,4,8192,820,31397000,0,0
sample,long,interior,relationship,4,1,5,8192,820,31528600,0,0
sample,long,interior,relationship,4,1,6,8192,820,31962000,0,0
summary,long,interior,relationship,3715.234,3832.642,3985.498
sample,long,interior,clipping,4,1,0,1024,103,21805100,8536064,2
sample,long,interior,clipping,4,1,1,1024,103,23106200,8536064,2
sample,long,interior,clipping,4,1,2,1024,103,22290600,8536064,2
sample,long,interior,clipping,4,1,3,1024,103,20292100,8536064,2
sample,long,interior,clipping,4,1,4,1024,103,21686900,8536064,2
sample,long,interior,clipping,4,1,5,1024,103,21819600,8536064,2
sample,long,interior,clipping,4,1,6,1024,103,20302300,8536064,2
summary,long,interior,clipping,19816.504,21294.043,22564.648
sample,long,crossing,relationship,4,1,0,8192,820,31691400,0,0
sample,long,crossing,relationship,4,1,1,8192,820,31012800,0,0
sample,long,crossing,relationship,4,1,2,8192,820,29227700,0,0
sample,long,crossing,relationship,4,1,3,8192,820,29554500,0,0
sample,long,crossing,relationship,4,1,4,8192,820,30173100,0,0
sample,long,crossing,relationship,4,1,5,8192,820,31101900,0,0
sample,long,crossing,relationship,4,1,6,8192,820,31828100,0,0
summary,long,crossing,relationship,3567.834,3785.742,3885.266
sample,long,crossing,clipping,4,1,0,512,52,26300800,8478720,2
sample,long,crossing,clipping,4,1,1,512,52,35705800,8478720,2
sample,long,crossing,clipping,4,1,2,512,52,24456300,8478720,2
sample,long,crossing,clipping,4,1,3,512,52,27394600,8478720,2
sample,long,crossing,clipping,4,1,4,512,52,26199600,8478720,2
sample,long,crossing,clipping,4,1,5,512,52,27199500,8478720,2
sample,long,crossing,clipping,4,1,6,512,52,26844700,8478720,2
summary,long,crossing,clipping,47766.211,52431.055,69737.891
sample,long,boundary-only,relationship,4,1,0,4096,410,20835200,0,0
sample,long,boundary-only,relationship,4,1,1,4096,410,20475200,0,0
sample,long,boundary-only,relationship,4,1,2,4096,410,20440400,0,0
sample,long,boundary-only,relationship,4,1,3,4096,410,19310600,0,0
sample,long,boundary-only,relationship,4,1,4,4096,410,20372500,0,0
sample,long,boundary-only,relationship,4,1,5,4096,410,21957100,0,0
sample,long,boundary-only,relationship,4,1,6,4096,410,19975600,0,0
summary,long,boundary-only,relationship,4714.502,4990.332,5360.620
sample,long,boundary-only,clipping,4,1,0,1024,103,33112000,21118976,5
sample,long,boundary-only,clipping,4,1,1,1024,103,34706200,21118976,5
sample,long,boundary-only,clipping,4,1,2,1024,103,35501800,21118976,5
sample,long,boundary-only,clipping,4,1,3,1024,103,34284700,21118976,5
sample,long,boundary-only,clipping,4,1,4,1024,103,33531200,21118976,5
sample,long,boundary-only,clipping,4,1,5,1024,103,33810300,21118976,5
sample,long,boundary-only,clipping,4,1,6,1024,103,31277300,21118976,5
summary,long,boundary-only,clipping,30544.238,33017.871,34669.727
sample,long,boundary-overlap,relationship,4,1,0,4096,410,22482800,0,0
sample,long,boundary-overlap,relationship,4,1,1,4096,410,21978500,0,0
sample,long,boundary-overlap,relationship,4,1,2,4096,410,23317600,0,0
sample,long,boundary-overlap,relationship,4,1,3,4096,410,24049100,0,0
sample,long,boundary-overlap,relationship,4,1,4,4096,410,21472100,0,0
sample,long,boundary-overlap,relationship,4,1,5,4096,410,21568700,0,0
sample,long,boundary-overlap,relationship,4,1,6,4096,410,21366000,0,0
summary,long,boundary-overlap,relationship,5216.309,5365.845,5871.362
sample,long,boundary-overlap,clipping,4,1,0,1024,103,28511700,21151744,5
sample,long,boundary-overlap,clipping,4,1,1,1024,103,29334800,21151744,5
sample,long,boundary-overlap,clipping,4,1,2,1024,103,28591400,21151744,5
sample,long,boundary-overlap,clipping,4,1,3,1024,103,37834000,21151744,5
sample,long,boundary-overlap,clipping,4,1,4,1024,103,30501600,21151744,5
sample,long,boundary-overlap,clipping,4,1,5,1024,103,29623100,21151744,5
sample,long,boundary-overlap,clipping,4,1,6,1024,103,28897200,21151744,5
summary,long,boundary-overlap,clipping,27843.457,28647.266,36947.266
sample,long,isolated-tangent,relationship,4,0,0,8192,820,38106400,0,0
sample,long,isolated-tangent,relationship,4,0,1,8192,820,40440900,0,0
sample,long,isolated-tangent,relationship,4,0,2,8192,820,37779200,0,0
sample,long,isolated-tangent,relationship,4,0,3,8192,820,38027900,0,0
sample,long,isolated-tangent,relationship,4,0,4,8192,820,37946600,0,0
sample,long,isolated-tangent,relationship,4,0,5,8192,820,38575800,0,0
sample,long,isolated-tangent,relationship,4,0,6,8192,820,39833200,0,0
summary,long,isolated-tangent,relationship,4611.719,4651.660,4936.633
sample,long,isolated-tangent,clipping,4,0,0,2048,205,34947600,33751040,8
sample,long,isolated-tangent,clipping,4,0,1,2048,205,32830200,33751040,8
sample,long,isolated-tangent,clipping,4,0,2,2048,205,34188800,33751040,8
sample,long,isolated-tangent,clipping,4,0,3,2048,205,35009500,33751040,8
sample,long,isolated-tangent,clipping,4,0,4,2048,205,37299000,33751040,8
sample,long,isolated-tangent,clipping,4,0,5,2048,205,35526600,33751040,8
sample,long,isolated-tangent,clipping,4,0,6,2048,205,33830400,33751040,8
summary,long,isolated-tangent,clipping,16030.371,17064.258,18212.402
sample,long,degenerate-interior,relationship,4,0,0,65536,6554,9702100,0,0
sample,long,degenerate-interior,relationship,4,0,1,65536,6554,7036900,0,0
sample,long,degenerate-interior,relationship,4,0,2,65536,6554,9696500,0,0
sample,long,degenerate-interior,relationship,4,0,3,65536,6554,7039700,0,0
sample,long,degenerate-interior,relationship,4,0,4,65536,6554,9754200,0,0
sample,long,degenerate-interior,relationship,4,0,5,65536,6554,7141100,0,0
sample,long,degenerate-interior,relationship,4,0,6,65536,6554,11019600,0,0
summary,long,degenerate-interior,relationship,107.375,147.957,168.146
sample,long,degenerate-interior,clipping,4,0,0,65536,6554,3406800,0,0
sample,long,degenerate-interior,clipping,4,0,1,65536,6554,3485200,0,0
sample,long,degenerate-interior,clipping,4,0,2,65536,6554,2323000,0,0
sample,long,degenerate-interior,clipping,4,0,3,65536,6554,2274600,0,0
sample,long,degenerate-interior,clipping,4,0,4,65536,6554,2398000,0,0
sample,long,degenerate-interior,clipping,4,0,5,65536,6554,2544600,0,0
sample,long,degenerate-interior,clipping,4,0,6,65536,6554,3553400,0,0
summary,long,degenerate-interior,clipping,34.708,38.828,54.221
sample,long,degenerate-boundary,relationship,4,0,0,65536,6554,7715800,0,0
sample,long,degenerate-boundary,relationship,4,0,1,65536,6554,9428500,0,0
sample,long,degenerate-boundary,relationship,4,0,2,65536,6554,7471400,0,0
sample,long,degenerate-boundary,relationship,4,0,3,65536,6554,9903200,0,0
sample,long,degenerate-boundary,relationship,4,0,4,65536,6554,7403600,0,0
sample,long,degenerate-boundary,relationship,4,0,5,65536,6554,10016900,0,0
sample,long,degenerate-boundary,relationship,4,0,6,65536,6554,7179000,0,0
summary,long,degenerate-boundary,relationship,109.543,117.734,152.846
sample,long,degenerate-boundary,clipping,4,0,0,65536,6554,2330000,0,0
sample,long,degenerate-boundary,clipping,4,0,1,65536,6554,2301700,0,0
sample,long,degenerate-boundary,clipping,4,0,2,65536,6554,2287600,0,0
sample,long,degenerate-boundary,clipping,4,0,3,65536,6554,2305400,0,0
sample,long,degenerate-boundary,clipping,4,0,4,65536,6554,3605600,0,0
sample,long,degenerate-boundary,clipping,4,0,5,65536,6554,3430000,0,0
sample,long,degenerate-boundary,clipping,4,0,6,65536,6554,2288500,0,0
summary,long,degenerate-boundary,clipping,34.906,35.178,55.017
sample,long,empty,relationship,0,0,0,65536,6554,2149700,0,0
sample,long,empty,relationship,0,0,1,65536,6554,3326600,0,0
sample,long,empty,relationship,0,0,2,65536,6554,3434200,0,0
sample,long,empty,relationship,0,0,3,65536,6554,2316100,0,0
sample,long,empty,relationship,0,0,4,65536,6554,2132200,0,0
sample,long,empty,relationship,0,0,5,65536,6554,2137700,0,0
sample,long,empty,relationship,0,0,6,65536,6554,2144300,0,0
summary,long,empty,relationship,32.535,32.802,52.402
sample,long,empty,clipping,0,0,0,65536,6554,3998200,0,0
sample,long,empty,clipping,0,0,1,65536,6554,3495100,0,0
sample,long,empty,clipping,0,0,2,65536,6554,2293400,0,0
sample,long,empty,clipping,0,0,3,65536,6554,2095400,0,0
sample,long,empty,clipping,0,0,4,65536,6554,1998000,0,0
sample,long,empty,clipping,0,0,5,65536,6554,2078300,0,0
sample,long,empty,clipping,0,0,6,65536,6554,2020200,0,0
summary,long,empty,clipping,30.487,31.973,61.008
sample,long,concave-u,relationship,8,2,0,2048,205,20451200,0,0
sample,long,concave-u,relationship,8,2,1,2048,205,22948000,0,0
sample,long,concave-u,relationship,8,2,2,2048,205,20135200,0,0
sample,long,concave-u,relationship,8,2,3,2048,205,19100100,0,0
sample,long,concave-u,relationship,8,2,4,2048,205,18958400,0,0
sample,long,concave-u,relationship,8,2,5,2048,205,20799700,0,0
sample,long,concave-u,relationship,8,2,6,2048,205,19828500,0,0
summary,long,concave-u,relationship,9257.031,9831.641,11205.078
sample,long,concave-u,clipping,8,2,0,256,26,31053300,6356992,1
sample,long,concave-u,clipping,8,2,1,256,26,30485900,6356992,1
sample,long,concave-u,clipping,8,2,2,256,26,30329200,6356992,1
sample,long,concave-u,clipping,8,2,3,256,26,30697400,6356992,1
sample,long,concave-u,clipping,8,2,4,256,26,28643100,6356992,1
sample,long,concave-u,clipping,8,2,5,256,26,29847000,6356992,1
sample,long,concave-u,clipping,8,2,6,256,26,30624600,6356992,1
summary,long,concave-u,clipping,111887.109,119085.547,121301.953
sample,long,hole,relationship,8,2,0,2048,205,20011200,0,0
sample,long,hole,relationship,8,2,1,2048,205,19690300,0,0
sample,long,hole,relationship,8,2,2,2048,205,20262100,0,0
sample,long,hole,relationship,8,2,3,2048,205,21191600,0,0
sample,long,hole,relationship,8,2,4,2048,205,20508300,0,0
sample,long,hole,relationship,8,2,5,2048,205,19849300,0,0
sample,long,hole,relationship,8,2,6,2048,205,20211300,0,0
summary,long,hole,relationship,9614.404,9868.799,10347.461
sample,long,hole,clipping,8,2,0,256,26,29531800,6356992,1
sample,long,hole,clipping,8,2,1,256,26,28789200,6356992,1
sample,long,hole,clipping,8,2,2,256,26,27111200,6356992,1
sample,long,hole,clipping,8,2,3,256,26,30831400,6356992,1
sample,long,hole,clipping,8,2,4,256,26,29731200,6356992,1
sample,long,hole,clipping,8,2,5,256,26,30305700,6356992,1
sample,long,hole,clipping,8,2,6,256,26,28577300,6356992,1
summary,long,hole,clipping,105903.125,115358.594,120435.156
sample,long,hole-reversed,relationship,8,2,0,2048,205,23238800,0,0
sample,long,hole-reversed,relationship,8,2,1,2048,205,32106900,0,0
sample,long,hole-reversed,relationship,8,2,2,2048,205,22537600,0,0
sample,long,hole-reversed,relationship,8,2,3,2048,205,20372600,0,0
sample,long,hole-reversed,relationship,8,2,4,2048,205,20245000,0,0
sample,long,hole-reversed,relationship,8,2,5,2048,205,22861700,0,0
sample,long,hole-reversed,relationship,8,2,6,2048,205,20440100,0,0
summary,long,hole-reversed,relationship,9885.254,11004.688,15677.197
sample,long,hole-reversed,clipping,8,2,0,256,26,29549600,6356992,1
sample,long,hole-reversed,clipping,8,2,1,256,26,30700200,6356992,1
sample,long,hole-reversed,clipping,8,2,2,256,26,31141100,6356992,1
sample,long,hole-reversed,clipping,8,2,3,256,26,30395700,6356992,1
sample,long,hole-reversed,clipping,8,2,4,256,26,29132700,6356992,1
sample,long,hole-reversed,clipping,8,2,5,256,26,28130600,6356992,1
sample,long,hole-reversed,clipping,8,2,6,256,26,29191200,6356992,1
summary,long,hole-reversed,clipping,109885.156,115428.125,121644.922
sample,long,rational-crossing,relationship,3,1,0,8192,820,20591800,0,0
sample,long,rational-crossing,relationship,3,1,1,8192,820,20704500,0,0
sample,long,rational-crossing,relationship,3,1,2,8192,820,22772100,0,0
sample,long,rational-crossing,relationship,3,1,3,8192,820,20413300,0,0
sample,long,rational-crossing,relationship,3,1,4,8192,820,19812800,0,0
sample,long,rational-crossing,relationship,3,1,5,8192,820,19774300,0,0
sample,long,rational-crossing,relationship,3,1,6,8192,820,18721600,0,0
summary,long,rational-crossing,relationship,2285.352,2491.858,2779.797
sample,long,rational-crossing,clipping,3,1,0,512,52,23141000,8478720,2
sample,long,rational-crossing,clipping,3,1,1,512,52,20688900,8478720,2
sample,long,rational-crossing,clipping,3,1,2,512,52,22553400,8478720,2
sample,long,rational-crossing,clipping,3,1,3,512,52,23294800,8478720,2
sample,long,rational-crossing,clipping,3,1,4,512,52,20584000,8478720,2
sample,long,rational-crossing,clipping,3,1,5,512,52,20210500,8478720,2
sample,long,rational-crossing,clipping,3,1,6,512,52,20140000,8478720,2
summary,long,rational-crossing,clipping,39335.938,40408.008,45497.656
sample,long,sparse-1,relationship,4,1,0,8192,820,26977700,0,0
sample,long,sparse-1,relationship,4,1,1,8192,820,25556600,0,0
sample,long,sparse-1,relationship,4,1,2,8192,820,25748000,0,0
sample,long,sparse-1,relationship,4,1,3,8192,820,25849000,0,0
sample,long,sparse-1,relationship,4,1,4,8192,820,25735600,0,0
sample,long,sparse-1,relationship,4,1,5,8192,820,25518300,0,0
sample,long,sparse-1,relationship,4,1,6,8192,820,34981200,0,0
summary,long,sparse-1,relationship,3115.027,3143.066,4270.166
sample,long,sparse-1,clipping,4,1,0,512,52,20333000,8478720,2
sample,long,sparse-1,clipping,4,1,1,512,52,20448900,8478720,2
sample,long,sparse-1,clipping,4,1,2,512,52,20330500,8478720,2
sample,long,sparse-1,clipping,4,1,3,512,52,20628600,8478720,2
sample,long,sparse-1,clipping,4,1,4,512,52,20371300,8478720,2
sample,long,sparse-1,clipping,4,1,5,512,52,20305800,8478720,2
sample,long,sparse-1,clipping,4,1,6,512,52,20337400,8478720,2
summary,long,sparse-1,clipping,39659.766,39721.484,40290.234
sample,long,sparse-4,relationship,16,1,0,2048,205,29205400,0,0
sample,long,sparse-4,relationship,16,1,1,2048,205,28116200,0,0
sample,long,sparse-4,relationship,16,1,2,2048,205,29521000,0,0
sample,long,sparse-4,relationship,16,1,3,2048,205,29010800,0,0
sample,long,sparse-4,relationship,16,1,4,2048,205,28931300,0,0
sample,long,sparse-4,relationship,16,1,5,2048,205,30238900,0,0
sample,long,sparse-4,relationship,16,1,6,2048,205,32989900,0,0
summary,long,sparse-4,relationship,13728.613,14260.449,16108.350
sample,long,sparse-4,clipping,16,1,0,512,52,33433000,8478720,2
sample,long,sparse-4,clipping,16,1,1,512,52,33621600,8478720,2
sample,long,sparse-4,clipping,16,1,2,512,52,34505600,8478720,2
sample,long,sparse-4,clipping,16,1,3,512,52,35234900,8478720,2
sample,long,sparse-4,clipping,16,1,4,512,52,36183300,8478720,2
sample,long,sparse-4,clipping,16,1,5,512,52,33548600,8478720,2
sample,long,sparse-4,clipping,16,1,6,512,52,33690500,8478720,2
summary,long,sparse-4,clipping,65298.828,65801.758,70670.508
sample,long,sparse-16,relationship,64,1,0,512,52,37733400,0,0
sample,long,sparse-16,relationship,64,1,1,512,52,38167900,0,0
sample,long,sparse-16,relationship,64,1,2,512,52,40583500,0,0
sample,long,sparse-16,relationship,64,1,3,512,52,50285900,0,0
sample,long,sparse-16,relationship,64,1,4,512,52,37497600,0,0
sample,long,sparse-16,relationship,64,1,5,512,52,40116500,0,0
sample,long,sparse-16,relationship,64,1,6,512,52,38032600,0,0
summary,long,sparse-16,relationship,73237.500,74546.680,98214.648
sample,long,sparse-16,clipping,64,1,0,256,26,34017800,4239360,1
sample,long,sparse-16,clipping,64,1,1,256,26,34567900,4239360,1
sample,long,sparse-16,clipping,64,1,2,256,26,35060200,4239360,1
sample,long,sparse-16,clipping,64,1,3,256,26,33179500,4239360,1
sample,long,sparse-16,clipping,64,1,4,256,26,31610600,4239360,1
sample,long,sparse-16,clipping,64,1,5,256,26,32159500,4239360,1
sample,long,sparse-16,clipping,64,1,6,256,26,33727700,4239360,1
summary,long,sparse-16,clipping,123478.906,131748.828,136953.906
sample,long,sparse-64,relationship,256,1,0,128,13,34368500,0,0
sample,long,sparse-64,relationship,256,1,1,128,13,34221800,0,0
sample,long,sparse-64,relationship,256,1,2,128,13,35403400,0,0
sample,long,sparse-64,relationship,256,1,3,128,13,41180700,0,0
sample,long,sparse-64,relationship,256,1,4,128,13,37795800,0,0
sample,long,sparse-64,relationship,256,1,5,128,13,33821800,0,0
sample,long,sparse-64,relationship,256,1,6,128,13,34052000,0,0
summary,long,sparse-64,relationship,264232.812,268503.906,321724.219
sample,long,sparse-64,clipping,256,1,0,64,7,23552400,1059840,0
sample,long,sparse-64,clipping,256,1,1,64,7,25239500,1059840,0
sample,long,sparse-64,clipping,256,1,2,64,7,24089500,1059840,0
sample,long,sparse-64,clipping,256,1,3,64,7,25341500,1059840,0
sample,long,sparse-64,clipping,256,1,4,64,7,22699200,1059840,0
sample,long,sparse-64,clipping,256,1,5,64,7,24976200,1059840,0
sample,long,sparse-64,clipping,256,1,6,64,7,23520600,1059840,0
summary,long,sparse-64,clipping,354675.000,376398.438,395960.938
sample,long,dense-1,relationship,4,1,0,8192,820,31498200,0,0
sample,long,dense-1,relationship,4,1,1,8192,820,29463300,0,0
sample,long,dense-1,relationship,4,1,2,8192,820,27936700,0,0
sample,long,dense-1,relationship,4,1,3,8192,820,28989000,0,0
sample,long,dense-1,relationship,4,1,4,8192,820,29030700,0,0
sample,long,dense-1,relationship,4,1,5,8192,820,26973300,0,0
sample,long,dense-1,relationship,4,1,6,8192,820,29905800,0,0
summary,long,dense-1,relationship,3292.639,3543.787,3844.995
sample,long,dense-1,clipping,4,1,0,512,52,25756600,8478720,2
sample,long,dense-1,clipping,4,1,1,512,52,23037900,8478720,2
sample,long,dense-1,clipping,4,1,2,512,52,23920800,8478720,2
sample,long,dense-1,clipping,4,1,3,512,52,22629500,8478720,2
sample,long,dense-1,clipping,4,1,4,512,52,22164300,8478720,2
sample,long,dense-1,clipping,4,1,5,512,52,24748900,8478720,2
sample,long,dense-1,clipping,4,1,6,512,52,22928600,8478720,2
summary,long,dense-1,clipping,43289.648,44995.898,50305.859
sample,long,dense-4,relationship,16,4,0,1024,103,21306600,0,0
sample,long,dense-4,relationship,16,4,1,1024,103,21018400,0,0
sample,long,dense-4,relationship,16,4,2,1024,103,19276300,0,0
sample,long,dense-4,relationship,16,4,3,1024,103,19456900,0,0
sample,long,dense-4,relationship,16,4,4,1024,103,19228200,0,0
sample,long,dense-4,relationship,16,4,5,1024,103,19254800,0,0
sample,long,dense-4,relationship,16,4,6,1024,103,20938000,0,0
summary,long,dense-4,relationship,18777.539,19000.879,20807.227
sample,long,dense-4,clipping,16,4,0,128,13,26005800,5294080,1
sample,long,dense-4,clipping,16,4,1,128,13,25838200,5294080,1
sample,long,dense-4,clipping,16,4,2,128,13,25935900,5294080,1
sample,long,dense-4,clipping,16,4,3,128,13,25570900,5294080,1
sample,long,dense-4,clipping,16,4,4,128,13,28478200,5294080,1
sample,long,dense-4,clipping,16,4,5,128,13,27399800,5294080,1
sample,long,dense-4,clipping,16,4,6,128,13,26420500,5294080,1
summary,long,dense-4,clipping,199772.656,203170.312,222485.938
sample,long,dense-16,relationship,64,16,0,256,26,21142300,0,0
sample,long,dense-16,relationship,64,16,1,256,26,20884300,0,0
sample,long,dense-16,relationship,64,16,2,256,26,20778900,0,0
sample,long,dense-16,relationship,64,16,3,256,26,30454800,0,0
sample,long,dense-16,relationship,64,16,4,256,26,23058500,0,0
sample,long,dense-16,relationship,64,16,5,256,26,20379700,0,0
sample,long,dense-16,relationship,64,16,6,256,26,20396300,0,0
summary,long,dense-16,relationship,79608.203,81579.297,118964.062
sample,long,dense-16,clipping,64,16,0,32,4,31000100,4640256,1
sample,long,dense-16,clipping,64,16,1,32,4,31433500,4640256,1
sample,long,dense-16,clipping,64,16,2,32,4,33539400,4640256,1
sample,long,dense-16,clipping,64,16,3,32,4,31759500,4640256,1
sample,long,dense-16,clipping,64,16,4,32,4,31665600,4640256,1
sample,long,dense-16,clipping,64,16,5,32,4,31252000,4640256,1
sample,long,dense-16,clipping,64,16,6,32,4,31175300,4640256,1
summary,long,dense-16,clipping,968753.125,982296.875,1048106.250
sample,long,dense-64,relationship,256,64,0,64,7,41595600,0,0
sample,long,dense-64,relationship,256,64,1,64,7,30921400,0,0
sample,long,dense-64,relationship,256,64,2,64,7,25799200,0,0
sample,long,dense-64,relationship,256,64,3,64,7,23985200,0,0
sample,long,dense-64,relationship,256,64,4,64,7,25367500,0,0
sample,long,dense-64,relationship,256,64,5,64,7,23334900,0,0
sample,long,dense-64,relationship,256,64,6,64,7,25932000,0,0
summary,long,dense-64,relationship,364607.812,403112.500,649931.250
sample,long,dense-64,clipping,256,64,0,4,1,24196600,2224128,0
sample,long,dense-64,clipping,256,64,1,4,1,21070300,2224128,0
sample,long,dense-64,clipping,256,64,2,4,1,21934800,2224128,0
sample,long,dense-64,clipping,256,64,3,4,1,21410200,2224128,0
sample,long,dense-64,clipping,256,64,4,4,1,21042600,2224128,0
sample,long,dense-64,clipping,256,64,5,4,1,25102900,2224128,0
sample,long,dense-64,clipping,256,64,6,4,1,22728700,2224128,0
summary,long,dense-64,clipping,5260650.000,5483700.000,6275725.000
sample,long,wide-integral,relationship,4,1,0,8192,820,36225600,0,0
sample,long,wide-integral,relationship,4,1,1,8192,820,29583900,0,0
sample,long,wide-integral,relationship,4,1,2,8192,820,28717700,0,0
sample,long,wide-integral,relationship,4,1,3,8192,820,38098700,0,0
sample,long,wide-integral,relationship,4,1,4,8192,820,32552500,0,0
sample,long,wide-integral,relationship,4,1,5,8192,820,29285800,0,0
sample,long,wide-integral,relationship,4,1,6,8192,820,29009000,0,0
summary,long,wide-integral,relationship,3505.579,3611.316,4650.720
sample,long,wide-integral,clipping,4,1,0,512,52,25797700,8478720,2
sample,long,wide-integral,clipping,4,1,1,512,52,26139400,8478720,2
sample,long,wide-integral,clipping,4,1,2,512,52,25947400,8478720,2
sample,long,wide-integral,clipping,4,1,3,512,52,27406500,8478720,2
sample,long,wide-integral,clipping,4,1,4,512,52,26106400,8478720,2
sample,long,wide-integral,clipping,4,1,5,512,52,26197800,8478720,2
sample,long,wide-integral,clipping,4,1,6,512,52,25245100,8478720,2
summary,long,wide-integral,clipping,49306.836,50989.062,53528.320
sample,long,endpoint-collapse,relationship,4,0,0,4096,410,23638900,0,0
sample,long,endpoint-collapse,relationship,4,0,1,4096,410,21615300,0,0
sample,long,endpoint-collapse,relationship,4,0,2,4096,410,22041200,0,0
sample,long,endpoint-collapse,relationship,4,0,3,4096,410,25032100,0,0
sample,long,endpoint-collapse,relationship,4,0,4,4096,410,21854200,0,0
sample,long,endpoint-collapse,relationship,4,0,5,4096,410,23530100,0,0
sample,long,endpoint-collapse,relationship,4,0,6,4096,410,23241500,0,0
summary,long,endpoint-collapse,relationship,5277.173,5674.194,6111.353
sample,long,endpoint-collapse,clipping,4,0,0,1024,103,43875700,16924672,4
sample,long,endpoint-collapse,clipping,4,0,1,1024,103,39204300,16924672,4
sample,long,endpoint-collapse,clipping,4,0,2,1024,103,38153400,16924672,4
sample,long,endpoint-collapse,clipping,4,0,3,1024,103,37873100,16924672,4
sample,long,endpoint-collapse,clipping,4,0,4,1024,103,38141800,16924672,4
sample,long,endpoint-collapse,clipping,4,0,5,1024,103,38016300,16924672,4
sample,long,endpoint-collapse,clipping,4,0,6,1024,103,41335700,16924672,4
summary,long,endpoint-collapse,clipping,36985.449,37259.180,42847.363
sample,long,gap-collapse,relationship,8,0,0,2048,205,23464700,0,0
sample,long,gap-collapse,relationship,8,0,1,2048,205,23845600,0,0
sample,long,gap-collapse,relationship,8,0,2,2048,205,35341100,0,0
sample,long,gap-collapse,relationship,8,0,3,2048,205,24718700,0,0
sample,long,gap-collapse,relationship,8,0,4,2048,205,25307600,0,0
sample,long,gap-collapse,relationship,8,0,5,2048,205,23058000,0,0
sample,long,gap-collapse,relationship,8,0,6,2048,205,23213900,0,0
summary,long,gap-collapse,relationship,11258.789,11643.359,17256.396
sample,long,gap-collapse,clipping,8,0,0,256,26,26235100,6348800,1
sample,long,gap-collapse,clipping,8,0,1,256,26,26356400,6348800,1
sample,long,gap-collapse,clipping,8,0,2,256,26,26165200,6348800,1
sample,long,gap-collapse,clipping,8,0,3,256,26,27180600,6348800,1
sample,long,gap-collapse,clipping,8,0,4,256,26,25185800,6348800,1
sample,long,gap-collapse,clipping,8,0,5,256,26,24655200,6348800,1
sample,long,gap-collapse,clipping,8,0,6,256,26,24362600,6348800,1
summary,long,gap-collapse,clipping,95166.406,102207.812,106174.219
fixture,float,exterior,4,1,success,0
fixture,float,interior,4,4,success,1
fixture,float,crossing,4,7,success,1
fixture,float,boundary-only,4,10,success,1
fixture,float,boundary-overlap,4,11,success,1
fixture,float,isolated-tangent,4,3,success,0
fixture,float,degenerate-interior,4,4,success,0
fixture,float,degenerate-boundary,4,2,success,0
fixture,float,empty,0,1,success,0
fixture,float,concave-u,8,7,success,2
fixture,float,hole,8,7,success,2
fixture,float,hole-reversed,8,7,success,2
fixture,float,rational-crossing,3,7,success,1
fixture,float,sparse-1,4,7,success,1
fixture,float,sparse-4,16,7,success,1
fixture,float,sparse-16,64,7,success,1
fixture,float,sparse-64,256,7,success,1
fixture,float,dense-1,4,7,success,1
fixture,float,dense-4,16,7,success,4
fixture,float,dense-16,64,7,success,16
fixture,float,dense-64,256,7,success,64
fixture,float,subnormal,4,7,success,1
fixture,float,large-finite,4,7,success,1
preflight,float,23,PASS
sample,float,exterior,relationship,4,0,0,8192,820,27621700,0,0
sample,float,exterior,relationship,4,0,1,8192,820,24895200,0,0
sample,float,exterior,relationship,4,0,2,8192,820,24018600,0,0
sample,float,exterior,relationship,4,0,3,8192,820,23594700,0,0
sample,float,exterior,relationship,4,0,4,8192,820,23044000,0,0
sample,float,exterior,relationship,4,0,5,8192,820,22782400,0,0
sample,float,exterior,relationship,4,0,6,8192,820,23568300,0,0
summary,float,exterior,relationship,2781.055,2880.212,3371.790
sample,float,exterior,clipping,4,0,0,4096,410,28032500,33947648,8
sample,float,exterior,clipping,4,0,1,4096,410,28051300,33947648,8
sample,float,exterior,clipping,4,0,2,4096,410,27329200,33947648,8
sample,float,exterior,clipping,4,0,3,4096,410,27318900,33947648,8
sample,float,exterior,clipping,4,0,4,4096,410,29403700,33947648,8
sample,float,exterior,clipping,4,0,5,4096,410,30572500,33947648,8
sample,float,exterior,clipping,4,0,6,4096,410,28171600,33947648,8
summary,float,exterior,clipping,6669.653,6848.462,7463.989
sample,float,interior,relationship,4,1,0,8192,820,23549700,0,0
sample,float,interior,relationship,4,1,1,8192,820,22898800,0,0
sample,float,interior,relationship,4,1,2,8192,820,23105100,0,0
sample,float,interior,relationship,4,1,3,8192,820,24649600,0,0
sample,float,interior,relationship,4,1,4,8192,820,34077500,0,0
sample,float,interior,relationship,4,1,5,8192,820,23482400,0,0
sample,float,interior,relationship,4,1,6,8192,820,24604800,0,0
summary,float,interior,relationship,2795.264,2874.719,4159.851
sample,float,interior,clipping,4,1,0,2048,205,32716400,17072128,4
sample,float,interior,clipping,4,1,1,2048,205,35410300,17072128,4
sample,float,interior,clipping,4,1,2,2048,205,33323300,17072128,4
sample,float,interior,clipping,4,1,3,2048,205,32753000,17072128,4
sample,float,interior,clipping,4,1,4,2048,205,33012000,17072128,4
sample,float,interior,clipping,4,1,5,2048,205,37231600,17072128,4
sample,float,interior,clipping,4,1,6,2048,205,46415400,17072128,4
summary,float,interior,clipping,15974.805,16271.143,22663.770
sample,float,crossing,relationship,4,1,0,8192,820,29826800,0,0
sample,float,crossing,relationship,4,1,1,8192,820,28042400,0,0
sample,float,crossing,relationship,4,1,2,8192,820,28912800,0,0
sample,float,crossing,relationship,4,1,3,8192,820,28599600,0,0
sample,float,crossing,relationship,4,1,4,8192,820,27179700,0,0
sample,float,crossing,relationship,4,1,5,8192,820,29510700,0,0
sample,float,crossing,relationship,4,1,6,8192,820,28915200,0,0
summary,float,crossing,relationship,3317.834,3529.395,3640.967
sample,float,crossing,clipping,4,1,0,512,52,26312700,8478720,2
sample,float,crossing,clipping,4,1,1,512,52,27238100,8478720,2
sample,float,crossing,clipping,4,1,2,512,52,24690400,8478720,2
sample,float,crossing,clipping,4,1,3,512,52,29253800,8478720,2
sample,float,crossing,clipping,4,1,4,512,52,26796100,8478720,2
sample,float,crossing,clipping,4,1,5,512,52,30024800,8478720,2
sample,float,crossing,clipping,4,1,6,512,52,27430400,8478720,2
summary,float,crossing,clipping,48223.438,53199.414,58642.188
sample,float,boundary-only,relationship,4,1,0,8192,820,34733800,0,0
sample,float,boundary-only,relationship,4,1,1,8192,820,45009300,0,0
sample,float,boundary-only,relationship,4,1,2,8192,820,35292300,0,0
sample,float,boundary-only,relationship,4,1,3,8192,820,31707500,0,0
sample,float,boundary-only,relationship,4,1,4,8192,820,29465000,0,0
sample,float,boundary-only,relationship,4,1,5,8192,820,28000000,0,0
sample,float,boundary-only,relationship,4,1,6,8192,820,26951100,0,0
summary,float,boundary-only,relationship,3289.929,3870.544,5494.299
sample,float,boundary-only,clipping,4,1,0,1024,103,32711600,21118976,5
sample,float,boundary-only,clipping,4,1,1,1024,103,35977800,21118976,5
sample,float,boundary-only,clipping,4,1,2,1024,103,31600300,21118976,5
sample,float,boundary-only,clipping,4,1,3,1024,103,30657700,21118976,5
sample,float,boundary-only,clipping,4,1,4,1024,103,32877800,21118976,5
sample,float,boundary-only,clipping,4,1,5,1024,103,34131400,21118976,5
sample,float,boundary-only,clipping,4,1,6,1024,103,29631100,21118976,5
summary,float,boundary-only,clipping,28936.621,31944.922,35134.570
sample,float,boundary-overlap,relationship,4,1,0,8192,820,34501800,0,0
sample,float,boundary-overlap,relationship,4,1,1,8192,820,37373000,0,0
sample,float,boundary-overlap,relationship,4,1,2,8192,820,37850500,0,0
sample,float,boundary-overlap,relationship,4,1,3,8192,820,34679200,0,0
sample,float,boundary-overlap,relationship,4,1,4,8192,820,32001000,0,0
sample,float,boundary-overlap,relationship,4,1,5,8192,820,31407500,0,0
sample,float,boundary-overlap,relationship,4,1,6,8192,820,32243800,0,0
summary,float,boundary-overlap,relationship,3833.923,4211.646,4620.422
sample,float,boundary-overlap,clipping,4,1,0,1024,103,27231300,21151744,5
sample,float,boundary-overlap,clipping,4,1,1,1024,103,27283600,21151744,5
sample,float,boundary-overlap,clipping,4,1,2,1024,103,27097400,21151744,5
sample,float,boundary-overlap,clipping,4,1,3,1024,103,33527600,21151744,5
sample,float,boundary-overlap,clipping,4,1,4,1024,103,34591700,21151744,5
sample,float,boundary-overlap,clipping,4,1,5,1024,103,45536900,21151744,5
sample,float,boundary-overlap,clipping,4,1,6,1024,103,30845100,21151744,5
summary,float,boundary-overlap,clipping,26462.305,30122.168,44469.629
sample,float,isolated-tangent,relationship,4,0,0,4096,410,21350000,0,0
sample,float,isolated-tangent,relationship,4,0,1,4096,410,21575200,0,0
sample,float,isolated-tangent,relationship,4,0,2,4096,410,20732900,0,0
sample,float,isolated-tangent,relationship,4,0,3,4096,410,23026000,0,0
sample,float,isolated-tangent,relationship,4,0,4,4096,410,24705400,0,0
sample,float,isolated-tangent,relationship,4,0,5,4096,410,22002400,0,0
sample,float,isolated-tangent,relationship,4,0,6,4096,410,21093000,0,0
summary,float,isolated-tangent,relationship,5061.743,5267.383,6031.592
sample,float,isolated-tangent,clipping,4,0,0,2048,205,31958100,33751040,8
sample,float,isolated-tangent,clipping,4,0,1,2048,205,34554900,33751040,8
sample,float,isolated-tangent,clipping,4,0,2,2048,205,34595000,33751040,8
sample,float,isolated-tangent,clipping,4,0,3,2048,205,32716400,33751040,8
sample,float,isolated-tangent,clipping,4,0,4,2048,205,32047900,33751040,8
sample,float,isolated-tangent,clipping,4,0,5,2048,205,33027900,33751040,8
sample,float,isolated-tangent,clipping,4,0,6,2048,205,32715900,33751040,8
summary,float,isolated-tangent,clipping,15604.541,15974.805,16892.090
sample,float,degenerate-interior,relationship,4,0,0,65536,6554,5305400,0,0
sample,float,degenerate-interior,relationship,4,0,1,65536,6554,5490500,0,0
sample,float,degenerate-interior,relationship,4,0,2,65536,6554,6242700,0,0
sample,float,degenerate-interior,relationship,4,0,3,65536,6554,6176700,0,0
sample,float,degenerate-interior,relationship,4,0,4,65536,6554,7756400,0,0
sample,float,degenerate-interior,relationship,4,0,5,65536,6554,7030100,0,0
sample,float,degenerate-interior,relationship,4,0,6,65536,6554,5830300,0,0
summary,float,degenerate-interior,relationship,80.954,94.249,118.353
sample,float,degenerate-interior,clipping,4,0,0,65536,6554,818800,0,0
sample,float,degenerate-interior,clipping,4,0,1,65536,6554,1011000,0,0
sample,float,degenerate-interior,clipping,4,0,2,65536,6554,797000,0,0
sample,float,degenerate-interior,clipping,4,0,3,65536,6554,911500,0,0
sample,float,degenerate-interior,clipping,4,0,4,65536,6554,776800,0,0
sample,float,degenerate-interior,clipping,4,0,5,65536,6554,821100,0,0
sample,float,degenerate-interior,clipping,4,0,6,65536,6554,782300,0,0
summary,float,degenerate-interior,clipping,11.853,12.494,15.427
sample,float,degenerate-boundary,relationship,4,0,0,65536,6554,7035600,0,0
sample,float,degenerate-boundary,relationship,4,0,1,65536,6554,7578600,0,0
sample,float,degenerate-boundary,relationship,4,0,2,65536,6554,7253700,0,0
sample,float,degenerate-boundary,relationship,4,0,3,65536,6554,5894200,0,0
sample,float,degenerate-boundary,relationship,4,0,4,65536,6554,6358000,0,0
sample,float,degenerate-boundary,relationship,4,0,5,65536,6554,6060500,0,0
sample,float,degenerate-boundary,relationship,4,0,6,65536,6554,5169400,0,0
summary,float,degenerate-boundary,relationship,78.879,97.015,115.640
sample,float,degenerate-boundary,clipping,4,0,0,65536,6554,842500,0,0
sample,float,degenerate-boundary,clipping,4,0,1,65536,6554,1271800,0,0
sample,float,degenerate-boundary,clipping,4,0,2,65536,6554,1435400,0,0
sample,float,degenerate-boundary,clipping,4,0,3,65536,6554,948100,0,0
sample,float,degenerate-boundary,clipping,4,0,4,65536,6554,850200,0,0
sample,float,degenerate-boundary,clipping,4,0,5,65536,6554,856400,0,0
sample,float,degenerate-boundary,clipping,4,0,6,65536,6554,957000,0,0
summary,float,degenerate-boundary,clipping,12.856,14.467,21.902
sample,float,empty,relationship,0,0,0,65536,6554,1512900,0,0
sample,float,empty,relationship,0,0,1,65536,6554,1397900,0,0
sample,float,empty,relationship,0,0,2,65536,6554,1563700,0,0
sample,float,empty,relationship,0,0,3,65536,6554,2081000,0,0
sample,float,empty,relationship,0,0,4,65536,6554,1616800,0,0
sample,float,empty,relationship,0,0,5,65536,6554,1420300,0,0
sample,float,empty,relationship,0,0,6,65536,6554,1415500,0,0
summary,float,empty,relationship,21.330,23.085,31.754
sample,float,empty,clipping,0,0,0,65536,6554,934000,0,0
sample,float,empty,clipping,0,0,1,65536,6554,963200,0,0
sample,float,empty,clipping,0,0,2,65536,6554,901500,0,0
sample,float,empty,clipping,0,0,3,65536,6554,951200,0,0
sample,float,empty,clipping,0,0,4,65536,6554,934200,0,0
sample,float,empty,clipping,0,0,5,65536,6554,1085000,0,0
sample,float,empty,clipping,0,0,6,65536,6554,1089200,0,0
summary,float,empty,clipping,13.756,14.514,16.620
sample,float,concave-u,relationship,8,2,0,4096,410,37436000,0,0
sample,float,concave-u,relationship,8,2,1,4096,410,36513800,0,0
sample,float,concave-u,relationship,8,2,2,4096,410,38504200,0,0
sample,float,concave-u,relationship,8,2,3,4096,410,36219500,0,0
sample,float,concave-u,relationship,8,2,4,4096,410,37118800,0,0
sample,float,concave-u,relationship,8,2,5,4096,410,49662100,0,0
sample,float,concave-u,relationship,8,2,6,4096,410,45177300,0,0
summary,float,concave-u,relationship,8842.651,9139.648,12124.536
sample,float,concave-u,clipping,8,2,0,256,26,30008800,6356992,1
sample,float,concave-u,clipping,8,2,1,256,26,28033800,6356992,1
sample,float,concave-u,clipping,8,2,2,256,26,30907700,6356992,1
sample,float,concave-u,clipping,8,2,3,256,26,29471100,6356992,1
sample,float,concave-u,clipping,8,2,4,256,26,28451200,6356992,1
sample,float,concave-u,clipping,8,2,5,256,26,27668500,6356992,1
sample,float,concave-u,clipping,8,2,6,256,26,27763200,6356992,1
summary,float,concave-u,clipping,108080.078,111137.500,120733.203
sample,float,hole,relationship,8,2,0,4096,410,37414300,0,0
sample,float,hole,relationship,8,2,1,4096,410,36487100,0,0
sample,float,hole,relationship,8,2,2,4096,410,36536900,0,0
sample,float,hole,relationship,8,2,3,4096,410,36780400,0,0
sample,float,hole,relationship,8,2,4,4096,410,38557900,0,0
sample,float,hole,relationship,8,2,5,4096,410,36112400,0,0
sample,float,hole,relationship,8,2,6,4096,410,35886000,0,0
summary,float,hole,relationship,8761.230,8920.142,9413.550
sample,float,hole,clipping,8,2,0,256,26,35639000,6356992,1
sample,float,hole,clipping,8,2,1,256,26,32292400,6356992,1
sample,float,hole,clipping,8,2,2,256,26,35661200,6356992,1
sample,float,hole,clipping,8,2,3,256,26,32179900,6356992,1
sample,float,hole,clipping,8,2,4,256,26,26554300,6356992,1
sample,float,hole,clipping,8,2,5,256,26,28027100,6356992,1
sample,float,hole,clipping,8,2,6,256,26,27129200,6356992,1
summary,float,hole,clipping,103727.734,125702.734,139301.562
sample,float,hole-reversed,relationship,8,2,0,4096,410,35391900,0,0
sample,float,hole-reversed,relationship,8,2,1,4096,410,34427500,0,0
sample,float,hole-reversed,relationship,8,2,2,4096,410,35804900,0,0
sample,float,hole-reversed,relationship,8,2,3,4096,410,36615800,0,0
sample,float,hole-reversed,relationship,8,2,4,4096,410,42509900,0,0
sample,float,hole-reversed,relationship,8,2,5,4096,410,37003900,0,0
sample,float,hole-reversed,relationship,8,2,6,4096,410,35470500,0,0
summary,float,hole-reversed,relationship,8405.151,8741.431,10378.394
sample,float,hole-reversed,clipping,8,2,0,256,26,26794600,6356992,1
sample,float,hole-reversed,clipping,8,2,1,256,26,30205600,6356992,1
sample,float,hole-reversed,clipping,8,2,2,256,26,26426900,6356992,1
sample,float,hole-reversed,clipping,8,2,3,256,26,28778200,6356992,1
sample,float,hole-reversed,clipping,8,2,4,256,26,25599700,6356992,1
sample,float,hole-reversed,clipping,8,2,5,256,26,25146200,6356992,1
sample,float,hole-reversed,clipping,8,2,6,256,26,30553300,6356992,1
summary,float,hole-reversed,clipping,98227.344,104666.406,119348.828
sample,float,rational-crossing,relationship,3,1,0,16384,1639,34488800,0,0
sample,float,rational-crossing,relationship,3,1,1,16384,1639,34001100,0,0
sample,float,rational-crossing,relationship,3,1,2,16384,1639,33522500,0,0
sample,float,rational-crossing,relationship,3,1,3,16384,1639,33070200,0,0
sample,float,rational-crossing,relationship,3,1,4,16384,1639,32794800,0,0
sample,float,rational-crossing,relationship,3,1,5,16384,1639,34443500,0,0
sample,float,rational-crossing,relationship,3,1,6,16384,1639,34018300,0,0
summary,float,rational-crossing,relationship,2001.636,2075.262,2105.029
sample,float,rational-crossing,clipping,3,1,0,512,52,24659900,8478720,2
sample,float,rational-crossing,clipping,3,1,1,512,52,24007800,8478720,2
sample,float,rational-crossing,clipping,3,1,2,512,52,22853200,8478720,2
sample,float,rational-crossing,clipping,3,1,3,512,52,26559800,8478720,2
sample,float,rational-crossing,clipping,3,1,4,512,52,29108500,8478720,2
sample,float,rational-crossing,clipping,3,1,5,512,52,40768400,8478720,2
sample,float,rational-crossing,clipping,3,1,6,512,52,27729500,8478720,2
summary,float,rational-crossing,clipping,44635.156,51874.609,79625.781
sample,float,sparse-1,relationship,4,1,0,8192,820,28682200,0,0
sample,float,sparse-1,relationship,4,1,1,8192,820,33692600,0,0
sample,float,sparse-1,relationship,4,1,2,8192,820,35077800,0,0
sample,float,sparse-1,relationship,4,1,3,8192,820,29381400,0,0
sample,float,sparse-1,relationship,4,1,4,8192,820,30618000,0,0
sample,float,sparse-1,relationship,4,1,5,8192,820,29314800,0,0
sample,float,sparse-1,relationship,4,1,6,8192,820,28061900,0,0
summary,float,sparse-1,relationship,3425.525,3586.597,4281.958
sample,float,sparse-1,clipping,4,1,0,512,52,32621900,8478720,2
sample,float,sparse-1,clipping,4,1,1,512,52,27207600,8478720,2
sample,float,sparse-1,clipping,4,1,2,512,52,23929800,8478720,2
sample,float,sparse-1,clipping,4,1,3,512,52,25989200,8478720,2
sample,float,sparse-1,clipping,4,1,4,512,52,24423000,8478720,2
sample,float,sparse-1,clipping,4,1,5,512,52,27068200,8478720,2
sample,float,sparse-1,clipping,4,1,6,512,52,24696000,8478720,2
summary,float,sparse-1,clipping,46737.891,50760.156,63714.648
sample,float,sparse-4,relationship,16,1,0,2048,205,30500500,0,0
sample,float,sparse-4,relationship,16,1,1,2048,205,31471800,0,0
sample,float,sparse-4,relationship,16,1,2,2048,205,34862300,0,0
sample,float,sparse-4,relationship,16,1,3,2048,205,33299400,0,0
sample,float,sparse-4,relationship,16,1,4,2048,205,33970500,0,0
sample,float,sparse-4,relationship,16,1,5,2048,205,32268200,0,0
sample,float,sparse-4,relationship,16,1,6,2048,205,31488900,0,0
summary,float,sparse-4,relationship,14892.822,15755.957,17022.607
sample,float,sparse-4,clipping,16,1,0,512,52,34817300,8478720,2
sample,float,sparse-4,clipping,16,1,1,512,52,45611000,8478720,2
sample,float,sparse-4,clipping,16,1,2,512,52,36970600,8478720,2
sample,float,sparse-4,clipping,16,1,3,512,52,32634400,8478720,2
sample,float,sparse-4,clipping,16,1,4,512,52,32799800,8478720,2
sample,float,sparse-4,clipping,16,1,5,512,52,33945800,8478720,2
sample,float,sparse-4,clipping,16,1,6,512,52,33641300,8478720,2
summary,float,sparse-4,clipping,63739.062,66300.391,89083.984
sample,float,sparse-16,relationship,64,1,0,512,52,31859300,0,0
sample,float,sparse-16,relationship,64,1,1,512,52,31954700,0,0
sample,float,sparse-16,relationship,64,1,2,512,52,34435500,0,0
sample,float,sparse-16,relationship,64,1,3,512,52,35223200,0,0
sample,float,sparse-16,relationship,64,1,4,512,52,34181400,0,0
sample,float,sparse-16,relationship,64,1,5,512,52,32676600,0,0
sample,float,sparse-16,relationship,64,1,6,512,52,31893700,0,0
summary,float,sparse-16,relationship,62225.195,63821.484,68795.312
sample,float,sparse-16,clipping,64,1,0,256,26,32466700,4239360,1
sample,float,sparse-16,clipping,64,1,1,256,26,32625300,4239360,1
sample,float,sparse-16,clipping,64,1,2,256,26,30718700,4239360,1
sample,float,sparse-16,clipping,64,1,3,256,26,30817600,4239360,1
sample,float,sparse-16,clipping,64,1,4,256,26,31206700,4239360,1
sample,float,sparse-16,clipping,64,1,5,256,26,32554600,4239360,1
sample,float,sparse-16,clipping,64,1,6,256,26,32198900,4239360,1
summary,float,sparse-16,clipping,119994.922,125776.953,127442.578
sample,float,sparse-64,relationship,256,1,0,128,13,32681700,0,0
sample,float,sparse-64,relationship,256,1,1,128,13,32593000,0,0
sample,float,sparse-64,relationship,256,1,2,128,13,33666100,0,0
sample,float,sparse-64,relationship,256,1,3,128,13,33889400,0,0
sample,float,sparse-64,relationship,256,1,4,128,13,35258900,0,0
sample,float,sparse-64,relationship,256,1,5,128,13,40891700,0,0
sample,float,sparse-64,relationship,256,1,6,128,13,29344100,0,0
summary,float,sparse-64,relationship,229250.781,263016.406,319466.406
sample,float,sparse-64,clipping,256,1,0,128,13,44028300,2119680,0
sample,float,sparse-64,clipping,256,1,1,128,13,39154200,2119680,0
sample,float,sparse-64,clipping,256,1,2,128,13,52624000,2119680,0
sample,float,sparse-64,clipping,256,1,3,128,13,44365400,2119680,0
sample,float,sparse-64,clipping,256,1,4,128,13,39029700,2119680,0
sample,float,sparse-64,clipping,256,1,5,128,13,43092300,2119680,0
sample,float,sparse-64,clipping,256,1,6,128,13,40657500,2119680,0
summary,float,sparse-64,clipping,304919.531,336658.594,411125.000
sample,float,dense-1,relationship,4,1,0,8192,820,25971800,0,0
sample,float,dense-1,relationship,4,1,1,8192,820,23228000,0,0
sample,float,dense-1,relationship,4,1,2,8192,820,23571300,0,0
sample,float,dense-1,relationship,4,1,3,8192,820,22565400,0,0
sample,float,dense-1,relationship,4,1,4,8192,820,23125500,0,0
sample,float,dense-1,relationship,4,1,5,8192,820,23471100,0,0
sample,float,dense-1,relationship,4,1,6,8192,820,23964700,0,0
summary,float,dense-1,relationship,2754.565,2865.125,3170.386
sample,float,dense-1,clipping,4,1,0,512,52,24340400,8478720,2
sample,float,dense-1,clipping,4,1,1,512,52,23585100,8478720,2
sample,float,dense-1,clipping,4,1,2,512,52,22197300,8478720,2
sample,float,dense-1,clipping,4,1,3,512,52,21829800,8478720,2
sample,float,dense-1,clipping,4,1,4,512,52,23076000,8478720,2
sample,float,dense-1,clipping,4,1,5,512,52,24483300,8478720,2
sample,float,dense-1,clipping,4,1,6,512,52,22835400,8478720,2
summary,float,dense-1,clipping,42636.328,45070.312,47818.945
sample,float,dense-4,relationship,16,4,0,2048,205,53485200,0,0
sample,float,dense-4,relationship,16,4,1,2048,205,41889200,0,0
sample,float,dense-4,relationship,16,4,2,2048,205,42754900,0,0
sample,float,dense-4,relationship,16,4,3,2048,205,42766700,0,0
sample,float,dense-4,relationship,16,4,4,2048,205,44749400,0,0
sample,float,dense-4,relationship,16,4,5,2048,205,44069700,0,0
sample,float,dense-4,relationship,16,4,6,2048,205,42728000,0,0
summary,float,dense-4,relationship,20453.711,20882.178,26115.820
sample,float,dense-4,clipping,16,4,0,128,13,30909700,5294080,1
sample,float,dense-4,clipping,16,4,1,128,13,33227400,5294080,1
sample,float,dense-4,clipping,16,4,2,128,13,34047400,5294080,1
sample,float,dense-4,clipping,16,4,3,128,13,36967300,5294080,1
sample,float,dense-4,clipping,16,4,4,128,13,32441300,5294080,1
sample,float,dense-4,clipping,16,4,5,128,13,35168000,5294080,1
sample,float,dense-4,clipping,16,4,6,128,13,35403700,5294080,1
summary,float,dense-4,clipping,241482.031,265995.312,288807.031
sample,float,dense-16,relationship,64,16,0,256,26,21006100,0,0
sample,float,dense-16,relationship,64,16,1,256,26,20106300,0,0
sample,float,dense-16,relationship,64,16,2,256,26,19882500,0,0
sample,float,dense-16,relationship,64,16,3,256,26,20349800,0,0
sample,float,dense-16,relationship,64,16,4,256,26,21699400,0,0
sample,float,dense-16,relationship,64,16,5,256,26,23087200,0,0
sample,float,dense-16,relationship,64,16,6,256,26,20492200,0,0
summary,float,dense-16,relationship,77666.016,80047.656,90184.375
sample,float,dense-16,clipping,64,16,0,32,4,33782100,4640256,1
sample,float,dense-16,clipping,64,16,1,32,4,35190300,4640256,1
sample,float,dense-16,clipping,64,16,2,32,4,40354700,4640256,1
sample,float,dense-16,clipping,64,16,3,32,4,33998900,4640256,1
sample,float,dense-16,clipping,64,16,4,32,4,45026900,4640256,1
sample,float,dense-16,clipping,64,16,5,32,4,36926800,4640256,1
sample,float,dense-16,clipping,64,16,6,32,4,33740700,4640256,1
summary,float,dense-16,clipping,1054396.875,1099696.875,1407090.625
sample,float,dense-64,relationship,256,64,0,64,7,22751900,0,0
sample,float,dense-64,relationship,256,64,1,64,7,24238500,0,0
sample,float,dense-64,relationship,256,64,2,64,7,26172800,0,0
sample,float,dense-64,relationship,256,64,3,64,7,23038600,0,0
sample,float,dense-64,relationship,256,64,4,64,7,24420800,0,0
sample,float,dense-64,relationship,256,64,5,64,7,24244900,0,0
sample,float,dense-64,relationship,256,64,6,64,7,23093900,0,0
summary,float,dense-64,relationship,355498.438,378726.562,408950.000
sample,float,dense-64,clipping,256,64,0,4,1,26517600,2224128,0
sample,float,dense-64,clipping,256,64,1,4,1,22444900,2224128,0
sample,float,dense-64,clipping,256,64,2,4,1,24283500,2224128,0
sample,float,dense-64,clipping,256,64,3,4,1,21591400,2224128,0
sample,float,dense-64,clipping,256,64,4,4,1,21437400,2224128,0
sample,float,dense-64,clipping,256,64,5,4,1,22456700,2224128,0
sample,float,dense-64,clipping,256,64,6,4,1,22331800,2224128,0
summary,float,dense-64,clipping,5359350.000,5611225.000,6629400.000
sample,float,subnormal,relationship,4,1,0,8192,820,28042400,0,0
sample,float,subnormal,relationship,4,1,1,8192,820,27314200,0,0
sample,float,subnormal,relationship,4,1,2,8192,820,28532100,0,0
sample,float,subnormal,relationship,4,1,3,8192,820,28407600,0,0
sample,float,subnormal,relationship,4,1,4,8192,820,27616700,0,0
sample,float,subnormal,relationship,4,1,5,8192,820,31090100,0,0
sample,float,subnormal,relationship,4,1,6,8192,820,30364100,0,0
summary,float,subnormal,relationship,3334.253,3467.725,3795.178
sample,float,subnormal,clipping,4,1,0,512,52,25998000,8478720,2
sample,float,subnormal,clipping,4,1,1,512,52,23846900,8478720,2
sample,float,subnormal,clipping,4,1,2,512,52,28212400,8478720,2
sample,float,subnormal,clipping,4,1,3,512,52,25950000,8478720,2
sample,float,subnormal,clipping,4,1,4,512,52,28633900,8478720,2
sample,float,subnormal,clipping,4,1,5,512,52,27537900,8478720,2
sample,float,subnormal,clipping,4,1,6,512,52,35721300,8478720,2
summary,float,subnormal,clipping,46575.977,53784.961,69768.164
sample,float,large-finite,relationship,4,1,0,8192,820,28571600,0,0
sample,float,large-finite,relationship,4,1,1,8192,820,29657200,0,0
sample,float,large-finite,relationship,4,1,2,8192,820,29823000,0,0
sample,float,large-finite,relationship,4,1,3,8192,820,28351200,0,0
sample,float,large-finite,relationship,4,1,4,8192,820,27454800,0,0
sample,float,large-finite,relationship,4,1,5,8192,820,28640500,0,0
sample,float,large-finite,relationship,4,1,6,8192,820,27743800,0,0
summary,float,large-finite,relationship,3351.416,3487.744,3640.503
sample,float,large-finite,clipping,4,1,0,512,52,30172600,8478720,2
sample,float,large-finite,clipping,4,1,1,512,52,27205300,8478720,2
sample,float,large-finite,clipping,4,1,2,512,52,25746100,8478720,2
sample,float,large-finite,clipping,4,1,3,512,52,26574900,8478720,2
sample,float,large-finite,clipping,4,1,4,512,52,24724200,8478720,2
sample,float,large-finite,clipping,4,1,5,512,52,28866600,8478720,2
sample,float,large-finite,clipping,4,1,6,512,52,27653500,8478720,2
summary,float,large-finite,clipping,48289.453,53135.352,58930.859
fixture,double,exterior,4,1,success,0
fixture,double,interior,4,4,success,1
fixture,double,crossing,4,7,success,1
fixture,double,boundary-only,4,10,success,1
fixture,double,boundary-overlap,4,11,success,1
fixture,double,isolated-tangent,4,3,success,0
fixture,double,degenerate-interior,4,4,success,0
fixture,double,degenerate-boundary,4,2,success,0
fixture,double,empty,0,1,success,0
fixture,double,concave-u,8,7,success,2
fixture,double,hole,8,7,success,2
fixture,double,hole-reversed,8,7,success,2
fixture,double,rational-crossing,3,7,success,1
fixture,double,sparse-1,4,7,success,1
fixture,double,sparse-4,16,7,success,1
fixture,double,sparse-16,64,7,success,1
fixture,double,sparse-64,256,7,success,1
fixture,double,dense-1,4,7,success,1
fixture,double,dense-4,16,7,success,4
fixture,double,dense-16,64,7,success,16
fixture,double,dense-64,256,7,success,64
fixture,double,subnormal,4,7,success,1
fixture,double,large-finite,4,7,success,1
preflight,double,23,PASS
sample,double,exterior,relationship,4,0,0,8192,820,26706000,0,0
sample,double,exterior,relationship,4,0,1,8192,820,29883800,0,0
sample,double,exterior,relationship,4,0,2,8192,820,31277300,0,0
sample,double,exterior,relationship,4,0,3,8192,820,29407600,0,0
sample,double,exterior,relationship,4,0,4,8192,820,30985000,0,0
sample,double,exterior,relationship,4,0,5,8192,820,28700400,0,0
sample,double,exterior,relationship,4,0,6,8192,820,28238100,0,0
summary,double,exterior,relationship,3260.010,3589.795,3818.030
sample,double,exterior,clipping,4,0,0,4096,410,33505700,33947648,8
sample,double,exterior,clipping,4,0,1,4096,410,35315400,33947648,8
sample,double,exterior,clipping,4,0,2,4096,410,34061700,33947648,8
sample,double,exterior,clipping,4,0,3,4096,410,45925700,33947648,8
sample,double,exterior,clipping,4,0,4,4096,410,35349400,33947648,8
sample,double,exterior,clipping,4,0,5,4096,410,36380000,33947648,8
sample,double,exterior,clipping,4,0,6,4096,410,33432100,33947648,8
summary,double,exterior,clipping,8162.134,8621.924,11212.329
sample,double,interior,relationship,4,1,0,8192,820,28021200,0,0
sample,double,interior,relationship,4,1,1,8192,820,26745300,0,0
sample,double,interior,relationship,4,1,2,8192,820,25190200,0,0
sample,double,interior,relationship,4,1,3,8192,820,25703600,0,0
sample,double,interior,relationship,4,1,4,8192,820,26785200,0,0
sample,double,interior,relationship,4,1,5,8192,820,25341800,0,0
sample,double,interior,relationship,4,1,6,8192,820,25913000,0,0
summary,double,interior,relationship,3074.976,3163.208,3420.557
sample,double,interior,clipping,4,1,0,2048,205,33593700,17072128,4
sample,double,interior,clipping,4,1,1,2048,205,34633600,17072128,4
sample,double,interior,clipping,4,1,2,2048,205,32595800,17072128,4
sample,double,interior,clipping,4,1,3,2048,205,32523200,17072128,4
sample,double,interior,clipping,4,1,4,2048,205,32324400,17072128,4
sample,double,interior,clipping,4,1,5,2048,205,32691000,17072128,4
sample,double,interior,clipping,4,1,6,2048,205,32441000,17072128,4
summary,double,interior,clipping,15783.398,15915.918,16910.938
sample,double,crossing,relationship,4,1,0,8192,820,24640300,0,0
sample,double,crossing,relationship,4,1,1,8192,820,26320100,0,0
sample,double,crossing,relationship,4,1,2,8192,820,27405200,0,0
sample,double,crossing,relationship,4,1,3,8192,820,23483300,0,0
sample,double,crossing,relationship,4,1,4,8192,820,24314200,0,0
sample,double,crossing,relationship,4,1,5,8192,820,27843300,0,0
sample,double,crossing,relationship,4,1,6,8192,820,29468900,0,0
summary,double,crossing,relationship,2866.614,3212.903,3597.278
sample,double,crossing,clipping,4,1,0,512,52,23123800,8478720,2
sample,double,crossing,clipping,4,1,1,512,52,25698100,8478720,2
sample,double,crossing,clipping,4,1,2,512,52,32557600,8478720,2
sample,double,crossing,clipping,4,1,3,512,52,24561900,8478720,2
sample,double,crossing,clipping,4,1,4,512,52,21846700,8478720,2
sample,double,crossing,clipping,4,1,5,512,52,26628500,8478720,2
sample,double,crossing,clipping,4,1,6,512,52,23018200,8478720,2
summary,double,crossing,clipping,42669.336,47972.461,63589.062
sample,double,boundary-only,relationship,4,1,0,8192,820,31316000,0,0
sample,double,boundary-only,relationship,4,1,1,8192,820,31709600,0,0
sample,double,boundary-only,relationship,4,1,2,8192,820,33957800,0,0
sample,double,boundary-only,relationship,4,1,3,8192,820,32827100,0,0
sample,double,boundary-only,relationship,4,1,4,8192,820,33181100,0,0
sample,double,boundary-only,relationship,4,1,5,8192,820,30884700,0,0
sample,double,boundary-only,relationship,4,1,6,8192,820,30446800,0,0
summary,double,boundary-only,relationship,3716.650,3870.801,4145.239
sample,double,boundary-only,clipping,4,1,0,1024,103,32764300,21118976,5
sample,double,boundary-only,clipping,4,1,1,1024,103,33562900,21118976,5
sample,double,boundary-only,clipping,4,1,2,1024,103,30659100,21118976,5
sample,double,boundary-only,clipping,4,1,3,1024,103,31328200,21118976,5
sample,double,boundary-only,clipping,4,1,4,1024,103,31255500,21118976,5
sample,double,boundary-only,clipping,4,1,5,1024,103,33071000,21118976,5
sample,double,boundary-only,clipping,4,1,6,1024,103,32393200,21118976,5
summary,double,boundary-only,clipping,29940.527,31633.984,32776.270
sample,double,boundary-overlap,relationship,4,1,0,8192,820,36285800,0,0
sample,double,boundary-overlap,relationship,4,1,1,8192,820,35869100,0,0
sample,double,boundary-overlap,relationship,4,1,2,8192,820,40369200,0,0
sample,double,boundary-overlap,relationship,4,1,3,8192,820,40572700,0,0
sample,double,boundary-overlap,relationship,4,1,4,8192,820,36152200,0,0
sample,double,boundary-overlap,relationship,4,1,5,8192,820,49833300,0,0
sample,double,boundary-overlap,relationship,4,1,6,8192,820,41995700,0,0
summary,double,boundary-overlap,relationship,4378.552,4927.881,6083.167
sample,double,boundary-overlap,clipping,4,1,0,1024,103,32660200,21151744,5
sample,double,boundary-overlap,clipping,4,1,1,1024,103,32628100,21151744,5
sample,double,boundary-overlap,clipping,4,1,2,1024,103,32116700,21151744,5
sample,double,boundary-overlap,clipping,4,1,3,1024,103,34346600,21151744,5
sample,double,boundary-overlap,clipping,4,1,4,1024,103,33525800,21151744,5
sample,double,boundary-overlap,clipping,4,1,5,1024,103,33487700,21151744,5
sample,double,boundary-overlap,clipping,4,1,6,1024,103,31900400,21151744,5
summary,double,boundary-overlap,clipping,31152.734,31894.727,33541.602
sample,double,isolated-tangent,relationship,4,0,0,4096,410,21828500,0,0
sample,double,isolated-tangent,relationship,4,0,1,4096,410,25568200,0,0
sample,double,isolated-tangent,relationship,4,0,2,4096,410,22730100,0,0
sample,double,isolated-tangent,relationship,4,0,3,4096,410,26186300,0,0
sample,double,isolated-tangent,relationship,4,0,4,4096,410,23759900,0,0
sample,double,isolated-tangent,relationship,4,0,5,4096,410,23731800,0,0
sample,double,isolated-tangent,relationship,4,0,6,4096,410,21886800,0,0
summary,double,isolated-tangent,relationship,5329.224,5793.896,6393.140
sample,double,isolated-tangent,clipping,4,0,0,2048,205,35293700,33751040,8
sample,double,isolated-tangent,clipping,4,0,1,2048,205,38655900,33751040,8
sample,double,isolated-tangent,clipping,4,0,2,2048,205,37605000,33751040,8
sample,double,isolated-tangent,clipping,4,0,3,2048,205,32792100,33751040,8
sample,double,isolated-tangent,clipping,4,0,4,2048,205,38573100,33751040,8
sample,double,isolated-tangent,clipping,4,0,5,2048,205,36659100,33751040,8
sample,double,isolated-tangent,clipping,4,0,6,2048,205,38288500,33751040,8
summary,double,isolated-tangent,clipping,16011.768,18361.816,18874.951
sample,double,degenerate-interior,relationship,4,0,0,65536,6554,6278000,0,0
sample,double,degenerate-interior,relationship,4,0,1,65536,6554,5869100,0,0
sample,double,degenerate-interior,relationship,4,0,2,65536,6554,5122100,0,0
sample,double,degenerate-interior,relationship,4,0,3,65536,6554,7083800,0,0
sample,double,degenerate-interior,relationship,4,0,4,65536,6554,4803000,0,0
sample,double,degenerate-interior,relationship,4,0,5,65536,6554,4803700,0,0
sample,double,degenerate-interior,relationship,4,0,6,65536,6554,7050000,0,0
summary,double,degenerate-interior,relationship,73.288,89.555,108.090
sample,double,degenerate-interior,clipping,4,0,0,65536,6554,937700,0,0
sample,double,degenerate-interior,clipping,4,0,1,65536,6554,1014000,0,0
sample,double,degenerate-interior,clipping,4,0,2,65536,6554,947000,0,0
sample,double,degenerate-interior,clipping,4,0,3,65536,6554,1028400,0,0
sample,double,degenerate-interior,clipping,4,0,4,65536,6554,948400,0,0
sample,double,degenerate-interior,clipping,4,0,5,65536,6554,1130500,0,0
sample,double,degenerate-interior,clipping,4,0,6,65536,6554,1202300,0,0
summary,double,degenerate-interior,clipping,14.308,15.472,18.346
sample,double,degenerate-boundary,relationship,4,0,0,65536,6554,4757600,0,0
sample,double,degenerate-boundary,relationship,4,0,1,65536,6554,6587800,0,0
sample,double,degenerate-boundary,relationship,4,0,2,65536,6554,4695400,0,0
sample,double,degenerate-boundary,relationship,4,0,3,65536,6554,4703100,0,0
sample,double,degenerate-boundary,relationship,4,0,4,65536,6554,6831700,0,0
sample,double,degenerate-boundary,relationship,4,0,5,65536,6554,4709200,0,0
sample,double,degenerate-boundary,relationship,4,0,6,65536,6554,5247900,0,0
summary,double,degenerate-boundary,relationship,71.646,72.595,104.243
sample,double,degenerate-boundary,clipping,4,0,0,65536,6554,2716800,0,0
sample,double,degenerate-boundary,clipping,4,0,1,65536,6554,3608800,0,0
sample,double,degenerate-boundary,clipping,4,0,2,65536,6554,3153500,0,0
sample,double,degenerate-boundary,clipping,4,0,3,65536,6554,2354100,0,0
sample,double,degenerate-boundary,clipping,4,0,4,65536,6554,1671900,0,0
sample,double,degenerate-boundary,clipping,4,0,5,65536,6554,1192700,0,0
sample,double,degenerate-boundary,clipping,4,0,6,65536,6554,1174200,0,0
summary,double,degenerate-boundary,clipping,17.917,35.921,55.066
sample,double,empty,relationship,0,0,0,65536,6554,1411000,0,0
sample,double,empty,relationship,0,0,1,65536,6554,1403100,0,0
sample,double,empty,relationship,0,0,2,65536,6554,1478900,0,0
sample,double,empty,relationship,0,0,3,65536,6554,2292700,0,0
sample,double,empty,relationship,0,0,4,65536,6554,2867000,0,0
sample,double,empty,relationship,0,0,5,65536,6554,2359800,0,0
sample,double,empty,relationship,0,0,6,65536,6554,1663400,0,0
summary,double,empty,relationship,21.410,25.381,43.747
sample,double,empty,clipping,0,0,0,65536,6554,1301000,0,0
sample,double,empty,clipping,0,0,1,65536,6554,1355600,0,0
sample,double,empty,clipping,0,0,2,65536,6554,1241900,0,0
sample,double,empty,clipping,0,0,3,65536,6554,1585100,0,0
sample,double,empty,clipping,0,0,4,65536,6554,1889000,0,0
sample,double,empty,clipping,0,0,5,65536,6554,1752100,0,0
sample,double,empty,clipping,0,0,6,65536,6554,1526700,0,0
summary,double,empty,clipping,18.950,23.296,28.824
sample,double,concave-u,relationship,8,2,0,2048,205,21098500,0,0
sample,double,concave-u,relationship,8,2,1,2048,205,19983300,0,0
sample,double,concave-u,relationship,8,2,2,2048,205,19094200,0,0
sample,double,concave-u,relationship,8,2,3,2048,205,18540500,0,0
sample,double,concave-u,relationship,8,2,4,2048,205,17806500,0,0
sample,double,concave-u,relationship,8,2,5,2048,205,17285500,0,0
sample,double,concave-u,relationship,8,2,6,2048,205,16709100,0,0
summary,double,concave-u,relationship,8158.740,9052.979,10302.002
sample,double,concave-u,clipping,8,2,0,256,26,25913400,6356992,1
sample,double,concave-u,clipping,8,2,1,256,26,27007100,6356992,1
sample,double,concave-u,clipping,8,2,2,256,26,25607200,6356992,1
sample,double,concave-u,clipping,8,2,3,256,26,26031500,6356992,1
sample,double,concave-u,clipping,8,2,4,256,26,25277500,6356992,1
sample,double,concave-u,clipping,8,2,5,256,26,24447200,6356992,1
sample,double,concave-u,clipping,8,2,6,256,26,26323000,6356992,1
summary,double,concave-u,clipping,95496.875,101224.219,105496.484
sample,double,hole,relationship,8,2,0,4096,410,32213200,0,0
sample,double,hole,relationship,8,2,1,4096,410,32105600,0,0
sample,double,hole,relationship,8,2,2,4096,410,32502200,0,0
sample,double,hole,relationship,8,2,3,4096,410,37225800,0,0
sample,double,hole,relationship,8,2,4,4096,410,34360100,0,0
sample,double,hole,relationship,8,2,5,4096,410,36207700,0,0
sample,double,hole,relationship,8,2,6,4096,410,34224500,0,0
summary,double,hole,relationship,7838.281,8355.591,9088.330
sample,double,hole,clipping,8,2,0,256,26,28032000,6356992,1
sample,double,hole,clipping,8,2,1,256,26,26937900,6356992,1
sample,double,hole,clipping,8,2,2,256,26,26377000,6356992,1
sample,double,hole,clipping,8,2,3,256,26,25293600,6356992,1
sample,double,hole,clipping,8,2,4,256,26,26228100,6356992,1
sample,double,hole,clipping,8,2,5,256,26,24881800,6356992,1
sample,double,hole,clipping,8,2,6,256,26,25940300,6356992,1
summary,double,hole,clipping,97194.531,102453.516,109500.000
sample,double,hole-reversed,relationship,8,2,0,4096,410,41542200,0,0
sample,double,hole-reversed,relationship,8,2,1,4096,410,39178500,0,0
sample,double,hole-reversed,relationship,8,2,2,4096,410,37712400,0,0
sample,double,hole-reversed,relationship,8,2,3,4096,410,39461800,0,0
sample,double,hole-reversed,relationship,8,2,4,4096,410,42472700,0,0
sample,double,hole-reversed,relationship,8,2,5,4096,410,42627800,0,0
sample,double,hole-reversed,relationship,8,2,6,4096,410,38316200,0,0
summary,double,hole-reversed,relationship,9207.129,9634.229,10407.178
sample,double,hole-reversed,clipping,8,2,0,256,26,28483800,6356992,1
sample,double,hole-reversed,clipping,8,2,1,256,26,30675100,6356992,1
sample,double,hole-reversed,clipping,8,2,2,256,26,33368800,6356992,1
sample,double,hole-reversed,clipping,8,2,3,256,26,31359100,6356992,1
sample,double,hole-reversed,clipping,8,2,4,256,26,30353600,6356992,1
sample,double,hole-reversed,clipping,8,2,5,256,26,30078600,6356992,1
sample,double,hole-reversed,clipping,8,2,6,256,26,29783000,6356992,1
summary,double,hole-reversed,clipping,111264.844,118568.750,130346.875
sample,double,rational-crossing,relationship,3,1,0,16384,1639,38612700,0,0
sample,double,rational-crossing,relationship,3,1,1,16384,1639,37557300,0,0
sample,double,rational-crossing,relationship,3,1,2,16384,1639,38732500,0,0
sample,double,rational-crossing,relationship,3,1,3,16384,1639,37934300,0,0
sample,double,rational-crossing,relationship,3,1,4,16384,1639,38284100,0,0
sample,double,rational-crossing,relationship,3,1,5,16384,1639,39103700,0,0
sample,double,rational-crossing,relationship,3,1,6,16384,1639,36578200,0,0
summary,double,rational-crossing,relationship,2232.556,2336.676,2386.700
sample,double,rational-crossing,clipping,3,1,0,256,26,12999200,4239360,1
sample,double,rational-crossing,clipping,3,1,1,256,26,12062700,4239360,1
sample,double,rational-crossing,clipping,3,1,2,256,26,12653000,4239360,1
sample,double,rational-crossing,clipping,3,1,3,256,26,12760000,4239360,1
sample,double,rational-crossing,clipping,3,1,4,256,26,14481800,4239360,1
sample,double,rational-crossing,clipping,3,1,5,256,26,14608500,4239360,1
sample,double,rational-crossing,clipping,3,1,6,256,26,13240600,4239360,1
summary,double,rational-crossing,clipping,47119.922,50778.125,57064.453
sample,double,sparse-1,relationship,4,1,0,8192,820,29021300,0,0
sample,double,sparse-1,relationship,4,1,1,8192,820,26896300,0,0
sample,double,sparse-1,relationship,4,1,2,8192,820,27356000,0,0
sample,double,sparse-1,relationship,4,1,3,8192,820,28529700,0,0
sample,double,sparse-1,relationship,4,1,4,8192,820,28377900,0,0
sample,double,sparse-1,relationship,4,1,5,8192,820,28231800,0,0
sample,double,sparse-1,relationship,4,1,6,8192,820,28068500,0,0
summary,double,sparse-1,relationship,3283.240,3446.265,3542.639
sample,double,sparse-1,clipping,4,1,0,512,52,27850900,8478720,2
sample,double,sparse-1,clipping,4,1,1,512,52,25246800,8478720,2
sample,double,sparse-1,clipping,4,1,2,512,52,28980800,8478720,2
sample,double,sparse-1,clipping,4,1,3,512,52,28228900,8478720,2
sample,double,sparse-1,clipping,4,1,4,512,52,24867900,8478720,2
sample,double,sparse-1,clipping,4,1,5,512,52,26703700,8478720,2
sample,double,sparse-1,clipping,4,1,6,512,52,24380400,8478720,2
summary,double,sparse-1,clipping,47617.969,52155.664,56603.125
sample,double,sparse-4,relationship,16,1,0,2048,205,36418700,0,0
sample,double,sparse-4,relationship,16,1,1,2048,205,33295000,0,0
sample,double,sparse-4,relationship,16,1,2,2048,205,31843900,0,0
sample,double,sparse-4,relationship,16,1,3,2048,205,32201100,0,0
sample,double,sparse-4,relationship,16,1,4,2048,205,31742500,0,0
sample,double,sparse-4,relationship,16,1,5,2048,205,34636800,0,0
sample,double,sparse-4,relationship,16,1,6,2048,205,35451100,0,0
summary,double,sparse-4,relationship,15499.268,16257.324,17782.568
sample,double,sparse-4,clipping,16,1,0,512,52,42275400,8478720,2
sample,double,sparse-4,clipping,16,1,1,512,52,37892100,8478720,2
sample,double,sparse-4,clipping,16,1,2,512,52,37818300,8478720,2
sample,double,sparse-4,clipping,16,1,3,512,52,34808400,8478720,2
sample,double,sparse-4,clipping,16,1,4,512,52,30933200,8478720,2
sample,double,sparse-4,clipping,16,1,5,512,52,30652600,8478720,2
sample,double,sparse-4,clipping,16,1,6,512,52,36754900,8478720,2
summary,double,sparse-4,clipping,59868.359,71786.914,82569.141
sample,double,sparse-16,relationship,64,1,0,512,52,31428600,0,0
sample,double,sparse-16,relationship,64,1,1,512,52,30395800,0,0
sample,double,sparse-16,relationship,64,1,2,512,52,30992800,0,0
sample,double,sparse-16,relationship,64,1,3,512,52,29648900,0,0
sample,double,sparse-16,relationship,64,1,4,512,52,28235200,0,0
sample,double,sparse-16,relationship,64,1,5,512,52,30496000,0,0
sample,double,sparse-16,relationship,64,1,6,512,52,29005400,0,0
summary,double,sparse-16,relationship,55146.875,59366.797,61383.984
sample,double,sparse-16,clipping,64,1,0,256,26,26988000,4239360,1
sample,double,sparse-16,clipping,64,1,1,256,26,27800500,4239360,1
sample,double,sparse-16,clipping,64,1,2,256,26,27538700,4239360,1
sample,double,sparse-16,clipping,64,1,3,256,26,30700000,4239360,1
sample,double,sparse-16,clipping,64,1,4,256,26,27647800,4239360,1
sample,double,sparse-16,clipping,64,1,5,256,26,28868000,4239360,1
sample,double,sparse-16,clipping,64,1,6,256,26,28654200,4239360,1
summary,double,sparse-16,clipping,105421.875,108595.703,119921.875
sample,double,sparse-64,relationship,256,1,0,128,13,29838500,0,0
sample,double,sparse-64,relationship,256,1,1,128,13,30464000,0,0
sample,double,sparse-64,relationship,256,1,2,128,13,30327700,0,0
sample,double,sparse-64,relationship,256,1,3,128,13,29489900,0,0
sample,double,sparse-64,relationship,256,1,4,128,13,30418600,0,0
sample,double,sparse-64,relationship,256,1,5,128,13,30042000,0,0
sample,double,sparse-64,relationship,256,1,6,128,13,45876700,0,0
summary,double,sparse-64,relationship,230389.844,236935.156,358411.719
sample,double,sparse-64,clipping,256,1,0,64,7,25690400,1059840,0
sample,double,sparse-64,clipping,256,1,1,64,7,26025900,1059840,0
sample,double,sparse-64,clipping,256,1,2,64,7,22949900,1059840,0
sample,double,sparse-64,clipping,256,1,3,64,7,25971500,1059840,0
sample,double,sparse-64,clipping,256,1,4,64,7,23317800,1059840,0
sample,double,sparse-64,clipping,256,1,5,64,7,26078800,1059840,0
sample,double,sparse-64,clipping,256,1,6,64,7,23485900,1059840,0
summary,double,sparse-64,clipping,358592.188,401412.500,407481.250
sample,double,dense-1,relationship,4,1,0,8192,820,29784500,0,0
sample,double,dense-1,relationship,4,1,1,8192,820,29806400,0,0
sample,double,dense-1,relationship,4,1,2,8192,820,27811000,0,0
sample,double,dense-1,relationship,4,1,3,8192,820,28526400,0,0
sample,double,dense-1,relationship,4,1,4,8192,820,30115300,0,0
sample,double,dense-1,relationship,4,1,5,8192,820,30862300,0,0
sample,double,dense-1,relationship,4,1,6,8192,820,29903200,0,0
summary,double,dense-1,relationship,3394.897,3638.477,3767.371
sample,double,dense-1,clipping,4,1,0,512,52,24998000,8478720,2
sample,double,dense-1,clipping,4,1,1,512,52,26147100,8478720,2
sample,double,dense-1,clipping,4,1,2,512,52,25699600,8478720,2
sample,double,dense-1,clipping,4,1,3,512,52,27667200,8478720,2
sample,double,dense-1,clipping,4,1,4,512,52,28357900,8478720,2
sample,double,dense-1,clipping,4,1,5,512,52,25224000,8478720,2
sample,double,dense-1,clipping,4,1,6,512,52,26537700,8478720,2
summary,double,dense-1,clipping,48824.219,51068.555,55386.523
sample,double,dense-4,relationship,16,4,0,1024,103,21054300,0,0
sample,double,dense-4,relationship,16,4,1,1024,103,21894800,0,0
sample,double,dense-4,relationship,16,4,2,1024,103,23123200,0,0
sample,double,dense-4,relationship,16,4,3,1024,103,23177800,0,0
sample,double,dense-4,relationship,16,4,4,1024,103,22021100,0,0
sample,double,dense-4,relationship,16,4,5,1024,103,24145500,0,0
sample,double,dense-4,relationship,16,4,6,1024,103,21952900,0,0
summary,double,dense-4,relationship,20560.840,21504.980,23579.590
sample,double,dense-4,clipping,16,4,0,128,13,34590000,5294080,1
sample,double,dense-4,clipping,16,4,1,128,13,34504300,5294080,1
sample,double,dense-4,clipping,16,4,2,128,13,31970900,5294080,1
sample,double,dense-4,clipping,16,4,3,128,13,32338700,5294080,1
sample,double,dense-4,clipping,16,4,4,128,13,34132000,5294080,1
sample,double,dense-4,clipping,16,4,5,128,13,35118100,5294080,1
sample,double,dense-4,clipping,16,4,6,128,13,39531400,5294080,1
summary,double,dense-4,clipping,249772.656,269564.844,308839.062
sample,double,dense-16,relationship,64,16,0,256,26,23442000,0,0
sample,double,dense-16,relationship,64,16,1,256,26,25849300,0,0
sample,double,dense-16,relationship,64,16,2,256,26,23273900,0,0
sample,double,dense-16,relationship,64,16,3,256,26,26682800,0,0
sample,double,dense-16,relationship,64,16,4,256,26,23967600,0,0
sample,double,dense-16,relationship,64,16,5,256,26,28366900,0,0
sample,double,dense-16,relationship,64,16,6,256,26,28416300,0,0
summary,double,dense-16,relationship,90913.672,100973.828,111001.172
sample,double,dense-16,clipping,64,16,0,32,4,43483000,4640256,1
sample,double,dense-16,clipping,64,16,1,32,4,42603400,4640256,1
sample,double,dense-16,clipping,64,16,2,32,4,40114500,4640256,1
sample,double,dense-16,clipping,64,16,3,32,4,37963600,4640256,1
sample,double,dense-16,clipping,64,16,4,32,4,37583000,4640256,1
sample,double,dense-16,clipping,64,16,5,32,4,39612400,4640256,1
sample,double,dense-16,clipping,64,16,6,32,4,41963900,4640256,1
summary,double,dense-16,clipping,1174468.750,1253578.125,1358843.750
sample,double,dense-64,relationship,256,64,0,64,7,23880900,0,0
sample,double,dense-64,relationship,256,64,1,64,7,24944500,0,0
sample,double,dense-64,relationship,256,64,2,64,7,24173500,0,0
sample,double,dense-64,relationship,256,64,3,64,7,37084100,0,0
sample,double,dense-64,relationship,256,64,4,64,7,24131800,0,0
sample,double,dense-64,relationship,256,64,5,64,7,25734700,0,0
sample,double,dense-64,relationship,256,64,6,64,7,21798000,0,0
summary,double,dense-64,relationship,340593.750,377710.938,579439.062
sample,double,dense-64,clipping,256,64,0,4,1,20754900,2224128,0
sample,double,dense-64,clipping,256,64,1,4,1,22873400,2224128,0
sample,double,dense-64,clipping,256,64,2,4,1,19378700,2224128,0
sample,double,dense-64,clipping,256,64,3,4,1,21660000,2224128,0
sample,double,dense-64,clipping,256,64,4,4,1,20756600,2224128,0
sample,double,dense-64,clipping,256,64,5,4,1,20015400,2224128,0
sample,double,dense-64,clipping,256,64,6,4,1,20741500,2224128,0
summary,double,dense-64,clipping,4844675.000,5188725.000,5718350.000
sample,double,subnormal,relationship,4,1,0,1024,103,21358400,0,0
sample,double,subnormal,relationship,4,1,1,1024,103,21218100,0,0
sample,double,subnormal,relationship,4,1,2,1024,103,21055300,0,0
sample,double,subnormal,relationship,4,1,3,1024,103,21389600,0,0
sample,double,subnormal,relationship,4,1,4,1024,103,23133000,0,0
sample,double,subnormal,relationship,4,1,5,1024,103,21156000,0,0
sample,double,subnormal,relationship,4,1,6,1024,103,21041300,0,0
summary,double,subnormal,relationship,20548.145,20720.801,22590.820
sample,double,subnormal,clipping,4,1,0,512,52,36472700,8478720,2
sample,double,subnormal,clipping,4,1,1,512,52,39042100,8478720,2
sample,double,subnormal,clipping,4,1,2,512,52,38517300,8478720,2
sample,double,subnormal,clipping,4,1,3,512,52,36400100,8478720,2
sample,double,subnormal,clipping,4,1,4,512,52,36512500,8478720,2
sample,double,subnormal,clipping,4,1,5,512,52,34731200,8478720,2
sample,double,subnormal,clipping,4,1,6,512,52,35627500,8478720,2
summary,double,subnormal,clipping,67834.375,71235.742,76254.102
sample,double,large-finite,relationship,4,1,0,1024,103,20828000,0,0
sample,double,large-finite,relationship,4,1,1,1024,103,21708500,0,0
sample,double,large-finite,relationship,4,1,2,1024,103,20487100,0,0
sample,double,large-finite,relationship,4,1,3,1024,103,21255200,0,0
sample,double,large-finite,relationship,4,1,4,1024,103,20911800,0,0
sample,double,large-finite,relationship,4,1,5,1024,103,28456800,0,0
sample,double,large-finite,relationship,4,1,6,1024,103,21951400,0,0
summary,double,large-finite,relationship,20006.934,20757.031,27789.844
sample,double,large-finite,clipping,4,1,0,256,26,24815200,4239360,1
sample,double,large-finite,clipping,4,1,1,256,26,22703300,4239360,1
sample,double,large-finite,clipping,4,1,2,256,26,22730500,4239360,1
sample,double,large-finite,clipping,4,1,3,256,26,23761500,4239360,1
sample,double,large-finite,clipping,4,1,4,256,26,22260200,4239360,1
sample,double,large-finite,clipping,4,1,5,256,26,23024800,4239360,1
sample,double,large-finite,clipping,4,1,6,256,26,24245300,4239360,1
summary,double,large-finite,clipping,86953.906,89940.625,96934.375
sink,418879095223295407
