fixture_header,scalar,case,edges,expected_fact_bits,expected_status,expected_components
sample_header,scalar,case,operation,edges,expected_components,round,iterations,warmup,elapsed_ns,gc_bytes,gc_collections
summary_header,scalar,case,operation,min_ns_per_op,median_ns_per_op,max_ns_per_op
fixture,int,exterior,4,1,success,0
fixture,int,interior,4,4,success,1
fixture,int,crossing,4,7,success,1
fixture,int,boundary-only,4,10,success,1
fixture,int,boundary-overlap,4,11,success,1
fixture,int,isolated-tangent,4,3,success,0
fixture,int,degenerate-interior,4,4,success,0
fixture,int,degenerate-boundary,4,2,success,0
fixture,int,empty,0,1,success,0
fixture,int,concave-u,8,7,success,2
fixture,int,hole,8,7,success,2
fixture,int,hole-reversed,8,7,success,2
fixture,int,rational-crossing,3,7,success,1
fixture,int,sparse-1,4,7,success,1
fixture,int,sparse-4,16,7,success,1
fixture,int,sparse-16,64,7,success,1
fixture,int,sparse-64,256,7,success,1
fixture,int,dense-1,4,7,success,1
fixture,int,dense-4,16,7,success,4
fixture,int,dense-16,64,7,success,16
fixture,int,dense-64,256,7,success,64
fixture,int,wide-integral,4,7,success,1
preflight,int,22,PASS
sample,int,exterior,relationship,4,0,0,8192,820,27432800,0,0
sample,int,exterior,relationship,4,0,1,8192,820,27520400,0,0
sample,int,exterior,relationship,4,0,2,8192,820,27615300,0,0
sample,int,exterior,relationship,4,0,3,8192,820,27344900,0,0
sample,int,exterior,relationship,4,0,4,8192,820,27603900,0,0
sample,int,exterior,relationship,4,0,5,8192,820,27587400,0,0
sample,int,exterior,relationship,4,0,6,8192,820,27364400,0,0
summary,int,exterior,relationship,3338.000,3359.424,3371.008
sample,int,exterior,clipping,4,0,0,4096,410,34882500,101056512,24
sample,int,exterior,clipping,4,0,1,4096,410,34665600,101056512,24
sample,int,exterior,clipping,4,0,2,4096,410,35207800,101056512,24
sample,int,exterior,clipping,4,0,3,4096,410,34531800,101056512,24
sample,int,exterior,clipping,4,0,4,4096,410,34737000,101056512,24
sample,int,exterior,clipping,4,0,5,4096,410,34634600,101056512,24
sample,int,exterior,clipping,4,0,6,4096,410,34461000,101056512,24
summary,int,exterior,clipping,8413.330,8463.281,8595.654
sample,int,interior,relationship,4,1,0,8192,820,27666600,0,0
sample,int,interior,relationship,4,1,1,8192,820,27822700,0,0
sample,int,interior,relationship,4,1,2,8192,820,27000400,0,0
sample,int,interior,relationship,4,1,3,8192,820,27870200,0,0
sample,int,interior,relationship,4,1,4,8192,820,27617000,0,0
sample,int,interior,relationship,4,1,5,8192,820,27167300,0,0
sample,int,interior,relationship,4,1,6,8192,820,27350300,0,0
summary,int,interior,relationship,3295.947,3371.216,3402.124
sample,int,interior,clipping,4,1,0,2048,205,38731100,50626560,12
sample,int,interior,clipping,4,1,1,2048,205,38477900,50626560,12
sample,int,interior,clipping,4,1,2,2048,205,37255100,50626560,12
sample,int,interior,clipping,4,1,3,2048,205,36590200,50626560,12
sample,int,interior,clipping,4,1,4,2048,205,36937500,50626560,12
sample,int,interior,clipping,4,1,5,2048,205,36564000,50626560,12
sample,int,interior,clipping,4,1,6,2048,205,36834800,50626560,12
summary,int,interior,clipping,17853.516,18035.889,18911.670
sample,int,crossing,relationship,4,1,0,8192,820,25790900,0,0
sample,int,crossing,relationship,4,1,1,8192,820,27873800,0,0
sample,int,crossing,relationship,4,1,2,8192,820,28395900,0,0
sample,int,crossing,relationship,4,1,3,8192,820,33032500,0,0
sample,int,crossing,relationship,4,1,4,8192,820,26282100,0,0
sample,int,crossing,relationship,4,1,5,8192,820,26296000,0,0
sample,int,crossing,relationship,4,1,6,8192,820,25935300,0,0
summary,int,crossing,relationship,3148.303,3209.961,4032.288
sample,int,crossing,clipping,4,1,0,512,52,22209800,12673024,3
sample,int,crossing,clipping,4,1,1,512,52,21947000,12673024,3
sample,int,crossing,clipping,4,1,2,512,52,22144600,12673024,3
sample,int,crossing,clipping,4,1,3,512,52,22101600,12673024,3
sample,int,crossing,clipping,4,1,4,512,52,22114600,12673024,3
sample,int,crossing,clipping,4,1,5,512,52,22193800,12673024,3
sample,int,crossing,clipping,4,1,6,512,52,22298700,12673024,3
summary,int,crossing,clipping,42865.234,43251.172,43552.148
sample,int,boundary-only,relationship,4,1,0,8192,820,33631300,0,0
sample,int,boundary-only,relationship,4,1,1,8192,820,33400800,0,0
sample,int,boundary-only,relationship,4,1,2,8192,820,33465800,0,0
sample,int,boundary-only,relationship,4,1,3,8192,820,35215300,0,0
sample,int,boundary-only,relationship,4,1,4,8192,820,35598500,0,0
sample,int,boundary-only,relationship,4,1,5,8192,820,35849600,0,0
sample,int,boundary-only,relationship,4,1,6,8192,820,37091600,0,0
summary,int,boundary-only,relationship,4077.246,4298.743,4527.783
sample,int,boundary-only,clipping,4,1,0,1024,103,30040000,25313280,6
sample,int,boundary-only,clipping,4,1,1,1024,103,30366400,25313280,6
sample,int,boundary-only,clipping,4,1,2,1024,103,29887900,25313280,6
sample,int,boundary-only,clipping,4,1,3,1024,103,29945000,25313280,6
sample,int,boundary-only,clipping,4,1,4,1024,103,29469400,25313280,6
sample,int,boundary-only,clipping,4,1,5,1024,103,29781700,25313280,6
sample,int,boundary-only,clipping,4,1,6,1024,103,29575900,25313280,6
summary,int,boundary-only,clipping,28778.711,29187.402,29654.688
sample,int,boundary-overlap,relationship,4,1,0,4096,410,22498000,0,0
sample,int,boundary-overlap,relationship,4,1,1,4096,410,23088400,0,0
sample,int,boundary-overlap,relationship,4,1,2,4096,410,31722600,0,0
sample,int,boundary-overlap,relationship,4,1,3,4096,410,23157600,0,0
sample,int,boundary-overlap,relationship,4,1,4,4096,410,22543000,0,0
sample,int,boundary-overlap,relationship,4,1,5,4096,410,22650600,0,0
sample,int,boundary-overlap,relationship,4,1,6,4096,410,22659600,0,0
summary,int,boundary-overlap,relationship,5492.676,5532.129,7744.775
sample,int,boundary-overlap,clipping,4,1,0,1024,103,32187400,25346048,6
sample,int,boundary-overlap,clipping,4,1,1,1024,103,31805500,25346048,6
sample,int,boundary-overlap,clipping,4,1,2,1024,103,31935600,25346048,6
sample,int,boundary-overlap,clipping,4,1,3,1024,103,33851300,25346048,6
sample,int,boundary-overlap,clipping,4,1,4,1024,103,33426000,25346048,6
sample,int,boundary-overlap,clipping,4,1,5,1024,103,32095800,25346048,6
sample,int,boundary-overlap,clipping,4,1,6,1024,103,32116800,25346048,6
summary,int,boundary-overlap,clipping,31060.059,31364.062,33057.910
sample,int,isolated-tangent,relationship,4,0,0,4096,410,20447700,0,0
sample,int,isolated-tangent,relationship,4,0,1,4096,410,20587800,0,0
sample,int,isolated-tangent,relationship,4,0,2,4096,410,20174900,0,0
sample,int,isolated-tangent,relationship,4,0,3,4096,410,20237800,0,0
sample,int,isolated-tangent,relationship,4,0,4,4096,410,20208200,0,0
sample,int,isolated-tangent,relationship,4,0,5,4096,410,20643200,0,0
sample,int,isolated-tangent,relationship,4,0,6,4096,410,20262700,0,0
summary,int,isolated-tangent,relationship,4925.513,4946.948,5039.844
sample,int,isolated-tangent,clipping,4,0,0,2048,205,28403000,50528256,12
sample,int,isolated-tangent,clipping,4,0,1,2048,205,28405700,50528256,12
sample,int,isolated-tangent,clipping,4,0,2,2048,205,28217900,50528256,12
sample,int,isolated-tangent,clipping,4,0,3,2048,205,28566500,50528256,12
sample,int,isolated-tangent,clipping,4,0,4,2048,205,28646700,50528256,12
sample,int,isolated-tangent,clipping,4,0,5,2048,205,28288600,50528256,12
sample,int,isolated-tangent,clipping,4,0,6,2048,205,28193300,50528256,12
summary,int,isolated-tangent,clipping,13766.260,13868.652,13987.646
sample,int,degenerate-interior,relationship,4,0,0,65536,6554,7931700,0,0
sample,int,degenerate-interior,relationship,4,0,1,65536,6554,7577900,0,0
sample,int,degenerate-interior,relationship,4,0,2,65536,6554,7991100,0,0
sample,int,degenerate-interior,relationship,4,0,3,65536,6554,7580200,0,0
sample,int,degenerate-interior,relationship,4,0,4,65536,6554,7844000,0,0
sample,int,degenerate-interior,relationship,4,0,5,65536,6554,7586000,0,0
sample,int,degenerate-interior,relationship,4,0,6,65536,6554,7777600,0,0
summary,int,degenerate-interior,relationship,115.630,118.677,121.935
sample,int,degenerate-interior,clipping,4,0,0,65536,6554,1883200,0,0
sample,int,degenerate-interior,clipping,4,0,1,65536,6554,2037500,0,0
sample,int,degenerate-interior,clipping,4,0,2,65536,6554,1888500,0,0
sample,int,degenerate-interior,clipping,4,0,3,65536,6554,1869100,0,0
sample,int,degenerate-interior,clipping,4,0,4,65536,6554,1904600,0,0
sample,int,degenerate-interior,clipping,4,0,5,65536,6554,2151600,0,0
sample,int,degenerate-interior,clipping,4,0,6,65536,6554,2117800,0,0
summary,int,degenerate-interior,clipping,28.520,29.062,32.831
sample,int,degenerate-boundary,relationship,4,0,0,65536,6554,7527700,0,0
sample,int,degenerate-boundary,relationship,4,0,1,65536,6554,7801100,0,0
sample,int,degenerate-boundary,relationship,4,0,2,65536,6554,7525300,0,0
sample,int,degenerate-boundary,relationship,4,0,3,65536,6554,7716800,0,0
sample,int,degenerate-boundary,relationship,4,0,4,65536,6554,7666100,0,0
sample,int,degenerate-boundary,relationship,4,0,5,65536,6554,7595000,0,0
sample,int,degenerate-boundary,relationship,4,0,6,65536,6554,7750200,0,0
summary,int,degenerate-boundary,relationship,114.827,116.975,119.035
sample,int,degenerate-boundary,clipping,4,0,0,65536,6554,2002300,0,0
sample,int,degenerate-boundary,clipping,4,0,1,65536,6554,1880200,0,0
sample,int,degenerate-boundary,clipping,4,0,2,65536,6554,4021000,0,0
sample,int,degenerate-boundary,clipping,4,0,3,65536,6554,4042800,0,0
sample,int,degenerate-boundary,clipping,4,0,4,65536,6554,4673400,0,0
sample,int,degenerate-boundary,clipping,4,0,5,65536,6554,2804400,0,0
sample,int,degenerate-boundary,clipping,4,0,6,65536,6554,2124500,0,0
summary,int,degenerate-boundary,clipping,28.690,42.792,71.310
sample,int,empty,relationship,0,0,0,65536,6554,2022000,0,0
sample,int,empty,relationship,0,0,1,65536,6554,2023700,0,0
sample,int,empty,relationship,0,0,2,65536,6554,2029300,0,0
sample,int,empty,relationship,0,0,3,65536,6554,2022200,0,0
sample,int,empty,relationship,0,0,4,65536,6554,2350400,0,0
sample,int,empty,relationship,0,0,5,65536,6554,2254700,0,0
sample,int,empty,relationship,0,0,6,65536,6554,2029300,0,0
summary,int,empty,relationship,30.853,30.965,35.864
sample,int,empty,clipping,0,0,0,65536,6554,1755800,0,0
sample,int,empty,clipping,0,0,1,65536,6554,1754100,0,0
sample,int,empty,clipping,0,0,2,65536,6554,1769300,0,0
sample,int,empty,clipping,0,0,3,65536,6554,2057300,0,0
sample,int,empty,clipping,0,0,4,65536,6554,1916000,0,0
sample,int,empty,clipping,0,0,5,65536,6554,1764300,0,0
sample,int,empty,clipping,0,0,6,65536,6554,1771700,0,0
summary,int,empty,clipping,26.765,26.997,31.392
sample,int,concave-u,relationship,8,2,0,4096,410,38904000,0,0
sample,int,concave-u,relationship,8,2,1,4096,410,39000500,0,0
sample,int,concave-u,relationship,8,2,2,4096,410,38851100,0,0
sample,int,concave-u,relationship,8,2,3,4096,410,38673300,0,0
sample,int,concave-u,relationship,8,2,4,4096,410,38629700,0,0
sample,int,concave-u,relationship,8,2,5,4096,410,39183500,0,0
sample,int,concave-u,relationship,8,2,6,4096,410,38651100,0,0
summary,int,concave-u,relationship,9431.079,9485.132,9566.284
sample,int,concave-u,clipping,8,2,0,256,26,27595300,10551296,2
sample,int,concave-u,clipping,8,2,1,256,26,28227900,10551296,2
sample,int,concave-u,clipping,8,2,2,256,26,27946600,10551296,2
sample,int,concave-u,clipping,8,2,3,256,26,27586900,10551296,2
sample,int,concave-u,clipping,8,2,4,256,26,27607500,10551296,2
sample,int,concave-u,clipping,8,2,5,256,26,27073800,10551296,2
sample,int,concave-u,clipping,8,2,6,256,26,27121200,10551296,2
summary,int,concave-u,clipping,105757.031,107794.141,110265.234
sample,int,hole,relationship,8,2,0,4096,410,36895500,0,0
sample,int,hole,relationship,8,2,1,4096,410,37795400,0,0
sample,int,hole,relationship,8,2,2,4096,410,37501700,0,0
sample,int,hole,relationship,8,2,3,4096,410,37197200,0,0
sample,int,hole,relationship,8,2,4,4096,410,37081900,0,0
sample,int,hole,relationship,8,2,5,4096,410,37677700,0,0
sample,int,hole,relationship,8,2,6,4096,410,36863900,0,0
summary,int,hole,relationship,8999.976,9081.348,9227.393
sample,int,hole,clipping,8,2,0,128,13,13550900,5275648,1
sample,int,hole,clipping,8,2,1,128,13,13450000,5275648,1
sample,int,hole,clipping,8,2,2,128,13,13469600,5275648,1
sample,int,hole,clipping,8,2,3,128,13,13307400,5275648,1
sample,int,hole,clipping,8,2,4,128,13,13262400,5275648,1
sample,int,hole,clipping,8,2,5,128,13,13264300,5275648,1
sample,int,hole,clipping,8,2,6,128,13,13156100,5275648,1
summary,int,hole,clipping,102782.031,103964.062,105866.406
sample,int,hole-reversed,relationship,8,2,0,4096,410,37351700,0,0
sample,int,hole-reversed,relationship,8,2,1,4096,410,37317300,0,0
sample,int,hole-reversed,relationship,8,2,2,4096,410,37084200,0,0
sample,int,hole-reversed,relationship,8,2,3,4096,410,36605800,0,0
sample,int,hole-reversed,relationship,8,2,4,4096,410,36554500,0,0
sample,int,hole-reversed,relationship,8,2,5,4096,410,37272400,0,0
sample,int,hole-reversed,relationship,8,2,6,4096,410,38124600,0,0
summary,int,hole-reversed,relationship,8924.438,9099.707,9307.764
sample,int,hole-reversed,clipping,8,2,0,256,26,28193500,10551296,2
sample,int,hole-reversed,clipping,8,2,1,256,26,28140000,10551296,2
sample,int,hole-reversed,clipping,8,2,2,256,26,27476300,10551296,2
sample,int,hole-reversed,clipping,8,2,3,256,26,27923100,10551296,2
sample,int,hole-reversed,clipping,8,2,4,256,26,28100400,10551296,2
sample,int,hole-reversed,clipping,8,2,5,256,26,27669800,10551296,2
sample,int,hole-reversed,clipping,8,2,6,256,26,28008000,10551296,2
summary,int,hole-reversed,clipping,107329.297,109406.250,110130.859
sample,int,rational-crossing,relationship,3,1,0,16384,1639,38317400,0,0
sample,int,rational-crossing,relationship,3,1,1,16384,1639,37763800,0,0
sample,int,rational-crossing,relationship,3,1,2,16384,1639,37002800,0,0
sample,int,rational-crossing,relationship,3,1,3,16384,1639,37552200,0,0
sample,int,rational-crossing,relationship,3,1,4,16384,1639,37552900,0,0
sample,int,rational-crossing,relationship,3,1,5,16384,1639,37533700,0,0
sample,int,rational-crossing,relationship,3,1,6,16384,1639,45847200,0,0
summary,int,rational-crossing,relationship,2258.472,2292.047,2798.291
sample,int,rational-crossing,clipping,3,1,0,512,52,23325300,10575872,2
sample,int,rational-crossing,clipping,3,1,1,512,52,23494200,10575872,2
sample,int,rational-crossing,clipping,3,1,2,512,52,23113800,10575872,2
sample,int,rational-crossing,clipping,3,1,3,512,52,23118200,10575872,2
sample,int,rational-crossing,clipping,3,1,4,512,52,23657000,10575872,2
sample,int,rational-crossing,clipping,3,1,5,512,52,23198500,10575872,2
sample,int,rational-crossing,clipping,3,1,6,512,52,23556000,10575872,2
summary,int,rational-crossing,clipping,45144.141,45557.227,46205.078
sample,int,sparse-1,relationship,4,1,0,8192,820,27537400,0,0
sample,int,sparse-1,relationship,4,1,1,8192,820,27193000,0,0
sample,int,sparse-1,relationship,4,1,2,8192,820,27475200,0,0
sample,int,sparse-1,relationship,4,1,3,8192,820,27425500,0,0
sample,int,sparse-1,relationship,4,1,4,8192,820,27143700,0,0
sample,int,sparse-1,relationship,4,1,5,8192,820,27560400,0,0
sample,int,sparse-1,relationship,4,1,6,8192,820,27502700,0,0
summary,int,sparse-1,relationship,3313.440,3353.906,3364.307
sample,int,sparse-1,clipping,4,1,0,512,52,23499400,12673024,3
sample,int,sparse-1,clipping,4,1,1,512,52,23494700,12673024,3
sample,int,sparse-1,clipping,4,1,2,512,52,23783600,12673024,3
sample,int,sparse-1,clipping,4,1,3,512,52,23508300,12673024,3
sample,int,sparse-1,clipping,4,1,4,512,52,24035400,12673024,3
sample,int,sparse-1,clipping,4,1,5,512,52,23455300,12673024,3
sample,int,sparse-1,clipping,4,1,6,512,52,23564100,12673024,3
summary,int,sparse-1,clipping,45811.133,45914.648,46944.141
sample,int,sparse-4,relationship,16,1,0,2048,205,31747600,0,0
sample,int,sparse-4,relationship,16,1,1,2048,205,31621100,0,0
sample,int,sparse-4,relationship,16,1,2,2048,205,31802900,0,0
sample,int,sparse-4,relationship,16,1,3,2048,205,31804100,0,0
sample,int,sparse-4,relationship,16,1,4,2048,205,31943900,0,0
sample,int,sparse-4,relationship,16,1,5,2048,205,31973900,0,0
sample,int,sparse-4,relationship,16,1,6,2048,205,31842900,0,0
summary,int,sparse-4,relationship,15439.990,15529.346,15612.256
sample,int,sparse-4,clipping,16,1,0,512,52,32651000,37838848,9
sample,int,sparse-4,clipping,16,1,1,512,52,32645700,37838848,9
sample,int,sparse-4,clipping,16,1,2,512,52,32561000,37838848,9
sample,int,sparse-4,clipping,16,1,3,512,52,32653500,37838848,9
sample,int,sparse-4,clipping,16,1,4,512,52,32573800,37838848,9
sample,int,sparse-4,clipping,16,1,5,512,52,32498100,37838848,9
sample,int,sparse-4,clipping,16,1,6,512,52,32489100,37838848,9
summary,int,sparse-4,clipping,63455.273,63620.703,63776.367
sample,int,sparse-16,relationship,64,1,0,512,52,32766300,0,0
sample,int,sparse-16,relationship,64,1,1,512,52,32855500,0,0
sample,int,sparse-16,relationship,64,1,2,512,52,32474600,0,0
sample,int,sparse-16,relationship,64,1,3,512,52,32987900,0,0
sample,int,sparse-16,relationship,64,1,4,512,52,32764400,0,0
sample,int,sparse-16,relationship,64,1,5,512,52,32276800,0,0
sample,int,sparse-16,relationship,64,1,6,512,52,32164400,0,0
summary,int,sparse-16,relationship,62821.094,63992.969,64429.492
sample,int,sparse-16,clipping,64,1,0,256,26,32243200,71348224,19
sample,int,sparse-16,clipping,64,1,1,256,26,32819200,71348224,19
sample,int,sparse-16,clipping,64,1,2,256,26,32971700,71348224,19
sample,int,sparse-16,clipping,64,1,3,256,26,32888100,71348224,19
sample,int,sparse-16,clipping,64,1,4,256,26,32661900,71348224,19
sample,int,sparse-16,clipping,64,1,5,256,26,32570300,71348224,19
sample,int,sparse-16,clipping,64,1,6,256,26,34010100,71348224,19
summary,int,sparse-16,clipping,125950.000,128200.000,132851.953
sample,int,sparse-64,relationship,256,1,0,128,13,31714200,0,0
sample,int,sparse-64,relationship,256,1,1,128,13,41294400,0,0
sample,int,sparse-64,relationship,256,1,2,128,13,31977600,0,0
sample,int,sparse-64,relationship,256,1,3,128,13,31417600,0,0
sample,int,sparse-64,relationship,256,1,4,128,13,31420900,0,0
sample,int,sparse-64,relationship,256,1,5,128,13,31629100,0,0
sample,int,sparse-64,relationship,256,1,6,128,13,31919000,0,0
summary,int,sparse-64,relationship,245450.000,247767.188,322612.500
sample,int,sparse-64,clipping,256,1,0,64,7,35416900,70003712,9
sample,int,sparse-64,clipping,256,1,1,64,7,34374900,70003712,8
sample,int,sparse-64,clipping,256,1,2,64,7,33474800,70003712,8
sample,int,sparse-64,clipping,256,1,3,64,7,33533100,70003712,8
sample,int,sparse-64,clipping,256,1,4,64,7,35438500,70003712,8
sample,int,sparse-64,clipping,256,1,5,64,7,37011500,70003712,8
sample,int,sparse-64,clipping,256,1,6,64,7,37193000,70003712,8
summary,int,sparse-64,clipping,523043.750,553389.062,581140.625
sample,int,dense-1,relationship,4,1,0,8192,820,27556600,0,0
sample,int,dense-1,relationship,4,1,1,8192,820,27307400,0,0
sample,int,dense-1,relationship,4,1,2,8192,820,27133300,0,0
sample,int,dense-1,relationship,4,1,3,8192,820,27416700,0,0
sample,int,dense-1,relationship,4,1,4,8192,820,27080600,0,0
sample,int,dense-1,relationship,4,1,5,8192,820,27414000,0,0
sample,int,dense-1,relationship,4,1,6,8192,820,27519600,0,0
summary,int,dense-1,relationship,3305.737,3346.436,3363.843
sample,int,dense-1,clipping,4,1,0,512,52,23377900,12673024,3
sample,int,dense-1,clipping,4,1,1,512,52,23748900,12673024,3
sample,int,dense-1,clipping,4,1,2,512,52,23745700,12673024,3
sample,int,dense-1,clipping,4,1,3,512,52,23607900,12673024,3
sample,int,dense-1,clipping,4,1,4,512,52,23726500,12673024,3
sample,int,dense-1,clipping,4,1,5,512,52,23344400,12673024,3
sample,int,dense-1,clipping,4,1,6,512,52,23828500,12673024,3
summary,int,dense-1,clipping,45594.531,46340.820,46540.039
sample,int,dense-4,relationship,16,4,0,1024,103,26153900,0,0
sample,int,dense-4,relationship,16,4,1,1024,103,27537200,0,0
sample,int,dense-4,relationship,16,4,2,1024,103,22167100,0,0
sample,int,dense-4,relationship,16,4,3,1024,103,21997000,0,0
sample,int,dense-4,relationship,16,4,4,1024,103,22458100,0,0
sample,int,dense-4,relationship,16,4,5,1024,103,21993000,0,0
sample,int,dense-4,relationship,16,4,6,1024,103,21962200,0,0
summary,int,dense-4,relationship,21447.461,21647.559,26891.797
sample,int,dense-4,clipping,16,4,0,128,13,31285100,9488384,2
sample,int,dense-4,clipping,16,4,1,128,13,31506400,9488384,2
sample,int,dense-4,clipping,16,4,2,128,13,31509600,9488384,2
sample,int,dense-4,clipping,16,4,3,128,13,31285600,9488384,2
sample,int,dense-4,clipping,16,4,4,128,13,31123700,9488384,2
sample,int,dense-4,clipping,16,4,5,128,13,31210400,9488384,2
sample,int,dense-4,clipping,16,4,6,128,13,31324300,9488384,2
summary,int,dense-4,clipping,243153.906,244418.750,246168.750
sample,int,dense-16,relationship,64,16,0,256,26,24159300,0,0
sample,int,dense-16,relationship,64,16,1,256,26,24276500,0,0
sample,int,dense-16,relationship,64,16,2,256,26,24294900,0,0
sample,int,dense-16,relationship,64,16,3,256,26,24162200,0,0
sample,int,dense-16,relationship,64,16,4,256,26,24600000,0,0
sample,int,dense-16,relationship,64,16,5,256,26,24024700,0,0
sample,int,dense-16,relationship,64,16,6,256,26,24337600,0,0
summary,int,dense-16,relationship,93846.484,94830.078,96093.750
sample,int,dense-16,clipping,64,16,0,32,4,37482800,8965632,2
sample,int,dense-16,clipping,64,16,1,32,4,37231900,8965632,2
sample,int,dense-16,clipping,64,16,2,32,4,37400100,8965632,2
sample,int,dense-16,clipping,64,16,3,32,4,37993300,8965632,2
sample,int,dense-16,clipping,64,16,4,32,4,37392200,8965632,2
sample,int,dense-16,clipping,64,16,5,32,4,37284000,8965632,2
sample,int,dense-16,clipping,64,16,6,32,4,37016500,8965632,2
summary,int,dense-16,clipping,1156765.625,1168506.250,1187290.625
sample,int,dense-64,relationship,256,64,0,64,7,24715300,0,0
sample,int,dense-64,relationship,256,64,1,64,7,25079900,0,0
sample,int,dense-64,relationship,256,64,2,64,7,24527000,0,0
sample,int,dense-64,relationship,256,64,3,64,7,24894100,0,0
sample,int,dense-64,relationship,256,64,4,64,7,24544200,0,0
sample,int,dense-64,relationship,256,64,5,64,7,24972600,0,0
sample,int,dense-64,relationship,256,64,6,64,7,24562500,0,0
summary,int,dense-64,relationship,383234.375,386176.562,391873.438
sample,int,dense-64,clipping,256,64,0,4,1,21717000,4403200,1
sample,int,dense-64,clipping,256,64,1,4,1,22044100,4403200,1
sample,int,dense-64,clipping,256,64,2,4,1,21563300,4403200,1
sample,int,dense-64,clipping,256,64,3,4,1,21700400,4403200,1
sample,int,dense-64,clipping,256,64,4,4,1,21851000,4403200,1
sample,int,dense-64,clipping,256,64,5,4,1,21652100,4403200,1
sample,int,dense-64,clipping,256,64,6,4,1,21462900,4403200,1
summary,int,dense-64,clipping,5365725.000,5425100.000,5511025.000
sample,int,wide-integral,relationship,4,1,0,8192,820,27008100,0,0
sample,int,wide-integral,relationship,4,1,1,8192,820,26944300,0,0
sample,int,wide-integral,relationship,4,1,2,8192,820,26829800,0,0
sample,int,wide-integral,relationship,4,1,3,8192,820,26771400,0,0
sample,int,wide-integral,relationship,4,1,4,8192,820,25824100,0,0
sample,int,wide-integral,relationship,4,1,5,8192,820,25674600,0,0
sample,int,wide-integral,relationship,4,1,6,8192,820,25879000,0,0
summary,int,wide-integral,relationship,3134.106,3267.993,3296.887
sample,int,wide-integral,clipping,4,1,0,512,52,23514000,12673024,3
sample,int,wide-integral,clipping,4,1,1,512,52,23557300,12673024,3
sample,int,wide-integral,clipping,4,1,2,512,52,23485400,12673024,3
sample,int,wide-integral,clipping,4,1,3,512,52,23295600,12673024,3
sample,int,wide-integral,clipping,4,1,4,512,52,23444400,12673024,3
sample,int,wide-integral,clipping,4,1,5,512,52,24996400,12673024,3
sample,int,wide-integral,clipping,4,1,6,512,52,23400800,12673024,3
summary,int,wide-integral,clipping,45499.219,45869.922,48821.094
fixture,long,exterior,4,1,success,0
fixture,long,interior,4,4,success,1
fixture,long,crossing,4,7,success,1
fixture,long,boundary-only,4,10,success,1
fixture,long,boundary-overlap,4,11,success,1
fixture,long,isolated-tangent,4,3,success,0
fixture,long,degenerate-interior,4,4,success,0
fixture,long,degenerate-boundary,4,2,success,0
fixture,long,empty,0,1,success,0
fixture,long,concave-u,8,7,success,2
fixture,long,hole,8,7,success,2
fixture,long,hole-reversed,8,7,success,2
fixture,long,rational-crossing,3,7,success,1
fixture,long,sparse-1,4,7,success,1
fixture,long,sparse-4,16,7,success,1
fixture,long,sparse-16,64,7,success,1
fixture,long,sparse-64,256,7,success,1
fixture,long,dense-1,4,7,success,1
fixture,long,dense-4,16,7,success,4
fixture,long,dense-16,64,7,success,16
fixture,long,dense-64,256,7,success,64
fixture,long,wide-integral,4,7,success,1
fixture,long,endpoint-collapse,4,6,unrepresentableConstruction,0
fixture,long,gap-collapse,8,7,unrepresentableConstruction,0
preflight,long,24,PASS
sample,long,exterior,relationship,4,0,0,8192,820,26220600,0,0
sample,long,exterior,relationship,4,0,1,8192,820,26035000,0,0
sample,long,exterior,relationship,4,0,2,8192,820,29094800,0,0
sample,long,exterior,relationship,4,0,3,8192,820,31649800,0,0
sample,long,exterior,relationship,4,0,4,8192,820,25917300,0,0
sample,long,exterior,relationship,4,0,5,8192,820,26246400,0,0
sample,long,exterior,relationship,4,0,6,8192,820,26098200,0,0
summary,long,exterior,relationship,3163.733,3200.757,3863.501
sample,long,exterior,clipping,4,0,0,4096,410,33234700,101056512,24
sample,long,exterior,clipping,4,0,1,4096,410,36050900,101056512,24
sample,long,exterior,clipping,4,0,2,4096,410,33541100,101056512,24
sample,long,exterior,clipping,4,0,3,4096,410,33692500,101056512,24
sample,long,exterior,clipping,4,0,4,4096,410,33622400,101056512,24
sample,long,exterior,clipping,4,0,5,4096,410,35988600,101056512,24
sample,long,exterior,clipping,4,0,6,4096,410,37186200,101056512,24
summary,long,exterior,clipping,8113.940,8225.708,9078.662
sample,long,interior,relationship,4,1,0,8192,820,27148100,0,0
sample,long,interior,relationship,4,1,1,8192,820,26908400,0,0
sample,long,interior,relationship,4,1,2,8192,820,27127500,0,0
sample,long,interior,relationship,4,1,3,8192,820,27346200,0,0
sample,long,interior,relationship,4,1,4,8192,820,26830100,0,0
sample,long,interior,relationship,4,1,5,8192,820,27441100,0,0
sample,long,interior,relationship,4,1,6,8192,820,27318000,0,0
summary,long,interior,relationship,3275.159,3313.977,3349.744
sample,long,interior,clipping,4,1,0,2048,205,39296500,50626560,12
sample,long,interior,clipping,4,1,1,2048,205,39123500,50626560,12
sample,long,interior,clipping,4,1,2,2048,205,39471800,50626560,12
sample,long,interior,clipping,4,1,3,2048,205,39135700,50626560,12
sample,long,interior,clipping,4,1,4,2048,205,38825900,50626560,12
sample,long,interior,clipping,4,1,5,2048,205,39620000,50626560,12
sample,long,interior,clipping,4,1,6,2048,205,48812800,50626560,12
summary,long,interior,clipping,18957.959,19187.744,23834.375
sample,long,crossing,relationship,4,1,0,8192,820,27593700,0,0
sample,long,crossing,relationship,4,1,1,8192,820,27312800,0,0
sample,long,crossing,relationship,4,1,2,8192,820,27424200,0,0
sample,long,crossing,relationship,4,1,3,8192,820,27355100,0,0
sample,long,crossing,relationship,4,1,4,8192,820,27084600,0,0
sample,long,crossing,relationship,4,1,5,8192,820,27460600,0,0
sample,long,crossing,relationship,4,1,6,8192,820,27382300,0,0
summary,long,crossing,relationship,3306.226,3342.566,3368.372
sample,long,crossing,clipping,4,1,0,512,52,23681500,12673024,3
sample,long,crossing,clipping,4,1,1,512,52,23478800,12673024,3
sample,long,crossing,clipping,4,1,2,512,52,24114500,12673024,3
sample,long,crossing,clipping,4,1,3,512,52,23521000,12673024,3
sample,long,crossing,clipping,4,1,4,512,52,24129100,12673024,3
sample,long,crossing,clipping,4,1,5,512,52,23519600,12673024,3
sample,long,crossing,clipping,4,1,6,512,52,23566600,12673024,3
summary,long,crossing,clipping,45857.031,46028.516,47127.148
sample,long,boundary-only,relationship,4,1,0,8192,820,36299900,0,0
sample,long,boundary-only,relationship,4,1,1,8192,820,36119500,0,0
sample,long,boundary-only,relationship,4,1,2,8192,820,36425000,0,0
sample,long,boundary-only,relationship,4,1,3,8192,820,36251000,0,0
sample,long,boundary-only,relationship,4,1,4,8192,820,36026600,0,0
sample,long,boundary-only,relationship,4,1,5,8192,820,36082300,0,0
sample,long,boundary-only,relationship,4,1,6,8192,820,36140500,0,0
summary,long,boundary-only,relationship,4397.778,4411.682,4446.411
sample,long,boundary-only,clipping,4,1,0,1024,103,30329100,25313280,6
sample,long,boundary-only,clipping,4,1,1,1024,103,30252000,25313280,6
sample,long,boundary-only,clipping,4,1,2,1024,103,29931800,25313280,6
sample,long,boundary-only,clipping,4,1,3,1024,103,29919000,25313280,6
sample,long,boundary-only,clipping,4,1,4,1024,103,39988100,25313280,6
sample,long,boundary-only,clipping,4,1,5,1024,103,29893700,25313280,6
sample,long,boundary-only,clipping,4,1,6,1024,103,29768800,25313280,6
summary,long,boundary-only,clipping,29071.094,29230.273,39050.879
sample,long,boundary-overlap,relationship,4,1,0,4096,410,23307600,0,0
sample,long,boundary-overlap,relationship,4,1,1,4096,410,22915500,0,0
sample,long,boundary-overlap,relationship,4,1,2,4096,410,22871400,0,0
sample,long,boundary-overlap,relationship,4,1,3,4096,410,23376500,0,0
sample,long,boundary-overlap,relationship,4,1,4,4096,410,22954300,0,0
sample,long,boundary-overlap,relationship,4,1,5,4096,410,23100500,0,0
sample,long,boundary-overlap,relationship,4,1,6,4096,410,22928500,0,0
summary,long,boundary-overlap,relationship,5583.838,5604.077,5707.153
sample,long,boundary-overlap,clipping,4,1,0,1024,103,32298400,25346048,6
sample,long,boundary-overlap,clipping,4,1,1,1024,103,32084600,25346048,6
sample,long,boundary-overlap,clipping,4,1,2,1024,103,31403300,25346048,6
sample,long,boundary-overlap,clipping,4,1,3,1024,103,31312700,25346048,6
sample,long,boundary-overlap,clipping,4,1,4,1024,103,31120000,25346048,6
sample,long,boundary-overlap,clipping,4,1,5,1024,103,30696200,25346048,6
sample,long,boundary-overlap,clipping,4,1,6,1024,103,30623100,25346048,6
summary,long,boundary-overlap,clipping,29905.371,30578.809,31541.406
sample,long,isolated-tangent,relationship,4,0,0,8192,820,39008800,0,0
sample,long,isolated-tangent,relationship,4,0,1,8192,820,38863800,0,0
sample,long,isolated-tangent,relationship,4,0,2,8192,820,40849700,0,0
sample,long,isolated-tangent,relationship,4,0,3,8192,820,39256300,0,0
sample,long,isolated-tangent,relationship,4,0,4,8192,820,39132600,0,0
sample,long,isolated-tangent,relationship,4,0,5,8192,820,39182000,0,0
sample,long,isolated-tangent,relationship,4,0,6,8192,820,38822100,0,0
summary,long,isolated-tangent,relationship,4739.026,4776.929,4986.536
sample,long,isolated-tangent,clipping,4,0,0,2048,205,36330900,50528256,12
sample,long,isolated-tangent,clipping,4,0,1,2048,205,26858700,50528256,12
sample,long,isolated-tangent,clipping,4,0,2,2048,205,26712400,50528256,12
sample,long,isolated-tangent,clipping,4,0,3,2048,205,26800000,50528256,12
sample,long,isolated-tangent,clipping,4,0,4,2048,205,26928400,50528256,12
sample,long,isolated-tangent,clipping,4,0,5,2048,205,26702100,50528256,12
sample,long,isolated-tangent,clipping,4,0,6,2048,205,26720200,50528256,12
summary,long,isolated-tangent,clipping,13038.135,13085.938,17739.697
sample,long,degenerate-interior,relationship,4,0,0,65536,6554,6591900,0,0
sample,long,degenerate-interior,relationship,4,0,1,65536,6554,6622100,0,0
sample,long,degenerate-interior,relationship,4,0,2,65536,6554,6996600,0,0
sample,long,degenerate-interior,relationship,4,0,3,65536,6554,6688500,0,0
sample,long,degenerate-interior,relationship,4,0,4,65536,6554,6904300,0,0
sample,long,degenerate-interior,relationship,4,0,5,65536,6554,6590700,0,0
sample,long,degenerate-interior,relationship,4,0,6,65536,6554,6979500,0,0
summary,long,degenerate-interior,relationship,100.566,102.058,106.760
sample,long,degenerate-interior,clipping,4,0,0,65536,6554,2200300,0,0
sample,long,degenerate-interior,clipping,4,0,1,65536,6554,2171900,0,0
sample,long,degenerate-interior,clipping,4,0,2,65536,6554,2290500,0,0
sample,long,degenerate-interior,clipping,4,0,3,65536,6554,2344700,0,0
sample,long,degenerate-interior,clipping,4,0,4,65536,6554,2405700,0,0
sample,long,degenerate-interior,clipping,4,0,5,65536,6554,2215400,0,0
sample,long,degenerate-interior,clipping,4,0,6,65536,6554,2306200,0,0
summary,long,degenerate-interior,clipping,33.141,34.950,36.708
sample,long,degenerate-boundary,relationship,4,0,0,65536,6554,6637300,0,0
sample,long,degenerate-boundary,relationship,4,0,1,65536,6554,6537400,0,0
sample,long,degenerate-boundary,relationship,4,0,2,65536,6554,8288600,0,0
sample,long,degenerate-boundary,relationship,4,0,3,65536,6554,6992000,0,0
sample,long,degenerate-boundary,relationship,4,0,4,65536,6554,6832500,0,0
sample,long,degenerate-boundary,relationship,4,0,5,65536,6554,6692400,0,0
sample,long,degenerate-boundary,relationship,4,0,6,65536,6554,7666400,0,0
summary,long,degenerate-boundary,relationship,99.753,104.256,126.474
sample,long,degenerate-boundary,clipping,4,0,0,65536,6554,2239600,0,0
sample,long,degenerate-boundary,clipping,4,0,1,65536,6554,2162700,0,0
sample,long,degenerate-boundary,clipping,4,0,2,65536,6554,2273600,0,0
sample,long,degenerate-boundary,clipping,4,0,3,65536,6554,2251400,0,0
sample,long,degenerate-boundary,clipping,4,0,4,65536,6554,2174800,0,0
sample,long,degenerate-boundary,clipping,4,0,5,65536,6554,2187500,0,0
sample,long,degenerate-boundary,clipping,4,0,6,65536,6554,2202100,0,0
summary,long,degenerate-boundary,clipping,33.000,33.601,34.692
sample,long,empty,relationship,0,0,0,65536,6554,2735000,0,0
sample,long,empty,relationship,0,0,1,65536,6554,2852400,0,0
sample,long,empty,relationship,0,0,2,65536,6554,2051800,0,0
sample,long,empty,relationship,0,0,3,65536,6554,1996400,0,0
sample,long,empty,relationship,0,0,4,65536,6554,2024500,0,0
sample,long,empty,relationship,0,0,5,65536,6554,1972300,0,0
sample,long,empty,relationship,0,0,6,65536,6554,2024700,0,0
summary,long,empty,relationship,30.095,30.894,43.524
sample,long,empty,clipping,0,0,0,65536,6554,2039400,0,0
sample,long,empty,clipping,0,0,1,65536,6554,2117700,0,0
sample,long,empty,clipping,0,0,2,65536,6554,2009700,0,0
sample,long,empty,clipping,0,0,3,65536,6554,2059100,0,0
sample,long,empty,clipping,0,0,4,65536,6554,1969600,0,0
sample,long,empty,clipping,0,0,5,65536,6554,2644700,0,0
sample,long,empty,clipping,0,0,6,65536,6554,2932200,0,0
summary,long,empty,clipping,30.054,31.419,44.742
sample,long,concave-u,relationship,8,2,0,4096,410,38511700,0,0
sample,long,concave-u,relationship,8,2,1,4096,410,38596800,0,0
sample,long,concave-u,relationship,8,2,2,4096,410,38683700,0,0
sample,long,concave-u,relationship,8,2,3,4096,410,38667400,0,0
sample,long,concave-u,relationship,8,2,4,4096,410,38702800,0,0
sample,long,concave-u,relationship,8,2,5,4096,410,38745700,0,0
sample,long,concave-u,relationship,8,2,6,4096,410,39082300,0,0
summary,long,concave-u,relationship,9402.271,9444.263,9541.577
sample,long,concave-u,clipping,8,2,0,256,26,28177200,10551296,2
sample,long,concave-u,clipping,8,2,1,256,26,27996200,10551296,2
sample,long,concave-u,clipping,8,2,2,256,26,27954000,10551296,2
sample,long,concave-u,clipping,8,2,3,256,26,27848300,10551296,2
sample,long,concave-u,clipping,8,2,4,256,26,27842600,10551296,2
sample,long,concave-u,clipping,8,2,5,256,26,27753600,10551296,2
sample,long,concave-u,clipping,8,2,6,256,26,27781500,10551296,2
summary,long,concave-u,clipping,108412.500,108782.422,110067.188
sample,long,hole,relationship,8,2,0,2048,205,19295100,0,0
sample,long,hole,relationship,8,2,1,2048,205,19621100,0,0
sample,long,hole,relationship,8,2,2,2048,205,19608500,0,0
sample,long,hole,relationship,8,2,3,2048,205,19373300,0,0
sample,long,hole,relationship,8,2,4,2048,205,19335200,0,0
sample,long,hole,relationship,8,2,5,2048,205,19369100,0,0
sample,long,hole,relationship,8,2,6,2048,205,19371100,0,0
summary,long,hole,relationship,9421.436,9458.545,9580.615
sample,long,hole,clipping,8,2,0,256,26,27846900,10551296,2
sample,long,hole,clipping,8,2,1,256,26,27599100,10551296,2
sample,long,hole,clipping,8,2,2,256,26,27963100,10551296,2
sample,long,hole,clipping,8,2,3,256,26,28095900,10551296,2
sample,long,hole,clipping,8,2,4,256,26,27718200,10551296,2
sample,long,hole,clipping,8,2,5,256,26,28189400,10551296,2
sample,long,hole,clipping,8,2,6,256,26,28321600,10551296,2
summary,long,hole,clipping,107808.984,109230.859,110631.250
sample,long,hole-reversed,relationship,8,2,0,4096,410,38687500,0,0
sample,long,hole-reversed,relationship,8,2,1,4096,410,40546200,0,0
sample,long,hole-reversed,relationship,8,2,2,4096,410,39351600,0,0
sample,long,hole-reversed,relationship,8,2,3,4096,410,39229500,0,0
sample,long,hole-reversed,relationship,8,2,4,4096,410,39070300,0,0
sample,long,hole-reversed,relationship,8,2,5,4096,410,39130700,0,0
sample,long,hole-reversed,relationship,8,2,6,4096,410,39276100,0,0
summary,long,hole-reversed,relationship,9445.190,9577.515,9898.975
sample,long,hole-reversed,clipping,8,2,0,256,26,28135900,10551296,2
sample,long,hole-reversed,clipping,8,2,1,256,26,27792400,10551296,2
sample,long,hole-reversed,clipping,8,2,2,256,26,27703200,10551296,2
sample,long,hole-reversed,clipping,8,2,3,256,26,27842000,10551296,2
sample,long,hole-reversed,clipping,8,2,4,256,26,27809800,10551296,2
sample,long,hole-reversed,clipping,8,2,5,256,26,27603900,10551296,2
sample,long,hole-reversed,clipping,8,2,6,256,26,37726900,10551296,2
summary,long,hole-reversed,clipping,107827.734,108632.031,147370.703
sample,long,rational-crossing,relationship,3,1,0,16384,1639,37311200,0,0
sample,long,rational-crossing,relationship,3,1,1,16384,1639,37462700,0,0
sample,long,rational-crossing,relationship,3,1,2,16384,1639,37263400,0,0
sample,long,rational-crossing,relationship,3,1,3,16384,1639,37224500,0,0
sample,long,rational-crossing,relationship,3,1,4,16384,1639,37197100,0,0
sample,long,rational-crossing,relationship,3,1,5,16384,1639,37535800,0,0
sample,long,rational-crossing,relationship,3,1,6,16384,1639,37170800,0,0
summary,long,rational-crossing,relationship,2268.726,2274.377,2291.003
sample,long,rational-crossing,clipping,3,1,0,512,52,22597700,10575872,2
sample,long,rational-crossing,clipping,3,1,1,512,52,22435200,10575872,2
sample,long,rational-crossing,clipping,3,1,2,512,52,22269100,10575872,2
sample,long,rational-crossing,clipping,3,1,3,512,52,22139100,10575872,2
sample,long,rational-crossing,clipping,3,1,4,512,52,22091300,10575872,2
sample,long,rational-crossing,clipping,3,1,5,512,52,22069300,10575872,2
sample,long,rational-crossing,clipping,3,1,6,512,52,22190000,10575872,2
summary,long,rational-crossing,clipping,43104.102,43339.844,44136.133
sample,long,sparse-1,relationship,4,1,0,8192,820,26348900,0,0
sample,long,sparse-1,relationship,4,1,1,8192,820,26111100,0,0
sample,long,sparse-1,relationship,4,1,2,8192,820,25980100,0,0
sample,long,sparse-1,relationship,4,1,3,8192,820,27100200,0,0
sample,long,sparse-1,relationship,4,1,4,8192,820,26066300,0,0
sample,long,sparse-1,relationship,4,1,5,8192,820,26153400,0,0
sample,long,sparse-1,relationship,4,1,6,8192,820,26105700,0,0
summary,long,sparse-1,relationship,3171.399,3187.390,3308.130
sample,long,sparse-1,clipping,4,1,0,512,52,22306100,12673024,3
sample,long,sparse-1,clipping,4,1,1,512,52,22544000,12673024,3
sample,long,sparse-1,clipping,4,1,2,512,52,22670600,12673024,3
sample,long,sparse-1,clipping,4,1,3,512,52,22211600,12673024,3
sample,long,sparse-1,clipping,4,1,4,512,52,22804100,12673024,3
sample,long,sparse-1,clipping,4,1,5,512,52,22290400,12673024,3
sample,long,sparse-1,clipping,4,1,6,512,52,30327200,12673024,3
summary,long,sparse-1,clipping,43382.031,44031.250,59232.812
sample,long,sparse-4,relationship,16,1,0,2048,205,30025600,0,0
sample,long,sparse-4,relationship,16,1,1,2048,205,30060800,0,0
sample,long,sparse-4,relationship,16,1,2,2048,205,30255700,0,0
sample,long,sparse-4,relationship,16,1,3,2048,205,30517400,0,0
sample,long,sparse-4,relationship,16,1,4,2048,205,30320300,0,0
sample,long,sparse-4,relationship,16,1,5,2048,205,32603500,0,0
sample,long,sparse-4,relationship,16,1,6,2048,205,32503300,0,0
summary,long,sparse-4,relationship,14660.938,14804.834,15919.678
sample,long,sparse-4,clipping,16,1,0,512,52,33242200,37838848,9
sample,long,sparse-4,clipping,16,1,1,512,52,33572600,37838848,9
sample,long,sparse-4,clipping,16,1,2,512,52,33387000,37838848,9
sample,long,sparse-4,clipping,16,1,3,512,52,33236800,37838848,9
sample,long,sparse-4,clipping,16,1,4,512,52,33220300,37838848,9
sample,long,sparse-4,clipping,16,1,5,512,52,33126700,37838848,9
sample,long,sparse-4,clipping,16,1,6,512,52,33152400,37838848,9
summary,long,sparse-4,clipping,64700.586,64915.625,65571.484
sample,long,sparse-16,relationship,64,1,0,512,52,33790700,0,0
sample,long,sparse-16,relationship,64,1,1,512,52,33796000,0,0
sample,long,sparse-16,relationship,64,1,2,512,52,33249300,0,0
sample,long,sparse-16,relationship,64,1,3,512,52,33354300,0,0
sample,long,sparse-16,relationship,64,1,4,512,52,33375700,0,0
sample,long,sparse-16,relationship,64,1,5,512,52,33262500,0,0
sample,long,sparse-16,relationship,64,1,6,512,52,33104200,0,0
summary,long,sparse-16,relationship,64656.641,65145.117,66007.812
sample,long,sparse-16,clipping,64,1,0,256,26,35315300,71348224,21
sample,long,sparse-16,clipping,64,1,1,256,26,44705900,71348224,21
sample,long,sparse-16,clipping,64,1,2,256,26,35221400,71348224,21
sample,long,sparse-16,clipping,64,1,3,256,26,35120800,71348224,21
sample,long,sparse-16,clipping,64,1,4,256,26,35681800,71348224,21
sample,long,sparse-16,clipping,64,1,5,256,26,35701000,71348224,21
sample,long,sparse-16,clipping,64,1,6,256,26,35383300,71348224,21
summary,long,sparse-16,clipping,137190.625,138216.016,174632.422
sample,long,sparse-64,relationship,256,1,0,128,13,33523300,0,0
sample,long,sparse-64,relationship,256,1,1,128,13,33834700,0,0
sample,long,sparse-64,relationship,256,1,2,128,13,33803000,0,0
sample,long,sparse-64,relationship,256,1,3,128,13,33922600,0,0
sample,long,sparse-64,relationship,256,1,4,128,13,33855400,0,0
sample,long,sparse-64,relationship,256,1,5,128,13,33779200,0,0
sample,long,sparse-64,relationship,256,1,6,128,13,33773900,0,0
summary,long,sparse-64,relationship,261900.781,264085.938,265020.312
sample,long,sparse-64,clipping,256,1,0,64,7,38552600,70003712,9
sample,long,sparse-64,clipping,256,1,1,64,7,37319900,70003712,8
sample,long,sparse-64,clipping,256,1,2,64,7,37340200,70003712,8
sample,long,sparse-64,clipping,256,1,3,64,7,37137000,70003712,8
sample,long,sparse-64,clipping,256,1,4,64,7,37052900,70003712,8
sample,long,sparse-64,clipping,256,1,5,64,7,36805100,70003712,8
sample,long,sparse-64,clipping,256,1,6,64,7,36909000,70003712,8
summary,long,sparse-64,clipping,575079.688,580265.625,602384.375
sample,long,dense-1,relationship,4,1,0,8192,820,27708600,0,0
sample,long,dense-1,relationship,4,1,1,8192,820,27243400,0,0
sample,long,dense-1,relationship,4,1,2,8192,820,27409300,0,0
sample,long,dense-1,relationship,4,1,3,8192,820,27179800,0,0
sample,long,dense-1,relationship,4,1,4,8192,820,37156300,0,0
sample,long,dense-1,relationship,4,1,5,8192,820,26929200,0,0
sample,long,dense-1,relationship,4,1,6,8192,820,27466400,0,0
summary,long,dense-1,relationship,3287.256,3345.862,4535.681
sample,long,dense-1,clipping,4,1,0,512,52,23598800,12673024,3
sample,long,dense-1,clipping,4,1,1,512,52,23842700,12673024,3
sample,long,dense-1,clipping,4,1,2,512,52,23704800,12673024,3
sample,long,dense-1,clipping,4,1,3,512,52,23934700,12673024,3
sample,long,dense-1,clipping,4,1,4,512,52,23427600,12673024,3
sample,long,dense-1,clipping,4,1,5,512,52,23584300,12673024,3
sample,long,dense-1,clipping,4,1,6,512,52,24010900,12673024,3
summary,long,dense-1,clipping,45757.031,46298.438,46896.289
sample,long,dense-4,relationship,16,4,0,1024,103,21591100,0,0
sample,long,dense-4,relationship,16,4,1,1024,103,21580000,0,0
sample,long,dense-4,relationship,16,4,2,1024,103,21435600,0,0
sample,long,dense-4,relationship,16,4,3,1024,103,21238800,0,0
sample,long,dense-4,relationship,16,4,4,1024,103,21138400,0,0
sample,long,dense-4,relationship,16,4,5,1024,103,21181900,0,0
sample,long,dense-4,relationship,16,4,6,1024,103,21121800,0,0
summary,long,dense-4,relationship,20626.758,20741.016,21085.059
sample,long,dense-4,clipping,16,4,0,128,13,29487800,9488384,2
sample,long,dense-4,clipping,16,4,1,128,13,29505100,9488384,2
sample,long,dense-4,clipping,16,4,2,128,13,29701400,9488384,2
sample,long,dense-4,clipping,16,4,3,128,13,30159200,9488384,2
sample,long,dense-4,clipping,16,4,4,128,13,31481200,9488384,2
sample,long,dense-4,clipping,16,4,5,128,13,29632700,9488384,2
sample,long,dense-4,clipping,16,4,6,128,13,29577700,9488384,2
summary,long,dense-4,clipping,230373.438,231505.469,245946.875
sample,long,dense-16,relationship,64,16,0,256,26,23436600,0,0
sample,long,dense-16,relationship,64,16,1,256,26,22940100,0,0
sample,long,dense-16,relationship,64,16,2,256,26,23444100,0,0
sample,long,dense-16,relationship,64,16,3,256,26,23233600,0,0
sample,long,dense-16,relationship,64,16,4,256,26,23121400,0,0
sample,long,dense-16,relationship,64,16,5,256,26,23220100,0,0
sample,long,dense-16,relationship,64,16,6,256,26,23198800,0,0
summary,long,dense-16,relationship,89609.766,90703.516,91578.516
sample,long,dense-16,clipping,64,16,0,16,2,17713000,4482816,1
sample,long,dense-16,clipping,64,16,1,16,2,17653900,4482816,1
sample,long,dense-16,clipping,64,16,2,16,2,17705700,4482816,1
sample,long,dense-16,clipping,64,16,3,16,2,17796800,4482816,1
sample,long,dense-16,clipping,64,16,4,16,2,17807400,4482816,1
sample,long,dense-16,clipping,64,16,5,16,2,18079600,4482816,1
sample,long,dense-16,clipping,64,16,6,16,2,17933200,4482816,1
summary,long,dense-16,clipping,1103368.750,1112300.000,1129975.000
sample,long,dense-64,relationship,256,64,0,64,7,25085100,0,0
sample,long,dense-64,relationship,256,64,1,64,7,25737600,0,0
sample,long,dense-64,relationship,256,64,2,64,7,25080900,0,0
sample,long,dense-64,relationship,256,64,3,64,7,25824000,0,0
sample,long,dense-64,relationship,256,64,4,64,7,24794800,0,0
sample,long,dense-64,relationship,256,64,5,64,7,25167300,0,0
sample,long,dense-64,relationship,256,64,6,64,7,24665900,0,0
summary,long,dense-64,relationship,385404.688,391954.688,403500.000
sample,long,dense-64,clipping,256,64,0,4,1,21534100,4403200,1
sample,long,dense-64,clipping,256,64,1,4,1,22031300,4403200,1
sample,long,dense-64,clipping,256,64,2,4,1,21669700,4403200,1
sample,long,dense-64,clipping,256,64,3,4,1,21747300,4403200,1
sample,long,dense-64,clipping,256,64,4,4,1,21577500,4403200,1
sample,long,dense-64,clipping,256,64,5,4,1,21774300,4403200,1
sample,long,dense-64,clipping,256,64,6,4,1,25782000,4403200,1
summary,long,dense-64,clipping,5383525.000,5436825.000,6445500.000
sample,long,wide-integral,relationship,4,1,0,8192,820,28893800,0,0
sample,long,wide-integral,relationship,4,1,1,8192,820,27793600,0,0
sample,long,wide-integral,relationship,4,1,2,8192,820,28470400,0,0
sample,long,wide-integral,relationship,4,1,3,8192,820,27787200,0,0
sample,long,wide-integral,relationship,4,1,4,8192,820,28047200,0,0
sample,long,wide-integral,relationship,4,1,5,8192,820,27997500,0,0
sample,long,wide-integral,relationship,4,1,6,8192,820,28013600,0,0
summary,long,wide-integral,relationship,3391.992,3419.629,3527.075
sample,long,wide-integral,clipping,4,1,0,512,52,26264500,12673024,3
sample,long,wide-integral,clipping,4,1,1,512,52,25708100,12673024,3
sample,long,wide-integral,clipping,4,1,2,512,52,26207800,12673024,3
sample,long,wide-integral,clipping,4,1,3,512,52,25924600,12673024,3
sample,long,wide-integral,clipping,4,1,4,512,52,26151300,12673024,3
sample,long,wide-integral,clipping,4,1,5,512,52,35191300,12673024,3
sample,long,wide-integral,clipping,4,1,6,512,52,26034600,12673024,3
summary,long,wide-integral,clipping,50211.133,51076.758,68733.008
sample,long,endpoint-collapse,relationship,4,0,0,4096,410,20610200,0,0
sample,long,endpoint-collapse,relationship,4,0,1,4096,410,20403700,0,0
sample,long,endpoint-collapse,relationship,4,0,2,4096,410,20482900,0,0
sample,long,endpoint-collapse,relationship,4,0,3,4096,410,20544100,0,0
sample,long,endpoint-collapse,relationship,4,0,4,4096,410,20622300,0,0
sample,long,endpoint-collapse,relationship,4,0,5,4096,410,20686000,0,0
sample,long,endpoint-collapse,relationship,4,0,6,4096,410,20492800,0,0
summary,long,endpoint-collapse,relationship,4981.372,5015.649,5050.293
sample,long,endpoint-collapse,clipping,4,0,0,1024,103,38138100,25313280,6
sample,long,endpoint-collapse,clipping,4,0,1,1024,103,38217700,25313280,6
sample,long,endpoint-collapse,clipping,4,0,2,1024,103,38431300,25313280,6
sample,long,endpoint-collapse,clipping,4,0,3,1024,103,38340400,25313280,6
sample,long,endpoint-collapse,clipping,4,0,4,1024,103,38196000,25313280,6
sample,long,endpoint-collapse,clipping,4,0,5,1024,103,40306400,25313280,6
sample,long,endpoint-collapse,clipping,4,0,6,1024,103,38521800,25313280,6
summary,long,endpoint-collapse,clipping,37244.238,37441.797,39361.719
sample,long,gap-collapse,relationship,8,0,0,2048,205,23237800,0,0
sample,long,gap-collapse,relationship,8,0,1,2048,205,23298500,0,0
sample,long,gap-collapse,relationship,8,0,2,2048,205,22848500,0,0
sample,long,gap-collapse,relationship,8,0,3,2048,205,22994600,0,0
sample,long,gap-collapse,relationship,8,0,4,2048,205,23031100,0,0
sample,long,gap-collapse,relationship,8,0,5,2048,205,22897000,0,0
sample,long,gap-collapse,relationship,8,0,6,2048,205,23265800,0,0
summary,long,gap-collapse,relationship,11156.494,11245.654,11376.221
sample,long,gap-collapse,clipping,8,0,0,256,26,26234800,10543104,2
sample,long,gap-collapse,clipping,8,0,1,256,26,26123200,10543104,2
sample,long,gap-collapse,clipping,8,0,2,256,26,26286700,10543104,2
sample,long,gap-collapse,clipping,8,0,3,256,26,26023300,10543104,2
sample,long,gap-collapse,clipping,8,0,4,256,26,26370500,10543104,2
sample,long,gap-collapse,clipping,8,0,5,256,26,29448200,10543104,2
sample,long,gap-collapse,clipping,8,0,6,256,26,32555900,10543104,2
summary,long,gap-collapse,clipping,101653.516,102682.422,127171.484
fixture,float,exterior,4,1,success,0
fixture,float,interior,4,4,success,1
fixture,float,crossing,4,7,success,1
fixture,float,boundary-only,4,10,success,1
fixture,float,boundary-overlap,4,11,success,1
fixture,float,isolated-tangent,4,3,success,0
fixture,float,degenerate-interior,4,4,success,0
fixture,float,degenerate-boundary,4,2,success,0
fixture,float,empty,0,1,success,0
fixture,float,concave-u,8,7,success,2
fixture,float,hole,8,7,success,2
fixture,float,hole-reversed,8,7,success,2
fixture,float,rational-crossing,3,7,success,1
fixture,float,sparse-1,4,7,success,1
fixture,float,sparse-4,16,7,success,1
fixture,float,sparse-16,64,7,success,1
fixture,float,sparse-64,256,7,success,1
fixture,float,dense-1,4,7,success,1
fixture,float,dense-4,16,7,success,4
fixture,float,dense-16,64,7,success,16
fixture,float,dense-64,256,7,success,64
fixture,float,subnormal,4,7,success,1
fixture,float,large-finite,4,7,success,1
preflight,float,23,PASS
sample,float,exterior,relationship,4,0,0,8192,820,26298700,0,0
sample,float,exterior,relationship,4,0,1,8192,820,26163200,0,0
sample,float,exterior,relationship,4,0,2,8192,820,26368700,0,0
sample,float,exterior,relationship,4,0,3,8192,820,26192500,0,0
sample,float,exterior,relationship,4,0,4,8192,820,26348000,0,0
sample,float,exterior,relationship,4,0,5,8192,820,26426100,0,0
sample,float,exterior,relationship,4,0,6,8192,820,25803400,0,0
summary,float,exterior,relationship,3149.829,3210.291,3225.842
sample,float,exterior,clipping,4,0,0,4096,410,32179100,101056512,24
sample,float,exterior,clipping,4,0,1,4096,410,32291600,101056512,24
sample,float,exterior,clipping,4,0,2,4096,410,32171800,101056512,24
sample,float,exterior,clipping,4,0,3,4096,410,31909600,101056512,24
sample,float,exterior,clipping,4,0,4,4096,410,33390400,101056512,24
sample,float,exterior,clipping,4,0,5,4096,410,32968600,101056512,24
sample,float,exterior,clipping,4,0,6,4096,410,32503300,101056512,24
summary,float,exterior,clipping,7790.430,7883.691,8151.953
sample,float,interior,relationship,4,1,0,8192,820,25202500,0,0
sample,float,interior,relationship,4,1,1,8192,820,25177800,0,0
sample,float,interior,relationship,4,1,2,8192,820,25253200,0,0
sample,float,interior,relationship,4,1,3,8192,820,25220100,0,0
sample,float,interior,relationship,4,1,4,8192,820,25267200,0,0
sample,float,interior,relationship,4,1,5,8192,820,25276500,0,0
sample,float,interior,relationship,4,1,6,8192,820,25373900,0,0
summary,float,interior,relationship,3073.462,3082.666,3097.400
sample,float,interior,clipping,4,1,0,2048,205,36603100,50626560,12
sample,float,interior,clipping,4,1,1,2048,205,36588600,50626560,12
sample,float,interior,clipping,4,1,2,2048,205,36861200,50626560,12
sample,float,interior,clipping,4,1,3,2048,205,45871100,50626560,12
sample,float,interior,clipping,4,1,4,2048,205,37036000,50626560,12
sample,float,interior,clipping,4,1,5,2048,205,37669300,50626560,12
sample,float,interior,clipping,4,1,6,2048,205,38510600,50626560,12
summary,float,interior,clipping,17865.527,18083.984,22397.998
sample,float,crossing,relationship,4,1,0,8192,820,27078000,0,0
sample,float,crossing,relationship,4,1,1,8192,820,26319700,0,0
sample,float,crossing,relationship,4,1,2,8192,820,26473800,0,0
sample,float,crossing,relationship,4,1,3,8192,820,26282300,0,0
sample,float,crossing,relationship,4,1,4,8192,820,26349000,0,0
sample,float,crossing,relationship,4,1,5,8192,820,26051200,0,0
sample,float,crossing,relationship,4,1,6,8192,820,25941800,0,0
summary,float,crossing,relationship,3166.724,3212.854,3305.420
sample,float,crossing,clipping,4,1,0,512,52,24861200,12673024,3
sample,float,crossing,clipping,4,1,1,512,52,24213000,12673024,3
sample,float,crossing,clipping,4,1,2,512,52,25018600,12673024,3
sample,float,crossing,clipping,4,1,3,512,52,24403800,12673024,3
sample,float,crossing,clipping,4,1,4,512,52,24672300,12673024,3
sample,float,crossing,clipping,4,1,5,512,52,24524300,12673024,3
sample,float,crossing,clipping,4,1,6,512,52,24811800,12673024,3
summary,float,crossing,clipping,47291.016,48188.086,48864.453
sample,float,boundary-only,relationship,4,1,0,8192,820,29343700,0,0
sample,float,boundary-only,relationship,4,1,1,8192,820,29479500,0,0
sample,float,boundary-only,relationship,4,1,2,8192,820,29382700,0,0
sample,float,boundary-only,relationship,4,1,3,8192,820,28922500,0,0
sample,float,boundary-only,relationship,4,1,4,8192,820,29393100,0,0
sample,float,boundary-only,relationship,4,1,5,8192,820,29563100,0,0
sample,float,boundary-only,relationship,4,1,6,8192,820,29398200,0,0
summary,float,boundary-only,relationship,3530.579,3588.025,3608.777
sample,float,boundary-only,clipping,4,1,0,1024,103,30124500,25313280,6
sample,float,boundary-only,clipping,4,1,1,1024,103,29987200,25313280,6
sample,float,boundary-only,clipping,4,1,2,1024,103,39925600,25313280,6
sample,float,boundary-only,clipping,4,1,3,1024,103,30011200,25313280,6
sample,float,boundary-only,clipping,4,1,4,1024,103,30208200,25313280,6
sample,float,boundary-only,clipping,4,1,5,1024,103,30084100,25313280,6
sample,float,boundary-only,clipping,4,1,6,1024,103,30068300,25313280,6
summary,float,boundary-only,clipping,29284.375,29379.004,38989.844
sample,float,boundary-overlap,relationship,4,1,0,8192,820,34659600,0,0
sample,float,boundary-overlap,relationship,4,1,1,8192,820,34698000,0,0
sample,float,boundary-overlap,relationship,4,1,2,8192,820,34942300,0,0
sample,float,boundary-overlap,relationship,4,1,3,8192,820,35033100,0,0
sample,float,boundary-overlap,relationship,4,1,4,8192,820,35099900,0,0
sample,float,boundary-overlap,relationship,4,1,5,8192,820,34836200,0,0
sample,float,boundary-overlap,relationship,4,1,6,8192,820,34899000,0,0
summary,float,boundary-overlap,relationship,4230.908,4260.132,4284.656
sample,float,boundary-overlap,clipping,4,1,0,1024,103,32542400,25346048,6
sample,float,boundary-overlap,clipping,4,1,1,1024,103,32589900,25346048,6
sample,float,boundary-overlap,clipping,4,1,2,1024,103,32496600,25346048,6
sample,float,boundary-overlap,clipping,4,1,3,1024,103,32563800,25346048,6
sample,float,boundary-overlap,clipping,4,1,4,1024,103,32434500,25346048,6
sample,float,boundary-overlap,clipping,4,1,5,1024,103,32470800,25346048,6
sample,float,boundary-overlap,clipping,4,1,6,1024,103,32429200,25346048,6
summary,float,boundary-overlap,clipping,31669.141,31734.961,31826.074
sample,float,isolated-tangent,relationship,4,0,0,4096,410,21567700,0,0
sample,float,isolated-tangent,relationship,4,0,1,4096,410,21675500,0,0
sample,float,isolated-tangent,relationship,4,0,2,4096,410,21536400,0,0
sample,float,isolated-tangent,relationship,4,0,3,4096,410,21574700,0,0
sample,float,isolated-tangent,relationship,4,0,4,4096,410,21646200,0,0
sample,float,isolated-tangent,relationship,4,0,5,4096,410,21532800,0,0
sample,float,isolated-tangent,relationship,4,0,6,4096,410,21523800,0,0
summary,float,isolated-tangent,relationship,5254.834,5265.552,5291.870
sample,float,isolated-tangent,clipping,4,0,0,2048,205,31641900,50528256,12
sample,float,isolated-tangent,clipping,4,0,1,2048,205,31875300,50528256,12
sample,float,isolated-tangent,clipping,4,0,2,2048,205,31885800,50528256,12
sample,float,isolated-tangent,clipping,4,0,3,2048,205,31665500,50528256,12
sample,float,isolated-tangent,clipping,4,0,4,2048,205,31544600,50528256,12
sample,float,isolated-tangent,clipping,4,0,5,2048,205,31753400,50528256,12
sample,float,isolated-tangent,clipping,4,0,6,2048,205,30930600,50528256,12
summary,float,isolated-tangent,clipping,15102.832,15461.670,15569.238
sample,float,degenerate-interior,relationship,4,0,0,65536,6554,5348700,0,0
sample,float,degenerate-interior,relationship,4,0,1,65536,6554,5327900,0,0
sample,float,degenerate-interior,relationship,4,0,2,65536,6554,5364400,0,0
sample,float,degenerate-interior,relationship,4,0,3,65536,6554,5326600,0,0
sample,float,degenerate-interior,relationship,4,0,4,65536,6554,5391200,0,0
sample,float,degenerate-interior,relationship,4,0,5,65536,6554,5350900,0,0
sample,float,degenerate-interior,relationship,4,0,6,65536,6554,5333700,0,0
summary,float,degenerate-interior,relationship,81.277,81.615,82.263
sample,float,degenerate-interior,clipping,4,0,0,65536,6554,742600,0,0
sample,float,degenerate-interior,clipping,4,0,1,65536,6554,801800,0,0
sample,float,degenerate-interior,clipping,4,0,2,65536,6554,732300,0,0
sample,float,degenerate-interior,clipping,4,0,3,65536,6554,782600,0,0
sample,float,degenerate-interior,clipping,4,0,4,65536,6554,743600,0,0
sample,float,degenerate-interior,clipping,4,0,5,65536,6554,782200,0,0
sample,float,degenerate-interior,clipping,4,0,6,65536,6554,740200,0,0
summary,float,degenerate-interior,clipping,11.174,11.346,12.234
sample,float,degenerate-boundary,relationship,4,0,0,65536,6554,4931100,0,0
sample,float,degenerate-boundary,relationship,4,0,1,65536,6554,5162700,0,0
sample,float,degenerate-boundary,relationship,4,0,2,65536,6554,4958100,0,0
sample,float,degenerate-boundary,relationship,4,0,3,65536,6554,4929000,0,0
sample,float,degenerate-boundary,relationship,4,0,4,65536,6554,5207000,0,0
sample,float,degenerate-boundary,relationship,4,0,5,65536,6554,4919200,0,0
sample,float,degenerate-boundary,relationship,4,0,6,65536,6554,4924900,0,0
summary,float,degenerate-boundary,relationship,75.061,75.243,79.453
sample,float,degenerate-boundary,clipping,4,0,0,65536,6554,710000,0,0
sample,float,degenerate-boundary,clipping,4,0,1,65536,6554,806100,0,0
sample,float,degenerate-boundary,clipping,4,0,2,65536,6554,927800,0,0
sample,float,degenerate-boundary,clipping,4,0,3,65536,6554,835000,0,0
sample,float,degenerate-boundary,clipping,4,0,4,65536,6554,736500,0,0
sample,float,degenerate-boundary,clipping,4,0,5,65536,6554,776100,0,0
sample,float,degenerate-boundary,clipping,4,0,6,65536,6554,713500,0,0
summary,float,degenerate-boundary,clipping,10.834,11.842,14.157
sample,float,empty,relationship,0,0,0,65536,6554,1282800,0,0
sample,float,empty,relationship,0,0,1,65536,6554,1284100,0,0
sample,float,empty,relationship,0,0,2,65536,6554,1283300,0,0
sample,float,empty,relationship,0,0,3,65536,6554,1286200,0,0
sample,float,empty,relationship,0,0,4,65536,6554,1285900,0,0
sample,float,empty,relationship,0,0,5,65536,6554,1283000,0,0
sample,float,empty,relationship,0,0,6,65536,6554,1284400,0,0
summary,float,empty,relationship,19.574,19.594,19.626
sample,float,empty,clipping,0,0,0,65536,6554,829400,0,0
sample,float,empty,clipping,0,0,1,65536,6554,879700,0,0
sample,float,empty,clipping,0,0,2,65536,6554,893900,0,0
sample,float,empty,clipping,0,0,3,65536,6554,868200,0,0
sample,float,empty,clipping,0,0,4,65536,6554,847400,0,0
sample,float,empty,clipping,0,0,5,65536,6554,873000,0,0
sample,float,empty,clipping,0,0,6,65536,6554,828900,0,0
summary,float,empty,clipping,12.648,13.248,13.640
sample,float,concave-u,relationship,8,2,0,4096,410,36336600,0,0
sample,float,concave-u,relationship,8,2,1,4096,410,38545600,0,0
sample,float,concave-u,relationship,8,2,2,4096,410,36023700,0,0
sample,float,concave-u,relationship,8,2,3,4096,410,36977300,0,0
sample,float,concave-u,relationship,8,2,4,4096,410,36797200,0,0
sample,float,concave-u,relationship,8,2,5,4096,410,36850800,0,0
sample,float,concave-u,relationship,8,2,6,4096,410,36515800,0,0
summary,float,concave-u,relationship,8794.849,8983.691,9410.547
sample,float,concave-u,clipping,8,2,0,256,26,27365400,10551296,2
sample,float,concave-u,clipping,8,2,1,256,26,27435400,10551296,2
sample,float,concave-u,clipping,8,2,2,256,26,27423100,10551296,2
sample,float,concave-u,clipping,8,2,3,256,26,27363300,10551296,2
sample,float,concave-u,clipping,8,2,4,256,26,27296700,10551296,2
sample,float,concave-u,clipping,8,2,5,256,26,27206500,10551296,2
sample,float,concave-u,clipping,8,2,6,256,26,27685400,10551296,2
summary,float,concave-u,clipping,106275.391,106896.094,108146.094
sample,float,hole,relationship,8,2,0,4096,410,36401600,0,0
sample,float,hole,relationship,8,2,1,4096,410,37648500,0,0
sample,float,hole,relationship,8,2,2,4096,410,37748300,0,0
sample,float,hole,relationship,8,2,3,4096,410,37931100,0,0
sample,float,hole,relationship,8,2,4,4096,410,38811500,0,0
sample,float,hole,relationship,8,2,5,4096,410,37897600,0,0
sample,float,hole,relationship,8,2,6,4096,410,37902500,0,0
summary,float,hole,relationship,8887.109,9252.344,9475.464
sample,float,hole,clipping,8,2,0,256,26,29283900,10551296,2
sample,float,hole,clipping,8,2,1,256,26,28656900,10551296,2
sample,float,hole,clipping,8,2,2,256,26,29209700,10551296,2
sample,float,hole,clipping,8,2,3,256,26,29252100,10551296,2
sample,float,hole,clipping,8,2,4,256,26,29562600,10551296,2
sample,float,hole,clipping,8,2,5,256,26,28659300,10551296,2
sample,float,hole,clipping,8,2,6,256,26,29371300,10551296,2
summary,float,hole,clipping,111941.016,114266.016,115478.906
sample,float,hole-reversed,relationship,8,2,0,4096,410,38120900,0,0
sample,float,hole-reversed,relationship,8,2,1,4096,410,38175600,0,0
sample,float,hole-reversed,relationship,8,2,2,4096,410,37931900,0,0
sample,float,hole-reversed,relationship,8,2,3,4096,410,37676100,0,0
sample,float,hole-reversed,relationship,8,2,4,4096,410,38112000,0,0
sample,float,hole-reversed,relationship,8,2,5,4096,410,37868700,0,0
sample,float,hole-reversed,relationship,8,2,6,4096,410,37711600,0,0
summary,float,hole-reversed,relationship,9198.267,9260.718,9320.215
sample,float,hole-reversed,clipping,8,2,0,256,26,28407900,10551296,2
sample,float,hole-reversed,clipping,8,2,1,256,26,38491400,10551296,2
sample,float,hole-reversed,clipping,8,2,2,256,26,28347000,10551296,2
sample,float,hole-reversed,clipping,8,2,3,256,26,28798100,10551296,2
sample,float,hole-reversed,clipping,8,2,4,256,26,28940900,10551296,2
sample,float,hole-reversed,clipping,8,2,5,256,26,28790600,10551296,2
sample,float,hole-reversed,clipping,8,2,6,256,26,28399000,10551296,2
summary,float,hole-reversed,clipping,110730.469,112463.281,150357.031
sample,float,rational-crossing,relationship,3,1,0,16384,1639,35077600,0,0
sample,float,rational-crossing,relationship,3,1,1,16384,1639,35501200,0,0
sample,float,rational-crossing,relationship,3,1,2,16384,1639,35244500,0,0
sample,float,rational-crossing,relationship,3,1,3,16384,1639,35545500,0,0
sample,float,rational-crossing,relationship,3,1,4,16384,1639,35386000,0,0
sample,float,rational-crossing,relationship,3,1,5,16384,1639,35321300,0,0
sample,float,rational-crossing,relationship,3,1,6,16384,1639,35040500,0,0
summary,float,rational-crossing,relationship,2138.702,2155.841,2169.525
sample,float,rational-crossing,clipping,3,1,0,512,52,23924700,10575872,2
sample,float,rational-crossing,clipping,3,1,1,512,52,24264300,10575872,2
sample,float,rational-crossing,clipping,3,1,2,512,52,23864000,10575872,2
sample,float,rational-crossing,clipping,3,1,3,512,52,24111800,10575872,2
sample,float,rational-crossing,clipping,3,1,4,512,52,24115600,10575872,2
sample,float,rational-crossing,clipping,3,1,5,512,52,24036400,10575872,2
sample,float,rational-crossing,clipping,3,1,6,512,52,24247500,10575872,2
summary,float,rational-crossing,clipping,46609.375,47093.359,47391.211
sample,float,sparse-1,relationship,4,1,0,8192,820,26319700,0,0
sample,float,sparse-1,relationship,4,1,1,8192,820,25868900,0,0
sample,float,sparse-1,relationship,4,1,2,8192,820,26392100,0,0
sample,float,sparse-1,relationship,4,1,3,8192,820,26154900,0,0
sample,float,sparse-1,relationship,4,1,4,8192,820,26570800,0,0
sample,float,sparse-1,relationship,4,1,5,8192,820,26471300,0,0
sample,float,sparse-1,relationship,4,1,6,8192,820,25960900,0,0
summary,float,sparse-1,relationship,3157.825,3212.854,3243.506
sample,float,sparse-1,clipping,4,1,0,512,52,33427800,12673024,3
sample,float,sparse-1,clipping,4,1,1,512,52,25356300,12673024,3
sample,float,sparse-1,clipping,4,1,2,512,52,24397500,12673024,3
sample,float,sparse-1,clipping,4,1,3,512,52,24645300,12673024,3
sample,float,sparse-1,clipping,4,1,4,512,52,24382400,12673024,3
sample,float,sparse-1,clipping,4,1,5,512,52,25082600,12673024,3
sample,float,sparse-1,clipping,4,1,6,512,52,24547300,12673024,3
summary,float,sparse-1,clipping,47621.875,48135.352,65288.672
sample,float,sparse-4,relationship,16,1,0,2048,205,30499500,0,0
sample,float,sparse-4,relationship,16,1,1,2048,205,29952100,0,0
sample,float,sparse-4,relationship,16,1,2,2048,205,29886100,0,0
sample,float,sparse-4,relationship,16,1,3,2048,205,29972300,0,0
sample,float,sparse-4,relationship,16,1,4,2048,205,29985600,0,0
sample,float,sparse-4,relationship,16,1,5,2048,205,30194600,0,0
sample,float,sparse-4,relationship,16,1,6,2048,205,30455900,0,0
summary,float,sparse-4,relationship,14592.822,14641.406,14892.334
sample,float,sparse-4,clipping,16,1,0,512,52,35153100,37838848,9
sample,float,sparse-4,clipping,16,1,1,512,52,31574300,37838848,9
sample,float,sparse-4,clipping,16,1,2,512,52,31652700,37838848,9
sample,float,sparse-4,clipping,16,1,3,512,52,31599700,37838848,9
sample,float,sparse-4,clipping,16,1,4,512,52,31587900,37838848,9
sample,float,sparse-4,clipping,16,1,5,512,52,31387500,37838848,9
sample,float,sparse-4,clipping,16,1,6,512,52,31337700,37838848,9
summary,float,sparse-4,clipping,61206.445,61695.117,68658.398
sample,float,sparse-16,relationship,64,1,0,512,52,31249000,0,0
sample,float,sparse-16,relationship,64,1,1,512,52,31330800,0,0
sample,float,sparse-16,relationship,64,1,2,512,52,31269100,0,0
sample,float,sparse-16,relationship,64,1,3,512,52,31113400,0,0
sample,float,sparse-16,relationship,64,1,4,512,52,31145400,0,0
sample,float,sparse-16,relationship,64,1,5,512,52,31085900,0,0
sample,float,sparse-16,relationship,64,1,6,512,52,35304400,0,0
summary,float,sparse-16,relationship,60714.648,61033.203,68953.906
sample,float,sparse-16,clipping,64,1,0,256,26,34171300,71348224,21
sample,float,sparse-16,clipping,64,1,1,256,26,35311900,71348224,21
sample,float,sparse-16,clipping,64,1,2,256,26,34208300,71348224,21
sample,float,sparse-16,clipping,64,1,3,256,26,34308900,71348224,21
sample,float,sparse-16,clipping,64,1,4,256,26,34277800,71348224,21
sample,float,sparse-16,clipping,64,1,5,256,26,34073600,71348224,21
sample,float,sparse-16,clipping,64,1,6,256,26,34289700,71348224,21
summary,float,sparse-16,clipping,133100.000,133897.656,137937.109
sample,float,sparse-64,relationship,256,1,0,128,13,35063500,0,0
sample,float,sparse-64,relationship,256,1,1,128,13,33391100,0,0
sample,float,sparse-64,relationship,256,1,2,128,13,32980500,0,0
sample,float,sparse-64,relationship,256,1,3,128,13,33458400,0,0
sample,float,sparse-64,relationship,256,1,4,128,13,32902600,0,0
sample,float,sparse-64,relationship,256,1,5,128,13,32772800,0,0
sample,float,sparse-64,relationship,256,1,6,128,13,32621200,0,0
summary,float,sparse-64,relationship,254853.125,257660.156,273933.594
sample,float,sparse-64,clipping,256,1,0,64,7,36894700,70003712,9
sample,float,sparse-64,clipping,256,1,1,64,7,35861000,70003712,8
sample,float,sparse-64,clipping,256,1,2,64,7,34835600,70003712,8
sample,float,sparse-64,clipping,256,1,3,64,7,35015100,70003712,8
sample,float,sparse-64,clipping,256,1,4,64,7,35070500,70003712,8
sample,float,sparse-64,clipping,256,1,5,64,7,35168500,70003712,8
sample,float,sparse-64,clipping,256,1,6,64,7,34808900,70003712,8
summary,float,sparse-64,clipping,543889.062,547976.562,576479.688
sample,float,dense-1,relationship,4,1,0,8192,820,26137200,0,0
sample,float,dense-1,relationship,4,1,1,8192,820,35838900,0,0
sample,float,dense-1,relationship,4,1,2,8192,820,26429300,0,0
sample,float,dense-1,relationship,4,1,3,8192,820,26186500,0,0
sample,float,dense-1,relationship,4,1,4,8192,820,26499700,0,0
sample,float,dense-1,relationship,4,1,5,8192,820,26748600,0,0
sample,float,dense-1,relationship,4,1,6,8192,820,25894100,0,0
summary,float,dense-1,relationship,3160.901,3226.233,4374.866
sample,float,dense-1,clipping,4,1,0,512,52,24994500,12673024,3
sample,float,dense-1,clipping,4,1,1,512,52,24489200,12673024,3
sample,float,dense-1,clipping,4,1,2,512,52,24891900,12673024,3
sample,float,dense-1,clipping,4,1,3,512,52,24541900,12673024,3
sample,float,dense-1,clipping,4,1,4,512,52,25026200,12673024,3
sample,float,dense-1,clipping,4,1,5,512,52,24614800,12673024,3
sample,float,dense-1,clipping,4,1,6,512,52,24812600,12673024,3
summary,float,dense-1,clipping,47830.469,48462.109,48879.297
sample,float,dense-4,relationship,16,4,0,1024,103,21685600,0,0
sample,float,dense-4,relationship,16,4,1,1024,103,21994200,0,0
sample,float,dense-4,relationship,16,4,2,1024,103,21775800,0,0
sample,float,dense-4,relationship,16,4,3,1024,103,22224800,0,0
sample,float,dense-4,relationship,16,4,4,1024,103,21669000,0,0
sample,float,dense-4,relationship,16,4,5,1024,103,21895400,0,0
sample,float,dense-4,relationship,16,4,6,1024,103,21956000,0,0
summary,float,dense-4,relationship,21161.133,21382.227,21703.906
sample,float,dense-4,clipping,16,4,0,128,13,32081700,9488384,2
sample,float,dense-4,clipping,16,4,1,128,13,32318100,9488384,2
sample,float,dense-4,clipping,16,4,2,128,13,32439100,9488384,2
sample,float,dense-4,clipping,16,4,3,128,13,32116400,9488384,2
sample,float,dense-4,clipping,16,4,4,128,13,32188100,9488384,2
sample,float,dense-4,clipping,16,4,5,128,13,32081600,9488384,2
sample,float,dense-4,clipping,16,4,6,128,13,32341700,9488384,2
summary,float,dense-4,clipping,250637.500,251469.531,253430.469
sample,float,dense-16,relationship,64,16,0,256,26,24255500,0,0
sample,float,dense-16,relationship,64,16,1,256,26,23807300,0,0
sample,float,dense-16,relationship,64,16,2,256,26,24404200,0,0
sample,float,dense-16,relationship,64,16,3,256,26,33354400,0,0
sample,float,dense-16,relationship,64,16,4,256,26,23751400,0,0
sample,float,dense-16,relationship,64,16,5,256,26,24530700,0,0
sample,float,dense-16,relationship,64,16,6,256,26,24056200,0,0
summary,float,dense-16,relationship,92778.906,94748.047,130290.625
sample,float,dense-16,clipping,64,16,0,32,4,37037000,8965632,2
sample,float,dense-16,clipping,64,16,1,32,4,36574900,8965632,2
sample,float,dense-16,clipping,64,16,2,32,4,36372200,8965632,2
sample,float,dense-16,clipping,64,16,3,32,4,36652600,8965632,2
sample,float,dense-16,clipping,64,16,4,32,4,36407000,8965632,2
sample,float,dense-16,clipping,64,16,5,32,4,36382900,8965632,2
sample,float,dense-16,clipping,64,16,6,32,4,36049200,8965632,2
summary,float,dense-16,clipping,1126537.500,1137718.750,1157406.250
sample,float,dense-64,relationship,256,64,0,64,7,24821100,0,0
sample,float,dense-64,relationship,256,64,1,64,7,23572500,0,0
sample,float,dense-64,relationship,256,64,2,64,7,23516700,0,0
sample,float,dense-64,relationship,256,64,3,64,7,23491600,0,0
sample,float,dense-64,relationship,256,64,4,64,7,23456500,0,0
sample,float,dense-64,relationship,256,64,5,64,7,23477000,0,0
sample,float,dense-64,relationship,256,64,6,64,7,23426600,0,0
summary,float,dense-64,relationship,366040.625,367056.250,387829.688
sample,float,dense-64,clipping,256,64,0,4,1,21293300,4403200,1
sample,float,dense-64,clipping,256,64,1,4,1,21268800,4403200,1
sample,float,dense-64,clipping,256,64,2,4,1,21290100,4403200,1
sample,float,dense-64,clipping,256,64,3,4,1,21390500,4403200,1
sample,float,dense-64,clipping,256,64,4,4,1,21158600,4403200,1
sample,float,dense-64,clipping,256,64,5,4,1,21551300,4403200,1
sample,float,dense-64,clipping,256,64,6,4,1,21143700,4403200,1
summary,float,dense-64,clipping,5285925.000,5322525.000,5387825.000
sample,float,subnormal,relationship,4,1,0,8192,820,25078800,0,0
sample,float,subnormal,relationship,4,1,1,8192,820,25254800,0,0
sample,float,subnormal,relationship,4,1,2,8192,820,25778000,0,0
sample,float,subnormal,relationship,4,1,3,8192,820,25617200,0,0
sample,float,subnormal,relationship,4,1,4,8192,820,30516900,0,0
sample,float,subnormal,relationship,4,1,5,8192,820,32031900,0,0
sample,float,subnormal,relationship,4,1,6,8192,820,26654500,0,0
summary,float,subnormal,relationship,3061.377,3146.729,3910.144
sample,float,subnormal,clipping,4,1,0,512,52,24549800,12673024,3
sample,float,subnormal,clipping,4,1,1,512,52,24703700,12673024,3
sample,float,subnormal,clipping,4,1,2,512,52,24398900,12673024,3
sample,float,subnormal,clipping,4,1,3,512,52,24742700,12673024,3
sample,float,subnormal,clipping,4,1,4,512,52,24730900,12673024,3
sample,float,subnormal,clipping,4,1,5,512,52,24700600,12673024,3
sample,float,subnormal,clipping,4,1,6,512,52,24707100,12673024,3
summary,float,subnormal,clipping,47654.102,48249.414,48325.586
sample,float,large-finite,relationship,4,1,0,8192,820,26564500,0,0
sample,float,large-finite,relationship,4,1,1,8192,820,26416900,0,0
sample,float,large-finite,relationship,4,1,2,8192,820,26234900,0,0
sample,float,large-finite,relationship,4,1,3,8192,820,26685200,0,0
sample,float,large-finite,relationship,4,1,4,8192,820,26364400,0,0
sample,float,large-finite,relationship,4,1,5,8192,820,27062200,0,0
sample,float,large-finite,relationship,4,1,6,8192,820,26757700,0,0
summary,float,large-finite,relationship,3202.502,3242.737,3303.491
sample,float,large-finite,clipping,4,1,0,512,52,25591000,12673024,3
sample,float,large-finite,clipping,4,1,1,512,52,25983600,12673024,3
sample,float,large-finite,clipping,4,1,2,512,52,25521000,12673024,3
sample,float,large-finite,clipping,4,1,3,512,52,25915300,12673024,3
sample,float,large-finite,clipping,4,1,4,512,52,25913200,12673024,3
sample,float,large-finite,clipping,4,1,5,512,52,25763300,12673024,3
sample,float,large-finite,clipping,4,1,6,512,52,26015800,12673024,3
summary,float,large-finite,clipping,49845.703,50611.719,50812.109
fixture,double,exterior,4,1,success,0
fixture,double,interior,4,4,success,1
fixture,double,crossing,4,7,success,1
fixture,double,boundary-only,4,10,success,1
fixture,double,boundary-overlap,4,11,success,1
fixture,double,isolated-tangent,4,3,success,0
fixture,double,degenerate-interior,4,4,success,0
fixture,double,degenerate-boundary,4,2,success,0
fixture,double,empty,0,1,success,0
fixture,double,concave-u,8,7,success,2
fixture,double,hole,8,7,success,2
fixture,double,hole-reversed,8,7,success,2
fixture,double,rational-crossing,3,7,success,1
fixture,double,sparse-1,4,7,success,1
fixture,double,sparse-4,16,7,success,1
fixture,double,sparse-16,64,7,success,1
fixture,double,sparse-64,256,7,success,1
fixture,double,dense-1,4,7,success,1
fixture,double,dense-4,16,7,success,4
fixture,double,dense-16,64,7,success,16
fixture,double,dense-64,256,7,success,64
fixture,double,subnormal,4,7,success,1
fixture,double,large-finite,4,7,success,1
preflight,double,23,PASS
sample,double,exterior,relationship,4,0,0,8192,820,26486100,0,0
sample,double,exterior,relationship,4,0,1,8192,820,26077900,0,0
sample,double,exterior,relationship,4,0,2,8192,820,26409600,0,0
sample,double,exterior,relationship,4,0,3,8192,820,26559800,0,0
sample,double,exterior,relationship,4,0,4,8192,820,26342600,0,0
sample,double,exterior,relationship,4,0,5,8192,820,26604000,0,0
sample,double,exterior,relationship,4,0,6,8192,820,35752500,0,0
summary,double,exterior,relationship,3183.337,3233.167,4364.319
sample,double,exterior,clipping,4,0,0,4096,410,34349100,101056512,24
sample,double,exterior,clipping,4,0,1,4096,410,34381500,101056512,24
sample,double,exterior,clipping,4,0,2,4096,410,34336300,101056512,24
sample,double,exterior,clipping,4,0,3,4096,410,34602300,101056512,24
sample,double,exterior,clipping,4,0,4,4096,410,34142800,101056512,24
sample,double,exterior,clipping,4,0,5,4096,410,34770300,101056512,24
sample,double,exterior,clipping,4,0,6,4096,410,34544800,101056512,24
summary,double,exterior,clipping,8335.645,8393.921,8488.843
sample,double,interior,relationship,4,1,0,8192,820,26769200,0,0
sample,double,interior,relationship,4,1,1,8192,820,26721100,0,0
sample,double,interior,relationship,4,1,2,8192,820,26477000,0,0
sample,double,interior,relationship,4,1,3,8192,820,26129700,0,0
sample,double,interior,relationship,4,1,4,8192,820,26388500,0,0
sample,double,interior,relationship,4,1,5,8192,820,26517900,0,0
sample,double,interior,relationship,4,1,6,8192,820,26083700,0,0
summary,double,interior,relationship,3184.045,3232.056,3267.725
sample,double,interior,clipping,4,1,0,2048,205,38311800,50626560,12
sample,double,interior,clipping,4,1,1,2048,205,38838200,50626560,12
sample,double,interior,clipping,4,1,2,2048,205,38621200,50626560,12
sample,double,interior,clipping,4,1,3,2048,205,38650500,50626560,12
sample,double,interior,clipping,4,1,4,2048,205,39354100,50626560,12
sample,double,interior,clipping,4,1,5,2048,205,38748100,50626560,12
sample,double,interior,clipping,4,1,6,2048,205,38560300,50626560,12
summary,double,interior,clipping,18706.934,18872.314,19215.869
sample,double,crossing,relationship,4,1,0,8192,820,25891300,0,0
sample,double,crossing,relationship,4,1,1,8192,820,35651600,0,0
sample,double,crossing,relationship,4,1,2,8192,820,26694300,0,0
sample,double,crossing,relationship,4,1,3,8192,820,25904300,0,0
sample,double,crossing,relationship,4,1,4,8192,820,25513500,0,0
sample,double,crossing,relationship,4,1,5,8192,820,25461900,0,0
sample,double,crossing,relationship,4,1,6,8192,820,25288700,0,0
summary,double,crossing,relationship,3087.000,3160.559,4352.002
sample,double,crossing,clipping,4,1,0,512,52,23237300,12673024,3
sample,double,crossing,clipping,4,1,1,512,52,23267900,12673024,3
sample,double,crossing,clipping,4,1,2,512,52,23291200,12673024,3
sample,double,crossing,clipping,4,1,3,512,52,23380200,12673024,3
sample,double,crossing,clipping,4,1,4,512,52,23110700,12673024,3
sample,double,crossing,clipping,4,1,5,512,52,23012200,12673024,3
sample,double,crossing,clipping,4,1,6,512,52,23376600,12673024,3
summary,double,crossing,clipping,44945.703,45445.117,45664.453
sample,double,boundary-only,relationship,4,1,0,8192,820,29134800,0,0
sample,double,boundary-only,relationship,4,1,1,8192,820,28344000,0,0
sample,double,boundary-only,relationship,4,1,2,8192,820,28667400,0,0
sample,double,boundary-only,relationship,4,1,3,8192,820,28761700,0,0
sample,double,boundary-only,relationship,4,1,4,8192,820,28593300,0,0
sample,double,boundary-only,relationship,4,1,5,8192,820,28593500,0,0
sample,double,boundary-only,relationship,4,1,6,8192,820,28413900,0,0
summary,double,boundary-only,relationship,3459.961,3490.417,3556.494
sample,double,boundary-only,clipping,4,1,0,1024,103,27572900,25313280,6
sample,double,boundary-only,clipping,4,1,1,1024,103,27552000,25313280,6
sample,double,boundary-only,clipping,4,1,2,1024,103,27499700,25313280,6
sample,double,boundary-only,clipping,4,1,3,1024,103,27317500,25313280,6
sample,double,boundary-only,clipping,4,1,4,1024,103,27100200,25313280,6
sample,double,boundary-only,clipping,4,1,5,1024,103,27244600,25313280,6
sample,double,boundary-only,clipping,4,1,6,1024,103,27330900,25313280,6
summary,double,boundary-only,clipping,26465.039,26690.332,26926.660
sample,double,boundary-overlap,relationship,4,1,0,8192,820,36578400,0,0
sample,double,boundary-overlap,relationship,4,1,1,8192,820,45746200,0,0
sample,double,boundary-overlap,relationship,4,1,2,8192,820,35417200,0,0
sample,double,boundary-overlap,relationship,4,1,3,8192,820,35102100,0,0
sample,double,boundary-overlap,relationship,4,1,4,8192,820,34858500,0,0
sample,double,boundary-overlap,relationship,4,1,5,8192,820,34902600,0,0
sample,double,boundary-overlap,relationship,4,1,6,8192,820,34774500,0,0
summary,double,boundary-overlap,relationship,4244.934,4284.924,5584.253
sample,double,boundary-overlap,clipping,4,1,0,1024,103,31580500,25346048,6
sample,double,boundary-overlap,clipping,4,1,1,1024,103,31322800,25346048,6
sample,double,boundary-overlap,clipping,4,1,2,1024,103,31338100,25346048,6
sample,double,boundary-overlap,clipping,4,1,3,1024,103,31597200,25346048,6
sample,double,boundary-overlap,clipping,4,1,4,1024,103,31218700,25346048,6
sample,double,boundary-overlap,clipping,4,1,5,1024,103,33653800,25346048,6
sample,double,boundary-overlap,clipping,4,1,6,1024,103,31643600,25346048,6
summary,double,boundary-overlap,clipping,30487.012,30840.332,32865.039
sample,double,isolated-tangent,relationship,4,0,0,4096,410,21397200,0,0
sample,double,isolated-tangent,relationship,4,0,1,4096,410,21192800,0,0
sample,double,isolated-tangent,relationship,4,0,2,4096,410,21333200,0,0
sample,double,isolated-tangent,relationship,4,0,3,4096,410,21097000,0,0
sample,double,isolated-tangent,relationship,4,0,4,4096,410,21069800,0,0
sample,double,isolated-tangent,relationship,4,0,5,4096,410,21249900,0,0
sample,double,isolated-tangent,relationship,4,0,6,4096,410,21255000,0,0
summary,double,isolated-tangent,relationship,5143.994,5187.964,5223.926
sample,double,isolated-tangent,clipping,4,0,0,2048,205,30294200,50528256,12
sample,double,isolated-tangent,clipping,4,0,1,2048,205,30747800,50528256,12
sample,double,isolated-tangent,clipping,4,0,2,2048,205,30711400,50528256,12
sample,double,isolated-tangent,clipping,4,0,3,2048,205,30647800,50528256,12
sample,double,isolated-tangent,clipping,4,0,4,2048,205,30511100,50528256,12
sample,double,isolated-tangent,clipping,4,0,5,2048,205,30510700,50528256,12
sample,double,isolated-tangent,clipping,4,0,6,2048,205,30507200,50528256,12
summary,double,isolated-tangent,clipping,14792.090,14897.998,15013.574
sample,double,degenerate-interior,relationship,4,0,0,65536,6554,4781900,0,0
sample,double,degenerate-interior,relationship,4,0,1,65536,6554,5057800,0,0
sample,double,degenerate-interior,relationship,4,0,2,65536,6554,4799500,0,0
sample,double,degenerate-interior,relationship,4,0,3,65536,6554,4860000,0,0
sample,double,degenerate-interior,relationship,4,0,4,65536,6554,5116600,0,0
sample,double,degenerate-interior,relationship,4,0,5,65536,6554,4775200,0,0
sample,double,degenerate-interior,relationship,4,0,6,65536,6554,4856800,0,0
summary,double,degenerate-interior,relationship,72.864,74.109,78.073
sample,double,degenerate-interior,clipping,4,0,0,65536,6554,878000,0,0
sample,double,degenerate-interior,clipping,4,0,1,65536,6554,866500,0,0
sample,double,degenerate-interior,clipping,4,0,2,65536,6554,1070700,0,0
sample,double,degenerate-interior,clipping,4,0,3,65536,6554,958400,0,0
sample,double,degenerate-interior,clipping,4,0,4,65536,6554,869700,0,0
sample,double,degenerate-interior,clipping,4,0,5,65536,6554,889100,0,0
sample,double,degenerate-interior,clipping,4,0,6,65536,6554,841000,0,0
summary,double,degenerate-interior,clipping,12.833,13.397,16.338
sample,double,degenerate-boundary,relationship,4,0,0,65536,6554,12053800,0,0
sample,double,degenerate-boundary,relationship,4,0,1,65536,6554,4619600,0,0
sample,double,degenerate-boundary,relationship,4,0,2,65536,6554,5038400,0,0
sample,double,degenerate-boundary,relationship,4,0,3,65536,6554,4586800,0,0
sample,double,degenerate-boundary,relationship,4,0,4,65536,6554,4539900,0,0
sample,double,degenerate-boundary,relationship,4,0,5,65536,6554,5125300,0,0
sample,double,degenerate-boundary,relationship,4,0,6,65536,6554,4566200,0,0
summary,double,degenerate-boundary,relationship,69.273,70.490,183.926
sample,double,degenerate-boundary,clipping,4,0,0,65536,6554,845000,0,0
sample,double,degenerate-boundary,clipping,4,0,1,65536,6554,883700,0,0
sample,double,degenerate-boundary,clipping,4,0,2,65536,6554,817100,0,0
sample,double,degenerate-boundary,clipping,4,0,3,65536,6554,881200,0,0
sample,double,degenerate-boundary,clipping,4,0,4,65536,6554,841100,0,0
sample,double,degenerate-boundary,clipping,4,0,5,65536,6554,881600,0,0
sample,double,degenerate-boundary,clipping,4,0,6,65536,6554,836900,0,0
summary,double,degenerate-boundary,clipping,12.468,12.894,13.484
sample,double,empty,relationship,0,0,0,65536,6554,1413800,0,0
sample,double,empty,relationship,0,0,1,65536,6554,1407400,0,0
sample,double,empty,relationship,0,0,2,65536,6554,1403200,0,0
sample,double,empty,relationship,0,0,3,65536,6554,1404600,0,0
sample,double,empty,relationship,0,0,4,65536,6554,1456200,0,0
sample,double,empty,relationship,0,0,5,65536,6554,1409200,0,0
sample,double,empty,relationship,0,0,6,65536,6554,1395000,0,0
summary,double,empty,relationship,21.286,21.475,22.220
sample,double,empty,clipping,0,0,0,65536,6554,1143600,0,0
sample,double,empty,clipping,0,0,1,65536,6554,1213800,0,0
sample,double,empty,clipping,0,0,2,65536,6554,1085400,0,0
sample,double,empty,clipping,0,0,3,65536,6554,1127700,0,0
sample,double,empty,clipping,0,0,4,65536,6554,1093100,0,0
sample,double,empty,clipping,0,0,5,65536,6554,1059500,0,0
sample,double,empty,clipping,0,0,6,65536,6554,1061300,0,0
summary,double,empty,clipping,16.167,16.679,18.521
sample,double,concave-u,relationship,8,2,0,4096,410,37355200,0,0
sample,double,concave-u,relationship,8,2,1,4096,410,37212100,0,0
sample,double,concave-u,relationship,8,2,2,4096,410,37437500,0,0
sample,double,concave-u,relationship,8,2,3,4096,410,37961100,0,0
sample,double,concave-u,relationship,8,2,4,4096,410,37368200,0,0
sample,double,concave-u,relationship,8,2,5,4096,410,37636800,0,0
sample,double,concave-u,relationship,8,2,6,4096,410,37784600,0,0
summary,double,concave-u,relationship,9084.985,9140.015,9267.847
sample,double,concave-u,clipping,8,2,0,256,26,29160500,10551296,2
sample,double,concave-u,clipping,8,2,1,256,26,29064500,10551296,2
sample,double,concave-u,clipping,8,2,2,256,26,28587500,10551296,2
sample,double,concave-u,clipping,8,2,3,256,26,28965500,10551296,2
sample,double,concave-u,clipping,8,2,4,256,26,29020600,10551296,2
sample,double,concave-u,clipping,8,2,5,256,26,28942400,10551296,2
sample,double,concave-u,clipping,8,2,6,256,26,28599800,10551296,2
summary,double,concave-u,clipping,111669.922,113146.484,113908.203
sample,double,hole,relationship,8,2,0,4096,410,37618000,0,0
sample,double,hole,relationship,8,2,1,4096,410,38246500,0,0
sample,double,hole,relationship,8,2,2,4096,410,37685600,0,0
sample,double,hole,relationship,8,2,3,4096,410,37680000,0,0
sample,double,hole,relationship,8,2,4,4096,410,37769100,0,0
sample,double,hole,relationship,8,2,5,4096,410,38021000,0,0
sample,double,hole,relationship,8,2,6,4096,410,46974400,0,0
summary,double,hole,relationship,9184.082,9220.972,11468.359
sample,double,hole,clipping,8,2,0,256,26,27775700,10551296,2
sample,double,hole,clipping,8,2,1,256,26,27375100,10551296,2
sample,double,hole,clipping,8,2,2,256,26,27332100,10551296,2
sample,double,hole,clipping,8,2,3,256,26,27342900,10551296,2
sample,double,hole,clipping,8,2,4,256,26,27376000,10551296,2
sample,double,hole,clipping,8,2,5,256,26,26991200,10551296,2
sample,double,hole,clipping,8,2,6,256,26,27504200,10551296,2
summary,double,hole,clipping,105434.375,106933.984,108498.828
sample,double,hole-reversed,relationship,8,2,0,4096,410,37378200,0,0
sample,double,hole-reversed,relationship,8,2,1,4096,410,36130800,0,0
sample,double,hole-reversed,relationship,8,2,2,4096,410,36297700,0,0
sample,double,hole-reversed,relationship,8,2,3,4096,410,36121400,0,0
sample,double,hole-reversed,relationship,8,2,4,4096,410,36219900,0,0
sample,double,hole-reversed,relationship,8,2,5,4096,410,36505100,0,0
sample,double,hole-reversed,relationship,8,2,6,4096,410,36553900,0,0
summary,double,hole-reversed,relationship,8818.701,8861.743,9125.537
sample,double,hole-reversed,clipping,8,2,0,256,26,27296100,10551296,2
sample,double,hole-reversed,clipping,8,2,1,256,26,27115100,10551296,2
sample,double,hole-reversed,clipping,8,2,2,256,26,27254900,10551296,2
sample,double,hole-reversed,clipping,8,2,3,256,26,27605700,10551296,2
sample,double,hole-reversed,clipping,8,2,4,256,26,27620100,10551296,2
sample,double,hole-reversed,clipping,8,2,5,256,26,27360400,10551296,2
sample,double,hole-reversed,clipping,8,2,6,256,26,27498800,10551296,2
summary,double,hole-reversed,clipping,105918.359,106876.562,107891.016
sample,double,rational-crossing,relationship,3,1,0,16384,1639,36356500,0,0
sample,double,rational-crossing,relationship,3,1,1,16384,1639,35938800,0,0
sample,double,rational-crossing,relationship,3,1,2,16384,1639,44420700,0,0
sample,double,rational-crossing,relationship,3,1,3,16384,1639,34750900,0,0
sample,double,rational-crossing,relationship,3,1,4,16384,1639,34925900,0,0
sample,double,rational-crossing,relationship,3,1,5,16384,1639,34606700,0,0
sample,double,rational-crossing,relationship,3,1,6,16384,1639,34483200,0,0
summary,double,rational-crossing,relationship,2104.688,2131.708,2711.224
sample,double,rational-crossing,clipping,3,1,0,512,52,24157000,10575872,2
sample,double,rational-crossing,clipping,3,1,1,512,52,24780200,10575872,2
sample,double,rational-crossing,clipping,3,1,2,512,52,24335900,10575872,2
sample,double,rational-crossing,clipping,3,1,3,512,52,25036600,10575872,2
sample,double,rational-crossing,clipping,3,1,4,512,52,24111200,10575872,2
sample,double,rational-crossing,clipping,3,1,5,512,52,24797000,10575872,2
sample,double,rational-crossing,clipping,3,1,6,512,52,24316100,10575872,2
summary,double,rational-crossing,clipping,47092.188,47531.055,48899.609
sample,double,sparse-1,relationship,4,1,0,8192,820,25897000,0,0
sample,double,sparse-1,relationship,4,1,1,8192,820,26494200,0,0
sample,double,sparse-1,relationship,4,1,2,8192,820,25934000,0,0
sample,double,sparse-1,relationship,4,1,3,8192,820,26336900,0,0
sample,double,sparse-1,relationship,4,1,4,8192,820,26062300,0,0
sample,double,sparse-1,relationship,4,1,5,8192,820,26219600,0,0
sample,double,sparse-1,relationship,4,1,6,8192,820,26468300,0,0
summary,double,sparse-1,relationship,3161.255,3200.635,3234.155
sample,double,sparse-1,clipping,4,1,0,512,52,24387900,12673024,3
sample,double,sparse-1,clipping,4,1,1,512,52,25090400,12673024,3
sample,double,sparse-1,clipping,4,1,2,512,52,24344400,12673024,3
sample,double,sparse-1,clipping,4,1,3,512,52,25016000,12673024,3
sample,double,sparse-1,clipping,4,1,4,512,52,24724300,12673024,3
sample,double,sparse-1,clipping,4,1,5,512,52,25026300,12673024,3
sample,double,sparse-1,clipping,4,1,6,512,52,24812100,12673024,3
summary,double,sparse-1,clipping,47547.656,48461.133,49004.688
sample,double,sparse-4,relationship,16,1,0,2048,205,31248900,0,0
sample,double,sparse-4,relationship,16,1,1,2048,205,31186900,0,0
sample,double,sparse-4,relationship,16,1,2,2048,205,31179600,0,0
sample,double,sparse-4,relationship,16,1,3,2048,205,40413600,0,0
sample,double,sparse-4,relationship,16,1,4,2048,205,31229800,0,0
sample,double,sparse-4,relationship,16,1,5,2048,205,31229700,0,0
sample,double,sparse-4,relationship,16,1,6,2048,205,31296700,0,0
summary,double,sparse-4,relationship,15224.414,15248.926,19733.203
sample,double,sparse-4,clipping,16,1,0,512,52,33624100,37838848,9
sample,double,sparse-4,clipping,16,1,1,512,52,33590600,37838848,9
sample,double,sparse-4,clipping,16,1,2,512,52,33430800,37838848,9
sample,double,sparse-4,clipping,16,1,3,512,52,33207700,37838848,9
sample,double,sparse-4,clipping,16,1,4,512,52,33899400,37838848,9
sample,double,sparse-4,clipping,16,1,5,512,52,33665600,37838848,9
sample,double,sparse-4,clipping,16,1,6,512,52,33627000,37838848,9
summary,double,sparse-4,clipping,64858.789,65672.070,66209.766
sample,double,sparse-16,relationship,64,1,0,512,52,32020400,0,0
sample,double,sparse-16,relationship,64,1,1,512,52,32139700,0,0
sample,double,sparse-16,relationship,64,1,2,512,52,32078200,0,0
sample,double,sparse-16,relationship,64,1,3,512,52,32049900,0,0
sample,double,sparse-16,relationship,64,1,4,512,52,32115000,0,0
sample,double,sparse-16,relationship,64,1,5,512,52,31977000,0,0
sample,double,sparse-16,relationship,64,1,6,512,52,32108700,0,0
summary,double,sparse-16,relationship,62455.078,62652.734,62772.852
sample,double,sparse-16,clipping,64,1,0,256,26,34187100,71348224,21
sample,double,sparse-16,clipping,64,1,1,256,26,33978000,71348224,21
sample,double,sparse-16,clipping,64,1,2,256,26,34245900,71348224,21
sample,double,sparse-16,clipping,64,1,3,256,26,33737400,71348224,21
sample,double,sparse-16,clipping,64,1,4,256,26,34238600,71348224,21
sample,double,sparse-16,clipping,64,1,5,256,26,33818100,71348224,21
sample,double,sparse-16,clipping,64,1,6,256,26,42703400,71348224,21
summary,double,sparse-16,clipping,131786.719,133543.359,166810.156
sample,double,sparse-64,relationship,256,1,0,128,13,30192100,0,0
sample,double,sparse-64,relationship,256,1,1,128,13,30219700,0,0
sample,double,sparse-64,relationship,256,1,2,128,13,30149100,0,0
sample,double,sparse-64,relationship,256,1,3,128,13,30642000,0,0
sample,double,sparse-64,relationship,256,1,4,128,13,30547600,0,0
sample,double,sparse-64,relationship,256,1,5,128,13,30563200,0,0
sample,double,sparse-64,relationship,256,1,6,128,13,30217900,0,0
summary,double,sparse-64,relationship,235539.844,236091.406,239390.625
sample,double,sparse-64,clipping,256,1,0,64,7,34021700,70003712,9
sample,double,sparse-64,clipping,256,1,1,64,7,33168100,70003712,8
sample,double,sparse-64,clipping,256,1,2,64,7,32415800,70003712,8
sample,double,sparse-64,clipping,256,1,3,64,7,31986300,70003712,8
sample,double,sparse-64,clipping,256,1,4,64,7,32562800,70003712,8
sample,double,sparse-64,clipping,256,1,5,64,7,32336400,70003712,8
sample,double,sparse-64,clipping,256,1,6,64,7,32296300,70003712,8
summary,double,sparse-64,clipping,499785.938,506496.875,531589.062
sample,double,dense-1,relationship,4,1,0,8192,820,25281800,0,0
sample,double,dense-1,relationship,4,1,1,8192,820,25002300,0,0
sample,double,dense-1,relationship,4,1,2,8192,820,25333000,0,0
sample,double,dense-1,relationship,4,1,3,8192,820,25209600,0,0
sample,double,dense-1,relationship,4,1,4,8192,820,25129100,0,0
sample,double,dense-1,relationship,4,1,5,8192,820,24975800,0,0
sample,double,dense-1,relationship,4,1,6,8192,820,25197800,0,0
summary,double,dense-1,relationship,3048.804,3075.903,3092.407
sample,double,dense-1,clipping,4,1,0,512,52,25877100,12673024,3
sample,double,dense-1,clipping,4,1,1,512,52,24589800,12673024,3
sample,double,dense-1,clipping,4,1,2,512,52,25919200,12673024,3
sample,double,dense-1,clipping,4,1,3,512,52,24731500,12673024,3
sample,double,dense-1,clipping,4,1,4,512,52,24904900,12673024,3
sample,double,dense-1,clipping,4,1,5,512,52,24677200,12673024,3
sample,double,dense-1,clipping,4,1,6,512,52,34106800,12673024,3
summary,double,dense-1,clipping,48026.953,48642.383,66614.844
sample,double,dense-4,relationship,16,4,0,1024,103,21342800,0,0
sample,double,dense-4,relationship,16,4,1,1024,103,21590300,0,0
sample,double,dense-4,relationship,16,4,2,1024,103,21641700,0,0
sample,double,dense-4,relationship,16,4,3,1024,103,21343900,0,0
sample,double,dense-4,relationship,16,4,4,1024,103,21489500,0,0
sample,double,dense-4,relationship,16,4,5,1024,103,22803200,0,0
sample,double,dense-4,relationship,16,4,6,1024,103,21551900,0,0
summary,double,dense-4,relationship,20842.578,21046.777,22268.750
sample,double,dense-4,clipping,16,4,0,128,13,32706200,9488384,2
sample,double,dense-4,clipping,16,4,1,128,13,31891300,9488384,2
sample,double,dense-4,clipping,16,4,2,128,13,31595700,9488384,2
sample,double,dense-4,clipping,16,4,3,128,13,32083800,9488384,2
sample,double,dense-4,clipping,16,4,4,128,13,32432200,9488384,2
sample,double,dense-4,clipping,16,4,5,128,13,32171600,9488384,2
sample,double,dense-4,clipping,16,4,6,128,13,32310300,9488384,2
summary,double,dense-4,clipping,246841.406,251340.625,255517.188
sample,double,dense-16,relationship,64,16,0,256,26,23611200,0,0
sample,double,dense-16,relationship,64,16,1,256,26,23279700,0,0
sample,double,dense-16,relationship,64,16,2,256,26,23259100,0,0
sample,double,dense-16,relationship,64,16,3,256,26,23680900,0,0
sample,double,dense-16,relationship,64,16,4,256,26,23140600,0,0
sample,double,dense-16,relationship,64,16,5,256,26,23400000,0,0
sample,double,dense-16,relationship,64,16,6,256,26,23290800,0,0
summary,double,dense-16,relationship,90392.969,90979.688,92503.516
sample,double,dense-16,clipping,64,16,0,32,4,37832900,8965632,2
sample,double,dense-16,clipping,64,16,1,32,4,37860800,8965632,2
sample,double,dense-16,clipping,64,16,2,32,4,38233700,8965632,2
sample,double,dense-16,clipping,64,16,3,32,4,38121800,8965632,2
sample,double,dense-16,clipping,64,16,4,32,4,37974100,8965632,2
sample,double,dense-16,clipping,64,16,5,32,4,47878400,8965632,2
sample,double,dense-16,clipping,64,16,6,32,4,38065700,8965632,2
summary,double,dense-16,clipping,1182278.125,1189553.125,1496200.000
sample,double,dense-64,relationship,256,64,0,64,7,24078100,0,0
sample,double,dense-64,relationship,256,64,1,64,7,23694400,0,0
sample,double,dense-64,relationship,256,64,2,64,7,24200400,0,0
sample,double,dense-64,relationship,256,64,3,64,7,23764600,0,0
sample,double,dense-64,relationship,256,64,4,64,7,24186800,0,0
sample,double,dense-64,relationship,256,64,5,64,7,23755000,0,0
sample,double,dense-64,relationship,256,64,6,64,7,24371700,0,0
summary,double,dense-64,relationship,370225.000,376220.312,380807.812
sample,double,dense-64,clipping,256,64,0,4,1,22065400,4403200,1
sample,double,dense-64,clipping,256,64,1,4,1,22331600,4403200,1
sample,double,dense-64,clipping,256,64,2,4,1,22219900,4403200,1
sample,double,dense-64,clipping,256,64,3,4,1,22206900,4403200,1
sample,double,dense-64,clipping,256,64,4,4,1,22371900,4403200,1
sample,double,dense-64,clipping,256,64,5,4,1,22087300,4403200,1
sample,double,dense-64,clipping,256,64,6,4,1,22119100,4403200,1
summary,double,dense-64,clipping,5516350.000,5551725.000,5592975.000
sample,double,subnormal,relationship,4,1,0,1024,103,25377900,0,0
sample,double,subnormal,relationship,4,1,1,1024,103,25838300,0,0
sample,double,subnormal,relationship,4,1,2,1024,103,25410400,0,0
sample,double,subnormal,relationship,4,1,3,1024,103,25553000,0,0
sample,double,subnormal,relationship,4,1,4,1024,103,25383600,0,0
sample,double,subnormal,relationship,4,1,5,1024,103,25702800,0,0
sample,double,subnormal,relationship,4,1,6,1024,103,25427700,0,0
summary,double,subnormal,relationship,24783.105,24831.738,25232.715
sample,double,subnormal,clipping,4,1,0,256,26,20327500,6336512,1
sample,double,subnormal,clipping,4,1,1,256,26,20196400,6336512,1
sample,double,subnormal,clipping,4,1,2,256,26,20629700,6336512,1
sample,double,subnormal,clipping,4,1,3,256,26,20336900,6336512,1
sample,double,subnormal,clipping,4,1,4,256,26,20276200,6336512,1
sample,double,subnormal,clipping,4,1,5,256,26,20303500,6336512,1
sample,double,subnormal,clipping,4,1,6,256,26,20532900,6336512,1
summary,double,subnormal,clipping,78892.188,79404.297,80584.766
sample,double,large-finite,relationship,4,1,0,1024,103,22046800,0,0
sample,double,large-finite,relationship,4,1,1,1024,103,22154400,0,0
sample,double,large-finite,relationship,4,1,2,1024,103,31037000,0,0
sample,double,large-finite,relationship,4,1,3,1024,103,21598200,0,0
sample,double,large-finite,relationship,4,1,4,1024,103,21596100,0,0
sample,double,large-finite,relationship,4,1,5,1024,103,21594200,0,0
sample,double,large-finite,relationship,4,1,6,1024,103,21722700,0,0
summary,double,large-finite,relationship,21088.086,21213.574,30309.570
sample,double,large-finite,clipping,4,1,0,256,26,21172800,6336512,1
sample,double,large-finite,clipping,4,1,1,256,26,21318000,6336512,1
sample,double,large-finite,clipping,4,1,2,256,26,21223700,6336512,1
sample,double,large-finite,clipping,4,1,3,256,26,21325000,6336512,1
sample,double,large-finite,clipping,4,1,4,256,26,21153100,6336512,1
sample,double,large-finite,clipping,4,1,5,256,26,22491100,6336512,1
sample,double,large-finite,clipping,4,1,6,256,26,21228700,6336512,1
summary,double,large-finite,clipping,82629.297,82924.609,87855.859
sink,2370753672633793963
