fixture_header,scalar,case,edges,expected_fact_bits,expected_status,expected_components
sample_header,scalar,case,operation,edges,expected_components,round,iterations,warmup,elapsed_ns,gc_bytes,gc_collections
summary_header,scalar,case,operation,min_ns_per_op,median_ns_per_op,max_ns_per_op
fixture,int,exterior,4,1,success,0
fixture,int,interior,4,4,success,1
fixture,int,crossing,4,7,success,1
fixture,int,boundary-only,4,10,success,1
fixture,int,boundary-overlap,4,11,success,1
fixture,int,isolated-tangent,4,3,success,0
fixture,int,degenerate-interior,4,4,success,0
fixture,int,degenerate-boundary,4,2,success,0
fixture,int,empty,0,1,success,0
fixture,int,concave-u,8,7,success,2
fixture,int,hole,8,7,success,2
fixture,int,hole-reversed,8,7,success,2
fixture,int,rational-crossing,3,7,success,1
fixture,int,sparse-1,4,7,success,1
fixture,int,sparse-4,16,7,success,1
fixture,int,sparse-16,64,7,success,1
fixture,int,sparse-64,256,7,success,1
fixture,int,dense-1,4,7,success,1
fixture,int,dense-4,16,7,success,4
fixture,int,dense-16,64,7,success,16
fixture,int,dense-64,256,7,success,64
fixture,int,wide-integral,4,7,success,1
preflight,int,22,PASS
sample,int,exterior,relationship,4,0,0,32768,3277,29810400,0,0
sample,int,exterior,relationship,4,0,1,32768,3277,28767900,0,0
sample,int,exterior,relationship,4,0,2,32768,3277,30044300,0,0
sample,int,exterior,relationship,4,0,3,32768,3277,31971400,0,0
sample,int,exterior,relationship,4,0,4,32768,3277,28083500,0,0
sample,int,exterior,relationship,4,0,5,32768,3277,30300800,0,0
sample,int,exterior,relationship,4,0,6,32768,3277,29167600,0,0
summary,int,exterior,relationship,857.040,909.741,975.690
sample,int,exterior,clipping,4,0,0,8192,820,24170800,67895296,16
sample,int,exterior,clipping,4,0,1,8192,820,27343200,67895296,16
sample,int,exterior,clipping,4,0,2,8192,820,24471500,67895296,16
sample,int,exterior,clipping,4,0,3,8192,820,23840400,67895296,16
sample,int,exterior,clipping,4,0,4,8192,820,24066600,67895296,16
sample,int,exterior,clipping,4,0,5,8192,820,24195200,67895296,16
sample,int,exterior,clipping,4,0,6,8192,820,23473200,67895296,16
summary,int,exterior,clipping,2865.381,2950.537,3337.793
sample,int,interior,relationship,4,1,0,32768,3277,29421700,0,0
sample,int,interior,relationship,4,1,1,32768,3277,27859200,0,0
sample,int,interior,relationship,4,1,2,32768,3277,29540700,0,0
sample,int,interior,relationship,4,1,3,32768,3277,29345000,0,0
sample,int,interior,relationship,4,1,4,32768,3277,26814400,0,0
sample,int,interior,relationship,4,1,5,32768,3277,30506800,0,0
sample,int,interior,relationship,4,1,6,32768,3277,30637600,0,0
summary,int,interior,relationship,818.311,897.879,934.985
sample,int,interior,clipping,4,1,0,4096,410,31350400,34144256,8
sample,int,interior,clipping,4,1,1,4096,410,32725200,34144256,8
sample,int,interior,clipping,4,1,2,4096,410,33620500,34144256,8
sample,int,interior,clipping,4,1,3,4096,410,38726100,34144256,8
sample,int,interior,clipping,4,1,4,4096,410,38810400,34144256,8
sample,int,interior,clipping,4,1,5,4096,410,41031900,34144256,8
sample,int,interior,clipping,4,1,6,4096,410,35620900,34144256,8
summary,int,interior,clipping,7653.906,8696.509,10017.554
sample,int,crossing,relationship,4,1,0,32768,3277,33056000,0,0
sample,int,crossing,relationship,4,1,1,32768,3277,35441000,0,0
sample,int,crossing,relationship,4,1,2,32768,3277,34807500,0,0
sample,int,crossing,relationship,4,1,3,32768,3277,38513600,0,0
sample,int,crossing,relationship,4,1,4,32768,3277,39139500,0,0
sample,int,crossing,relationship,4,1,5,32768,3277,47069600,0,0
sample,int,crossing,relationship,4,1,6,32768,3277,35675200,0,0
summary,int,crossing,relationship,1008.789,1088.721,1436.450
sample,int,crossing,clipping,4,1,0,1024,103,20527100,16957440,4
sample,int,crossing,clipping,4,1,1,1024,103,24629800,16957440,4
sample,int,crossing,clipping,4,1,2,1024,103,21453400,16957440,4
sample,int,crossing,clipping,4,1,3,1024,103,20864500,16957440,4
sample,int,crossing,clipping,4,1,4,1024,103,24692500,16957440,4
sample,int,crossing,clipping,4,1,5,1024,103,22757600,16957440,4
sample,int,crossing,clipping,4,1,6,1024,103,25957200,16957440,4
summary,int,crossing,clipping,20045.996,22224.219,25348.828
sample,int,boundary-only,relationship,4,1,0,32768,3277,38317000,0,0
sample,int,boundary-only,relationship,4,1,1,32768,3277,36830300,0,0
sample,int,boundary-only,relationship,4,1,2,32768,3277,38510000,0,0
sample,int,boundary-only,relationship,4,1,3,32768,3277,40694100,0,0
sample,int,boundary-only,relationship,4,1,4,32768,3277,36292400,0,0
sample,int,boundary-only,relationship,4,1,5,32768,3277,36033800,0,0
sample,int,boundary-only,relationship,4,1,6,32768,3277,37240400,0,0
summary,int,boundary-only,relationship,1099.664,1136.487,1241.885
sample,int,boundary-only,clipping,4,1,0,2048,205,27782000,42237952,10
sample,int,boundary-only,clipping,4,1,1,2048,205,24685900,42237952,10
sample,int,boundary-only,clipping,4,1,2,2048,205,26571300,42237952,10
sample,int,boundary-only,clipping,4,1,3,2048,205,24660700,42237952,10
sample,int,boundary-only,clipping,4,1,4,2048,205,27883100,42237952,10
sample,int,boundary-only,clipping,4,1,5,2048,205,26771000,42237952,10
sample,int,boundary-only,clipping,4,1,6,2048,205,27229600,42237952,10
summary,int,boundary-only,clipping,12041.357,13071.777,13614.795
sample,int,boundary-overlap,relationship,4,1,0,16384,1639,19875800,0,0
sample,int,boundary-overlap,relationship,4,1,1,16384,1639,20161500,0,0
sample,int,boundary-overlap,relationship,4,1,2,16384,1639,21258400,0,0
sample,int,boundary-overlap,relationship,4,1,3,16384,1639,21268500,0,0
sample,int,boundary-overlap,relationship,4,1,4,16384,1639,33030700,0,0
sample,int,boundary-overlap,relationship,4,1,5,16384,1639,21308500,0,0
sample,int,boundary-overlap,relationship,4,1,6,16384,1639,21587400,0,0
summary,int,boundary-overlap,relationship,1213.123,1298.126,2016.034
sample,int,boundary-overlap,clipping,4,1,0,2048,205,27876700,42303488,10
sample,int,boundary-overlap,clipping,4,1,1,2048,205,26771700,42303488,10
sample,int,boundary-overlap,clipping,4,1,2,2048,205,28854900,42303488,10
sample,int,boundary-overlap,clipping,4,1,3,2048,205,30201700,42303488,10
sample,int,boundary-overlap,clipping,4,1,4,2048,205,30889800,42303488,10
sample,int,boundary-overlap,clipping,4,1,5,2048,205,28721800,42303488,10
sample,int,boundary-overlap,clipping,4,1,6,2048,205,27397300,42303488,10
summary,int,boundary-overlap,clipping,13072.119,14024.316,15082.910
sample,int,isolated-tangent,relationship,4,0,0,16384,1639,20244900,0,0
sample,int,isolated-tangent,relationship,4,0,1,16384,1639,21374000,0,0
sample,int,isolated-tangent,relationship,4,0,2,16384,1639,21672600,0,0
sample,int,isolated-tangent,relationship,4,0,3,16384,1639,22438700,0,0
sample,int,isolated-tangent,relationship,4,0,4,16384,1639,20704100,0,0
sample,int,isolated-tangent,relationship,4,0,5,16384,1639,19870700,0,0
sample,int,isolated-tangent,relationship,4,0,6,16384,1639,21556400,0,0
summary,int,isolated-tangent,relationship,1212.811,1304.565,1369.550
sample,int,isolated-tangent,clipping,4,0,0,8192,820,46113500,135004160,32
sample,int,isolated-tangent,clipping,4,0,1,8192,820,42761600,135004160,32
sample,int,isolated-tangent,clipping,4,0,2,8192,820,38787200,135004160,32
sample,int,isolated-tangent,clipping,4,0,3,8192,820,35567900,135004160,32
sample,int,isolated-tangent,clipping,4,0,4,8192,820,37801700,135004160,32
sample,int,isolated-tangent,clipping,4,0,5,8192,820,41272400,135004160,32
sample,int,isolated-tangent,clipping,4,0,6,8192,820,37968500,135004160,32
summary,int,isolated-tangent,clipping,4341.785,4734.766,5629.089
sample,int,degenerate-interior,relationship,4,0,0,65536,6554,1887400,0,0
sample,int,degenerate-interior,relationship,4,0,1,65536,6554,1907800,0,0
sample,int,degenerate-interior,relationship,4,0,2,65536,6554,2169500,0,0
sample,int,degenerate-interior,relationship,4,0,3,65536,6554,2129100,0,0
sample,int,degenerate-interior,relationship,4,0,4,65536,6554,1978100,0,0
sample,int,degenerate-interior,relationship,4,0,5,65536,6554,1868400,0,0
sample,int,degenerate-interior,relationship,4,0,6,65536,6554,1834200,0,0
summary,int,degenerate-interior,relationship,27.988,29.111,33.104
sample,int,degenerate-interior,clipping,4,0,0,65536,6554,252100,0,0
sample,int,degenerate-interior,clipping,4,0,1,65536,6554,252100,0,0
sample,int,degenerate-interior,clipping,4,0,2,65536,6554,252100,0,0
sample,int,degenerate-interior,clipping,4,0,3,65536,6554,299200,0,0
sample,int,degenerate-interior,clipping,4,0,4,65536,6554,252100,0,0
sample,int,degenerate-interior,clipping,4,0,5,65536,6554,324600,0,0
sample,int,degenerate-interior,clipping,4,0,6,65536,6554,255200,0,0
summary,int,degenerate-interior,clipping,3.847,3.847,4.953
sample,int,degenerate-boundary,relationship,4,0,0,65536,6554,2644100,0,0
sample,int,degenerate-boundary,relationship,4,0,1,65536,6554,2162800,0,0
sample,int,degenerate-boundary,relationship,4,0,2,65536,6554,1951100,0,0
sample,int,degenerate-boundary,relationship,4,0,3,65536,6554,1895700,0,0
sample,int,degenerate-boundary,relationship,4,0,4,65536,6554,1969800,0,0
sample,int,degenerate-boundary,relationship,4,0,5,65536,6554,2005600,0,0
sample,int,degenerate-boundary,relationship,4,0,6,65536,6554,1946900,0,0
summary,int,degenerate-boundary,relationship,28.926,30.057,40.346
sample,int,degenerate-boundary,clipping,4,0,0,65536,6554,411400,0,0
sample,int,degenerate-boundary,clipping,4,0,1,65536,6554,272200,0,0
sample,int,degenerate-boundary,clipping,4,0,2,65536,6554,258000,0,0
sample,int,degenerate-boundary,clipping,4,0,3,65536,6554,260600,0,0
sample,int,degenerate-boundary,clipping,4,0,4,65536,6554,258000,0,0
sample,int,degenerate-boundary,clipping,4,0,5,65536,6554,258000,0,0
sample,int,degenerate-boundary,clipping,4,0,6,65536,6554,303900,0,0
summary,int,degenerate-boundary,clipping,3.937,3.976,6.277
sample,int,empty,relationship,0,0,0,65536,6554,316100,0,0
sample,int,empty,relationship,0,0,1,65536,6554,313300,0,0
sample,int,empty,relationship,0,0,2,65536,6554,313300,0,0
sample,int,empty,relationship,0,0,3,65536,6554,360200,0,0
sample,int,empty,relationship,0,0,4,65536,6554,313900,0,0
sample,int,empty,relationship,0,0,5,65536,6554,313800,0,0
sample,int,empty,relationship,0,0,6,65536,6554,316400,0,0
summary,int,empty,relationship,4.781,4.790,5.496
sample,int,empty,clipping,0,0,0,65536,6554,260500,0,0
sample,int,empty,clipping,0,0,1,65536,6554,258000,0,0
sample,int,empty,clipping,0,0,2,65536,6554,258000,0,0
sample,int,empty,clipping,0,0,3,65536,6554,303600,0,0
sample,int,empty,clipping,0,0,4,65536,6554,258100,0,0
sample,int,empty,clipping,0,0,5,65536,6554,258000,0,0
sample,int,empty,clipping,0,0,6,65536,6554,258000,0,0
summary,int,empty,clipping,3.937,3.937,4.633
sample,int,concave-u,relationship,8,2,0,8192,820,19735300,0,0
sample,int,concave-u,relationship,8,2,1,8192,820,31909000,0,0
sample,int,concave-u,relationship,8,2,2,8192,820,19744100,0,0
sample,int,concave-u,relationship,8,2,3,8192,820,20441100,0,0
sample,int,concave-u,relationship,8,2,4,8192,820,20551600,0,0
sample,int,concave-u,relationship,8,2,5,8192,820,20472600,0,0
sample,int,concave-u,relationship,8,2,6,8192,820,20007400,0,0
summary,int,concave-u,relationship,2409.094,2495.251,3895.142
sample,int,concave-u,clipping,8,2,0,512,52,21757500,12713984,3
sample,int,concave-u,clipping,8,2,1,512,52,23414100,12713984,3
sample,int,concave-u,clipping,8,2,2,512,52,21202200,12713984,3
sample,int,concave-u,clipping,8,2,3,512,52,22609400,12713984,3
sample,int,concave-u,clipping,8,2,4,512,52,21446200,12713984,3
sample,int,concave-u,clipping,8,2,5,512,52,21443100,12713984,3
sample,int,concave-u,clipping,8,2,6,512,52,22910000,12713984,3
summary,int,concave-u,clipping,41410.547,42495.117,45730.664
sample,int,hole,relationship,8,2,0,8192,820,20914000,0,0
sample,int,hole,relationship,8,2,1,8192,820,23760800,0,0
sample,int,hole,relationship,8,2,2,8192,820,21049900,0,0
sample,int,hole,relationship,8,2,3,8192,820,22830100,0,0
sample,int,hole,relationship,8,2,4,8192,820,20749300,0,0
sample,int,hole,relationship,8,2,5,8192,820,22700000,0,0
sample,int,hole,relationship,8,2,6,8192,820,22729800,0,0
summary,int,hole,relationship,2532.874,2770.996,2900.488
sample,int,hole,clipping,8,2,0,512,52,27008800,12713984,3
sample,int,hole,clipping,8,2,1,512,52,23276100,12713984,3
sample,int,hole,clipping,8,2,2,512,52,27166700,12713984,3
sample,int,hole,clipping,8,2,3,512,52,24649400,12713984,3
sample,int,hole,clipping,8,2,4,512,52,25446500,12713984,3
sample,int,hole,clipping,8,2,5,512,52,22746000,12713984,3
sample,int,hole,clipping,8,2,6,512,52,25497900,12713984,3
summary,int,hole,clipping,44425.781,49700.195,53059.961
sample,int,hole-reversed,relationship,8,2,0,8192,820,22966300,0,0
sample,int,hole-reversed,relationship,8,2,1,8192,820,25959600,0,0
sample,int,hole-reversed,relationship,8,2,2,8192,820,23299400,0,0
sample,int,hole-reversed,relationship,8,2,3,8192,820,24623900,0,0
sample,int,hole-reversed,relationship,8,2,4,8192,820,22679400,0,0
sample,int,hole-reversed,relationship,8,2,5,8192,820,23358300,0,0
sample,int,hole-reversed,relationship,8,2,6,8192,820,23969300,0,0
summary,int,hole-reversed,relationship,2768.481,2851.355,3168.896
sample,int,hole-reversed,clipping,8,2,0,512,52,24549400,12713984,3
sample,int,hole-reversed,clipping,8,2,1,512,52,26996500,12713984,3
sample,int,hole-reversed,clipping,8,2,2,512,52,23031200,12713984,3
sample,int,hole-reversed,clipping,8,2,3,512,52,25752700,12713984,3
sample,int,hole-reversed,clipping,8,2,4,512,52,23145300,12713984,3
sample,int,hole-reversed,clipping,8,2,5,512,52,25387500,12713984,3
sample,int,hole-reversed,clipping,8,2,6,512,52,24703700,12713984,3
summary,int,hole-reversed,clipping,44982.812,48249.414,52727.539
sample,int,rational-crossing,relationship,3,1,0,32768,3277,22533200,0,0
sample,int,rational-crossing,relationship,3,1,1,32768,3277,22241100,0,0
sample,int,rational-crossing,relationship,3,1,2,32768,3277,20970900,0,0
sample,int,rational-crossing,relationship,3,1,3,32768,3277,21497400,0,0
sample,int,rational-crossing,relationship,3,1,4,32768,3277,22587500,0,0
sample,int,rational-crossing,relationship,3,1,5,32768,3277,21237000,0,0
sample,int,rational-crossing,relationship,3,1,6,32768,3277,22839400,0,0
summary,int,rational-crossing,relationship,639.981,678.745,697.003
sample,int,rational-crossing,clipping,3,1,0,1024,103,20805800,16957440,4
sample,int,rational-crossing,clipping,3,1,1,1024,103,21483700,16957440,4
sample,int,rational-crossing,clipping,3,1,2,1024,103,20605700,16957440,4
sample,int,rational-crossing,clipping,3,1,3,1024,103,19955200,16957440,4
sample,int,rational-crossing,clipping,3,1,4,1024,103,19886000,16957440,4
sample,int,rational-crossing,clipping,3,1,5,1024,103,20861700,16957440,4
sample,int,rational-crossing,clipping,3,1,6,1024,103,22221800,16957440,4
summary,int,rational-crossing,clipping,19419.922,20318.164,21700.977
sample,int,sparse-1,relationship,4,1,0,32768,3277,30320900,0,0
sample,int,sparse-1,relationship,4,1,1,32768,3277,28888100,0,0
sample,int,sparse-1,relationship,4,1,2,32768,3277,29921600,0,0
sample,int,sparse-1,relationship,4,1,3,32768,3277,30650000,0,0
sample,int,sparse-1,relationship,4,1,4,32768,3277,32767200,0,0
sample,int,sparse-1,relationship,4,1,5,32768,3277,32329900,0,0
sample,int,sparse-1,relationship,4,1,6,32768,3277,31722100,0,0
summary,int,sparse-1,relationship,881.595,935.364,999.976
sample,int,sparse-1,clipping,4,1,0,2048,205,41194800,33914880,8
sample,int,sparse-1,clipping,4,1,1,2048,205,56161900,33914880,8
sample,int,sparse-1,clipping,4,1,2,2048,205,39800600,33914880,8
sample,int,sparse-1,clipping,4,1,3,2048,205,41062900,33914880,8
sample,int,sparse-1,clipping,4,1,4,2048,205,39683800,33914880,8
sample,int,sparse-1,clipping,4,1,5,2048,205,42055400,33914880,8
sample,int,sparse-1,clipping,4,1,6,2048,205,41604100,33914880,8
summary,int,sparse-1,clipping,19376.855,20114.648,27422.803
sample,int,sparse-4,relationship,16,1,0,8192,820,37034900,0,0
sample,int,sparse-4,relationship,16,1,1,8192,820,37656900,0,0
sample,int,sparse-4,relationship,16,1,2,8192,820,38089000,0,0
sample,int,sparse-4,relationship,16,1,3,8192,820,36377000,0,0
sample,int,sparse-4,relationship,16,1,4,8192,820,36259400,0,0
sample,int,sparse-4,relationship,16,1,5,8192,820,36188800,0,0
sample,int,sparse-4,relationship,16,1,6,8192,820,38526700,0,0
summary,int,sparse-4,relationship,4417.578,4520.862,4702.966
sample,int,sparse-4,clipping,16,1,0,1024,103,23168400,16957440,4
sample,int,sparse-4,clipping,16,1,1,1024,103,22762400,16957440,4
sample,int,sparse-4,clipping,16,1,2,1024,103,22583800,16957440,4
sample,int,sparse-4,clipping,16,1,3,1024,103,22368100,16957440,4
sample,int,sparse-4,clipping,16,1,4,1024,103,23746500,16957440,4
sample,int,sparse-4,clipping,16,1,5,1024,103,24862000,16957440,4
sample,int,sparse-4,clipping,16,1,6,1024,103,22536800,16957440,4
summary,int,sparse-4,clipping,21843.848,22228.906,24279.297
sample,int,sparse-16,relationship,64,1,0,2048,205,34389300,0,0
sample,int,sparse-16,relationship,64,1,1,2048,205,35173700,0,0
sample,int,sparse-16,relationship,64,1,2,2048,205,33922700,0,0
sample,int,sparse-16,relationship,64,1,3,2048,205,36397000,0,0
sample,int,sparse-16,relationship,64,1,4,2048,205,43060300,0,0
sample,int,sparse-16,relationship,64,1,5,2048,205,33706300,0,0
sample,int,sparse-16,relationship,64,1,6,2048,205,36096000,0,0
summary,int,sparse-16,relationship,16458.154,17174.658,21025.537
sample,int,sparse-16,clipping,64,1,0,512,52,22022100,8478720,2
sample,int,sparse-16,clipping,64,1,1,512,52,20660700,8478720,2
sample,int,sparse-16,clipping,64,1,2,512,52,21066900,8478720,2
sample,int,sparse-16,clipping,64,1,3,512,52,19719900,8478720,2
sample,int,sparse-16,clipping,64,1,4,512,52,21559400,8478720,2
sample,int,sparse-16,clipping,64,1,5,512,52,19915700,8478720,2
sample,int,sparse-16,clipping,64,1,6,512,52,22279900,8478720,2
summary,int,sparse-16,clipping,38515.430,41146.289,43515.430
sample,int,sparse-64,relationship,256,1,0,512,52,36386900,0,0
sample,int,sparse-64,relationship,256,1,1,512,52,36265900,0,0
sample,int,sparse-64,relationship,256,1,2,512,52,34931400,0,0
sample,int,sparse-64,relationship,256,1,3,512,52,40333600,0,0
sample,int,sparse-64,relationship,256,1,4,512,52,42593100,0,0
sample,int,sparse-64,relationship,256,1,5,512,52,38885700,0,0
sample,int,sparse-64,relationship,256,1,6,512,52,42113000,0,0
summary,int,sparse-64,relationship,68225.391,75948.633,83189.648
sample,int,sparse-64,clipping,256,1,0,256,26,30049400,4239360,1
sample,int,sparse-64,clipping,256,1,1,256,26,31583800,4239360,1
sample,int,sparse-64,clipping,256,1,2,256,26,33214900,4239360,1
sample,int,sparse-64,clipping,256,1,3,256,26,33306600,4239360,1
sample,int,sparse-64,clipping,256,1,4,256,26,31306100,4239360,1
sample,int,sparse-64,clipping,256,1,5,256,26,30907000,4239360,1
sample,int,sparse-64,clipping,256,1,6,256,26,31165000,4239360,1
summary,int,sparse-64,clipping,117380.469,122289.453,130103.906
sample,int,dense-1,relationship,4,1,0,32768,3277,42640000,0,0
sample,int,dense-1,relationship,4,1,1,32768,3277,30398400,0,0
sample,int,dense-1,relationship,4,1,2,32768,3277,31664100,0,0
sample,int,dense-1,relationship,4,1,3,32768,3277,31393600,0,0
sample,int,dense-1,relationship,4,1,4,32768,3277,32664200,0,0
sample,int,dense-1,relationship,4,1,5,32768,3277,31818000,0,0
sample,int,dense-1,relationship,4,1,6,32768,3277,31967500,0,0
summary,int,dense-1,relationship,927.686,971.008,1301.270
sample,int,dense-1,clipping,4,1,0,2048,205,41663600,33914880,8
sample,int,dense-1,clipping,4,1,1,2048,205,43358400,33914880,8
sample,int,dense-1,clipping,4,1,2,2048,205,44707900,33914880,8
sample,int,dense-1,clipping,4,1,3,2048,205,40181600,33914880,8
sample,int,dense-1,clipping,4,1,4,2048,205,42475500,33914880,8
sample,int,dense-1,clipping,4,1,5,2048,205,40795700,33914880,8
sample,int,dense-1,clipping,4,1,6,2048,205,44713700,33914880,8
summary,int,dense-1,clipping,19619.922,20739.990,21832.861
sample,int,dense-4,relationship,16,4,0,4096,410,27607200,0,0
sample,int,dense-4,relationship,16,4,1,4096,410,27822000,0,0
sample,int,dense-4,relationship,16,4,2,4096,410,26204800,0,0
sample,int,dense-4,relationship,16,4,3,4096,410,28723700,0,0
sample,int,dense-4,relationship,16,4,4,4096,410,28056000,0,0
sample,int,dense-4,relationship,16,4,5,4096,410,25999500,0,0
sample,int,dense-4,relationship,16,4,6,4096,410,26518900,0,0
summary,int,dense-4,relationship,6347.534,6740.039,7012.622
sample,int,dense-4,clipping,16,4,0,256,26,27290400,10588160,2
sample,int,dense-4,clipping,16,4,1,256,26,27101400,10588160,2
sample,int,dense-4,clipping,16,4,2,256,26,27734100,10588160,2
sample,int,dense-4,clipping,16,4,3,256,26,28584700,10588160,2
sample,int,dense-4,clipping,16,4,4,256,26,37146200,10588160,2
sample,int,dense-4,clipping,16,4,5,256,26,25996000,10588160,2
sample,int,dense-4,clipping,16,4,6,256,26,25536400,10588160,2
summary,int,dense-4,clipping,99751.562,106603.125,145102.344
sample,int,dense-16,relationship,64,16,0,1024,103,30504800,0,0
sample,int,dense-16,relationship,64,16,1,1024,103,28862300,0,0
sample,int,dense-16,relationship,64,16,2,1024,103,27908100,0,0
sample,int,dense-16,relationship,64,16,3,1024,103,29108700,0,0
sample,int,dense-16,relationship,64,16,4,1024,103,28257700,0,0
sample,int,dense-16,relationship,64,16,5,1024,103,27741200,0,0
sample,int,dense-16,relationship,64,16,6,1024,103,30592200,0,0
summary,int,dense-16,relationship,27091.016,28185.840,29875.195
sample,int,dense-16,clipping,64,16,0,64,7,32060600,9280512,2
sample,int,dense-16,clipping,64,16,1,64,7,32776300,9280512,2
sample,int,dense-16,clipping,64,16,2,64,7,39184400,9280512,2
sample,int,dense-16,clipping,64,16,3,64,7,33171500,9280512,2
sample,int,dense-16,clipping,64,16,4,64,7,32886400,9280512,2
sample,int,dense-16,clipping,64,16,5,64,7,28775600,9280512,2
sample,int,dense-16,clipping,64,16,6,64,7,30901300,9280512,2
summary,int,dense-16,clipping,449618.750,512129.688,612256.250
sample,int,dense-64,relationship,256,64,0,256,26,25726000,0,0
sample,int,dense-64,relationship,256,64,1,256,26,30589800,0,0
sample,int,dense-64,relationship,256,64,2,256,26,26583300,0,0
sample,int,dense-64,relationship,256,64,3,256,26,27678600,0,0
sample,int,dense-64,relationship,256,64,4,256,26,26299300,0,0
sample,int,dense-64,relationship,256,64,5,256,26,27533700,0,0
sample,int,dense-64,relationship,256,64,6,256,26,26250600,0,0
summary,int,dense-64,relationship,100492.188,103841.016,119491.406
sample,int,dense-64,clipping,256,64,0,16,2,33452500,8896512,2
sample,int,dense-64,clipping,256,64,1,16,2,43009400,8896512,2
sample,int,dense-64,clipping,256,64,2,16,2,32777300,8896512,2
sample,int,dense-64,clipping,256,64,3,16,2,37098800,8896512,2
sample,int,dense-64,clipping,256,64,4,16,2,42463700,8896512,2
sample,int,dense-64,clipping,256,64,5,16,2,36434700,8896512,2
sample,int,dense-64,clipping,256,64,6,16,2,34577500,8896512,2
summary,int,dense-64,clipping,2048581.250,2277168.750,2688087.500
sample,int,wide-integral,relationship,4,1,0,32768,3277,28743000,0,0
sample,int,wide-integral,relationship,4,1,1,32768,3277,29605600,0,0
sample,int,wide-integral,relationship,4,1,2,32768,3277,27116400,0,0
sample,int,wide-integral,relationship,4,1,3,32768,3277,28996600,0,0
sample,int,wide-integral,relationship,4,1,4,32768,3277,28150200,0,0
sample,int,wide-integral,relationship,4,1,5,32768,3277,35013000,0,0
sample,int,wide-integral,relationship,4,1,6,32768,3277,31077500,0,0
summary,int,wide-integral,relationship,827.527,884.906,1068.512
sample,int,wide-integral,clipping,4,1,0,1024,103,25014600,16957440,4
sample,int,wide-integral,clipping,4,1,1,1024,103,24205100,16957440,4
sample,int,wide-integral,clipping,4,1,2,1024,103,24522800,16957440,4
sample,int,wide-integral,clipping,4,1,3,1024,103,22101300,16957440,4
sample,int,wide-integral,clipping,4,1,4,1024,103,24142100,16957440,4
sample,int,wide-integral,clipping,4,1,5,1024,103,21966500,16957440,4
sample,int,wide-integral,clipping,4,1,6,1024,103,23566600,16957440,4
summary,int,wide-integral,clipping,21451.660,23576.270,24428.320
fixture,long,exterior,4,1,success,0
fixture,long,interior,4,4,success,1
fixture,long,crossing,4,7,success,1
fixture,long,boundary-only,4,10,success,1
fixture,long,boundary-overlap,4,11,success,1
fixture,long,isolated-tangent,4,3,success,0
fixture,long,degenerate-interior,4,4,success,0
fixture,long,degenerate-boundary,4,2,success,0
fixture,long,empty,0,1,success,0
fixture,long,concave-u,8,7,success,2
fixture,long,hole,8,7,success,2
fixture,long,hole-reversed,8,7,success,2
fixture,long,rational-crossing,3,7,success,1
fixture,long,sparse-1,4,7,success,1
fixture,long,sparse-4,16,7,success,1
fixture,long,sparse-16,64,7,success,1
fixture,long,sparse-64,256,7,success,1
fixture,long,dense-1,4,7,success,1
fixture,long,dense-4,16,7,success,4
fixture,long,dense-16,64,7,success,16
fixture,long,dense-64,256,7,success,64
fixture,long,wide-integral,4,7,success,1
fixture,long,endpoint-collapse,4,6,unrepresentableConstruction,0
fixture,long,gap-collapse,8,7,unrepresentableConstruction,0
preflight,long,24,PASS
sample,long,exterior,relationship,4,0,0,32768,3277,35551300,0,0
sample,long,exterior,relationship,4,0,1,32768,3277,35052200,0,0
sample,long,exterior,relationship,4,0,2,32768,3277,34787100,0,0
sample,long,exterior,relationship,4,0,3,32768,3277,36594400,0,0
sample,long,exterior,relationship,4,0,4,32768,3277,36593200,0,0
sample,long,exterior,relationship,4,0,5,32768,3277,38299500,0,0
sample,long,exterior,relationship,4,0,6,32768,3277,45604500,0,0
summary,long,exterior,relationship,1061.618,1116.736,1391.739
sample,long,exterior,clipping,4,0,0,8192,820,42242600,67895296,16
sample,long,exterior,clipping,4,0,1,8192,820,38439700,67895296,16
sample,long,exterior,clipping,4,0,2,8192,820,34071800,67895296,16
sample,long,exterior,clipping,4,0,3,8192,820,33912400,67895296,16
sample,long,exterior,clipping,4,0,4,8192,820,34546000,67895296,16
sample,long,exterior,clipping,4,0,5,8192,820,35545000,67895296,16
sample,long,exterior,clipping,4,0,6,8192,820,36536000,67895296,16
summary,long,exterior,clipping,4139.697,4338.989,5156.567
sample,long,interior,relationship,4,1,0,32768,3277,33826700,0,0
sample,long,interior,relationship,4,1,1,32768,3277,34204600,0,0
sample,long,interior,relationship,4,1,2,32768,3277,34580300,0,0
sample,long,interior,relationship,4,1,3,32768,3277,35640800,0,0
sample,long,interior,relationship,4,1,4,32768,3277,34571900,0,0
sample,long,interior,relationship,4,1,5,32768,3277,34180900,0,0
sample,long,interior,relationship,4,1,6,32768,3277,40802000,0,0
summary,long,interior,relationship,1032.309,1055.051,1245.178
sample,long,interior,clipping,4,1,0,2048,205,21429300,17072128,4
sample,long,interior,clipping,4,1,1,2048,205,20491200,17072128,4
sample,long,interior,clipping,4,1,2,2048,205,20011900,17072128,4
sample,long,interior,clipping,4,1,3,2048,205,17998200,17072128,4
sample,long,interior,clipping,4,1,4,2048,205,18501300,17072128,4
sample,long,interior,clipping,4,1,5,2048,205,19070500,17072128,4
sample,long,interior,clipping,4,1,6,2048,205,18787300,17072128,4
summary,long,interior,clipping,8788.184,9311.768,10463.525
sample,long,crossing,relationship,4,1,0,32768,3277,37141000,0,0
sample,long,crossing,relationship,4,1,1,32768,3277,35797500,0,0
sample,long,crossing,relationship,4,1,2,32768,3277,44096700,0,0
sample,long,crossing,relationship,4,1,3,32768,3277,35730600,0,0
sample,long,crossing,relationship,4,1,4,32768,3277,36923300,0,0
sample,long,crossing,relationship,4,1,5,32768,3277,34617800,0,0
sample,long,crossing,relationship,4,1,6,32768,3277,35303400,0,0
summary,long,crossing,relationship,1056.451,1092.453,1345.724
sample,long,crossing,clipping,4,1,0,1024,103,22242700,16957440,4
sample,long,crossing,clipping,4,1,1,1024,103,21001600,16957440,4
sample,long,crossing,clipping,4,1,2,1024,103,20634900,16957440,4
sample,long,crossing,clipping,4,1,3,1024,103,22645000,16957440,4
sample,long,crossing,clipping,4,1,4,1024,103,22354700,16957440,4
sample,long,crossing,clipping,4,1,5,1024,103,21879500,16957440,4
sample,long,crossing,clipping,4,1,6,1024,103,22919300,16957440,4
summary,long,crossing,clipping,20151.270,21721.387,22382.129
sample,long,boundary-only,relationship,4,1,0,16384,1639,21472800,0,0
sample,long,boundary-only,relationship,4,1,1,16384,1639,21628700,0,0
sample,long,boundary-only,relationship,4,1,2,16384,1639,20195000,0,0
sample,long,boundary-only,relationship,4,1,3,16384,1639,21320700,0,0
sample,long,boundary-only,relationship,4,1,4,16384,1639,20354800,0,0
sample,long,boundary-only,relationship,4,1,5,16384,1639,19366700,0,0
sample,long,boundary-only,relationship,4,1,6,16384,1639,19853700,0,0
summary,long,boundary-only,relationship,1182.050,1242.358,1320.111
sample,long,boundary-only,clipping,4,1,0,2048,205,25891500,42237952,10
sample,long,boundary-only,clipping,4,1,1,2048,205,23778700,42237952,10
sample,long,boundary-only,clipping,4,1,2,2048,205,25295000,42237952,10
sample,long,boundary-only,clipping,4,1,3,2048,205,26313900,42237952,10
sample,long,boundary-only,clipping,4,1,4,2048,205,25638300,42237952,10
sample,long,boundary-only,clipping,4,1,5,2048,205,23989800,42237952,10
sample,long,boundary-only,clipping,4,1,6,2048,205,25509300,42237952,10
summary,long,boundary-only,clipping,11610.693,12455.713,12848.584
sample,long,boundary-overlap,relationship,4,1,0,16384,1639,22776100,0,0
sample,long,boundary-overlap,relationship,4,1,1,16384,1639,23013700,0,0
sample,long,boundary-overlap,relationship,4,1,2,16384,1639,24569600,0,0
sample,long,boundary-overlap,relationship,4,1,3,16384,1639,23333000,0,0
sample,long,boundary-overlap,relationship,4,1,4,16384,1639,23221700,0,0
sample,long,boundary-overlap,relationship,4,1,5,16384,1639,24034200,0,0
sample,long,boundary-overlap,relationship,4,1,6,16384,1639,24218200,0,0
summary,long,boundary-overlap,relationship,1390.143,1424.133,1499.609
sample,long,boundary-overlap,clipping,4,1,0,2048,205,27914500,42303488,10
sample,long,boundary-overlap,clipping,4,1,1,2048,205,28213600,42303488,10
sample,long,boundary-overlap,clipping,4,1,2,2048,205,26643300,42303488,10
sample,long,boundary-overlap,clipping,4,1,3,2048,205,27051000,42303488,10
sample,long,boundary-overlap,clipping,4,1,4,2048,205,31327100,42303488,10
sample,long,boundary-overlap,clipping,4,1,5,2048,205,27918100,42303488,10
sample,long,boundary-overlap,clipping,4,1,6,2048,205,25741600,42303488,10
summary,long,boundary-overlap,clipping,12569.141,13630.127,15296.436
sample,long,isolated-tangent,relationship,4,0,0,16384,1639,22060800,0,0
sample,long,isolated-tangent,relationship,4,0,1,16384,1639,22991800,0,0
sample,long,isolated-tangent,relationship,4,0,2,16384,1639,21705300,0,0
sample,long,isolated-tangent,relationship,4,0,3,16384,1639,27809100,0,0
sample,long,isolated-tangent,relationship,4,0,4,16384,1639,23749900,0,0
sample,long,isolated-tangent,relationship,4,0,5,16384,1639,25378000,0,0
sample,long,isolated-tangent,relationship,4,0,6,16384,1639,23207700,0,0
summary,long,isolated-tangent,relationship,1324.786,1416.486,1697.333
sample,long,isolated-tangent,clipping,4,0,0,4096,410,28690700,67502080,16
sample,long,isolated-tangent,clipping,4,0,1,4096,410,28608200,67502080,16
sample,long,isolated-tangent,clipping,4,0,2,4096,410,25495900,67502080,16
sample,long,isolated-tangent,clipping,4,0,3,4096,410,25213500,67502080,16
sample,long,isolated-tangent,clipping,4,0,4,4096,410,25880400,67502080,16
sample,long,isolated-tangent,clipping,4,0,5,4096,410,25035400,67502080,16
sample,long,isolated-tangent,clipping,4,0,6,4096,410,26456800,67502080,16
summary,long,isolated-tangent,clipping,6112.158,6318.457,7004.565
sample,long,degenerate-interior,relationship,4,0,0,65536,6554,2154600,0,0
sample,long,degenerate-interior,relationship,4,0,1,65536,6554,2150600,0,0
sample,long,degenerate-interior,relationship,4,0,2,65536,6554,3033700,0,0
sample,long,degenerate-interior,relationship,4,0,3,65536,6554,3076000,0,0
sample,long,degenerate-interior,relationship,4,0,4,65536,6554,2411700,0,0
sample,long,degenerate-interior,relationship,4,0,5,65536,6554,2199900,0,0
sample,long,degenerate-interior,relationship,4,0,6,65536,6554,2336000,0,0
summary,long,degenerate-interior,relationship,32.816,35.645,46.936
sample,long,degenerate-interior,clipping,4,0,0,65536,6554,708900,0,0
sample,long,degenerate-interior,clipping,4,0,1,65536,6554,775900,0,0
sample,long,degenerate-interior,clipping,4,0,2,65536,6554,756200,0,0
sample,long,degenerate-interior,clipping,4,0,3,65536,6554,1066200,0,0
sample,long,degenerate-interior,clipping,4,0,4,65536,6554,1345300,0,0
sample,long,degenerate-interior,clipping,4,0,5,65536,6554,780900,0,0
sample,long,degenerate-interior,clipping,4,0,6,65536,6554,1082300,0,0
summary,long,degenerate-interior,clipping,10.817,11.916,20.528
sample,long,degenerate-boundary,relationship,4,0,0,65536,6554,2248600,0,0
sample,long,degenerate-boundary,relationship,4,0,1,65536,6554,2021200,0,0
sample,long,degenerate-boundary,relationship,4,0,2,65536,6554,2098100,0,0
sample,long,degenerate-boundary,relationship,4,0,3,65536,6554,3105500,0,0
sample,long,degenerate-boundary,relationship,4,0,4,65536,6554,2823100,0,0
sample,long,degenerate-boundary,relationship,4,0,5,65536,6554,2209900,0,0
sample,long,degenerate-boundary,relationship,4,0,6,65536,6554,2015100,0,0
summary,long,degenerate-boundary,relationship,30.748,33.720,47.386
sample,long,degenerate-boundary,clipping,4,0,0,65536,6554,717400,0,0
sample,long,degenerate-boundary,clipping,4,0,1,65536,6554,757200,0,0
sample,long,degenerate-boundary,clipping,4,0,2,65536,6554,715300,0,0
sample,long,degenerate-boundary,clipping,4,0,3,65536,6554,804200,0,0
sample,long,degenerate-boundary,clipping,4,0,4,65536,6554,714300,0,0
sample,long,degenerate-boundary,clipping,4,0,5,65536,6554,1071100,0,0
sample,long,degenerate-boundary,clipping,4,0,6,65536,6554,1262900,0,0
summary,long,degenerate-boundary,clipping,10.899,11.554,19.270
sample,long,empty,relationship,0,0,0,65536,6554,926700,0,0
sample,long,empty,relationship,0,0,1,65536,6554,915200,0,0
sample,long,empty,relationship,0,0,2,65536,6554,1002600,0,0
sample,long,empty,relationship,0,0,3,65536,6554,893000,0,0
sample,long,empty,relationship,0,0,4,65536,6554,897600,0,0
sample,long,empty,relationship,0,0,5,65536,6554,851800,0,0
sample,long,empty,relationship,0,0,6,65536,6554,897800,0,0
summary,long,empty,relationship,12.997,13.699,15.298
sample,long,empty,clipping,0,0,0,65536,6554,704900,0,0
sample,long,empty,clipping,0,0,1,65536,6554,757400,0,0
sample,long,empty,clipping,0,0,2,65536,6554,781700,0,0
sample,long,empty,clipping,0,0,3,65536,6554,763000,0,0
sample,long,empty,clipping,0,0,4,65536,6554,963000,0,0
sample,long,empty,clipping,0,0,5,65536,6554,1109200,0,0
sample,long,empty,clipping,0,0,6,65536,6554,918500,0,0
summary,long,empty,clipping,10.756,11.928,16.925
sample,long,concave-u,relationship,8,2,0,8192,820,23911200,0,0
sample,long,concave-u,relationship,8,2,1,8192,820,26198800,0,0
sample,long,concave-u,relationship,8,2,2,8192,820,24057100,0,0
sample,long,concave-u,relationship,8,2,3,8192,820,27843500,0,0
sample,long,concave-u,relationship,8,2,4,8192,820,25654600,0,0
sample,long,concave-u,relationship,8,2,5,8192,820,25815600,0,0
sample,long,concave-u,relationship,8,2,6,8192,820,35598300,0,0
summary,long,concave-u,relationship,2918.848,3151.318,4345.496
sample,long,concave-u,clipping,8,2,0,512,52,26491600,12713984,3
sample,long,concave-u,clipping,8,2,1,512,52,25277800,12713984,3
sample,long,concave-u,clipping,8,2,2,512,52,27219700,12713984,3
sample,long,concave-u,clipping,8,2,3,512,52,24718900,12713984,3
sample,long,concave-u,clipping,8,2,4,512,52,24472700,12713984,3
sample,long,concave-u,clipping,8,2,5,512,52,23213600,12713984,3
sample,long,concave-u,clipping,8,2,6,512,52,24937500,12713984,3
summary,long,concave-u,clipping,45339.062,48706.055,53163.477
sample,long,hole,relationship,8,2,0,8192,820,27811500,0,0
sample,long,hole,relationship,8,2,1,8192,820,24951100,0,0
sample,long,hole,relationship,8,2,2,8192,820,26201100,0,0
sample,long,hole,relationship,8,2,3,8192,820,26954900,0,0
sample,long,hole,relationship,8,2,4,8192,820,26341000,0,0
sample,long,hole,relationship,8,2,5,8192,820,26185200,0,0
sample,long,hole,relationship,8,2,6,8192,820,25942400,0,0
summary,long,hole,relationship,3045.789,3198.376,3394.958
sample,long,hole,clipping,8,2,0,512,52,26079200,12713984,3
sample,long,hole,clipping,8,2,1,512,52,24416500,12713984,3
sample,long,hole,clipping,8,2,2,512,52,24732600,12713984,3
sample,long,hole,clipping,8,2,3,512,52,23159800,12713984,3
sample,long,hole,clipping,8,2,4,512,52,24868700,12713984,3
sample,long,hole,clipping,8,2,5,512,52,24439000,12713984,3
sample,long,hole,clipping,8,2,6,512,52,26450600,12713984,3
summary,long,hole,clipping,45233.984,48305.859,51661.328
sample,long,hole-reversed,relationship,8,2,0,8192,820,25630600,0,0
sample,long,hole-reversed,relationship,8,2,1,8192,820,24560400,0,0
sample,long,hole-reversed,relationship,8,2,2,8192,820,26031800,0,0
sample,long,hole-reversed,relationship,8,2,3,8192,820,24673800,0,0
sample,long,hole-reversed,relationship,8,2,4,8192,820,26673800,0,0
sample,long,hole-reversed,relationship,8,2,5,8192,820,26569800,0,0
sample,long,hole-reversed,relationship,8,2,6,8192,820,26270200,0,0
summary,long,hole-reversed,relationship,2998.096,3177.710,3256.079
sample,long,hole-reversed,clipping,8,2,0,512,52,35529500,12713984,3
sample,long,hole-reversed,clipping,8,2,1,512,52,25572300,12713984,3
sample,long,hole-reversed,clipping,8,2,2,512,52,24351500,12713984,3
sample,long,hole-reversed,clipping,8,2,3,512,52,26931200,12713984,3
sample,long,hole-reversed,clipping,8,2,4,512,52,24895900,12713984,3
sample,long,hole-reversed,clipping,8,2,5,512,52,25910900,12713984,3
sample,long,hole-reversed,clipping,8,2,6,512,52,23349500,12713984,3
summary,long,hole-reversed,clipping,45604.492,49945.898,69393.555
sample,long,rational-crossing,relationship,3,1,0,32768,3277,24158700,0,0
sample,long,rational-crossing,relationship,3,1,1,32768,3277,23998700,0,0
sample,long,rational-crossing,relationship,3,1,2,32768,3277,26199300,0,0
sample,long,rational-crossing,relationship,3,1,3,32768,3277,25045500,0,0
sample,long,rational-crossing,relationship,3,1,4,32768,3277,25239500,0,0
sample,long,rational-crossing,relationship,3,1,5,32768,3277,22598700,0,0
sample,long,rational-crossing,relationship,3,1,6,32768,3277,24414700,0,0
summary,long,rational-crossing,relationship,689.658,745.078,799.539
sample,long,rational-crossing,clipping,3,1,0,1024,103,22556100,16957440,4
sample,long,rational-crossing,clipping,3,1,1,1024,103,19909300,16957440,4
sample,long,rational-crossing,clipping,3,1,2,1024,103,18764300,16957440,4
sample,long,rational-crossing,clipping,3,1,3,1024,103,20777600,16957440,4
sample,long,rational-crossing,clipping,3,1,4,1024,103,17986500,16957440,4
sample,long,rational-crossing,clipping,3,1,5,1024,103,18865400,16957440,4
sample,long,rational-crossing,clipping,3,1,6,1024,103,19828100,16957440,4
summary,long,rational-crossing,clipping,17564.941,19363.379,22027.441
sample,long,sparse-1,relationship,4,1,0,32768,3277,29401800,0,0
sample,long,sparse-1,relationship,4,1,1,32768,3277,33607200,0,0
sample,long,sparse-1,relationship,4,1,2,32768,3277,29747100,0,0
sample,long,sparse-1,relationship,4,1,3,32768,3277,30679100,0,0
sample,long,sparse-1,relationship,4,1,4,32768,3277,29073400,0,0
sample,long,sparse-1,relationship,4,1,5,32768,3277,30086600,0,0
sample,long,sparse-1,relationship,4,1,6,32768,3277,28805700,0,0
summary,long,sparse-1,relationship,879.080,907.809,1025.610
sample,long,sparse-1,clipping,4,1,0,1024,103,18310400,16957440,4
sample,long,sparse-1,clipping,4,1,1,1024,103,18049900,16957440,4
sample,long,sparse-1,clipping,4,1,2,1024,103,18453600,16957440,4
sample,long,sparse-1,clipping,4,1,3,1024,103,18307200,16957440,4
sample,long,sparse-1,clipping,4,1,4,1024,103,19866900,16957440,4
sample,long,sparse-1,clipping,4,1,5,1024,103,18162600,16957440,4
sample,long,sparse-1,clipping,4,1,6,1024,103,28712500,16957440,4
summary,long,sparse-1,clipping,17626.855,17881.250,28039.551
sample,long,sparse-4,relationship,16,1,0,8192,820,38844000,0,0
sample,long,sparse-4,relationship,16,1,1,8192,820,37731800,0,0
sample,long,sparse-4,relationship,16,1,2,8192,820,38224400,0,0
sample,long,sparse-4,relationship,16,1,3,8192,820,37341200,0,0
sample,long,sparse-4,relationship,16,1,4,8192,820,39898200,0,0
sample,long,sparse-4,relationship,16,1,5,8192,820,39529900,0,0
sample,long,sparse-4,relationship,16,1,6,8192,820,45601800,0,0
summary,long,sparse-4,relationship,4558.252,4741.699,5566.626
sample,long,sparse-4,clipping,16,1,0,1024,103,28856500,16957440,4
sample,long,sparse-4,clipping,16,1,1,1024,103,26983800,16957440,4
sample,long,sparse-4,clipping,16,1,2,1024,103,30262500,16957440,4
sample,long,sparse-4,clipping,16,1,3,1024,103,29408300,16957440,4
sample,long,sparse-4,clipping,16,1,4,1024,103,27444600,16957440,4
sample,long,sparse-4,clipping,16,1,5,1024,103,26577600,16957440,4
sample,long,sparse-4,clipping,16,1,6,1024,103,27728300,16957440,4
summary,long,sparse-4,clipping,25954.688,27078.418,29553.223
sample,long,sparse-16,relationship,64,1,0,1024,103,22295200,0,0
sample,long,sparse-16,relationship,64,1,1,1024,103,22712700,0,0
sample,long,sparse-16,relationship,64,1,2,1024,103,22753400,0,0
sample,long,sparse-16,relationship,64,1,3,1024,103,20770100,0,0
sample,long,sparse-16,relationship,64,1,4,1024,103,21694000,0,0
sample,long,sparse-16,relationship,64,1,5,1024,103,21847200,0,0
sample,long,sparse-16,relationship,64,1,6,1024,103,21086600,0,0
summary,long,sparse-16,relationship,20283.301,21335.156,22220.117
sample,long,sparse-16,clipping,64,1,0,512,52,28935000,8478720,2
sample,long,sparse-16,clipping,64,1,1,512,52,27293300,8478720,2
sample,long,sparse-16,clipping,64,1,2,512,52,24719600,8478720,2
sample,long,sparse-16,clipping,64,1,3,512,52,26663900,8478720,2
sample,long,sparse-16,clipping,64,1,4,512,52,35824100,8478720,2
sample,long,sparse-16,clipping,64,1,5,512,52,25305900,8478720,2
sample,long,sparse-16,clipping,64,1,6,512,52,25807800,8478720,2
summary,long,sparse-16,clipping,48280.469,52077.930,69968.945
sample,long,sparse-64,relationship,256,1,0,256,26,21240900,0,0
sample,long,sparse-64,relationship,256,1,1,256,26,21846600,0,0
sample,long,sparse-64,relationship,256,1,2,256,26,22764500,0,0
sample,long,sparse-64,relationship,256,1,3,256,26,20887500,0,0
sample,long,sparse-64,relationship,256,1,4,256,26,22460500,0,0
sample,long,sparse-64,relationship,256,1,5,256,26,23014900,0,0
sample,long,sparse-64,relationship,256,1,6,256,26,21235200,0,0
summary,long,sparse-64,relationship,81591.797,85338.281,89901.953
sample,long,sparse-64,clipping,256,1,0,256,26,36044300,4239360,1
sample,long,sparse-64,clipping,256,1,1,256,26,36066800,4239360,1
sample,long,sparse-64,clipping,256,1,2,256,26,37805400,4239360,1
sample,long,sparse-64,clipping,256,1,3,256,26,37815100,4239360,1
sample,long,sparse-64,clipping,256,1,4,256,26,37105600,4239360,1
sample,long,sparse-64,clipping,256,1,5,256,26,35507900,4239360,1
sample,long,sparse-64,clipping,256,1,6,256,26,35126000,4239360,1
summary,long,sparse-64,clipping,137210.938,140885.938,147715.234
sample,long,dense-1,relationship,4,1,0,32768,3277,36153900,0,0
sample,long,dense-1,relationship,4,1,1,32768,3277,34385800,0,0
sample,long,dense-1,relationship,4,1,2,32768,3277,33928600,0,0
sample,long,dense-1,relationship,4,1,3,32768,3277,33669900,0,0
sample,long,dense-1,relationship,4,1,4,32768,3277,35295100,0,0
sample,long,dense-1,relationship,4,1,5,32768,3277,36124500,0,0
sample,long,dense-1,relationship,4,1,6,32768,3277,36757000,0,0
summary,long,dense-1,relationship,1027.524,1077.121,1121.735
sample,long,dense-1,clipping,4,1,0,1024,103,22413500,16957440,4
sample,long,dense-1,clipping,4,1,1,1024,103,20922200,16957440,4
sample,long,dense-1,clipping,4,1,2,1024,103,33320500,16957440,4
sample,long,dense-1,clipping,4,1,3,1024,103,21535300,16957440,4
sample,long,dense-1,clipping,4,1,4,1024,103,25401400,16957440,4
sample,long,dense-1,clipping,4,1,5,1024,103,23437700,16957440,4
sample,long,dense-1,clipping,4,1,6,1024,103,22044700,16957440,4
summary,long,dense-1,clipping,20431.836,21888.184,32539.551
sample,long,dense-4,relationship,16,4,0,4096,410,29737200,0,0
sample,long,dense-4,relationship,16,4,1,4096,410,30076600,0,0
sample,long,dense-4,relationship,16,4,2,4096,410,32002900,0,0
sample,long,dense-4,relationship,16,4,3,4096,410,30496900,0,0
sample,long,dense-4,relationship,16,4,4,4096,410,28043800,0,0
sample,long,dense-4,relationship,16,4,5,4096,410,29544700,0,0
sample,long,dense-4,relationship,16,4,6,4096,410,29184400,0,0
summary,long,dense-4,relationship,6846.631,7260.059,7813.208
sample,long,dense-4,clipping,16,4,0,256,26,25082800,10588160,2
sample,long,dense-4,clipping,16,4,1,256,26,23649100,10588160,2
sample,long,dense-4,clipping,16,4,2,256,26,25854400,10588160,2
sample,long,dense-4,clipping,16,4,3,256,26,24690000,10588160,2
sample,long,dense-4,clipping,16,4,4,256,26,23800600,10588160,2
sample,long,dense-4,clipping,16,4,5,256,26,24066000,10588160,2
sample,long,dense-4,clipping,16,4,6,256,26,23588900,10588160,2
summary,long,dense-4,clipping,92144.141,94007.812,100993.750
sample,long,dense-16,relationship,64,16,0,1024,103,28632900,0,0
sample,long,dense-16,relationship,64,16,1,1024,103,26933000,0,0
sample,long,dense-16,relationship,64,16,2,1024,103,26902800,0,0
sample,long,dense-16,relationship,64,16,3,1024,103,26988100,0,0
sample,long,dense-16,relationship,64,16,4,1024,103,26845200,0,0
sample,long,dense-16,relationship,64,16,5,1024,103,28502600,0,0
sample,long,dense-16,relationship,64,16,6,1024,103,27603500,0,0
summary,long,dense-16,relationship,26216.016,26355.566,27961.816
sample,long,dense-16,clipping,64,16,0,64,7,28224500,9280512,2
sample,long,dense-16,clipping,64,16,1,64,7,29560200,9280512,2
sample,long,dense-16,clipping,64,16,2,64,7,36413100,9280512,2
sample,long,dense-16,clipping,64,16,3,64,7,34036900,9280512,2
sample,long,dense-16,clipping,64,16,4,64,7,30311500,9280512,2
sample,long,dense-16,clipping,64,16,5,64,7,30814400,9280512,2
sample,long,dense-16,clipping,64,16,6,64,7,30899300,9280512,2
summary,long,dense-16,clipping,441007.812,481475.000,568954.688
sample,long,dense-64,relationship,256,64,0,256,26,30805200,0,0
sample,long,dense-64,relationship,256,64,1,256,26,29212400,0,0
sample,long,dense-64,relationship,256,64,2,256,26,34958000,0,0
sample,long,dense-64,relationship,256,64,3,256,26,35226400,0,0
sample,long,dense-64,relationship,256,64,4,256,26,32143300,0,0
sample,long,dense-64,relationship,256,64,5,256,26,31933300,0,0
sample,long,dense-64,relationship,256,64,6,256,26,33037200,0,0
summary,long,dense-64,relationship,114110.938,125559.766,137603.125
sample,long,dense-64,clipping,256,64,0,8,1,20543600,4448256,1
sample,long,dense-64,clipping,256,64,1,8,1,21577600,4448256,1
sample,long,dense-64,clipping,256,64,2,8,1,18843500,4448256,1
sample,long,dense-64,clipping,256,64,3,8,1,18955300,4448256,1
sample,long,dense-64,clipping,256,64,4,8,1,18617900,4448256,1
sample,long,dense-64,clipping,256,64,5,8,1,18747800,4448256,1
sample,long,dense-64,clipping,256,64,6,8,1,19821800,4448256,1
summary,long,dense-64,clipping,2327237.500,2369412.500,2697200.000
sample,long,wide-integral,relationship,4,1,0,32768,3277,35683800,0,0
sample,long,wide-integral,relationship,4,1,1,32768,3277,35185500,0,0
sample,long,wide-integral,relationship,4,1,2,32768,3277,34798800,0,0
sample,long,wide-integral,relationship,4,1,3,32768,3277,35601700,0,0
sample,long,wide-integral,relationship,4,1,4,32768,3277,36907100,0,0
sample,long,wide-integral,relationship,4,1,5,32768,3277,37418200,0,0
sample,long,wide-integral,relationship,4,1,6,32768,3277,35167500,0,0
summary,long,wide-integral,relationship,1061.975,1086.478,1141.913
sample,long,wide-integral,clipping,4,1,0,1024,103,25824100,16957440,4
sample,long,wide-integral,clipping,4,1,1,1024,103,36988200,16957440,4
sample,long,wide-integral,clipping,4,1,2,1024,103,26974800,16957440,4
sample,long,wide-integral,clipping,4,1,3,1024,103,28237800,16957440,4
sample,long,wide-integral,clipping,4,1,4,1024,103,26525000,16957440,4
sample,long,wide-integral,clipping,4,1,5,1024,103,24219400,16957440,4
sample,long,wide-integral,clipping,4,1,6,1024,103,26256800,16957440,4
summary,long,wide-integral,clipping,23651.758,25903.320,36121.289
sample,long,endpoint-collapse,relationship,4,0,0,16384,1639,28081700,0,0
sample,long,endpoint-collapse,relationship,4,0,1,16384,1639,26034700,0,0
sample,long,endpoint-collapse,relationship,4,0,2,16384,1639,26915900,0,0
sample,long,endpoint-collapse,relationship,4,0,3,16384,1639,26113600,0,0
sample,long,endpoint-collapse,relationship,4,0,4,16384,1639,24782000,0,0
sample,long,endpoint-collapse,relationship,4,0,5,16384,1639,26812000,0,0
sample,long,endpoint-collapse,relationship,4,0,6,16384,1639,25304800,0,0
summary,long,endpoint-collapse,relationship,1512.573,1593.848,1713.971
sample,long,endpoint-collapse,clipping,4,0,0,1024,103,20300800,16924672,4
sample,long,endpoint-collapse,clipping,4,0,1,1024,103,21300400,16924672,4
sample,long,endpoint-collapse,clipping,4,0,2,1024,103,19562900,16924672,4
sample,long,endpoint-collapse,clipping,4,0,3,1024,103,19020300,16924672,4
sample,long,endpoint-collapse,clipping,4,0,4,1024,103,19364400,16924672,4
sample,long,endpoint-collapse,clipping,4,0,5,1024,103,18534400,16924672,4
sample,long,endpoint-collapse,clipping,4,0,6,1024,103,18579300,16924672,4
summary,long,endpoint-collapse,clipping,18100.000,18910.547,20801.172
sample,long,gap-collapse,relationship,8,0,0,8192,820,32222000,0,0
sample,long,gap-collapse,relationship,8,0,1,8192,820,30153300,0,0
sample,long,gap-collapse,relationship,8,0,2,8192,820,31030700,0,0
sample,long,gap-collapse,relationship,8,0,3,8192,820,29264100,0,0
sample,long,gap-collapse,relationship,8,0,4,8192,820,29914300,0,0
sample,long,gap-collapse,relationship,8,0,5,8192,820,31262900,0,0
sample,long,gap-collapse,relationship,8,0,6,8192,820,32938600,0,0
summary,long,gap-collapse,relationship,3572.278,3787.927,4020.825
sample,long,gap-collapse,clipping,8,0,0,512,52,25507200,12697600,3
sample,long,gap-collapse,clipping,8,0,1,512,52,23716600,12697600,3
sample,long,gap-collapse,clipping,8,0,2,512,52,25321900,12697600,3
sample,long,gap-collapse,clipping,8,0,3,512,52,24931300,12697600,3
sample,long,gap-collapse,clipping,8,0,4,512,52,39615700,12697600,3
sample,long,gap-collapse,clipping,8,0,5,512,52,26371400,12697600,3
sample,long,gap-collapse,clipping,8,0,6,512,52,25443600,12697600,3
summary,long,gap-collapse,clipping,46321.484,49694.531,77374.414
fixture,float,exterior,4,1,success,0
fixture,float,interior,4,4,success,1
fixture,float,crossing,4,7,success,1
fixture,float,boundary-only,4,10,success,1
fixture,float,boundary-overlap,4,11,success,1
fixture,float,isolated-tangent,4,3,success,0
fixture,float,degenerate-interior,4,4,success,0
fixture,float,degenerate-boundary,4,2,success,0
fixture,float,empty,0,1,success,0
fixture,float,concave-u,8,7,success,2
fixture,float,hole,8,7,success,2
fixture,float,hole-reversed,8,7,success,2
fixture,float,rational-crossing,3,7,success,1
fixture,float,sparse-1,4,7,success,1
fixture,float,sparse-4,16,7,success,1
fixture,float,sparse-16,64,7,success,1
fixture,float,sparse-64,256,7,success,1
fixture,float,dense-1,4,7,success,1
fixture,float,dense-4,16,7,success,4
fixture,float,dense-16,64,7,success,16
fixture,float,dense-64,256,7,success,64
fixture,float,subnormal,4,7,success,1
fixture,float,large-finite,4,7,success,1
preflight,float,23,PASS
sample,float,exterior,relationship,4,0,0,16384,1639,21631000,0,0
sample,float,exterior,relationship,4,0,1,16384,1639,26154300,0,0
sample,float,exterior,relationship,4,0,2,16384,1639,24212100,0,0
sample,float,exterior,relationship,4,0,3,16384,1639,27306700,0,0
sample,float,exterior,relationship,4,0,4,16384,1639,25329500,0,0
sample,float,exterior,relationship,4,0,5,16384,1639,23371900,0,0
sample,float,exterior,relationship,4,0,6,16384,1639,22394800,0,0
summary,float,exterior,relationship,1320.251,1477.789,1666.669
sample,float,exterior,clipping,4,0,0,8192,820,37870700,67895296,16
sample,float,exterior,clipping,4,0,1,8192,820,38370500,67895296,16
sample,float,exterior,clipping,4,0,2,8192,820,40850000,67895296,16
sample,float,exterior,clipping,4,0,3,8192,820,38635400,67895296,16
sample,float,exterior,clipping,4,0,4,8192,820,39929100,67895296,16
sample,float,exterior,clipping,4,0,5,8192,820,56524200,67895296,16
sample,float,exterior,clipping,4,0,6,8192,820,43196700,67895296,16
summary,float,exterior,clipping,4622.888,4874.158,6899.927
sample,float,interior,relationship,4,1,0,16384,1639,20823000,0,0
sample,float,interior,relationship,4,1,1,16384,1639,23602600,0,0
sample,float,interior,relationship,4,1,2,16384,1639,24701100,0,0
sample,float,interior,relationship,4,1,3,16384,1639,26018200,0,0
sample,float,interior,relationship,4,1,4,16384,1639,26021200,0,0
sample,float,interior,relationship,4,1,5,16384,1639,25067500,0,0
sample,float,interior,relationship,4,1,6,16384,1639,24273500,0,0
summary,float,interior,relationship,1270.935,1507.635,1588.208
sample,float,interior,clipping,4,1,0,2048,205,21724700,17072128,4
sample,float,interior,clipping,4,1,1,2048,205,20089800,17072128,4
sample,float,interior,clipping,4,1,2,2048,205,25100800,17072128,4
sample,float,interior,clipping,4,1,3,2048,205,38725800,17072128,4
sample,float,interior,clipping,4,1,4,2048,205,23352400,17072128,4
sample,float,interior,clipping,4,1,5,2048,205,19420800,17072128,4
sample,float,interior,clipping,4,1,6,2048,205,19412200,17072128,4
summary,float,interior,clipping,9478.613,10607.764,18909.082
sample,float,crossing,relationship,4,1,0,16384,1639,21568000,0,0
sample,float,crossing,relationship,4,1,1,16384,1639,21713800,0,0
sample,float,crossing,relationship,4,1,2,16384,1639,21201500,0,0
sample,float,crossing,relationship,4,1,3,16384,1639,19973800,0,0
sample,float,crossing,relationship,4,1,4,16384,1639,21005400,0,0
sample,float,crossing,relationship,4,1,5,16384,1639,19958800,0,0
sample,float,crossing,relationship,4,1,6,16384,1639,19530900,0,0
summary,float,crossing,relationship,1192.072,1282.068,1325.305
sample,float,crossing,clipping,4,1,0,1024,103,21035400,16957440,4
sample,float,crossing,clipping,4,1,1,1024,103,21993700,16957440,4
sample,float,crossing,clipping,4,1,2,1024,103,22588500,16957440,4
sample,float,crossing,clipping,4,1,3,1024,103,24450300,16957440,4
sample,float,crossing,clipping,4,1,4,1024,103,24427100,16957440,4
sample,float,crossing,clipping,4,1,5,1024,103,23954500,16957440,4
sample,float,crossing,clipping,4,1,6,1024,103,20803400,16957440,4
summary,float,crossing,clipping,20315.820,22059.082,23877.246
sample,float,boundary-only,relationship,4,1,0,16384,1639,25398500,0,0
sample,float,boundary-only,relationship,4,1,1,16384,1639,25469700,0,0
sample,float,boundary-only,relationship,4,1,2,16384,1639,25997600,0,0
sample,float,boundary-only,relationship,4,1,3,16384,1639,24287200,0,0
sample,float,boundary-only,relationship,4,1,4,16384,1639,25552200,0,0
sample,float,boundary-only,relationship,4,1,5,16384,1639,23080500,0,0
sample,float,boundary-only,relationship,4,1,6,16384,1639,24884300,0,0
summary,float,boundary-only,relationship,1408.722,1550.201,1586.768
sample,float,boundary-only,clipping,4,1,0,2048,205,29651500,42237952,10
sample,float,boundary-only,clipping,4,1,1,2048,205,35340500,42237952,10
sample,float,boundary-only,clipping,4,1,2,2048,205,32990100,42237952,10
sample,float,boundary-only,clipping,4,1,3,2048,205,30029100,42237952,10
sample,float,boundary-only,clipping,4,1,4,2048,205,28590200,42237952,10
sample,float,boundary-only,clipping,4,1,5,2048,205,27553600,42237952,10
sample,float,boundary-only,clipping,4,1,6,2048,205,31169300,42237952,10
summary,float,boundary-only,clipping,13453.906,14662.646,17256.104
sample,float,boundary-overlap,relationship,4,1,0,8192,820,21963900,0,0
sample,float,boundary-overlap,relationship,4,1,1,8192,820,16515900,0,0
sample,float,boundary-overlap,relationship,4,1,2,8192,820,17500400,0,0
sample,float,boundary-overlap,relationship,4,1,3,8192,820,16026900,0,0
sample,float,boundary-overlap,relationship,4,1,4,8192,820,16023700,0,0
sample,float,boundary-overlap,relationship,4,1,5,8192,820,17592200,0,0
sample,float,boundary-overlap,relationship,4,1,6,8192,820,17299200,0,0
summary,float,boundary-overlap,relationship,1956.018,2111.719,2681.140
sample,float,boundary-overlap,clipping,4,1,0,2048,205,34782200,42303488,10
sample,float,boundary-overlap,clipping,4,1,1,2048,205,30749800,42303488,10
sample,float,boundary-overlap,clipping,4,1,2,2048,205,28718200,42303488,10
sample,float,boundary-overlap,clipping,4,1,3,2048,205,30519900,42303488,10
sample,float,boundary-overlap,clipping,4,1,4,2048,205,32398500,42303488,10
sample,float,boundary-overlap,clipping,4,1,5,2048,205,31569600,42303488,10
sample,float,boundary-overlap,clipping,4,1,6,2048,205,33061300,42303488,10
summary,float,boundary-overlap,clipping,14022.559,15414.844,16983.496
sample,float,isolated-tangent,relationship,4,0,0,16384,1639,38006200,0,0
sample,float,isolated-tangent,relationship,4,0,1,16384,1639,41923100,0,0
sample,float,isolated-tangent,relationship,4,0,2,16384,1639,42344400,0,0
sample,float,isolated-tangent,relationship,4,0,3,16384,1639,41133900,0,0
sample,float,isolated-tangent,relationship,4,0,4,16384,1639,38607600,0,0
sample,float,isolated-tangent,relationship,4,0,5,16384,1639,41014400,0,0
sample,float,isolated-tangent,relationship,4,0,6,16384,1639,41062700,0,0
summary,float,isolated-tangent,relationship,2319.714,2506.268,2584.497
sample,float,isolated-tangent,clipping,4,0,0,4096,410,32492700,67502080,16
sample,float,isolated-tangent,clipping,4,0,1,4096,410,33576400,67502080,16
sample,float,isolated-tangent,clipping,4,0,2,4096,410,31265800,67502080,16
sample,float,isolated-tangent,clipping,4,0,3,4096,410,36800600,67502080,16
sample,float,isolated-tangent,clipping,4,0,4,4096,410,47853200,67502080,16
sample,float,isolated-tangent,clipping,4,0,5,4096,410,31360600,67502080,16
sample,float,isolated-tangent,clipping,4,0,6,4096,410,32182600,67502080,16
summary,float,isolated-tangent,clipping,7633.252,7932.788,11682.910
sample,float,degenerate-interior,relationship,4,0,0,65536,6554,3792600,0,0
sample,float,degenerate-interior,relationship,4,0,1,65536,6554,3505700,0,0
sample,float,degenerate-interior,relationship,4,0,2,65536,6554,3567800,0,0
sample,float,degenerate-interior,relationship,4,0,3,65536,6554,4264900,0,0
sample,float,degenerate-interior,relationship,4,0,4,65536,6554,3536800,0,0
sample,float,degenerate-interior,relationship,4,0,5,65536,6554,3641300,0,0
sample,float,degenerate-interior,relationship,4,0,6,65536,6554,3382400,0,0
summary,float,degenerate-interior,relationship,51.611,54.440,65.077
sample,float,degenerate-interior,clipping,4,0,0,65536,6554,315900,0,0
sample,float,degenerate-interior,clipping,4,0,1,65536,6554,402100,0,0
sample,float,degenerate-interior,clipping,4,0,2,65536,6554,410700,0,0
sample,float,degenerate-interior,clipping,4,0,3,65536,6554,550200,0,0
sample,float,degenerate-interior,clipping,4,0,4,65536,6554,508400,0,0
sample,float,degenerate-interior,clipping,4,0,5,65536,6554,657300,0,0
sample,float,degenerate-interior,clipping,4,0,6,65536,6554,476600,0,0
summary,float,degenerate-interior,clipping,4.820,7.272,10.030
sample,float,degenerate-boundary,relationship,4,0,0,65536,6554,3922600,0,0
sample,float,degenerate-boundary,relationship,4,0,1,65536,6554,4651200,0,0
sample,float,degenerate-boundary,relationship,4,0,2,65536,6554,3621100,0,0
sample,float,degenerate-boundary,relationship,4,0,3,65536,6554,3524800,0,0
sample,float,degenerate-boundary,relationship,4,0,4,65536,6554,3950200,0,0
sample,float,degenerate-boundary,relationship,4,0,5,65536,6554,4749400,0,0
sample,float,degenerate-boundary,relationship,4,0,6,65536,6554,3805000,0,0
summary,float,degenerate-boundary,relationship,53.784,59.854,72.470
sample,float,degenerate-boundary,clipping,4,0,0,65536,6554,312800,0,0
sample,float,degenerate-boundary,clipping,4,0,1,65536,6554,312800,0,0
sample,float,degenerate-boundary,clipping,4,0,2,65536,6554,312800,0,0
sample,float,degenerate-boundary,clipping,4,0,3,65536,6554,578000,0,0
sample,float,degenerate-boundary,clipping,4,0,4,65536,6554,312900,0,0
sample,float,degenerate-boundary,clipping,4,0,5,65536,6554,312800,0,0
sample,float,degenerate-boundary,clipping,4,0,6,65536,6554,312900,0,0
summary,float,degenerate-boundary,clipping,4.773,4.773,8.820
sample,float,empty,relationship,0,0,0,65536,6554,1060900,0,0
sample,float,empty,relationship,0,0,1,65536,6554,1096500,0,0
sample,float,empty,relationship,0,0,2,65536,6554,1429200,0,0
sample,float,empty,relationship,0,0,3,65536,6554,1500300,0,0
sample,float,empty,relationship,0,0,4,65536,6554,1316800,0,0
sample,float,empty,relationship,0,0,5,65536,6554,1314200,0,0
sample,float,empty,relationship,0,0,6,65536,6554,1209000,0,0
summary,float,empty,relationship,16.188,20.053,22.893
sample,float,empty,clipping,0,0,0,65536,6554,372500,0,0
sample,float,empty,clipping,0,0,1,65536,6554,398100,0,0
sample,float,empty,clipping,0,0,2,65536,6554,403500,0,0
sample,float,empty,clipping,0,0,3,65536,6554,462900,0,0
sample,float,empty,clipping,0,0,4,65536,6554,410700,0,0
sample,float,empty,clipping,0,0,5,65536,6554,630800,0,0
sample,float,empty,clipping,0,0,6,65536,6554,312900,0,0
summary,float,empty,clipping,4.774,6.157,9.625
sample,float,concave-u,relationship,8,2,0,8192,820,25843900,0,0
sample,float,concave-u,relationship,8,2,1,8192,820,27083900,0,0
sample,float,concave-u,relationship,8,2,2,8192,820,27712400,0,0
sample,float,concave-u,relationship,8,2,3,8192,820,29341900,0,0
sample,float,concave-u,relationship,8,2,4,8192,820,25761700,0,0
sample,float,concave-u,relationship,8,2,5,8192,820,25490700,0,0
sample,float,concave-u,relationship,8,2,6,8192,820,25703200,0,0
summary,float,concave-u,relationship,3111.658,3154.773,3581.775
sample,float,concave-u,clipping,8,2,0,512,52,21760700,12713984,3
sample,float,concave-u,clipping,8,2,1,512,52,22025000,12713984,3
sample,float,concave-u,clipping,8,2,2,512,52,24052700,12713984,3
sample,float,concave-u,clipping,8,2,3,512,52,22334300,12713984,3
sample,float,concave-u,clipping,8,2,4,512,52,22189000,12713984,3
sample,float,concave-u,clipping,8,2,5,512,52,22086100,12713984,3
sample,float,concave-u,clipping,8,2,6,512,52,22084400,12713984,3
summary,float,concave-u,clipping,42501.367,43136.914,46977.930
sample,float,hole,relationship,8,2,0,8192,820,25562700,0,0
sample,float,hole,relationship,8,2,1,8192,820,27153700,0,0
sample,float,hole,relationship,8,2,2,8192,820,27668800,0,0
sample,float,hole,relationship,8,2,3,8192,820,25810800,0,0
sample,float,hole,relationship,8,2,4,8192,820,26656600,0,0
sample,float,hole,relationship,8,2,5,8192,820,26941500,0,0
sample,float,hole,relationship,8,2,6,8192,820,26408100,0,0
summary,float,hole,relationship,3120.447,3253.979,3377.539
sample,float,hole,clipping,8,2,0,512,52,24084700,12713984,3
sample,float,hole,clipping,8,2,1,512,52,22857200,12713984,3
sample,float,hole,clipping,8,2,2,512,52,22501300,12713984,3
sample,float,hole,clipping,8,2,3,512,52,27771600,12713984,3
sample,float,hole,clipping,8,2,4,512,52,25277100,12713984,3
sample,float,hole,clipping,8,2,5,512,52,21902600,12713984,3
sample,float,hole,clipping,8,2,6,512,52,22136500,12713984,3
summary,float,hole,clipping,42778.516,44642.969,54241.406
sample,float,hole-reversed,relationship,8,2,0,8192,820,26050700,0,0
sample,float,hole-reversed,relationship,8,2,1,8192,820,25923100,0,0
sample,float,hole-reversed,relationship,8,2,2,8192,820,26017200,0,0
sample,float,hole-reversed,relationship,8,2,3,8192,820,25540500,0,0
sample,float,hole-reversed,relationship,8,2,4,8192,820,25810500,0,0
sample,float,hole-reversed,relationship,8,2,5,8192,820,25564400,0,0
sample,float,hole-reversed,relationship,8,2,6,8192,820,25735800,0,0
summary,float,hole-reversed,relationship,3117.737,3150.696,3180.017
sample,float,hole-reversed,clipping,8,2,0,512,52,22325300,12713984,3
sample,float,hole-reversed,clipping,8,2,1,512,52,22118100,12713984,3
sample,float,hole-reversed,clipping,8,2,2,512,52,21964300,12713984,3
sample,float,hole-reversed,clipping,8,2,3,512,52,21756100,12713984,3
sample,float,hole-reversed,clipping,8,2,4,512,52,21925900,12713984,3
sample,float,hole-reversed,clipping,8,2,5,512,52,22409300,12713984,3
sample,float,hole-reversed,clipping,8,2,6,512,52,21406400,12713984,3
summary,float,hole-reversed,clipping,41809.375,42899.023,43768.164
sample,float,rational-crossing,relationship,3,1,0,32768,3277,25946700,0,0
sample,float,rational-crossing,relationship,3,1,1,32768,3277,28585500,0,0
sample,float,rational-crossing,relationship,3,1,2,32768,3277,26733700,0,0
sample,float,rational-crossing,relationship,3,1,3,32768,3277,26033900,0,0
sample,float,rational-crossing,relationship,3,1,4,32768,3277,28170400,0,0
sample,float,rational-crossing,relationship,3,1,5,32768,3277,29395500,0,0
sample,float,rational-crossing,relationship,3,1,6,32768,3277,26252000,0,0
summary,float,rational-crossing,relationship,791.830,815.848,897.079
sample,float,rational-crossing,clipping,3,1,0,2048,205,37662200,33914880,8
sample,float,rational-crossing,clipping,3,1,1,2048,205,39083700,33914880,8
sample,float,rational-crossing,clipping,3,1,2,2048,205,39201300,33914880,8
sample,float,rational-crossing,clipping,3,1,3,2048,205,38325200,33914880,8
sample,float,rational-crossing,clipping,3,1,4,2048,205,50397500,33914880,8
sample,float,rational-crossing,clipping,3,1,5,2048,205,37737200,33914880,8
sample,float,rational-crossing,clipping,3,1,6,2048,205,39540800,33914880,8
summary,float,rational-crossing,clipping,18389.746,19083.838,24608.154
sample,float,sparse-1,relationship,4,1,0,32768,3277,36669500,0,0
sample,float,sparse-1,relationship,4,1,1,32768,3277,36856500,0,0
sample,float,sparse-1,relationship,4,1,2,32768,3277,40074500,0,0
sample,float,sparse-1,relationship,4,1,3,32768,3277,42484100,0,0
sample,float,sparse-1,relationship,4,1,4,32768,3277,38491300,0,0
sample,float,sparse-1,relationship,4,1,5,32768,3277,38995700,0,0
sample,float,sparse-1,relationship,4,1,6,32768,3277,38739000,0,0
summary,float,sparse-1,relationship,1119.064,1182.220,1296.512
sample,float,sparse-1,clipping,4,1,0,2048,205,38309800,33914880,8
sample,float,sparse-1,clipping,4,1,1,2048,205,37971500,33914880,8
sample,float,sparse-1,clipping,4,1,2,2048,205,37527700,33914880,8
sample,float,sparse-1,clipping,4,1,3,2048,205,37869000,33914880,8
sample,float,sparse-1,clipping,4,1,4,2048,205,41690500,33914880,8
sample,float,sparse-1,clipping,4,1,5,2048,205,46508700,33914880,8
sample,float,sparse-1,clipping,4,1,6,2048,205,46308700,33914880,8
summary,float,sparse-1,clipping,18324.072,18705.957,22709.326
sample,float,sparse-4,relationship,16,1,0,4096,410,24727500,0,0
sample,float,sparse-4,relationship,16,1,1,4096,410,24677900,0,0
sample,float,sparse-4,relationship,16,1,2,4096,410,24684600,0,0
sample,float,sparse-4,relationship,16,1,3,4096,410,25175800,0,0
sample,float,sparse-4,relationship,16,1,4,4096,410,24064900,0,0
sample,float,sparse-4,relationship,16,1,5,4096,410,37727500,0,0
sample,float,sparse-4,relationship,16,1,6,4096,410,26645700,0,0
summary,float,sparse-4,relationship,5875.220,6036.987,9210.815
sample,float,sparse-4,clipping,16,1,0,1024,103,34268400,16957440,4
sample,float,sparse-4,clipping,16,1,1,1024,103,29936100,16957440,4
sample,float,sparse-4,clipping,16,1,2,1024,103,28935000,16957440,4
sample,float,sparse-4,clipping,16,1,3,1024,103,27999500,16957440,4
sample,float,sparse-4,clipping,16,1,4,1024,103,28136300,16957440,4
sample,float,sparse-4,clipping,16,1,5,1024,103,30561000,16957440,4
sample,float,sparse-4,clipping,16,1,6,1024,103,29928300,16957440,4
summary,float,sparse-4,clipping,27343.262,29226.855,33465.234
sample,float,sparse-16,relationship,64,1,0,1024,103,22322800,0,0
sample,float,sparse-16,relationship,64,1,1,1024,103,24754500,0,0
sample,float,sparse-16,relationship,64,1,2,1024,103,22708400,0,0
sample,float,sparse-16,relationship,64,1,3,1024,103,26361900,0,0
sample,float,sparse-16,relationship,64,1,4,1024,103,24573700,0,0
sample,float,sparse-16,relationship,64,1,5,1024,103,25611800,0,0
sample,float,sparse-16,relationship,64,1,6,1024,103,23734100,0,0
summary,float,sparse-16,relationship,21799.609,23997.754,25744.043
sample,float,sparse-16,clipping,64,1,0,512,52,24641000,8478720,2
sample,float,sparse-16,clipping,64,1,1,512,52,26343900,8478720,2
sample,float,sparse-16,clipping,64,1,2,512,52,25985600,8478720,2
sample,float,sparse-16,clipping,64,1,3,512,52,28019100,8478720,2
sample,float,sparse-16,clipping,64,1,4,512,52,27350000,8478720,2
sample,float,sparse-16,clipping,64,1,5,512,52,25962800,8478720,2
sample,float,sparse-16,clipping,64,1,6,512,52,27203800,8478720,2
summary,float,sparse-16,clipping,48126.953,51452.930,54724.805
sample,float,sparse-64,relationship,256,1,0,256,26,22851600,0,0
sample,float,sparse-64,relationship,256,1,1,256,26,25188200,0,0
sample,float,sparse-64,relationship,256,1,2,256,26,22499000,0,0
sample,float,sparse-64,relationship,256,1,3,256,26,23465700,0,0
sample,float,sparse-64,relationship,256,1,4,256,26,23441500,0,0
sample,float,sparse-64,relationship,256,1,5,256,26,21964800,0,0
sample,float,sparse-64,relationship,256,1,6,256,26,23396600,0,0
summary,float,sparse-64,relationship,85800.000,91392.969,98391.406
sample,float,sparse-64,clipping,256,1,0,256,26,37441600,4239360,1
sample,float,sparse-64,clipping,256,1,1,256,26,39196400,4239360,1
sample,float,sparse-64,clipping,256,1,2,256,26,36850700,4239360,1
sample,float,sparse-64,clipping,256,1,3,256,26,37042500,4239360,1
sample,float,sparse-64,clipping,256,1,4,256,26,38402000,4239360,1
sample,float,sparse-64,clipping,256,1,5,256,26,42927400,4239360,1
sample,float,sparse-64,clipping,256,1,6,256,26,41591200,4239360,1
summary,float,sparse-64,clipping,143948.047,150007.812,167685.156
sample,float,dense-1,relationship,4,1,0,32768,3277,43024200,0,0
sample,float,dense-1,relationship,4,1,1,32768,3277,43652700,0,0
sample,float,dense-1,relationship,4,1,2,32768,3277,45457800,0,0
sample,float,dense-1,relationship,4,1,3,32768,3277,42307400,0,0
sample,float,dense-1,relationship,4,1,4,32768,3277,45359800,0,0
sample,float,dense-1,relationship,4,1,5,32768,3277,48430700,0,0
sample,float,dense-1,relationship,4,1,6,32768,3277,47786000,0,0
summary,float,dense-1,relationship,1291.119,1384.271,1477.988
sample,float,dense-1,clipping,4,1,0,1024,103,23137800,16957440,4
sample,float,dense-1,clipping,4,1,1,1024,103,22209900,16957440,4
sample,float,dense-1,clipping,4,1,2,1024,103,26534000,16957440,4
sample,float,dense-1,clipping,4,1,3,1024,103,23800700,16957440,4
sample,float,dense-1,clipping,4,1,4,1024,103,26875800,16957440,4
sample,float,dense-1,clipping,4,1,5,1024,103,26748400,16957440,4
sample,float,dense-1,clipping,4,1,6,1024,103,23238500,16957440,4
summary,float,dense-1,clipping,21689.355,23242.871,26245.898
sample,float,dense-4,relationship,16,4,0,4096,410,34917700,0,0
sample,float,dense-4,relationship,16,4,1,4096,410,34457800,0,0
sample,float,dense-4,relationship,16,4,2,4096,410,34242200,0,0
sample,float,dense-4,relationship,16,4,3,4096,410,33133700,0,0
sample,float,dense-4,relationship,16,4,4,4096,410,31056200,0,0
sample,float,dense-4,relationship,16,4,5,4096,410,31490000,0,0
sample,float,dense-4,relationship,16,4,6,4096,410,33566600,0,0
summary,float,dense-4,relationship,7582.080,8194.971,8524.829
sample,float,dense-4,clipping,16,4,0,256,26,27950900,10588160,2
sample,float,dense-4,clipping,16,4,1,256,26,28791900,10588160,2
sample,float,dense-4,clipping,16,4,2,256,26,26529900,10588160,2
sample,float,dense-4,clipping,16,4,3,256,26,29674100,10588160,2
sample,float,dense-4,clipping,16,4,4,256,26,30121900,10588160,2
sample,float,dense-4,clipping,16,4,5,256,26,28588200,10588160,2
sample,float,dense-4,clipping,16,4,6,256,26,28851800,10588160,2
summary,float,dense-4,clipping,103632.422,112468.359,117663.672
sample,float,dense-16,relationship,64,16,0,1024,103,33915900,0,0
sample,float,dense-16,relationship,64,16,1,1024,103,33250100,0,0
sample,float,dense-16,relationship,64,16,2,1024,103,34452300,0,0
sample,float,dense-16,relationship,64,16,3,1024,103,33989800,0,0
sample,float,dense-16,relationship,64,16,4,1024,103,33930900,0,0
sample,float,dense-16,relationship,64,16,5,1024,103,33482000,0,0
sample,float,dense-16,relationship,64,16,6,1024,103,33030700,0,0
summary,float,dense-16,relationship,32256.543,33120.996,33644.824
sample,float,dense-16,clipping,64,16,0,64,7,36321400,9280512,2
sample,float,dense-16,clipping,64,16,1,64,7,33963500,9280512,2
sample,float,dense-16,clipping,64,16,2,64,7,44431600,9280512,2
sample,float,dense-16,clipping,64,16,3,64,7,37181300,9280512,2
sample,float,dense-16,clipping,64,16,4,64,7,37399600,9280512,2
sample,float,dense-16,clipping,64,16,5,64,7,34247200,9280512,2
sample,float,dense-16,clipping,64,16,6,64,7,33805400,9280512,2
summary,float,dense-16,clipping,528209.375,567521.875,694243.750
sample,float,dense-64,relationship,256,64,0,256,26,36676900,0,0
sample,float,dense-64,relationship,256,64,1,256,26,37340000,0,0
sample,float,dense-64,relationship,256,64,2,256,26,34757700,0,0
sample,float,dense-64,relationship,256,64,3,256,26,34769700,0,0
sample,float,dense-64,relationship,256,64,4,256,26,33515300,0,0
sample,float,dense-64,relationship,256,64,5,256,26,36331500,0,0
sample,float,dense-64,relationship,256,64,6,256,26,36153200,0,0
summary,float,dense-64,relationship,130919.141,141223.438,145859.375
sample,float,dense-64,clipping,256,64,0,16,2,38598800,8896512,2
sample,float,dense-64,clipping,256,64,1,16,2,39245200,8896512,2
sample,float,dense-64,clipping,256,64,2,16,2,39418300,8896512,2
sample,float,dense-64,clipping,256,64,3,16,2,41030200,8896512,2
sample,float,dense-64,clipping,256,64,4,16,2,38692000,8896512,2
sample,float,dense-64,clipping,256,64,5,16,2,37579800,8896512,2
sample,float,dense-64,clipping,256,64,6,16,2,40164000,8896512,2
summary,float,dense-64,clipping,2348737.500,2452825.000,2564387.500
sample,float,subnormal,relationship,4,1,0,16384,1639,21031700,0,0
sample,float,subnormal,relationship,4,1,1,16384,1639,20512900,0,0
sample,float,subnormal,relationship,4,1,2,16384,1639,19555800,0,0
sample,float,subnormal,relationship,4,1,3,16384,1639,20670100,0,0
sample,float,subnormal,relationship,4,1,4,16384,1639,20820600,0,0
sample,float,subnormal,relationship,4,1,5,16384,1639,19745000,0,0
sample,float,subnormal,relationship,4,1,6,16384,1639,33686000,0,0
summary,float,subnormal,relationship,1193.591,1261.603,2056.030
sample,float,subnormal,clipping,4,1,0,1024,103,21766700,16957440,4
sample,float,subnormal,clipping,4,1,1,1024,103,20599800,16957440,4
sample,float,subnormal,clipping,4,1,2,1024,103,20233300,16957440,4
sample,float,subnormal,clipping,4,1,3,1024,103,19418900,16957440,4
sample,float,subnormal,clipping,4,1,4,1024,103,22378600,16957440,4
sample,float,subnormal,clipping,4,1,5,1024,103,19237700,16957440,4
sample,float,subnormal,clipping,4,1,6,1024,103,20385700,16957440,4
summary,float,subnormal,clipping,18786.816,19907.910,21854.102
sample,float,large-finite,relationship,4,1,0,32768,3277,38766100,0,0
sample,float,large-finite,relationship,4,1,1,32768,3277,38728100,0,0
sample,float,large-finite,relationship,4,1,2,32768,3277,48764300,0,0
sample,float,large-finite,relationship,4,1,3,32768,3277,37809900,0,0
sample,float,large-finite,relationship,4,1,4,32768,3277,36484200,0,0
sample,float,large-finite,relationship,4,1,5,32768,3277,36975700,0,0
sample,float,large-finite,relationship,4,1,6,32768,3277,37056700,0,0
summary,float,large-finite,relationship,1113.409,1153.867,1488.168
sample,float,large-finite,clipping,4,1,0,1024,103,23947000,16957440,4
sample,float,large-finite,clipping,4,1,1,1024,103,22812300,16957440,4
sample,float,large-finite,clipping,4,1,2,1024,103,21172200,16957440,4
sample,float,large-finite,clipping,4,1,3,1024,103,22258500,16957440,4
sample,float,large-finite,clipping,4,1,4,1024,103,22111400,16957440,4
sample,float,large-finite,clipping,4,1,5,1024,103,21058700,16957440,4
sample,float,large-finite,clipping,4,1,6,1024,103,22489900,16957440,4
summary,float,large-finite,clipping,20565.137,21736.816,23385.742
fixture,double,exterior,4,1,success,0
fixture,double,interior,4,4,success,1
fixture,double,crossing,4,7,success,1
fixture,double,boundary-only,4,10,success,1
fixture,double,boundary-overlap,4,11,success,1
fixture,double,isolated-tangent,4,3,success,0
fixture,double,degenerate-interior,4,4,success,0
fixture,double,degenerate-boundary,4,2,success,0
fixture,double,empty,0,1,success,0
fixture,double,concave-u,8,7,success,2
fixture,double,hole,8,7,success,2
fixture,double,hole-reversed,8,7,success,2
fixture,double,rational-crossing,3,7,success,1
fixture,double,sparse-1,4,7,success,1
fixture,double,sparse-4,16,7,success,1
fixture,double,sparse-16,64,7,success,1
fixture,double,sparse-64,256,7,success,1
fixture,double,dense-1,4,7,success,1
fixture,double,dense-4,16,7,success,4
fixture,double,dense-16,64,7,success,16
fixture,double,dense-64,256,7,success,64
fixture,double,subnormal,4,7,success,1
fixture,double,large-finite,4,7,success,1
preflight,double,23,PASS
sample,double,exterior,relationship,4,0,0,32768,3277,38199400,0,0
sample,double,exterior,relationship,4,0,1,32768,3277,38761700,0,0
sample,double,exterior,relationship,4,0,2,32768,3277,37831700,0,0
sample,double,exterior,relationship,4,0,3,32768,3277,51855800,0,0
sample,double,exterior,relationship,4,0,4,32768,3277,41069800,0,0
sample,double,exterior,relationship,4,0,5,32768,3277,41428600,0,0
sample,double,exterior,relationship,4,0,6,32768,3277,40171900,0,0
summary,double,exterior,relationship,1154.532,1225.949,1582.513
sample,double,exterior,clipping,4,0,0,8192,820,37129800,67895296,16
sample,double,exterior,clipping,4,0,1,8192,820,39590700,67895296,16
sample,double,exterior,clipping,4,0,2,8192,820,34728400,67895296,16
sample,double,exterior,clipping,4,0,3,8192,820,34994700,67895296,16
sample,double,exterior,clipping,4,0,4,8192,820,33538200,67895296,16
sample,double,exterior,clipping,4,0,5,8192,820,36173900,67895296,16
sample,double,exterior,clipping,4,0,6,8192,820,36776200,67895296,16
summary,double,exterior,clipping,4094.019,4415.759,4832.849
sample,double,interior,relationship,4,1,0,16384,1639,20481900,0,0
sample,double,interior,relationship,4,1,1,16384,1639,19932200,0,0
sample,double,interior,relationship,4,1,2,16384,1639,20630300,0,0
sample,double,interior,relationship,4,1,3,16384,1639,20531900,0,0
sample,double,interior,relationship,4,1,4,16384,1639,21461400,0,0
sample,double,interior,relationship,4,1,5,16384,1639,20146400,0,0
sample,double,interior,relationship,4,1,6,16384,1639,20232900,0,0
summary,double,interior,relationship,1216.565,1250.116,1309.900
sample,double,interior,clipping,4,1,0,4096,410,35584400,34144256,8
sample,double,interior,clipping,4,1,1,4096,410,37717000,34144256,8
sample,double,interior,clipping,4,1,2,4096,410,39710900,34144256,8
sample,double,interior,clipping,4,1,3,4096,410,43253200,34144256,8
sample,double,interior,clipping,4,1,4,4096,410,39477900,34144256,8
sample,double,interior,clipping,4,1,5,4096,410,37112600,34144256,8
sample,double,interior,clipping,4,1,6,4096,410,38510200,34144256,8
summary,double,interior,clipping,8687.598,9401.904,10559.863
sample,double,crossing,relationship,4,1,0,16384,1639,20693300,0,0
sample,double,crossing,relationship,4,1,1,16384,1639,20115500,0,0
sample,double,crossing,relationship,4,1,2,16384,1639,21361400,0,0
sample,double,crossing,relationship,4,1,3,16384,1639,20448400,0,0
sample,double,crossing,relationship,4,1,4,16384,1639,20490900,0,0
sample,double,crossing,relationship,4,1,5,16384,1639,20345400,0,0
sample,double,crossing,relationship,4,1,6,16384,1639,20735600,0,0
summary,double,crossing,relationship,1227.753,1250.665,1303.796
sample,double,crossing,clipping,4,1,0,1024,103,25483600,16957440,4
sample,double,crossing,clipping,4,1,1,1024,103,21955100,16957440,4
sample,double,crossing,clipping,4,1,2,1024,103,21714600,16957440,4
sample,double,crossing,clipping,4,1,3,1024,103,20952400,16957440,4
sample,double,crossing,clipping,4,1,4,1024,103,20958800,16957440,4
sample,double,crossing,clipping,4,1,5,1024,103,20082600,16957440,4
sample,double,crossing,clipping,4,1,6,1024,103,21215700,16957440,4
summary,double,crossing,clipping,19611.914,20718.457,24886.328
sample,double,boundary-only,relationship,4,1,0,16384,1639,25184300,0,0
sample,double,boundary-only,relationship,4,1,1,16384,1639,25613700,0,0
sample,double,boundary-only,relationship,4,1,2,16384,1639,22045100,0,0
sample,double,boundary-only,relationship,4,1,3,16384,1639,22723400,0,0
sample,double,boundary-only,relationship,4,1,4,16384,1639,26094000,0,0
sample,double,boundary-only,relationship,4,1,5,16384,1639,23907600,0,0
sample,double,boundary-only,relationship,4,1,6,16384,1639,27954100,0,0
summary,double,boundary-only,relationship,1345.526,1537.128,1706.183
sample,double,boundary-only,clipping,4,1,0,2048,205,28830200,42237952,10
sample,double,boundary-only,clipping,4,1,1,2048,205,29664700,42237952,10
sample,double,boundary-only,clipping,4,1,2,2048,205,28480000,42237952,10
sample,double,boundary-only,clipping,4,1,3,2048,205,28288700,42237952,10
sample,double,boundary-only,clipping,4,1,4,2048,205,32677800,42237952,10
sample,double,boundary-only,clipping,4,1,5,2048,205,35293700,42237952,10
sample,double,boundary-only,clipping,4,1,6,2048,205,33080800,42237952,10
summary,double,boundary-only,clipping,13812.842,14484.717,17233.252
sample,double,boundary-overlap,relationship,4,1,0,16384,1639,34345700,0,0
sample,double,boundary-overlap,relationship,4,1,1,16384,1639,45462400,0,0
sample,double,boundary-overlap,relationship,4,1,2,16384,1639,35214900,0,0
sample,double,boundary-overlap,relationship,4,1,3,16384,1639,31819000,0,0
sample,double,boundary-overlap,relationship,4,1,4,16384,1639,30909400,0,0
sample,double,boundary-overlap,relationship,4,1,5,16384,1639,31214200,0,0
sample,double,boundary-overlap,relationship,4,1,6,16384,1639,33560100,0,0
summary,double,boundary-overlap,relationship,1886.560,2048.346,2774.805
sample,double,boundary-overlap,clipping,4,1,0,2048,205,30188000,42303488,10
sample,double,boundary-overlap,clipping,4,1,1,2048,205,30026900,42303488,10
sample,double,boundary-overlap,clipping,4,1,2,2048,205,31135000,42303488,10
sample,double,boundary-overlap,clipping,4,1,3,2048,205,32839700,42303488,10
sample,double,boundary-overlap,clipping,4,1,4,2048,205,30999800,42303488,10
sample,double,boundary-overlap,clipping,4,1,5,2048,205,32553000,42303488,10
sample,double,boundary-overlap,clipping,4,1,6,2048,205,30276900,42303488,10
summary,double,boundary-overlap,clipping,14661.572,15136.621,16035.010
sample,double,isolated-tangent,relationship,4,0,0,8192,820,19446200,0,0
sample,double,isolated-tangent,relationship,4,0,1,8192,820,18512600,0,0
sample,double,isolated-tangent,relationship,4,0,2,8192,820,18626200,0,0
sample,double,isolated-tangent,relationship,4,0,3,8192,820,22258500,0,0
sample,double,isolated-tangent,relationship,4,0,4,8192,820,19931300,0,0
sample,double,isolated-tangent,relationship,4,0,5,8192,820,21495600,0,0
sample,double,isolated-tangent,relationship,4,0,6,8192,820,20454800,0,0
summary,double,isolated-tangent,relationship,2259.839,2433.020,2717.102
sample,double,isolated-tangent,clipping,4,0,0,4096,410,30758000,67502080,16
sample,double,isolated-tangent,clipping,4,0,1,4096,410,33762200,67502080,16
sample,double,isolated-tangent,clipping,4,0,2,4096,410,34932400,67502080,16
sample,double,isolated-tangent,clipping,4,0,3,4096,410,40282800,67502080,16
sample,double,isolated-tangent,clipping,4,0,4,4096,410,32433900,67502080,16
sample,double,isolated-tangent,clipping,4,0,5,4096,410,28058800,67502080,16
sample,double,isolated-tangent,clipping,4,0,6,4096,410,30813800,67502080,16
summary,double,isolated-tangent,clipping,6850.293,7918.433,9834.668
sample,double,degenerate-interior,relationship,4,0,0,65536,6554,3744900,0,0
sample,double,degenerate-interior,relationship,4,0,1,65536,6554,3251300,0,0
sample,double,degenerate-interior,relationship,4,0,2,65536,6554,3312200,0,0
sample,double,degenerate-interior,relationship,4,0,3,65536,6554,4174000,0,0
sample,double,degenerate-interior,relationship,4,0,4,65536,6554,4705100,0,0
sample,double,degenerate-interior,relationship,4,0,5,65536,6554,3734100,0,0
sample,double,degenerate-interior,relationship,4,0,6,65536,6554,3276900,0,0
summary,double,degenerate-interior,relationship,49.611,56.978,71.794
sample,double,degenerate-interior,clipping,4,0,0,65536,6554,398200,0,0
sample,double,degenerate-interior,clipping,4,0,1,65536,6554,312800,0,0
sample,double,degenerate-interior,clipping,4,0,2,65536,6554,425600,0,0
sample,double,degenerate-interior,clipping,4,0,3,65536,6554,479600,0,0
sample,double,degenerate-interior,clipping,4,0,4,65536,6554,414500,0,0
sample,double,degenerate-interior,clipping,4,0,5,65536,6554,536100,0,0
sample,double,degenerate-interior,clipping,4,0,6,65536,6554,364800,0,0
summary,double,degenerate-interior,clipping,4.773,6.325,8.180
sample,double,degenerate-boundary,relationship,4,0,0,65536,6554,9007100,0,0
sample,double,degenerate-boundary,relationship,4,0,1,65536,6554,8340700,0,0
sample,double,degenerate-boundary,relationship,4,0,2,65536,6554,3374600,0,0
sample,double,degenerate-boundary,relationship,4,0,3,65536,6554,4751100,0,0
sample,double,degenerate-boundary,relationship,4,0,4,65536,6554,3483900,0,0
sample,double,degenerate-boundary,relationship,4,0,5,65536,6554,3686700,0,0
sample,double,degenerate-boundary,relationship,4,0,6,65536,6554,3341500,0,0
summary,double,degenerate-boundary,relationship,50.987,56.255,137.437
sample,double,degenerate-boundary,clipping,4,0,0,65536,6554,316600,0,0
sample,double,degenerate-boundary,clipping,4,0,1,65536,6554,355000,0,0
sample,double,degenerate-boundary,clipping,4,0,2,65536,6554,606700,0,0
sample,double,degenerate-boundary,clipping,4,0,3,65536,6554,453400,0,0
sample,double,degenerate-boundary,clipping,4,0,4,65536,6554,726600,0,0
sample,double,degenerate-boundary,clipping,4,0,5,65536,6554,447300,0,0
sample,double,degenerate-boundary,clipping,4,0,6,65536,6554,330700,0,0
summary,double,degenerate-boundary,clipping,4.831,6.825,11.087
sample,double,empty,relationship,0,0,0,65536,6554,1161500,0,0
sample,double,empty,relationship,0,0,1,65536,6554,1126800,0,0
sample,double,empty,relationship,0,0,2,65536,6554,1103300,0,0
sample,double,empty,relationship,0,0,3,65536,6554,1366600,0,0
sample,double,empty,relationship,0,0,4,65536,6554,1066500,0,0
sample,double,empty,relationship,0,0,5,65536,6554,1066900,0,0
sample,double,empty,relationship,0,0,6,65536,6554,1101000,0,0
summary,double,empty,relationship,16.273,16.835,20.853
sample,double,empty,clipping,0,0,0,65536,6554,470000,0,0
sample,double,empty,clipping,0,0,1,65536,6554,312800,0,0
sample,double,empty,clipping,0,0,2,65536,6554,532600,0,0
sample,double,empty,clipping,0,0,3,65536,6554,437800,0,0
sample,double,empty,clipping,0,0,4,65536,6554,707400,0,0
sample,double,empty,clipping,0,0,5,65536,6554,423300,0,0
sample,double,empty,clipping,0,0,6,65536,6554,333100,0,0
summary,double,empty,clipping,4.773,6.680,10.794
sample,double,concave-u,relationship,8,2,0,8192,820,27226400,0,0
sample,double,concave-u,relationship,8,2,1,8192,820,26913800,0,0
sample,double,concave-u,relationship,8,2,2,8192,820,30630300,0,0
sample,double,concave-u,relationship,8,2,3,8192,820,32379000,0,0
sample,double,concave-u,relationship,8,2,4,8192,820,28699100,0,0
sample,double,concave-u,relationship,8,2,5,8192,820,28517100,0,0
sample,double,concave-u,relationship,8,2,6,8192,820,27283800,0,0
summary,double,concave-u,relationship,3285.376,3481.091,3952.515
sample,double,concave-u,clipping,8,2,0,512,52,27685700,12713984,3
sample,double,concave-u,clipping,8,2,1,512,52,31475900,12713984,3
sample,double,concave-u,clipping,8,2,2,512,52,29695900,12713984,3
sample,double,concave-u,clipping,8,2,3,512,52,26341800,12713984,3
sample,double,concave-u,clipping,8,2,4,512,52,27650500,12713984,3
sample,double,concave-u,clipping,8,2,5,512,52,25700300,12713984,3
sample,double,concave-u,clipping,8,2,6,512,52,25950300,12713984,3
summary,double,concave-u,clipping,50195.898,54004.883,61476.367
sample,double,hole,relationship,8,2,0,8192,820,29921600,0,0
sample,double,hole,relationship,8,2,1,8192,820,29349700,0,0
sample,double,hole,relationship,8,2,2,8192,820,28209800,0,0
sample,double,hole,relationship,8,2,3,8192,820,28667200,0,0
sample,double,hole,relationship,8,2,4,8192,820,30005300,0,0
sample,double,hole,relationship,8,2,5,8192,820,30318800,0,0
sample,double,hole,relationship,8,2,6,8192,820,33486200,0,0
summary,double,hole,relationship,3443.579,3652.539,4087.671
sample,double,hole,clipping,8,2,0,512,52,26707300,12713984,3
sample,double,hole,clipping,8,2,1,512,52,25274800,12713984,3
sample,double,hole,clipping,8,2,2,512,52,29113300,12713984,3
sample,double,hole,clipping,8,2,3,512,52,31555100,12713984,3
sample,double,hole,clipping,8,2,4,512,52,48790700,12713984,3
sample,double,hole,clipping,8,2,5,512,52,27568900,12713984,3
sample,double,hole,clipping,8,2,6,512,52,29899200,12713984,3
summary,double,hole,clipping,49364.844,56861.914,95294.336
sample,double,hole-reversed,relationship,8,2,0,8192,820,34846600,0,0
sample,double,hole-reversed,relationship,8,2,1,8192,820,37804000,0,0
sample,double,hole-reversed,relationship,8,2,2,8192,820,32203900,0,0
sample,double,hole-reversed,relationship,8,2,3,8192,820,31388200,0,0
sample,double,hole-reversed,relationship,8,2,4,8192,820,32494300,0,0
sample,double,hole-reversed,relationship,8,2,5,8192,820,37893900,0,0
sample,double,hole-reversed,relationship,8,2,6,8192,820,35020900,0,0
summary,double,hole-reversed,relationship,3831.567,4253.735,4625.720
sample,double,hole-reversed,clipping,8,2,0,512,52,26091300,12713984,3
sample,double,hole-reversed,clipping,8,2,1,512,52,26076400,12713984,3
sample,double,hole-reversed,clipping,8,2,2,512,52,28012300,12713984,3
sample,double,hole-reversed,clipping,8,2,3,512,52,31163900,12713984,3
sample,double,hole-reversed,clipping,8,2,4,512,52,28268800,12713984,3
sample,double,hole-reversed,clipping,8,2,5,512,52,29012100,12713984,3
sample,double,hole-reversed,clipping,8,2,6,512,52,29022300,12713984,3
summary,double,hole-reversed,clipping,50930.469,55212.500,60866.992
sample,double,rational-crossing,relationship,3,1,0,32768,3277,30924800,0,0
sample,double,rational-crossing,relationship,3,1,1,32768,3277,32914000,0,0
sample,double,rational-crossing,relationship,3,1,2,32768,3277,33216200,0,0
sample,double,rational-crossing,relationship,3,1,3,32768,3277,32073200,0,0
sample,double,rational-crossing,relationship,3,1,4,32768,3277,27760700,0,0
sample,double,rational-crossing,relationship,3,1,5,32768,3277,29856500,0,0
sample,double,rational-crossing,relationship,3,1,6,32768,3277,29215600,0,0
summary,double,rational-crossing,relationship,847.189,943.750,1013.678
sample,double,rational-crossing,clipping,3,1,0,1024,103,24794800,16957440,4
sample,double,rational-crossing,clipping,3,1,1,1024,103,36515900,16957440,4
sample,double,rational-crossing,clipping,3,1,2,1024,103,22582600,16957440,4
sample,double,rational-crossing,clipping,3,1,3,1024,103,21523200,16957440,4
sample,double,rational-crossing,clipping,3,1,4,1024,103,20746400,16957440,4
sample,double,rational-crossing,clipping,3,1,5,1024,103,21264600,16957440,4
sample,double,rational-crossing,clipping,3,1,6,1024,103,21881400,16957440,4
summary,double,rational-crossing,clipping,20260.156,21368.555,35660.059
sample,double,sparse-1,relationship,4,1,0,16384,1639,21099100,0,0
sample,double,sparse-1,relationship,4,1,1,16384,1639,21313200,0,0
sample,double,sparse-1,relationship,4,1,2,16384,1639,19868500,0,0
sample,double,sparse-1,relationship,4,1,3,16384,1639,20322300,0,0
sample,double,sparse-1,relationship,4,1,4,16384,1639,20076500,0,0
sample,double,sparse-1,relationship,4,1,5,16384,1639,19408800,0,0
sample,double,sparse-1,relationship,4,1,6,16384,1639,19655800,0,0
summary,double,sparse-1,relationship,1184.619,1225.372,1300.854
sample,double,sparse-1,clipping,4,1,0,1024,103,22599600,16957440,4
sample,double,sparse-1,clipping,4,1,1,1024,103,24811100,16957440,4
sample,double,sparse-1,clipping,4,1,2,1024,103,21517300,16957440,4
sample,double,sparse-1,clipping,4,1,3,1024,103,20413300,16957440,4
sample,double,sparse-1,clipping,4,1,4,1024,103,23549600,16957440,4
sample,double,sparse-1,clipping,4,1,5,1024,103,20532500,16957440,4
sample,double,sparse-1,clipping,4,1,6,1024,103,21088400,16957440,4
summary,double,sparse-1,clipping,19934.863,21012.988,24229.590
sample,double,sparse-4,relationship,16,1,0,4096,410,23700100,0,0
sample,double,sparse-4,relationship,16,1,1,4096,410,23616300,0,0
sample,double,sparse-4,relationship,16,1,2,4096,410,24463700,0,0
sample,double,sparse-4,relationship,16,1,3,4096,410,22394600,0,0
sample,double,sparse-4,relationship,16,1,4,4096,410,23149100,0,0
sample,double,sparse-4,relationship,16,1,5,4096,410,22930800,0,0
sample,double,sparse-4,relationship,16,1,6,4096,410,22658400,0,0
summary,double,sparse-4,relationship,5467.432,5651.636,5972.583
sample,double,sparse-4,clipping,16,1,0,1024,103,29912200,16957440,4
sample,double,sparse-4,clipping,16,1,1,1024,103,27401600,16957440,4
sample,double,sparse-4,clipping,16,1,2,1024,103,28065900,16957440,4
sample,double,sparse-4,clipping,16,1,3,1024,103,27631200,16957440,4
sample,double,sparse-4,clipping,16,1,4,1024,103,28716400,16957440,4
sample,double,sparse-4,clipping,16,1,5,1024,103,28652100,16957440,4
sample,double,sparse-4,clipping,16,1,6,1024,103,30312000,16957440,4
summary,double,sparse-4,clipping,26759.375,27980.566,29601.562
sample,double,sparse-16,relationship,64,1,0,512,52,12060000,0,0
sample,double,sparse-16,relationship,64,1,1,512,52,11541500,0,0
sample,double,sparse-16,relationship,64,1,2,512,52,11478400,0,0
sample,double,sparse-16,relationship,64,1,3,512,52,10554400,0,0
sample,double,sparse-16,relationship,64,1,4,512,52,11740200,0,0
sample,double,sparse-16,relationship,64,1,5,512,52,11579600,0,0
sample,double,sparse-16,relationship,64,1,6,512,52,10977200,0,0
summary,double,sparse-16,relationship,20614.062,22541.992,23554.688
sample,double,sparse-16,clipping,64,1,0,512,52,26122000,8478720,2
sample,double,sparse-16,clipping,64,1,1,512,52,24437900,8478720,2
sample,double,sparse-16,clipping,64,1,2,512,52,25631500,8478720,2
sample,double,sparse-16,clipping,64,1,3,512,52,22852900,8478720,2
sample,double,sparse-16,clipping,64,1,4,512,52,25124500,8478720,2
sample,double,sparse-16,clipping,64,1,5,512,52,23216400,8478720,2
sample,double,sparse-16,clipping,64,1,6,512,52,22753600,8478720,2
summary,double,sparse-16,clipping,44440.625,47730.273,51019.531
sample,double,sparse-64,relationship,256,1,0,256,26,20652300,0,0
sample,double,sparse-64,relationship,256,1,1,256,26,20703400,0,0
sample,double,sparse-64,relationship,256,1,2,256,26,20727200,0,0
sample,double,sparse-64,relationship,256,1,3,256,26,20786100,0,0
sample,double,sparse-64,relationship,256,1,4,256,26,20871500,0,0
sample,double,sparse-64,relationship,256,1,5,256,26,21244400,0,0
sample,double,sparse-64,relationship,256,1,6,256,26,22256100,0,0
summary,double,sparse-64,relationship,80673.047,81195.703,86937.891
sample,double,sparse-64,clipping,256,1,0,256,26,40806000,4239360,1
sample,double,sparse-64,clipping,256,1,1,256,26,37770000,4239360,1
sample,double,sparse-64,clipping,256,1,2,256,26,35121300,4239360,1
sample,double,sparse-64,clipping,256,1,3,256,26,39653100,4239360,1
sample,double,sparse-64,clipping,256,1,4,256,26,35371700,4239360,1
sample,double,sparse-64,clipping,256,1,5,256,26,34366400,4239360,1
sample,double,sparse-64,clipping,256,1,6,256,26,33727000,4239360,1
summary,double,sparse-64,clipping,131746.094,138170.703,159398.438
sample,double,dense-1,relationship,4,1,0,32768,3277,38553000,0,0
sample,double,dense-1,relationship,4,1,1,32768,3277,38235800,0,0
sample,double,dense-1,relationship,4,1,2,32768,3277,46083600,0,0
sample,double,dense-1,relationship,4,1,3,32768,3277,37387600,0,0
sample,double,dense-1,relationship,4,1,4,32768,3277,40751900,0,0
sample,double,dense-1,relationship,4,1,5,32768,3277,38529900,0,0
sample,double,dense-1,relationship,4,1,6,32768,3277,36282300,0,0
summary,double,dense-1,relationship,1107.248,1175.839,1406.360
sample,double,dense-1,clipping,4,1,0,2048,205,41015600,33914880,8
sample,double,dense-1,clipping,4,1,1,2048,205,38171300,33914880,8
sample,double,dense-1,clipping,4,1,2,2048,205,37475700,33914880,8
sample,double,dense-1,clipping,4,1,3,2048,205,38289300,33914880,8
sample,double,dense-1,clipping,4,1,4,2048,205,37987600,33914880,8
sample,double,dense-1,clipping,4,1,5,2048,205,40583700,33914880,8
sample,double,dense-1,clipping,4,1,6,2048,205,43078300,33914880,8
summary,double,dense-1,clipping,18298.682,18695.947,21034.326
sample,double,dense-4,relationship,16,4,0,4096,410,27865600,0,0
sample,double,dense-4,relationship,16,4,1,4096,410,29187600,0,0
sample,double,dense-4,relationship,16,4,2,4096,410,29004800,0,0
sample,double,dense-4,relationship,16,4,3,4096,410,31190700,0,0
sample,double,dense-4,relationship,16,4,4,4096,410,29731300,0,0
sample,double,dense-4,relationship,16,4,5,4096,410,27716700,0,0
sample,double,dense-4,relationship,16,4,6,4096,410,29727800,0,0
summary,double,dense-4,relationship,6766.772,7125.879,7614.917
sample,double,dense-4,clipping,16,4,0,256,26,28759600,10588160,2
sample,double,dense-4,clipping,16,4,1,256,26,29907300,10588160,2
sample,double,dense-4,clipping,16,4,2,256,26,29261000,10588160,2
sample,double,dense-4,clipping,16,4,3,256,26,26891600,10588160,2
sample,double,dense-4,clipping,16,4,4,256,26,35697300,10588160,2
sample,double,dense-4,clipping,16,4,5,256,26,27280800,10588160,2
sample,double,dense-4,clipping,16,4,6,256,26,24778900,10588160,2
summary,double,dense-4,clipping,96792.578,112342.188,139442.578
sample,double,dense-16,relationship,64,16,0,1024,103,30137800,0,0
sample,double,dense-16,relationship,64,16,1,1024,103,30975100,0,0
sample,double,dense-16,relationship,64,16,2,1024,103,30262200,0,0
sample,double,dense-16,relationship,64,16,3,1024,103,31030100,0,0
sample,double,dense-16,relationship,64,16,4,1024,103,29664900,0,0
sample,double,dense-16,relationship,64,16,5,1024,103,32566100,0,0
sample,double,dense-16,relationship,64,16,6,1024,103,30732700,0,0
summary,double,dense-16,relationship,28969.629,30012.402,31802.832
sample,double,dense-16,clipping,64,16,0,64,7,30641500,9280512,2
sample,double,dense-16,clipping,64,16,1,64,7,29247800,9280512,2
sample,double,dense-16,clipping,64,16,2,64,7,32835600,9280512,2
sample,double,dense-16,clipping,64,16,3,64,7,30367800,9280512,2
sample,double,dense-16,clipping,64,16,4,64,7,30132400,9280512,2
sample,double,dense-16,clipping,64,16,5,64,7,30547600,9280512,2
sample,double,dense-16,clipping,64,16,6,64,7,30346900,9280512,2
summary,double,dense-16,clipping,456996.875,474496.875,513056.250
sample,double,dense-64,relationship,256,64,0,256,26,32367900,0,0
sample,double,dense-64,relationship,256,64,1,256,26,30408400,0,0
sample,double,dense-64,relationship,256,64,2,256,26,34513300,0,0
sample,double,dense-64,relationship,256,64,3,256,26,31605500,0,0
sample,double,dense-64,relationship,256,64,4,256,26,32695900,0,0
sample,double,dense-64,relationship,256,64,5,256,26,33084400,0,0
sample,double,dense-64,relationship,256,64,6,256,26,33212300,0,0
summary,double,dense-64,relationship,118782.812,127718.359,134817.578
sample,double,dense-64,clipping,256,64,0,16,2,48820400,8896512,2
sample,double,dense-64,clipping,256,64,1,16,2,38528600,8896512,2
sample,double,dense-64,clipping,256,64,2,16,2,37673100,8896512,2
sample,double,dense-64,clipping,256,64,3,16,2,36421900,8896512,2
sample,double,dense-64,clipping,256,64,4,16,2,36088600,8896512,2
sample,double,dense-64,clipping,256,64,5,16,2,36007400,8896512,2
sample,double,dense-64,clipping,256,64,6,16,2,33880300,8896512,2
summary,double,dense-64,clipping,2117518.750,2276368.750,3051275.000
sample,double,subnormal,relationship,4,1,0,2048,205,17711100,0,0
sample,double,subnormal,relationship,4,1,1,2048,205,17292300,0,0
sample,double,subnormal,relationship,4,1,2,2048,205,17624900,0,0
sample,double,subnormal,relationship,4,1,3,2048,205,15912700,0,0
sample,double,subnormal,relationship,4,1,4,2048,205,16013100,0,0
sample,double,subnormal,relationship,4,1,5,2048,205,16273600,0,0
sample,double,subnormal,relationship,4,1,6,2048,205,19221200,0,0
summary,double,subnormal,relationship,7769.873,8443.506,9385.352
sample,double,subnormal,clipping,4,1,0,1024,103,31260800,16957440,4
sample,double,subnormal,clipping,4,1,1,1024,103,29458900,16957440,4
sample,double,subnormal,clipping,4,1,2,1024,103,31111100,16957440,4
sample,double,subnormal,clipping,4,1,3,1024,103,30753300,16957440,4
sample,double,subnormal,clipping,4,1,4,1024,103,30768600,16957440,4
sample,double,subnormal,clipping,4,1,5,1024,103,32532300,16957440,4
sample,double,subnormal,clipping,4,1,6,1024,103,31647700,16957440,4
summary,double,subnormal,clipping,28768.457,30381.934,31769.824
sample,double,large-finite,relationship,4,1,0,4096,410,33377000,0,0
sample,double,large-finite,relationship,4,1,1,4096,410,32019700,0,0
sample,double,large-finite,relationship,4,1,2,4096,410,34039100,0,0
sample,double,large-finite,relationship,4,1,3,4096,410,32679900,0,0
sample,double,large-finite,relationship,4,1,4,4096,410,31659000,0,0
sample,double,large-finite,relationship,4,1,5,4096,410,32342500,0,0
sample,double,large-finite,relationship,4,1,6,4096,410,33479700,0,0
summary,double,large-finite,relationship,7729.248,7978.491,8310.327
sample,double,large-finite,clipping,4,1,0,1024,103,37268500,16957440,4
sample,double,large-finite,clipping,4,1,1,1024,103,36531900,16957440,4
sample,double,large-finite,clipping,4,1,2,1024,103,34590500,16957440,4
sample,double,large-finite,clipping,4,1,3,1024,103,35999200,16957440,4
sample,double,large-finite,clipping,4,1,4,1024,103,35786000,16957440,4
sample,double,large-finite,clipping,4,1,5,1024,103,35673500,16957440,4
sample,double,large-finite,clipping,4,1,6,1024,103,33604900,16957440,4
summary,double,large-finite,clipping,32817.285,34947.266,36395.020
sink,1909389333635627268
