compiler,block,scalar,case,base_median_ns,candidate_median_ns,candidate_change_percent,base_ns_per_call_rounds,base_gc_bytes_per_call_rounds,candidate_ns_per_call_rounds,candidate_gc_bytes_per_call_rounds
dmd,0,double,boundary-only,30209.57,31935.938,5.71463943379531,28063.671875;35257.03125;36619.7265625;29653.90625;33118.359375;30209.5703125;28263.0859375,20624.0;20624.0;20624.0;20624.0;20624.0;20624.0;20624.0,29188.28125;29193.5546875;31935.9375;37870.3125;29047.0703125;32283.203125;33358.0078125,20624.0;20624.0;20624.0;20624.0;20624.0;20624.0;20624.0
dmd,0,double,boundary-overlap,47571.094,33057.422,-30.509434994284558,38887.5;34106.640625;76134.765625;126003.125;53766.015625;47571.09375;47340.234375,20656.0;20656.0;20656.0;20656.0;20656.0;20656.0;20656.0,33057.421875;33386.328125;36224.609375;29883.984375;30047.265625;30946.2890625;33448.6328125,20656.0;20656.0;20656.0;20656.0;20656.0;20656.0;20656.0
dmd,0,double,concave-u,177289.062,114842.188,-35.22319611573105,176948.4375;181625.0;176368.75;177289.0625;176382.8125;179603.125;177692.1875,24832.0;24832.0;24832.0;24832.0;24832.0;24832.0;24832.0,137303.90625;107725.78125;114842.1875;114629.6875;113482.8125;115974.21875;127400.78125,24832.0;24832.0;24832.0;24832.0;24832.0;24832.0;24832.0
dmd,0,double,crossing,54859.375,52105.078,-5.020649615494155,54635.15625;49142.96875;49314.84375;54859.375;68089.453125;74985.15625;74962.5,16560.0;16560.0;16560.0;16560.0;16560.0;16560.0;16560.0,48072.65625;53650.78125;54059.375;50677.734375;53851.171875;51705.859375;52105.078125,16560.0;16560.0;16560.0;16560.0;16560.0;16560.0;16560.0
dmd,0,double,degenerate-boundary,19.234,16.823,-12.535094104190502,18.8873291015625;19.2962646484375;19.23370361328125;19.012451171875;19.390869140625;19.39697265625;19.2138671875,0.0;0.0;0.0;0.0;0.0;0.0;0.0,18.670654296875;21.1395263671875;18.54400634765625;14.80865478515625;15.70281982421875;16.82281494140625;14.73236083984375,0.0;0.0;0.0;0.0;0.0;0.0;0.0
dmd,0,double,degenerate-interior,18.045,15.656,-13.239124411194236,11.785888671875;19.47174072265625;18.0450439453125;12.0269775390625;17.19512939453125;23.48785400390625;19.62432861328125,0.0;0.0;0.0;0.0;0.0;0.0;0.0,15.1824951171875;15.655517578125;15.53955078125;16.62750244140625;15.4388427734375;18.32275390625;17.35076904296875,0.0;0.0;0.0;0.0;0.0;0.0;0.0
dmd,0,double,dense-1,74373.438,53958.594,-27.44910622526284,74697.65625;74776.5625;74724.21875;74373.4375;74041.40625;74180.46875;74163.28125,16560.0;16560.0;16560.0;16560.0;16560.0;16560.0;16560.0,55051.953125;50659.765625;53958.59375;50828.515625;54316.40625;62396.484375;51758.59375,16560.0;16560.0;16560.0;16560.0;16560.0;16560.0;16560.0
dmd,0,double,dense-16,1815825.0,1251050.0,-31.102942188812243,1955525.0;1894062.5;1891500.0;1815825.0;1045887.5;1045237.5;1059012.5,145008.0;145008.0;145008.0;145008.0;145008.0;145008.0;145008.0,1251050.0;1210581.25;1217325.0;1253712.5;1442400.0;1159443.75;1363012.5,145008.0;145008.0;145008.0;145008.0;145008.0;145008.0;145008.0
dmd,0,double,dense-4,243437.5,277548.438,14.012195327342747,220742.1875;219437.5;229414.0625;244240.625;245962.5;248171.875;243437.5,41360.0;41360.0;41360.0;41360.0;41360.0;41360.0;41360.0,264278.125;262165.625;267403.125;277548.4375;280985.9375;440260.9375;307445.3125,41360.0;41360.0;41360.0;41360.0;41360.0;41360.0;41360.0
dmd,0,double,dense-64,5655850.0,5731700.0,1.3410893146034608,5122575.0;5420850.0;6574775.0;9796550.0;6271475.0;5626575.0;5655850.0,556032.0;556032.0;556032.0;556032.0;556032.0;556032.0;556032.0,5785550.0;5519350.0;5193300.0;5402750.0;5731700.0;7042300.0;9202500.0,556032.0;556032.0;556032.0;556032.0;556032.0;556032.0;556032.0
dmd,0,double,empty,13.846,18.581,34.19760219557995,13.519287109375;13.90533447265625;13.7969970703125;13.8458251953125;13.5406494140625;15.8355712890625;14.52789306640625,0.0;0.0;0.0;0.0;0.0;0.0;0.0,18.58062744140625;23.0621337890625;18.3868408203125;19.66552734375;23.17047119140625;18.15643310546875;18.36090087890625,0.0;0.0;0.0;0.0;0.0;0.0;0.0
dmd,0,double,exterior,8647.461,60.02,-99.30592343810513,8647.4609375;8947.900390625;8411.865234375;8279.1015625;8283.984375;9686.42578125;9336.9140625,8288.0;8288.0;8288.0;8288.0;8288.0;8288.0;8288.0,64.910888671875;59.6954345703125;59.67864990234375;58.33587646484375;65.8905029296875;62.0819091796875;60.02044677734375,0.0;0.0;0.0;0.0;0.0;0.0;0.0
dmd,0,double,hole,128085.156,117905.469,-7.947593084088533,121083.59375;128085.15625;121807.8125;132007.03125;126580.46875;155703.90625;163763.28125,24832.0;24832.0;24832.0;24832.0;24832.0;24832.0;24832.0,106854.6875;111538.28125;122155.46875;124326.5625;119170.3125;117905.46875;116167.96875,24832.0;24832.0;24832.0;24832.0;24832.0;24832.0;24832.0
dmd,0,double,hole-reversed,120135.156,126043.75,4.918288864585141,115435.9375;118584.375;116699.21875;120135.15625;124268.75;135081.25;143950.78125,24832.0;24832.0;24832.0;24832.0;24832.0;24832.0;24832.0,117555.46875;139552.34375;135158.59375;125248.4375;121545.3125;128492.96875;126043.75,24832.0;24832.0;24832.0;24832.0;24832.0;24832.0;24832.0
dmd,0,double,interior,18952.344,19864.941,4.815219689976069,18952.34375;18754.00390625;18268.9453125;19821.58203125;18503.41796875;23083.203125;23603.515625,8336.0;8336.0;8336.0;8336.0;8336.0;8336.0;8336.0,19864.94140625;20348.92578125;20552.24609375;18698.828125;19420.60546875;23227.9296875;18505.859375,8336.0;8336.0;8336.0;8336.0;8336.0;8336.0;8336.0
dmd,0,double,isolated-tangent,19327.734,15012.793,-22.325126163263633,20143.359375;19845.703125;20036.71875;19327.734375;11873.2421875;11879.6875;12268.1640625,16480.0;16480.0;16480.0;16480.0;16480.0;16480.0;16480.0,15954.58984375;14975.1953125;15012.79296875;14722.75390625;15544.82421875;17348.14453125;14805.46875,16480.0;16480.0;16480.0;16480.0;16480.0;16480.0;16480.0
dmd,0,double,large-finite,94794.531,97656.25,3.0188650862147393,95978.125;93434.375;222726.5625;246111.71875;94794.53125;89850.78125;92528.90625,16560.0;16560.0;16560.0;16560.0;16560.0;16560.0;16560.0,100904.6875;230046.09375;145039.84375;97656.25;90682.8125;94246.09375;93949.21875,16560.0;16560.0;16560.0;16560.0;16560.0;16560.0;16560.0
dmd,0,double,rational-crossing,75405.859,48469.531,-35.72179716167678,76060.546875;74665.625;74998.046875;75405.859375;74340.234375;78384.765625;78090.625,16560.0;16560.0;16560.0;16560.0;16560.0;16560.0;16560.0,48469.53125;47743.359375;54189.453125;45823.046875;45884.765625;49108.59375;50351.953125,16560.0;16560.0;16560.0;16560.0;16560.0;16560.0;16560.0
dmd,0,double,sparse-1,65901.562,54417.188,-17.426558114055023,74821.09375;74953.125;75072.65625;65901.5625;42910.15625;42617.1875;42768.75,16560.0;16560.0;16560.0;16560.0;16560.0;16560.0;16560.0,55156.640625;55285.15625;55728.515625;52533.59375;50033.203125;47557.421875;54417.1875,16560.0;16560.0;16560.0;16560.0;16560.0;16560.0;16560.0
dmd,0,double,sparse-16,181153.125,128403.906,-29.118580758681368,182215.625;179781.25;179417.1875;182760.9375;180253.125;181153.125;181882.8125,16560.0;16560.0;16560.0;16560.0;16560.0;16560.0;16560.0,126959.375;128714.0625;128403.90625;133935.15625;123373.4375;133833.59375;120414.0625,16560.0;16560.0;16560.0;16560.0;16560.0;16560.0;16560.0
dmd,0,double,sparse-4,96457.812,65614.453,-31.976009366664893,108553.90625;96935.15625;96450.0;95802.34375;96457.8125;96249.21875;96545.3125,16560.0;16560.0;16560.0;16560.0;16560.0;16560.0;16560.0,63254.296875;65614.453125;62521.09375;66329.6875;63174.21875;113733.984375;174653.515625,16560.0;16560.0;16560.0;16560.0;16560.0;16560.0;16560.0
dmd,0,double,sparse-64,371675.0,405596.875,9.126757247595352,345878.125;339678.125;363346.875;371675.0;401600.0;516231.25;513840.625,16560.0;16560.0;16560.0;16560.0;16560.0;16560.0;16560.0,466400.0;406118.75;511321.875;352525.0;369446.875;367843.75;405596.875,16560.0;16560.0;16560.0;16560.0;16560.0;16560.0;16560.0
dmd,0,double,subnormal,83674.219,81756.25,-2.292186318464473,85047.65625;87122.65625;86217.96875;81280.46875;81906.25;80130.46875;83674.21875,16560.0;16560.0;16560.0;16560.0;16560.0;16560.0;16560.0,81023.4375;82225.0;88463.28125;106431.25;80713.28125;81756.25;78421.875,16560.0;16560.0;16560.0;16560.0;16560.0;16560.0;16560.0
dmd,0,float,boundary-only,44394.531,31673.047,-28.655520654109402,44530.078125;44330.859375;44416.015625;44386.328125;44394.53125;44494.140625;44322.65625,20624.0;20624.0;20624.0;20624.0;20624.0;20624.0;20624.0,37554.296875;33680.078125;32123.4375;31122.4609375;28919.921875;31673.046875;30276.953125,20624.0;20624.0;20624.0;20624.0;20624.0;20624.0;20624.0
dmd,0,float,boundary-overlap,47901.367,34804.297,-27.341745800281647,59130.46875;37323.4375;45493.75;48086.1328125;48003.125;47901.3671875;47813.8671875,20656.0;20656.0;20656.0;20656.0;20656.0;20656.0;20656.0,30410.546875;31191.015625;31635.7421875;63472.0703125;34804.296875;37324.609375;36821.6796875,20656.0;20656.0;20656.0;20656.0;20656.0;20656.0;20656.0
dmd,0,float,concave-u,110934.375,114250.0,2.9888165863827254,113208.59375;114102.34375;113866.40625;106721.09375;110707.03125;110934.375;110887.5,24832.0;24832.0;24832.0;24832.0;24832.0;24832.0;24832.0,107864.0625;115657.03125;112262.5;117640.625;117185.9375;112043.75;114250.0,24832.0;24832.0;24832.0;24832.0;24832.0;24832.0;24832.0
dmd,0,float,crossing,54565.234,59236.719,8.56128464509105,58294.140625;50521.484375;48357.421875;48895.3125;83619.53125;54565.234375;54595.703125,16560.0;16560.0;16560.0;16560.0;16560.0;16560.0;16560.0,65752.734375;58875.390625;57704.296875;59236.71875;236033.984375;59465.625;51527.734375,16560.0;16560.0;16560.0;16560.0;16560.0;16560.0;16560.0
dmd,0,float,degenerate-boundary,13.634,12.811,-6.036379639137457,14.007568359375;13.63372802734375;15.8843994140625;11.8438720703125;14.24407958984375;11.45477294921875;11.9598388671875,0.0;0.0;0.0;0.0;0.0;0.0;0.0,14.0716552734375;14.2974853515625;12.811279296875;13.53607177734375;11.61956787109375;12.60833740234375;11.55548095703125,0.0;0.0;0.0;0.0;0.0;0.0;0.0
dmd,0,float,degenerate-interior,14.687,14.297,-2.6554095458568683,17.0318603515625;17.3553466796875;15.56854248046875;11.0260009765625;12.56256103515625;14.46990966796875;14.68658447265625,0.0;0.0;0.0;0.0;0.0;0.0;0.0,12.3046875;12.0269775390625;15.53802490234375;14.459228515625;14.6484375;14.2974853515625;12.17041015625,0.0;0.0;0.0;0.0;0.0;0.0;0.0
dmd,0,float,dense-1,52913.281,49642.188,-6.18198860131165,53002.734375;53470.703125;52913.28125;51275.78125;48927.34375;53384.765625;52538.671875,16560.0;16560.0;16560.0;16560.0;16560.0;16560.0;16560.0,60164.0625;50464.453125;49642.1875;46866.015625;49485.15625;48779.296875;51202.734375,16560.0;16560.0;16560.0;16560.0;16560.0;16560.0;16560.0
dmd,0,float,dense-16,1894012.5,1180200.0,-37.68784524917338,1895625.0;1898350.0;1894525.0;1894012.5;1601562.5;1129325.0;1429587.5,145008.0;145008.0;145008.0;145008.0;145008.0;145008.0;145008.0,1180200.0;1167925.0;1103250.0;1373075.0;1161737.5;1268137.5;1281837.5,145008.0;145008.0;145008.0;145008.0;145008.0;145008.0;145008.0
dmd,0,float,dense-4,296890.625,261453.125,-11.936213883479818,258482.8125;355057.8125;296890.625;276043.75;258804.6875;300035.9375;308931.25,41360.0;41360.0;41360.0;41360.0;41360.0;41360.0;41360.0,377060.9375;400948.4375;299970.3125;261453.125;246867.1875;259532.8125;253948.4375,41360.0;41360.0;41360.0;41360.0;41360.0;41360.0;41360.0
dmd,0,float,dense-64,8827500.0,5856300.0,-33.658453695836876,6270500.0;5944300.0;7403200.0;8859900.0;8880750.0;8827500.0;8843350.0,556032.0;556032.0;556032.0;556032.0;556032.0;556032.0;556032.0,6743800.0;5813900.0;5856300.0;5749800.0;5900200.0;6427900.0;5811800.0,556032.0;556032.0;556032.0;556032.0;556032.0;556032.0;556032.0
dmd,0,float,empty,13.329,17.908,34.353664941105855,12.02239990234375;14.51568603515625;13.12255859375;13.32855224609375;11.95526123046875;17.9473876953125;25.18768310546875,0.0;0.0;0.0;0.0;0.0;0.0;0.0,17.64678955078125;18.65081787109375;18.96820068359375;16.973876953125;17.8985595703125;18.7957763671875;17.90771484375,0.0;0.0;0.0;0.0;0.0;0.0;0.0
dmd,0,float,exterior,9578.662,47.522,-99.50387642867031,9315.0390625;10747.607421875;9380.6640625;8940.576171875;9932.177734375;10483.0078125;9578.662109375,8288.0;8288.0;8288.0;8288.0;8288.0;8288.0;8288.0,51.77154541015625;46.209716796875;45.5047607421875;49.3438720703125;47.52197265625;60.05706787109375;44.5098876953125,0.0;0.0;0.0;0.0;0.0;0.0;0.0
dmd,0,float,hole,121830.469,112592.188,-7.582898658955339,144492.1875;130753.125;122445.3125;121382.8125;119850.78125;121830.46875;120696.09375,24832.0;24832.0;24832.0;24832.0;24832.0;24832.0;24832.0,113089.0625;125807.8125;111562.5;116532.03125;106700.0;112592.1875;111789.0625,24832.0;24832.0;24832.0;24832.0;24832.0;24832.0;24832.0
dmd,0,float,hole-reversed,118120.312,111197.656,-5.860682115367255,119835.9375;118120.3125;116531.25;125530.46875;124183.59375;110370.3125;116847.65625,24832.0;24832.0;24832.0;24832.0;24832.0;24832.0;24832.0,111197.65625;111628.90625;112935.9375;106047.65625;104953.125;103208.59375;120467.1875,24832.0;24832.0;24832.0;24832.0;24832.0;24832.0;24832.0
dmd,0,float,interior,30620.312,19856.25,-35.15333873802462,30858.30078125;30620.3125;30707.51953125;30918.45703125;22739.94140625;17654.8828125;18019.3359375,8336.0;8336.0;8336.0;8336.0;8336.0;8336.0;8336.0,21597.4609375;20369.7265625;19313.28125;19016.2109375;19219.7265625;19856.25;20002.1484375,8336.0;8336.0;8336.0;8336.0;8336.0;8336.0;8336.0
dmd,0,float,isolated-tangent,20283.203,14746.777,-27.29561992748385,20283.203125;20404.1015625;20349.609375;20361.1328125;20250.5859375;17586.71875;15826.5625,16480.0;16480.0;16480.0;16480.0;16480.0;16480.0;16480.0,12631.34765625;15546.875;15918.65234375;16111.71875;13864.0625;13824.8046875;14746.77734375,16480.0;16480.0;16480.0;16480.0;16480.0;16480.0;16480.0
dmd,0,float,large-finite,54463.281,49216.406,-9.633784273848644,46859.765625;48342.96875;51400.390625;78249.609375;76844.140625;73322.265625;54463.28125,16560.0;16560.0;16560.0;16560.0;16560.0;16560.0;16560.0,49216.40625;48380.46875;50601.171875;53710.15625;48600.78125;48226.5625;57997.65625,16560.0;16560.0;16560.0;16560.0;16560.0;16560.0;16560.0
dmd,0,float,rational-crossing,58178.516,51989.062,-10.63872787679907,53564.0625;55661.71875;53277.734375;76948.046875;152021.875;129127.734375;58178.515625,16560.0;16560.0;16560.0;16560.0;16560.0;16560.0;16560.0,50206.640625;54623.046875;51989.0625;61690.234375;49453.125;46009.375;76358.59375,16560.0;16560.0;16560.0;16560.0;16560.0;16560.0;16560.0
dmd,0,float,sparse-1,75601.172,48230.859,-36.20355647396578,75306.640625;75973.828125;75843.75;75332.8125;75747.265625;75321.484375;75601.171875,16560.0;16560.0;16560.0;16560.0;16560.0;16560.0;16560.0,52436.71875;54909.765625;50331.640625;47243.359375;48230.859375;45924.21875;47342.578125,16560.0;16560.0;16560.0;16560.0;16560.0;16560.0;16560.0
dmd,0,float,sparse-16,182192.188,138749.219,-23.844583830345123,182739.0625;182553.90625;182389.0625;181739.84375;182192.1875;182131.25;180624.21875,16560.0;16560.0;16560.0;16560.0;16560.0;16560.0;16560.0,139774.21875;130131.25;138749.21875;130085.15625;133562.5;145938.28125;143562.5,16560.0;16560.0;16560.0;16560.0;16560.0;16560.0;16560.0
dmd,0,float,sparse-4,68353.125,66864.453,-2.177913592099856,96846.875;70257.8125;68353.125;70366.40625;67004.6875;61571.09375;62604.6875,16560.0;16560.0;16560.0;16560.0;16560.0;16560.0;16560.0,64376.171875;75864.84375;70587.109375;66864.453125;67450.0;63089.0625;64267.578125,16560.0;16560.0;16560.0;16560.0;16560.0;16560.0;16560.0
dmd,0,float,sparse-64,509306.25,410965.625,-19.308741057075185,365862.5;348465.625;339843.75;509306.25;525018.75;523490.625;525109.375,16560.0;16560.0;16560.0;16560.0;16560.0;16560.0;16560.0,523828.125;577681.25;409225.0;410965.625;447640.625;407215.625;395118.75,16560.0;16560.0;16560.0;16560.0;16560.0;16560.0;16560.0
dmd,0,float,subnormal,74521.875,55629.688,-25.351196544638732,74319.53125;74735.15625;74703.90625;74521.875;74560.15625;53000.0;42423.4375,16560.0;16560.0;16560.0;16560.0;16560.0;16560.0;16560.0,64829.6875;62553.125;67394.53125;49455.46875;55629.6875;50271.875;50932.8125,16560.0;16560.0;16560.0;16560.0;16560.0;16560.0;16560.0
dmd,0,int,boundary-only,35017.969,31499.219,-10.048412573556153,31876.3671875;32893.1640625;43557.6171875;35381.0546875;35017.96875;33401.5625;36166.6015625,20624.0;20624.0;20624.0;20624.0;20624.0;20624.0;20624.0,34189.84375;31499.21875;30024.609375;29416.40625;30801.171875;34248.828125;34333.984375,20624.0;20624.0;20624.0;20624.0;20624.0;20624.0;20624.0
dmd,0,int,boundary-overlap,41276.172,32807.227,-20.517757799826985,47360.15625;41355.859375;35541.015625;40443.359375;39141.40625;41276.171875;54183.59375,20656.0;20656.0;20656.0;20656.0;20656.0;20656.0;20656.0,29441.6015625;36817.96875;32238.8671875;33967.1875;32807.2265625;32153.3203125;35411.9140625,20656.0;20656.0;20656.0;20656.0;20656.0;20656.0;20656.0
dmd,0,int,concave-u,115936.719,130082.031,12.20089038400336,139442.1875;115936.71875;118868.75;111582.8125;111835.9375;111753.90625;117875.0,24832.0;24832.0;24832.0;24832.0;24832.0;24832.0;24832.0,144580.46875;130082.03125;140592.96875;146781.25;115652.34375;110650.0;107632.8125,24832.0;24832.0;24832.0;24832.0;24832.0;24832.0;24832.0
dmd,0,int,crossing,50822.266,54506.641,7.2495291729022915,48365.625;59417.96875;54421.484375;50822.265625;52000.78125;47710.9375;49500.0,16560.0;16560.0;16560.0;16560.0;16560.0;16560.0;16560.0,51682.8125;62277.34375;54014.84375;57789.84375;61816.015625;50773.828125;54506.640625,16560.0;16560.0;16560.0;16560.0;16560.0;16560.0;16560.0
dmd,0,int,degenerate-boundary,15.442,19.748,27.88498899106333,15.09857177734375;16.9464111328125;33.50830078125;15.44189453125;14.9078369140625;15.30303955078125;17.66815185546875,0.0;0.0;0.0;0.0;0.0;0.0;0.0,25.96588134765625;17.7520751953125;19.06890869140625;18.35174560546875;23.08807373046875;20.99456787109375;19.7479248046875,0.0;0.0;0.0;0.0;0.0;0.0;0.0
dmd,0,int,degenerate-interior,15.202,25.188,65.68872516774107,15.20233154296875;12.799072265625;15.7073974609375;14.01824951171875;16.5863037109375;12.7960205078125;67.18292236328125,0.0;0.0;0.0;0.0;0.0;0.0;0.0,25.0823974609375;25.18768310546875;25.06866455078125;26.11541748046875;26.01470947265625;25.58135986328125;24.8046875,0.0;0.0;0.0;0.0;0.0;0.0;0.0
dmd,0,int,dense-1,73131.25,48096.094,-34.23318485599521,53458.984375;98276.5625;61318.75;52277.34375;76073.4375;73131.25;73598.046875,16560.0;16560.0;16560.0;16560.0;16560.0;16560.0;16560.0,55890.234375;52782.421875;47256.25;48404.6875;47570.3125;46100.390625;48096.09375,16560.0;16560.0;16560.0;16560.0;16560.0;16560.0;16560.0
dmd,0,int,dense-16,1827612.5,1172137.5,-35.865097223837104,1903587.5;1881675.0;1897100.0;1688637.5;1827612.5;1744237.5;1437412.5,145008.0;145008.0;145008.0;145008.0;145008.0;145008.0;145008.0,1254875.0;1172137.5;1300137.5;1129837.5;1415150.0;1102250.0;1156575.0,145008.0;145008.0;145008.0;145008.0;145008.0;145008.0;145008.0
dmd,0,int,dense-4,392821.875,274965.625,-30.002466130482162,392821.875;362343.75;319834.375;394996.875;401006.25;408150.0;386603.125,41360.0;41360.0;41360.0;41360.0;41360.0;41360.0;41360.0,290406.25;287403.125;279418.75;274965.625;274471.875;265875.0;253121.875,41360.0;41360.0;41360.0;41360.0;41360.0;41360.0;41360.0
dmd,0,int,dense-64,5843500.0,5325950.0,-8.856849490887308,5689350.0;5822700.0;5843500.0;9157500.0;8883750.0;8715700.0;5095150.0,556032.0;556032.0;556032.0;556032.0;556032.0;556032.0;556032.0,5235450.0;5018950.0;5185750.0;5371100.0;5907950.0;5394800.0;5325950.0,556032.0;556032.0;556032.0;556032.0;556032.0;556032.0;556032.0
dmd,0,int,empty,22.469,20.85,-7.205483110062749,22.46856689453125;22.4029541015625;22.05963134765625;23.199462890625;22.2015380859375;22.63031005859375;24.8046875,0.0;0.0;0.0;0.0;0.0;0.0;0.0,23.626708984375;22.5616455078125;17.20123291015625;18.59283447265625;23.58856201171875;20.849609375;20.25604248046875,0.0;0.0;0.0;0.0;0.0;0.0;0.0
dmd,0,int,exterior,8493.359,38.441,-99.54739932693296,8493.359375;8775.390625;8378.125;9874.21875;8938.671875;7901.171875;8232.03125,8288.0;8288.0;8288.0;8288.0;8288.0;8288.0;8288.0,36.19232177734375;38.44146728515625;53.0181884765625;39.90936279296875;36.346435546875;40.72418212890625;34.91973876953125,0.0;0.0;0.0;0.0;0.0;0.0;0.0
dmd,0,int,hole,95242.188,95348.438,0.11155770591915193,95241.40625;95242.1875;95792.1875;95371.875;95051.5625;95007.03125;95455.46875,24832.0;24832.0;24832.0;24832.0;24832.0;24832.0;24832.0,95169.53125;97521.875;98670.3125;98333.59375;94753.125;95348.4375;94704.6875,24832.0;24832.0;24832.0;24832.0;24832.0;24832.0;24832.0
dmd,0,int,hole-reversed,99530.469,107603.125,8.110738431263709,95185.9375;94710.9375;95156.25;99530.46875;131050.0;101454.6875;101474.21875,24832.0;24832.0;24832.0;24832.0;24832.0;24832.0;24832.0,107603.125;116269.53125;105780.46875;115832.03125;117017.1875;105770.3125;103845.3125,24832.0;24832.0;24832.0;24832.0;24832.0;24832.0;24832.0
dmd,0,int,interior,19728.711,22094.727,11.992755127286326,22365.91796875;25543.65234375;19728.7109375;19464.0625;19922.36328125;19701.953125;19552.5390625,8336.0;8336.0;8336.0;8336.0;8336.0;8336.0;8336.0,22094.7265625;21636.1328125;20603.515625;20776.5625;24605.2734375;24705.859375;28083.59375,8336.0;8336.0;8336.0;8336.0;8336.0;8336.0;8336.0
dmd,0,int,isolated-tangent,17498.438,15860.742,-9.35909822351,18289.0625;18086.81640625;17041.9921875;17034.765625;17498.4375;14100.0;18771.77734375,16480.0;16480.0;16480.0;16480.0;16480.0;16480.0;16480.0,25449.70703125;17564.16015625;12498.828125;13336.1328125;12554.00390625;17217.08984375;15860.7421875,16480.0;16480.0;16480.0;16480.0;16480.0;16480.0;16480.0
dmd,0,int,rational-crossing,52591.797,46699.219,-11.204367099302582,55844.53125;53132.421875;51453.125;51137.109375;54216.40625;52591.796875;50488.671875,16560.0;16560.0;16560.0;16560.0;16560.0;16560.0;16560.0,83541.40625;56336.328125;46699.21875;49296.875;45453.90625;45737.109375;45816.015625,16560.0;16560.0;16560.0;16560.0;16560.0;16560.0;16560.0
dmd,0,int,sparse-1,50896.094,46921.875,-7.808495088051348,50896.09375;48005.859375;48631.25;49435.9375;55586.71875;63612.109375;59176.5625,16560.0;16560.0;16560.0;16560.0;16560.0;16560.0;16560.0,48885.9375;46921.875;44426.171875;48635.9375;46967.578125;45813.671875;46633.984375,16560.0;16560.0;16560.0;16560.0;16560.0;16560.0;16560.0
dmd,0,int,sparse-16,171253.125,136695.312,-20.17937658071932,168729.6875;171253.125;170123.4375;174228.125;171262.5;171145.3125;173081.25,16560.0;16560.0;16560.0;16560.0;16560.0;16560.0;16560.0,154075.0;144437.5;130326.5625;126878.125;169290.625;120040.625;136695.3125,16560.0;16560.0;16560.0;16560.0;16560.0;16560.0;16560.0
dmd,0,int,sparse-4,61909.375,74535.547,20.39460420978245,61560.15625;61289.0625;61887.5;61909.375;66152.34375;63496.484375;65100.390625,16560.0;16560.0;16560.0;16560.0;16560.0;16560.0;16560.0,70119.921875;109449.609375;224939.84375;126435.15625;74535.546875;65737.5;74444.921875,16560.0;16560.0;16560.0;16560.0;16560.0;16560.0;16560.0
dmd,0,int,sparse-64,399909.375,399178.125,-0.18285392784302967,399909.375;400753.125;480321.875;478956.25;359818.75;373334.375;381834.375,16560.0;16560.0;16560.0;16560.0;16560.0;16560.0;16560.0,390993.75;392025.0;425128.125;399178.125;390150.0;403059.375;402368.75,16560.0;16560.0;16560.0;16560.0;16560.0;16560.0;16560.0
dmd,0,int,wide-integral,53346.484,51385.938,-3.6751175578881523,73623.046875;74462.5;53346.484375;62625.78125;48126.953125;50542.1875;50127.34375,16560.0;16560.0;16560.0;16560.0;16560.0;16560.0;16560.0,54537.5;55916.40625;50662.109375;62316.796875;51385.9375;46775.78125;50652.34375,16560.0;16560.0;16560.0;16560.0;16560.0;16560.0;16560.0
dmd,0,long,boundary-only,44475.586,29995.703,-32.55692460128575,29231.8359375;32861.5234375;44883.59375;44475.5859375;44426.953125;44510.3515625;44544.53125,20624.0;20624.0;20624.0;20624.0;20624.0;20624.0;20624.0,29396.6796875;31812.6953125;29929.1015625;29995.703125;29850.390625;34086.71875;33196.2890625,20624.0;20624.0;20624.0;20624.0;20624.0;20624.0;20624.0
dmd,0,long,boundary-overlap,36795.508,34329.297,-6.702478465577921,32085.546875;36795.5078125;39245.5078125;36254.1015625;35431.8359375;38520.8984375;38129.296875,20656.0;20656.0;20656.0;20656.0;20656.0;20656.0;20656.0,32234.5703125;29546.09375;34068.9453125;39952.34375;34329.296875;37690.625;35917.96875,20656.0;20656.0;20656.0;20656.0;20656.0;20656.0;20656.0
dmd,0,long,concave-u,109557.031,113768.75,3.84431648207042,107169.53125;110249.21875;109557.03125;118471.09375;128070.3125;106473.4375;102139.0625,24832.0;24832.0;24832.0;24832.0;24832.0;24832.0;24832.0,113140.625;113710.15625;124832.03125;130451.5625;113731.25;113768.75;124483.59375,24832.0;24832.0;24832.0;24832.0;24832.0;24832.0;24832.0
dmd,0,long,crossing,47238.281,47858.594,1.3131574368677734,47499.21875;47967.578125;46670.3125;47048.4375;46489.0625;47238.28125;47285.9375,16560.0;16560.0;16560.0;16560.0;16560.0;16560.0;16560.0,47917.1875;47473.4375;48679.6875;47942.578125;43584.375;47738.671875;47858.59375,16560.0;16560.0;16560.0;16560.0;16560.0;16560.0;16560.0
dmd,0,long,degenerate-boundary,18.922,36.226,91.44910685973997,18.6920166015625;18.8446044921875;18.92242431640625;18.701171875;19.33135986328125;22.15423583984375;19.33746337890625,0.0;0.0;0.0;0.0;0.0;0.0;0.0,36.22589111328125;36.79351806640625;34.10797119140625;37.95318603515625;35.45989990234375;37.481689453125;34.84649658203125,0.0;0.0;0.0;0.0;0.0;0.0;0.0
dmd,0,long,degenerate-interior,18.697,34.566,84.8745788094347,19.25506591796875;18.69659423828125;19.573974609375;18.50128173828125;18.4356689453125;19.7845458984375;18.54705810546875,0.0;0.0;0.0;0.0;0.0;0.0;0.0,34.75494384765625;32.928466796875;34.56573486328125;33.12530517578125;32.62786865234375;35.38818359375;39.05029296875,0.0;0.0;0.0;0.0;0.0;0.0;0.0
dmd,0,long,dense-1,55614.844,46171.094,-16.980628409206723,50276.171875;57328.125;57049.21875;55614.84375;50596.484375;61475.0;46559.375,16560.0;16560.0;16560.0;16560.0;16560.0;16560.0;16560.0,44154.6875;46171.09375;47006.640625;45153.515625;47488.671875;61279.296875;45757.421875,16560.0;16560.0;16560.0;16560.0;16560.0;16560.0;16560.0
dmd,0,long,dense-16,1087200.0,1308443.75,20.349866629874903,1851512.5;1147712.5;1087200.0;1066775.0;1055825.0;1134650.0;1081087.5,145008.0;145008.0;145008.0;145008.0;145008.0;145008.0;145008.0,1313418.75;1252575.0;1367037.5;1308443.75;1426106.25;1264725.0;1251725.0,145008.0;145008.0;145008.0;145008.0;145008.0;145008.0;145008.0
dmd,0,long,dense-4,388146.875,260414.062,-32.90837083256177,388621.875;388146.875;371987.5;636409.375;389168.75;278209.375;233181.25,41360.0;41360.0;41360.0;41360.0;41360.0;41360.0;41360.0,238421.875;245482.8125;260414.0625;301640.625;788885.9375;333470.3125;250781.25,41360.0;41360.0;41360.0;41360.0;41360.0;41360.0;41360.0
dmd,0,long,dense-64,8704600.0,5510400.0,-36.69554028904257,13796350.0;9570750.0;8611900.0;8704600.0;8773550.0;8685600.0;8640850.0,556032.0;556032.0;556032.0;556032.0;556032.0;556032.0;556032.0,5763700.0;5510400.0;6146500.0;5498700.0;5455550.0;5386600.0;6042650.0,556032.0;556032.0;556032.0;556032.0;556032.0;556032.0;556032.0
dmd,0,long,empty,20.149,35.887,78.10809469452578,19.6868896484375;20.318603515625;20.73516845703125;19.66552734375;19.85931396484375;20.721435546875;20.14923095703125,0.0;0.0;0.0;0.0;0.0;0.0;0.0,35.56365966796875;35.0341796875;36.73248291015625;35.88714599609375;35.1593017578125;39.32342529296875;37.5091552734375,0.0;0.0;0.0;0.0;0.0;0.0;0.0
dmd,0,long,endpoint-collapse,63442.969,48772.266,-23.12423777014596,63291.015625;63442.96875;63690.625;64095.3125;63630.078125;63271.875;58598.828125,16528.0;16528.0;16528.0;16528.0;16528.0;16528.0;16528.0,54520.703125;51371.484375;48772.265625;47627.34375;52939.453125;43475.0;47879.6875,16528.0;16528.0;16528.0;16528.0;16528.0;16528.0;16528.0
dmd,0,long,exterior,12548.535,54.892,-99.56256248239337,12548.53515625;12521.875;12542.1875;12504.39453125;12550.68359375;12662.5;12658.203125,8288.0;8288.0;8288.0;8288.0;8288.0;8288.0;8288.0,51.5167236328125;52.14691162109375;54.8919677734375;52.3406982421875;57.65838623046875;57.32421875;60.37139892578125,0.0;0.0;0.0;0.0;0.0;0.0;0.0
dmd,0,long,gap-collapse,167487.5,121465.625,-27.477796850511226,167487.5;168079.6875;167476.5625;166634.375;166092.1875;167512.5;167667.1875,24800.0;24800.0;24800.0;24800.0;24800.0;24800.0;24800.0,118278.90625;137063.28125;119227.34375;121465.625;136044.53125;140962.5;111712.5,24800.0;24800.0;24800.0;24800.0;24800.0;24800.0;24800.0
dmd,0,long,hole,170781.25,110976.562,-35.01829855443732,132281.25;171939.84375;171570.3125;170781.25;170905.46875;166590.625;98409.375,24832.0;24832.0;24832.0;24832.0;24832.0;24832.0;24832.0,107776.5625;111999.21875;110976.5625;108475.78125;108235.15625;118111.71875;117620.3125,24832.0;24832.0;24832.0;24832.0;24832.0;24832.0;24832.0
dmd,0,long,hole-reversed,114982.812,120989.062,5.223606811772874,113079.6875;115415.625;120968.75;114982.8125;111934.375;106553.125;127103.125,24832.0;24832.0;24832.0;24832.0;24832.0;24832.0;24832.0,121418.75;118609.375;111192.1875;126606.25;126487.5;113429.6875;120989.0625,24832.0;24832.0;24832.0;24832.0;24832.0;24832.0;24832.0
dmd,0,long,interior,19024.609,22405.469,17.770982835967875,19024.609375;18281.4453125;19275.0;18284.375;19979.296875;18203.90625;21924.4140625,8336.0;8336.0;8336.0;8336.0;8336.0;8336.0;8336.0,25020.703125;22405.46875;28979.6875;19913.0859375;21802.1484375;22847.0703125;22072.65625,8336.0;8336.0;8336.0;8336.0;8336.0;8336.0;8336.0
dmd,0,long,isolated-tangent,18401.074,13548.145,-26.373074745528434,15924.70703125;20836.23046875;18464.6484375;18442.96875;18273.73046875;18387.01171875;18401.07421875,16480.0;16480.0;16480.0;16480.0;16480.0;16480.0;16480.0,14591.89453125;13994.3359375;14026.66015625;13548.14453125;13499.51171875;13120.5078125;12451.26953125,16480.0;16480.0;16480.0;16480.0;16480.0;16480.0;16480.0
dmd,0,long,rational-crossing,59751.172,50392.578,-15.662611605342235,71347.265625;54796.09375;46671.484375;110696.484375;85889.0625;59751.171875;50578.515625,16560.0;16560.0;16560.0;16560.0;16560.0;16560.0;16560.0,48066.40625;48077.734375;51712.890625;49260.546875;50392.578125;52658.59375;51482.421875,16560.0;16560.0;16560.0;16560.0;16560.0;16560.0;16560.0
dmd,0,long,sparse-1,45858.594,46791.016,2.0332546610565716,44758.59375;45732.421875;45858.59375;44854.6875;47291.796875;47758.59375;48663.671875,16560.0;16560.0;16560.0;16560.0;16560.0;16560.0;16560.0,44320.703125;46791.015625;47116.015625;44827.734375;54444.140625;46007.03125;47346.484375,16560.0;16560.0;16560.0;16560.0;16560.0;16560.0;16560.0
dmd,0,long,sparse-16,126803.125,134492.188,6.063780368188865,122211.71875;124170.3125;123389.84375;126803.125;161153.90625;127940.625;160598.4375,16560.0;16560.0;16560.0;16560.0;16560.0;16560.0;16560.0,141897.65625;140860.15625;133477.34375;134492.1875;129569.53125;128940.625;136617.1875,16560.0;16560.0;16560.0;16560.0;16560.0;16560.0;16560.0
dmd,0,long,sparse-4,59016.016,65085.156,10.28388632672188,69438.671875;59769.140625;58297.65625;59016.015625;58523.4375;58578.90625;60900.390625,16560.0;16560.0;16560.0;16560.0;16560.0;16560.0;16560.0,66167.96875;66617.578125;65085.15625;65006.25;65042.96875;63031.25;65275.0,16560.0;16560.0;16560.0;16560.0;16560.0;16560.0;16560.0
dmd,0,long,sparse-64,374675.0,413290.625,10.306432241275765,531153.125;374675.0;416693.75;380959.375;352315.625;354987.5;355690.625,16560.0;16560.0;16560.0;16560.0;16560.0;16560.0;16560.0,416228.125;426481.25;392171.875;413290.625;399175.0;398796.875;430759.375,16560.0;16560.0;16560.0;16560.0;16560.0;16560.0;16560.0
dmd,0,long,wide-integral,53666.016,58001.172,8.078028374604873,59112.890625;51498.046875;56159.765625;54219.53125;53666.015625;50222.265625;51015.625,16560.0;16560.0;16560.0;16560.0;16560.0;16560.0;16560.0,53459.765625;59991.015625;61623.828125;58001.171875;55962.109375;55556.640625;60771.875,16560.0;16560.0;16560.0;16560.0;16560.0;16560.0;16560.0
dmd,1,double,boundary-only,28578.711,30596.484,7.060405908440037,28695.1171875;25914.453125;26075.390625;25986.5234375;28798.046875;28758.7890625;28578.7109375,20624.0;20624.0;20624.0;20624.0;20624.0;20624.0;20624.0,30596.484375;32229.4921875;29454.6875;30373.6328125;31186.328125;32177.1484375;29838.8671875,20624.0;20624.0;20624.0;20624.0;20624.0;20624.0;20624.0
dmd,1,double,boundary-overlap,31527.734,27744.336,-12.000221772995168,31527.734375;30637.109375;33143.1640625;32061.5234375;27408.3984375;26843.359375;31769.53125,20656.0;20656.0;20656.0;20656.0;20656.0;20656.0;20656.0,27340.625;27744.3359375;28139.453125;29099.0234375;28276.3671875;27246.2890625;27410.9375,20656.0;20656.0;20656.0;20656.0;20656.0;20656.0;20656.0
dmd,1,double,concave-u,117367.969,119518.75,1.8325110490750696,100746.875;105321.875;117367.96875;320996.875;167546.09375;117285.15625;125802.34375,24832.0;24832.0;24832.0;24832.0;24832.0;24832.0;24832.0,136264.84375;150148.4375;119518.75;124994.53125;114958.59375;111302.34375;107692.96875,24832.0;24832.0;24832.0;24832.0;24832.0;24832.0;24832.0
dmd,1,double,crossing,45386.328,47700.781,5.099449772627573,45884.375;45386.328125;44374.21875;44458.984375;45505.859375;48123.828125;45280.46875,16560.0;16560.0;16560.0;16560.0;16560.0;16560.0;16560.0,45533.203125;47700.78125;54164.84375;46117.1875;44966.796875;51107.421875;50856.640625,16560.0;16560.0;16560.0;16560.0;16560.0;16560.0;16560.0
dmd,1,double,degenerate-boundary,15.782,19.031,20.586744392345715,14.05029296875;15.78216552734375;12.5701904296875;18.896484375;13.35601806640625;18.92547607421875;16.41998291015625,0.0;0.0;0.0;0.0;0.0;0.0;0.0,25.640869140625;16.9952392578125;24.46136474609375;19.03076171875;16.143798828125;16.973876953125;19.37713623046875,0.0;0.0;0.0;0.0;0.0;0.0;0.0
dmd,1,double,degenerate-interior,12.74,16.707,31.138147566719,17.64068603515625;12.73956298828125;11.962890625;11.35101318359375;13.671875;15.41595458984375;11.77825927734375,0.0;0.0;0.0;0.0;0.0;0.0;0.0,19.7998046875;18.89801025390625;14.75677490234375;16.70684814453125;17.681884765625;14.752197265625;14.93072509765625,0.0;0.0;0.0;0.0;0.0;0.0;0.0
dmd,1,double,dense-1,60434.375,56016.797,-7.309710739955532,54684.765625;70991.796875;155305.078125;61651.171875;49059.765625;50550.78125;60434.375,16560.0;16560.0;16560.0;16560.0;16560.0;16560.0;16560.0,59505.078125;59402.734375;71250.0;56016.796875;54440.625;51992.1875;49850.78125,16560.0;16560.0;16560.0;16560.0;16560.0;16560.0;16560.0
dmd,1,double,dense-16,1288218.75,1396287.5,8.389006137350519,1215687.5;1288556.25;1288218.75;1310737.5;2631612.5;1238543.75;1246018.75,145008.0;145008.0;145008.0;145008.0;145008.0;145008.0;145008.0,1344300.0;1334737.5;1396287.5;1225750.0;1710562.5;1413650.0;1915337.5,145008.0;145008.0;145008.0;145008.0;145008.0;145008.0;145008.0
dmd,1,double,dense-4,261100.0,267296.875,2.3733722711604788,297581.25;269293.75;268812.5;254654.6875;261100.0;261025.0;259804.6875,41360.0;41360.0;41360.0;41360.0;41360.0;41360.0;41360.0,252348.4375;313254.6875;333015.625;361920.3125;267296.875;258820.3125;264692.1875,41360.0;41360.0;41360.0;41360.0;41360.0;41360.0;41360.0
dmd,1,double,dense-64,5608300.0,5564100.0,-0.7881176113973987,5597950.0;5677100.0;5665350.0;5513700.0;6378350.0;5488600.0;5608300.0,556032.0;556032.0;556032.0;556032.0;556032.0;556032.0;556032.0,5647950.0;5322900.0;4964400.0;5032450.0;6308050.0;5564100.0;6822350.0,556032.0;556032.0;556032.0;556032.0;556032.0;556032.0;556032.0
dmd,1,double,empty,14.334,21.664,51.13715641132972,14.35394287109375;14.2852783203125;14.3341064453125;14.7674560546875;13.7115478515625;13.91448974609375;15.6341552734375,0.0;0.0;0.0;0.0;0.0;0.0;0.0,27.947998046875;21.6644287109375;39.7674560546875;17.27142333984375;19.7906494140625;22.22900390625;17.9351806640625,0.0;0.0;0.0;0.0;0.0;0.0;0.0
dmd,1,double,exterior,8873.926,64.383,-99.27446994712375,9435.888671875;9879.638671875;9427.34375;8873.92578125;8521.337890625;8231.4453125;8118.603515625,8288.0;8288.0;8288.0;8288.0;8288.0;8288.0;8288.0,64.3829345703125;64.1937255859375;64.10064697265625;72.62115478515625;67.2119140625;63.47198486328125;65.9576416015625,0.0;0.0;0.0;0.0;0.0;0.0;0.0
dmd,1,double,hole,119535.156,111439.844,-6.772327297586001,117590.625;117571.09375;123410.15625;122787.5;123767.96875;119535.15625;112143.75,24832.0;24832.0;24832.0;24832.0;24832.0;24832.0;24832.0,106978.125;111439.84375;110087.5;113313.28125;110201.5625;111824.21875;117513.28125,24832.0;24832.0;24832.0;24832.0;24832.0;24832.0;24832.0
dmd,1,double,hole-reversed,126237.5,124888.281,-1.0687941380334687,112046.09375;111600.78125;114460.9375;126237.5;127924.21875;134898.4375;131730.46875,24832.0;24832.0;24832.0;24832.0;24832.0;24832.0;24832.0,153628.90625;249918.75;127982.03125;115735.9375;117524.21875;122356.25;124888.28125,24832.0;24832.0;24832.0;24832.0;24832.0;24832.0;24832.0
dmd,1,double,interior,17840.918,21548.438,20.780993444395612,17840.91796875;17536.03515625;20117.67578125;17531.34765625;18246.875;17550.1953125;17982.421875,8336.0;8336.0;8336.0;8336.0;8336.0;8336.0;8336.0,19316.015625;26082.2265625;20545.703125;21316.796875;21548.4375;40476.3671875;67654.6875,8336.0;8336.0;8336.0;8336.0;8336.0;8336.0;8336.0
dmd,1,double,isolated-tangent,13483.496,14072.656,4.3694899305046775,15192.67578125;13167.578125;12926.7578125;13707.32421875;14484.27734375;13483.49609375;13449.0234375,16480.0;16480.0;16480.0;16480.0;16480.0;16480.0;16480.0,14601.171875;13551.953125;14072.65625;13491.015625;14345.99609375;14033.0078125;14601.953125,16480.0;16480.0;16480.0;16480.0;16480.0;16480.0;16480.0
dmd,1,double,large-finite,87990.625,102104.688,16.04041680576764,81581.25;85918.75;87990.625;84014.84375;91832.03125;95996.875;93753.90625,16560.0;16560.0;16560.0;16560.0;16560.0;16560.0;16560.0,111253.90625;104234.375;102764.0625;99505.46875;96323.4375;93746.875;102104.6875,16560.0;16560.0;16560.0;16560.0;16560.0;16560.0;16560.0
dmd,1,double,rational-crossing,48128.125,48004.688,-0.2564758132588718,68435.546875;45250.390625;48678.125;61794.140625;48128.125;47588.28125;47568.75,16560.0;16560.0;16560.0;16560.0;16560.0;16560.0;16560.0,46099.21875;48126.171875;48262.109375;49394.140625;48004.6875;44814.84375;47400.0,16560.0;16560.0;16560.0;16560.0;16560.0;16560.0;16560.0
dmd,1,double,sparse-1,46761.328,48605.469,3.943731024918695,46848.046875;46761.328125;46973.828125;45788.671875;45685.546875;46145.3125;47828.125,16560.0;16560.0;16560.0;16560.0;16560.0;16560.0;16560.0,48605.46875;44131.25;45345.703125;53348.046875;51417.578125;45224.609375;54518.359375,16560.0;16560.0;16560.0;16560.0;16560.0;16560.0;16560.0
dmd,1,double,sparse-16,123411.719,115003.125,-6.813448567230473,123048.4375;129103.90625;115282.8125;123411.71875;129616.40625;122921.875;124646.875,16560.0;16560.0;16560.0;16560.0;16560.0;16560.0;16560.0,114956.25;125824.21875;118365.625;123616.40625;113377.34375;115003.125;114506.25,16560.0;16560.0;16560.0;16560.0;16560.0;16560.0;16560.0
dmd,1,double,sparse-4,70398.438,63135.938,-10.316280028826764,70398.4375;69921.09375;74466.40625;74329.6875;72746.875;66600.78125;64995.3125,16560.0;16560.0;16560.0;16560.0;16560.0;16560.0;16560.0,78313.28125;63629.296875;59981.25;62703.515625;67914.0625;61739.84375;63135.9375,16560.0;16560.0;16560.0;16560.0;16560.0;16560.0;16560.0
dmd,1,double,sparse-64,361978.125,344125.0,-4.932100524030281,344653.125;355737.5;368587.5;377537.5;361978.125;357928.125;368246.875,16560.0;16560.0;16560.0;16560.0;16560.0;16560.0;16560.0,365687.5;344125.0;394403.125;397025.0;339131.25;333759.375;339759.375,16560.0;16560.0;16560.0;16560.0;16560.0;16560.0;16560.0
dmd,1,double,subnormal,81160.938,88872.656,9.501760563683991,81160.9375;86968.75;82090.625;79536.71875;82101.5625;76898.4375;79853.90625,16560.0;16560.0;16560.0;16560.0;16560.0;16560.0;16560.0,117059.375;93017.1875;94972.65625;88872.65625;86228.125;87500.0;78959.375,16560.0;16560.0;16560.0;16560.0;16560.0;16560.0;16560.0
dmd,1,float,boundary-only,33573.438,29477.93,-12.198655377504085,30042.578125;35707.6171875;36386.5234375;33573.4375;34002.34375;29471.2890625;29948.4375,20624.0;20624.0;20624.0;20624.0;20624.0;20624.0;20624.0,37174.21875;29568.75;31988.671875;27722.0703125;28379.6875;28161.71875;29477.9296875,20624.0;20624.0;20624.0;20624.0;20624.0;20624.0;20624.0
dmd,1,float,boundary-overlap,29054.688,28818.359,-0.8133936939883735,264165.625;49907.8125;27811.71875;31652.34375;28889.84375;28767.96875;29054.6875,20656.0;20656.0;20656.0;20656.0;20656.0;20656.0;20656.0,27885.15625;28818.359375;27629.4921875;28816.40625;33059.375;33544.7265625;30465.234375,20656.0;20656.0;20656.0;20656.0;20656.0;20656.0;20656.0
dmd,1,float,concave-u,127823.438,115648.438,-9.52485724879345,164308.59375;117453.125;126720.3125;112038.28125;145693.75;127823.4375;131875.0,24832.0;24832.0;24832.0;24832.0;24832.0;24832.0;24832.0,115648.4375;115593.75;118760.9375;107476.5625;106170.3125;122521.875;134032.8125,24832.0;24832.0;24832.0;24832.0;24832.0;24832.0;24832.0
dmd,1,float,crossing,54582.031,51273.828,-6.0609745357405265,49167.578125;55311.328125;56346.484375;57904.6875;53928.515625;54582.03125;52509.375,16560.0;16560.0;16560.0;16560.0;16560.0;16560.0;16560.0,53766.40625;57576.171875;51273.828125;50330.859375;54025.390625;49589.0625;48349.21875,16560.0;16560.0;16560.0;16560.0;16560.0;16560.0;16560.0
dmd,1,float,degenerate-boundary,14.149,13.124,-7.24432822107568,13.140869140625;15.985107421875;14.14947509765625;15.38848876953125;13.84735107421875;12.7777099609375;18.7469482421875,0.0;0.0;0.0;0.0;0.0;0.0;0.0,12.19940185546875;12.4847412109375;14.38751220703125;13.50555419921875;13.30413818359375;13.12408447265625;12.47406005859375,0.0;0.0;0.0;0.0;0.0;0.0;0.0
dmd,1,float,degenerate-interior,12.698,12.589,-0.8584028980941905,10.36376953125;12.353515625;13.26446533203125;12.96844482421875;12.04071044921875;12.6983642578125;14.29901123046875,0.0;0.0;0.0;0.0;0.0;0.0;0.0,12.0391845703125;12.5885009765625;11.3189697265625;13.06610107421875;12.97149658203125;13.1134033203125;11.69586181640625,0.0;0.0;0.0;0.0;0.0;0.0;0.0
dmd,1,float,dense-1,44772.656,47589.062,6.290459962884487,44891.796875;44772.65625;47464.84375;43867.578125;44465.625;44748.046875;49286.71875,16560.0;16560.0;16560.0;16560.0;16560.0;16560.0;16560.0,51003.90625;51032.03125;49282.03125;47359.375;47585.9375;47589.0625;46201.5625,16560.0;16560.0;16560.0;16560.0;16560.0;16560.0;16560.0
dmd,1,float,dense-16,1124300.0,1309543.75,16.476363070354893,1124300.0;1079381.25;1099250.0;1142862.5;1099418.75;1352875.0;1307281.25,145008.0;145008.0;145008.0;145008.0;145008.0;145008.0;145008.0,1244456.25;1476368.75;1214993.75;1289150.0;1357225.0;1309543.75;1359968.75,145008.0;145008.0;145008.0;145008.0;145008.0;145008.0;145008.0
dmd,1,float,dense-4,251146.875,262948.438,4.69906822452002,248050.0;258293.75;305035.9375;322240.625;251146.875;232645.3125;246090.625,41360.0;41360.0;41360.0;41360.0;41360.0;41360.0;41360.0,243310.9375;248535.9375;263959.375;275806.25;293273.4375;261232.8125;262948.4375,41360.0;41360.0;41360.0;41360.0;41360.0;41360.0;41360.0
dmd,1,float,dense-64,5635050.0,5491250.0,-2.551885076441207,5635050.0;5779600.0;5312350.0;6353800.0;5748000.0;5577950.0;5558250.0,556032.0;556032.0;556032.0;556032.0;556032.0;556032.0;556032.0,6083450.0;5491250.0;5488500.0;5401550.0;5575750.0;5749750.0;5158900.0,556032.0;556032.0;556032.0;556032.0;556032.0;556032.0;556032.0
dmd,1,float,empty,15.143,17.549,15.88852935349665,14.7918701171875;15.46630859375;15.142822265625;16.34063720703125;13.946533203125;15.77606201171875;13.018798828125,0.0;0.0;0.0;0.0;0.0;0.0;0.0,17.07305908203125;19.7113037109375;29.7943115234375;16.7724609375;91.43524169921875;13.61846923828125;17.54913330078125,0.0;0.0;0.0;0.0;0.0;0.0;0.0
dmd,1,float,exterior,8954.395,41.396,-99.53770187712291,8954.39453125;9119.23828125;8564.990234375;8455.126953125;8933.0078125;9030.6640625;9114.306640625,8288.0;8288.0;8288.0;8288.0;8288.0;8288.0;8288.0,39.79644775390625;46.22802734375;39.1448974609375;41.39556884765625;52.70538330078125;41.949462890625;37.05291748046875,0.0;0.0;0.0;0.0;0.0;0.0;0.0
dmd,1,float,hole,116583.594,127747.656,9.576014614886553,116583.59375;114986.71875;104754.6875;119757.8125;117338.28125;114090.625;116607.03125,24832.0;24832.0;24832.0;24832.0;24832.0;24832.0;24832.0,135282.8125;127479.6875;132221.875;127747.65625;126225.78125;119957.8125;130132.03125,24832.0;24832.0;24832.0;24832.0;24832.0;24832.0;24832.0
dmd,1,float,hole-reversed,116036.719,134500.781,15.912257912083838,122275.78125;112132.8125;116036.71875;114485.15625;121011.71875;113814.84375;118174.21875,24832.0;24832.0;24832.0;24832.0;24832.0;24832.0;24832.0,121243.75;109728.125;124167.96875;174377.34375;146614.0625;138766.40625;134500.78125,24832.0;24832.0;24832.0;24832.0;24832.0;24832.0;24832.0
dmd,1,float,interior,23703.906,22778.125,-3.905605261850087,32149.8046875;38994.3359375;32181.640625;23703.90625;18861.71875;19668.5546875;19022.0703125,8336.0;8336.0;8336.0;8336.0;8336.0;8336.0;8336.0,23007.421875;20388.0859375;26463.4765625;21216.796875;23287.79296875;22778.125;18916.30859375,8336.0;8336.0;8336.0;8336.0;8336.0;8336.0;8336.0
dmd,1,float,isolated-tangent,14542.188,14717.676,1.2067510061071873,15522.94921875;14982.51953125;15013.37890625;14008.59375;14542.1875;13391.40625;14461.62109375,16480.0;16480.0;16480.0;16480.0;16480.0;16480.0;16480.0,14717.67578125;14581.73828125;14811.62109375;16431.25;14313.4765625;14304.78515625;15016.6015625,16480.0;16480.0;16480.0;16480.0;16480.0;16480.0;16480.0
dmd,1,float,large-finite,56900.0,44260.938,-22.212762741652014,56781.25;53511.71875;56900.0;75554.6875;54482.03125;65863.28125;61785.9375,16560.0;16560.0;16560.0;16560.0;16560.0;16560.0;16560.0,43419.921875;44048.828125;44260.9375;44719.140625;44640.234375;43716.796875;45317.578125,16560.0;16560.0;16560.0;16560.0;16560.0;16560.0;16560.0
dmd,1,float,rational-crossing,52220.703,58007.031,11.080524902163802,50153.125;52220.703125;48673.828125;46118.75;54730.46875;56637.890625;54844.921875,16560.0;16560.0;16560.0;16560.0;16560.0;16560.0;16560.0,58007.03125;58258.59375;60242.96875;57416.796875;58072.65625;47287.890625;45948.4375,16560.0;16560.0;16560.0;16560.0;16560.0;16560.0;16560.0
dmd,1,float,sparse-1,49903.516,55289.844,10.793483970147498,52683.203125;50349.21875;48298.828125;49021.484375;49903.515625;50557.8125;49683.984375,16560.0;16560.0;16560.0;16560.0;16560.0;16560.0;16560.0,56898.828125;55120.3125;56388.28125;61365.234375;50839.0625;46687.890625;55289.84375,16560.0;16560.0;16560.0;16560.0;16560.0;16560.0;16560.0
dmd,1,float,sparse-16,126500.781,148996.875,17.7833637248453,132178.125;127596.09375;123528.125;124540.625;126500.78125;123455.46875;128128.90625,16560.0;16560.0;16560.0;16560.0;16560.0;16560.0;16560.0,164903.125;120682.8125;151825.0;117539.0625;148996.875;166468.75;127551.5625,16560.0;16560.0;16560.0;16560.0;16560.0;16560.0;16560.0
dmd,1,float,sparse-4,75410.547,67078.906,-11.048376296753293,75410.546875;76327.34375;63942.578125;65954.296875;234949.609375;76684.765625;63389.453125,16560.0;16560.0;16560.0;16560.0;16560.0;16560.0;16560.0,73448.046875;68943.359375;60242.1875;66775.0;67078.90625;67066.40625;70741.40625,16560.0;16560.0;16560.0;16560.0;16560.0;16560.0;16560.0
dmd,1,float,sparse-64,377868.75,381106.25,0.8567789741808607,369953.125;377868.75;372471.875;429321.875;474368.75;411390.625;376412.5,16560.0;16560.0;16560.0;16560.0;16560.0;16560.0;16560.0,380537.5;397146.875;382168.75;393556.25;381106.25;361790.625;374740.625,16560.0;16560.0;16560.0;16560.0;16560.0;16560.0;16560.0
dmd,1,float,subnormal,53667.188,42671.875,-20.487961843650172,55355.078125;51236.328125;52422.65625;54266.40625;53667.1875;54537.890625;51911.328125,16560.0;16560.0;16560.0;16560.0;16560.0;16560.0;16560.0,42408.984375;42596.875;42671.875;42737.5;42485.546875;42696.484375;42687.109375,16560.0;16560.0;16560.0;16560.0;16560.0;16560.0;16560.0
dmd,1,int,boundary-only,32925.391,28343.164,-13.917001016024388,31695.1171875;32925.390625;32051.171875;35921.484375;31888.0859375;34596.484375;34906.4453125,20624.0;20624.0;20624.0;20624.0;20624.0;20624.0;20624.0,27892.96875;28270.3125;27421.875;28471.2890625;28343.1640625;29150.1953125;28578.3203125,20624.0;20624.0;20624.0;20624.0;20624.0;20624.0;20624.0
dmd,1,int,boundary-overlap,37432.617,33226.758,-11.235813408397277,38473.4375;43661.328125;38091.015625;34370.703125;37432.6171875;33725.78125;32725.78125,20656.0;20656.0;20656.0;20656.0;20656.0;20656.0;20656.0,34741.2109375;32687.890625;32731.640625;33961.9140625;33226.7578125;43494.921875;32125.78125,20656.0;20656.0;20656.0;20656.0;20656.0;20656.0;20656.0
dmd,1,int,concave-u,144898.438,117014.844,-19.243543536335427,146396.875;174892.1875;144898.4375;140415.625;130920.3125;140201.5625;184245.3125,24832.0;24832.0;24832.0;24832.0;24832.0;24832.0;24832.0,123378.90625;150117.1875;111925.78125;117014.84375;126363.28125;105200.0;106010.9375,24832.0;24832.0;24832.0;24832.0;24832.0;24832.0;24832.0
dmd,1,int,crossing,51004.297,48428.906,-5.049360841107164,49144.140625;44951.5625;56044.921875;53612.5;56528.90625;51004.296875;46505.46875,16560.0;16560.0;16560.0;16560.0;16560.0;16560.0;16560.0,46675.390625;48428.90625;49541.796875;75576.5625;70148.046875;45469.53125;44987.5,16560.0;16560.0;16560.0;16560.0;16560.0;16560.0;16560.0
dmd,1,int,degenerate-boundary,20.934,20.354,-2.770612400878958,19.59075927734375;19.92645263671875;21.25396728515625;20.5963134765625;20.93353271484375;22.3724365234375;21.76055908203125,0.0;0.0;0.0;0.0;0.0;0.0;0.0,21.64764404296875;18.0419921875;16.54815673828125;20.35369873046875;22.1160888671875;20.80841064453125;17.91229248046875,0.0;0.0;0.0;0.0;0.0;0.0;0.0
dmd,1,int,degenerate-interior,17.155,15.37,-10.405129699795989,13.46282958984375;18.31817626953125;14.47601318359375;17.15545654296875;21.636962890625;17.74444580078125;14.75982666015625,0.0;0.0;0.0;0.0;0.0;0.0;0.0,26.99737548828125;26.91802978515625;15.228271484375;15.37017822265625;14.97039794921875;17.78411865234375;15.12451171875,0.0;0.0;0.0;0.0;0.0;0.0;0.0
dmd,1,int,dense-1,54175.0,49249.609,-9.091630826026776,41597.265625;42960.546875;45233.203125;54175.0;62298.4375;69558.203125;63093.359375,16560.0;16560.0;16560.0;16560.0;16560.0;16560.0;16560.0,49249.609375;48335.9375;50495.3125;62536.71875;44514.84375;49643.75;46441.015625,16560.0;16560.0;16560.0;16560.0;16560.0;16560.0;16560.0
dmd,1,int,dense-16,1282543.75,1127112.5,-12.118982295925573,1282543.75;1348337.5;1263712.5;1299268.75;1336162.5;1260443.75;1206968.75,145008.0;145008.0;145008.0;145008.0;145008.0;145008.0;145008.0,1929687.5;1541975.0;1067137.5;1127112.5;1090250.0;1122800.0;1145875.0,145008.0;145008.0;145008.0;145008.0;145008.0;145008.0;145008.0
dmd,1,int,dense-4,242570.312,268425.0,10.65863657709274,239398.4375;238446.875;242570.3125;240107.8125;243765.625;247585.9375;242950.0,41360.0;41360.0;41360.0;41360.0;41360.0;41360.0;41360.0,538981.25;276887.5;247031.25;268425.0;257118.75;265293.75;278893.75,41360.0;41360.0;41360.0;41360.0;41360.0;41360.0;41360.0
dmd,1,int,dense-64,5649600.0,5523150.0,-2.23821155480034,5999200.0;5649600.0;5570500.0;5511700.0;6479350.0;5543550.0;5672250.0,556032.0;556032.0;556032.0;556032.0;556032.0;556032.0;556032.0,5615000.0;5505650.0;5927850.0;5239950.0;5281700.0;5523150.0;5752250.0,556032.0;556032.0;556032.0;556032.0;556032.0;556032.0;556032.0
dmd,1,int,empty,22.501,17.847,-20.68352517665881,22.93243408203125;22.5006103515625;22.5830078125;22.66845703125;21.5301513671875;21.91619873046875;18.70880126953125,0.0;0.0;0.0;0.0;0.0;0.0;0.0,17.8466796875;16.80145263671875;40.71197509765625;17.7947998046875;18.23883056640625;17.3919677734375;22.6318359375,0.0;0.0;0.0;0.0;0.0;0.0;0.0
dmd,1,int,exterior,8882.178,45.801,-99.48434944672354,8113.96484375;10165.234375;8882.177734375;9047.55859375;9791.845703125;8166.2109375;8583.935546875,8288.0;8288.0;8288.0;8288.0;8288.0;8288.0;8288.0,174.127197265625;117.79937744140625;45.80078125;38.75579833984375;35.6231689453125;32.7178955078125;72.198486328125,0.0;0.0;0.0;0.0;0.0;0.0;0.0
dmd,1,int,hole,115343.75,118817.969,3.0120565700352264,111063.28125;117739.0625;103771.09375;109886.71875;127166.40625;115343.75;172216.40625,24832.0;24832.0;24832.0;24832.0;24832.0;24832.0;24832.0,110958.59375;103523.4375;230261.71875;486885.15625;181737.5;118817.96875;115092.96875,24832.0;24832.0;24832.0;24832.0;24832.0;24832.0;24832.0
dmd,1,int,hole-reversed,124227.344,110584.375,-10.982259268136652,128477.34375;150629.6875;157891.40625;114050.0;124227.34375;108943.75;110169.53125,24832.0;24832.0;24832.0;24832.0;24832.0;24832.0;24832.0,124370.3125;128362.5;109317.96875;139017.96875;108521.09375;110584.375;105591.40625,24832.0;24832.0;24832.0;24832.0;24832.0;24832.0;24832.0
dmd,1,int,interior,21109.375,21071.875,-0.1776461880088842,20516.9921875;19904.8828125;21109.375;23890.625;22666.015625;22408.984375;21037.6953125,8336.0;8336.0;8336.0;8336.0;8336.0;8336.0;8336.0,20877.734375;22981.25;22666.796875;19396.09375;22610.15625;19293.359375;21071.875,8336.0;8336.0;8336.0;8336.0;8336.0;8336.0;8336.0
dmd,1,int,isolated-tangent,16219.238,13005.566,-19.813951802174667,16150.48828125;16219.23828125;16327.83203125;13784.375;14937.59765625;23681.0546875;21204.8828125,16480.0;16480.0;16480.0;16480.0;16480.0;16480.0;16480.0,12468.9453125;12485.9375;13005.56640625;12525.0;14947.65625;13737.98828125;14554.58984375,16480.0;16480.0;16480.0;16480.0;16480.0;16480.0;16480.0
dmd,1,int,rational-crossing,46357.812,46249.609,-0.23340834118745768,47915.234375;47842.1875;47202.734375;46357.8125;45925.0;43003.90625;42301.953125,16560.0;16560.0;16560.0;16560.0;16560.0;16560.0;16560.0,52298.828125;49272.265625;53291.40625;46249.609375;45751.953125;44652.34375;43080.078125,16560.0;16560.0;16560.0;16560.0;16560.0;16560.0;16560.0
dmd,1,int,sparse-1,53546.484,50877.344,-4.984715709812059,53546.484375;45611.328125;59757.421875;50371.09375;55117.96875;59961.328125;45317.1875,16560.0;16560.0;16560.0;16560.0;16560.0;16560.0;16560.0,67086.71875;49325.390625;46976.5625;50877.34375;51744.53125;51167.1875;47818.359375,16560.0;16560.0;16560.0;16560.0;16560.0;16560.0;16560.0
dmd,1,int,sparse-16,164959.375,135477.344,-17.8722979521473,131867.96875;129328.90625;142441.40625;192999.21875;175391.40625;166474.21875;164959.375,16560.0;16560.0;16560.0;16560.0;16560.0;16560.0;16560.0,139846.875;135477.34375;136917.1875;124938.28125;124888.28125;122316.40625;175368.75,16560.0;16560.0;16560.0;16560.0;16560.0;16560.0;16560.0
dmd,1,int,sparse-4,63852.734,67107.812,5.09778954805602,59995.3125;65835.15625;63852.734375;61398.828125;62152.734375;65200.0;66500.78125,16560.0;16560.0;16560.0;16560.0;16560.0;16560.0;16560.0,67107.8125;67617.96875;71074.609375;67369.921875;64142.96875;64881.640625;66089.84375,16560.0;16560.0;16560.0;16560.0;16560.0;16560.0;16560.0
dmd,1,int,sparse-64,483096.875,397309.375,-17.757825487900327,528984.375;380390.625;483096.875;1614862.5;552040.625;423931.25;410768.75,16560.0;16560.0;16560.0;16560.0;16560.0;16560.0;16560.0,389621.875;381600.0;397309.375;373171.875;415778.125;435096.875;431681.25,16560.0;16560.0;16560.0;16560.0;16560.0;16560.0;16560.0
dmd,1,int,wide-integral,50958.594,50091.406,-1.7017502484467983,46525.0;47959.375;52392.1875;49936.71875;53868.75;53169.921875;50958.59375,16560.0;16560.0;16560.0;16560.0;16560.0;16560.0;16560.0,53189.0625;54635.9375;47478.125;51359.375;49103.125;50091.40625;47538.28125,16560.0;16560.0;16560.0;16560.0;16560.0;16560.0;16560.0
dmd,1,long,boundary-only,45035.547,29253.711,-35.043064981535586,74432.8125;45035.546875;45442.1875;38594.140625;37917.96875;45294.921875;28415.234375,20624.0;20624.0;20624.0;20624.0;20624.0;20624.0;20624.0,30148.6328125;29091.40625;29253.7109375;28808.3984375;29878.90625;28420.1171875;30458.7890625,20624.0;20624.0;20624.0;20624.0;20624.0;20624.0;20624.0
dmd,1,long,boundary-overlap,30224.023,36355.078,20.28537034927482,30050.390625;30224.0234375;29530.078125;29768.5546875;30896.09375;30350.78125;33937.5,20656.0;20656.0;20656.0;20656.0;20656.0;20656.0;20656.0,33318.75;38484.5703125;36480.46875;36355.078125;36220.3125;34245.1171875;41458.3984375,20656.0;20656.0;20656.0;20656.0;20656.0;20656.0;20656.0
dmd,1,long,concave-u,111799.219,128111.719,14.590889047266064,110383.59375;111799.21875;112258.59375;118976.5625;109503.125;113589.0625;109320.3125,24832.0;24832.0;24832.0;24832.0;24832.0;24832.0;24832.0,122299.21875;149760.9375;129696.875;128185.9375;125957.03125;128111.71875;113550.78125,24832.0;24832.0;24832.0;24832.0;24832.0;24832.0;24832.0
dmd,1,long,crossing,51562.5,49559.375,-3.88484848484848,347059.375;208384.375;54153.125;51562.5;44312.5;44090.625;49568.75,16560.0;16560.0;16560.0;16560.0;16560.0;16560.0;16560.0,46846.875;49559.375;49902.734375;48632.421875;50171.484375;50505.859375;45553.90625,16560.0;16560.0;16560.0;16560.0;16560.0;16560.0;16560.0
dmd,1,long,degenerate-boundary,19.412,35.245,81.56295075211209,20.33233642578125;20.44677734375;20.15838623046875;18.68743896484375;19.4122314453125;18.83392333984375;18.20526123046875,0.0;0.0;0.0;0.0;0.0;0.0;0.0,35.2447509765625;33.95233154296875;37.7655029296875;58.0413818359375;35.44921875;33.6029052734375;32.95745849609375,0.0;0.0;0.0;0.0;0.0;0.0;0.0
dmd,1,long,degenerate-interior,21.596,38.71,79.2461566956844,26.57012939453125;22.509765625;22.20916748046875;21.59576416015625;20.47119140625;21.19598388671875;19.1497802734375,0.0;0.0;0.0;0.0;0.0;0.0;0.0,38.71002197265625;43.94073486328125;38.93890380859375;35.3790283203125;33.74786376953125;39.324951171875;33.28704833984375,0.0;0.0;0.0;0.0;0.0;0.0;0.0
dmd,1,long,dense-1,51489.453,49403.906,-4.050435338670233,46640.625;47084.765625;47602.734375;51489.453125;52094.53125;53619.921875;57678.515625,16560.0;16560.0;16560.0;16560.0;16560.0;16560.0;16560.0,50751.953125;49887.890625;48988.671875;49403.90625;46321.875;50780.46875;45932.8125,16560.0;16560.0;16560.0;16560.0;16560.0;16560.0;16560.0
dmd,1,long,dense-16,1369675.0,1389475.0,1.4455984083815432,1381325.0;1282837.5;1299012.5;1217287.5;1586662.5;1708825.0;1369675.0,145008.0;145008.0;145008.0;145008.0;145008.0;145008.0;145008.0,1280862.5;1238137.5;1199893.75;1533368.75;1458162.5;1389475.0;1633956.25,145008.0;145008.0;145008.0;145008.0;145008.0;145008.0;145008.0
dmd,1,long,dense-4,268443.75,272740.625,1.600661218597943,268492.1875;294220.3125;258209.375;268443.75;256350.0;270893.75;251093.75,41360.0;41360.0;41360.0;41360.0;41360.0;41360.0;41360.0,274115.625;269232.8125;272740.625;263601.5625;283575.0;272339.0625;289310.9375,41360.0;41360.0;41360.0;41360.0;41360.0;41360.0;41360.0
dmd,1,long,dense-64,5612400.0,5547200.0,-1.161713349012905,6417800.0;5390000.0;4832700.0;5051200.0;5682300.0;5631100.0;5612400.0,556032.0;556032.0;556032.0;556032.0;556032.0;556032.0;556032.0,5393800.0;5547200.0;5727950.0;5754550.0;5689800.0;5307750.0;5390700.0,556032.0;556032.0;556032.0;556032.0;556032.0;556032.0;556032.0
dmd,1,long,empty,21.774,37.276,71.1950032148434,21.7742919921875;20.3857421875;22.39532470703125;23.11248779296875;27.87017822265625;20.1690673828125;20.50628662109375,0.0;0.0;0.0;0.0;0.0;0.0;0.0,37.27569580078125;35.6201171875;39.3585205078125;38.97857666015625;36.3616943359375;36.04583740234375;37.542724609375,0.0;0.0;0.0;0.0;0.0;0.0;0.0
dmd,1,long,endpoint-collapse,47299.219,40326.562,-14.741590130695393,49792.578125;42818.359375;46516.796875;47850.78125;49421.484375;47299.21875;43824.21875,16528.0;16528.0;16528.0;16528.0;16528.0;16528.0;16528.0,50676.5625;45166.796875;40326.5625;38626.171875;38313.671875;39658.984375;41082.421875,16528.0;16528.0;16528.0;16528.0;16528.0;16528.0;16528.0
dmd,1,long,exterior,9813.77,50.366,-99.48678234766048,9308.49609375;10907.51953125;10373.828125;9327.34375;9522.94921875;9892.67578125;9813.76953125,8288.0;8288.0;8288.0;8288.0;8288.0;8288.0;8288.0,63.8031005859375;48.35968017578125;51.14288330078125;52.1697998046875;50.3662109375;47.83477783203125;48.1048583984375,0.0;0.0;0.0;0.0;0.0;0.0;0.0
dmd,1,long,gap-collapse,155668.75,112992.188,-27.41498341831614,159492.1875;162745.3125;158050.0;155668.75;105495.3125;98323.4375;96621.875,24800.0;24800.0;24800.0;24800.0;24800.0;24800.0;24800.0,108895.3125;113465.625;112992.1875;114921.09375;116399.21875;111502.34375;107834.375,24800.0;24800.0;24800.0;24800.0;24800.0;24800.0;24800.0
dmd,1,long,hole,105842.188,116592.969,10.157368439889014,102482.8125;133550.78125;114327.34375;105260.15625;103595.3125;105842.1875;108880.46875,24832.0;24832.0;24832.0;24832.0;24832.0;24832.0;24832.0,116494.53125;118768.75;117145.3125;123097.65625;116592.96875;111454.6875;114889.0625,24832.0;24832.0;24832.0;24832.0;24832.0;24832.0;24832.0
dmd,1,long,hole-reversed,108800.0,117910.938,8.374023897058812,107982.8125;111219.53125;108800.0;108947.65625;128276.5625;101347.65625;108493.75,24832.0;24832.0;24832.0;24832.0;24832.0;24832.0;24832.0,119706.25;120094.53125;117910.9375;117907.8125;118365.625;110260.9375;106876.5625,24832.0;24832.0;24832.0;24832.0;24832.0;24832.0;24832.0
dmd,1,long,interior,22930.664,20254.688,-11.66985831722972,20662.890625;21889.84375;23854.296875;23380.859375;22930.6640625;24027.9296875;21078.3203125,8336.0;8336.0;8336.0;8336.0;8336.0;8336.0;8336.0,20513.28125;19534.375;19273.046875;20254.6875;20740.234375;21131.0546875;20176.7578125,8336.0;8336.0;8336.0;8336.0;8336.0;8336.0;8336.0
dmd,1,long,isolated-tangent,13292.285,17979.883,35.2655544174685,13292.28515625;15685.7421875;12098.828125;11940.4296875;11905.37109375;16590.13671875;15602.9296875,16480.0;16480.0;16480.0;16480.0;16480.0;16480.0;16480.0,12149.609375;38201.171875;31107.2265625;17979.8828125;14697.0703125;14352.5390625;19658.30078125,16480.0;16480.0;16480.0;16480.0;16480.0;16480.0;16480.0
dmd,1,long,rational-crossing,44128.906,43973.438,-0.3523042243558039,44128.90625;43970.703125;43251.5625;43141.015625;46253.90625;52242.578125;55671.875,16560.0;16560.0;16560.0;16560.0;16560.0;16560.0;16560.0,43973.4375;45608.59375;45906.640625;42014.0625;49343.75;41189.84375;41517.578125,16560.0;16560.0;16560.0;16560.0;16560.0;16560.0;16560.0
dmd,1,long,sparse-1,45606.25,43963.281,-3.602508428121143,49738.671875;50319.140625;56016.015625;45606.25;44105.078125;44450.390625;43900.78125,16560.0;16560.0;16560.0;16560.0;16560.0;16560.0;16560.0,42875.78125;44297.265625;44638.28125;44212.5;43963.28125;42141.40625;42535.546875,16560.0;16560.0;16560.0;16560.0;16560.0;16560.0;16560.0
dmd,1,long,sparse-16,140894.531,125185.156,-11.149740794410246,141836.71875;116352.34375;144771.875;148435.15625;131316.40625;140323.4375;140894.53125,16560.0;16560.0;16560.0;16560.0;16560.0;16560.0;16560.0,216338.28125;125185.15625;122859.375;123854.6875;125293.75;123485.9375;132588.28125,16560.0;16560.0;16560.0;16560.0;16560.0;16560.0;16560.0
dmd,1,long,sparse-4,60498.828,61514.062,1.678105235360916,61969.140625;60595.703125;60498.828125;60667.578125;59147.265625;59674.21875;60062.109375,16560.0;16560.0;16560.0;16560.0;16560.0;16560.0;16560.0,61364.453125;61713.671875;59694.921875;65613.28125;60928.515625;62949.21875;61514.0625,16560.0;16560.0;16560.0;16560.0;16560.0;16560.0;16560.0
dmd,1,long,sparse-64,415534.375,397140.625,-4.426529092809705,478759.375;415506.25;415534.375;418303.125;410028.125;409709.375;445918.75,16560.0;16560.0;16560.0;16560.0;16560.0;16560.0;16560.0,414996.875;394003.125;385425.0;388943.75;401343.75;397140.625;439443.75,16560.0;16560.0;16560.0;16560.0;16560.0;16560.0;16560.0
dmd,1,long,wide-integral,55146.875,52356.25,-5.06035020116734,51578.125;65928.90625;69465.625;55047.65625;50838.28125;55529.6875;55146.875,16560.0;16560.0;16560.0;16560.0;16560.0;16560.0;16560.0,47091.796875;48470.703125;52356.25;57424.21875;53059.765625;50812.5;65491.40625,16560.0;16560.0;16560.0;16560.0;16560.0;16560.0;16560.0
ldc2,0,double,boundary-only,14479.785,12810.742,-11.526711204620788,14997.16796875;13283.69140625;12739.16015625;14887.5;13925.48828125;14479.78515625;17846.77734375,20624.0;20624.0;20624.0;20624.0;20624.0;20624.0;20624.0,101761.1328125;38257.2265625;12719.3359375;12889.0625;12810.7421875;12542.7734375;12593.5546875,20624.0;20624.0;20624.0;20624.0;20624.0;20624.0;20624.0
ldc2,0,double,boundary-overlap,14943.457,13522.363,-9.509807536502436,13796.19140625;14453.22265625;16550.68359375;17927.83203125;16081.0546875;14943.45703125;14454.6875,20656.0;20656.0;20656.0;20656.0;20656.0;20656.0;20656.0,13736.42578125;13552.44140625;13440.234375;13409.86328125;13484.9609375;13522.36328125;13637.109375,20656.0;20656.0;20656.0;20656.0;20656.0;20656.0;20656.0
ldc2,0,double,concave-u,52025.0,38610.547,-25.784628543969244,54862.109375;53581.640625;45121.484375;52025.0;42881.25;54377.34375;48471.484375,24832.0;24832.0;24832.0;24832.0;24832.0;24832.0;24832.0,38806.640625;38748.2421875;38598.046875;38610.546875;38652.734375;38607.03125;38542.578125,24832.0;24832.0;24832.0;24832.0;24832.0;24832.0;24832.0
ldc2,0,double,crossing,19742.188,18025.195,-8.697075521720276,18433.88671875;19742.1875;20171.97265625;19709.47265625;19380.56640625;20279.58984375;20777.734375,16560.0;16560.0;16560.0;16560.0;16560.0;16560.0;16560.0,18069.04296875;18001.26953125;18025.1953125;17955.76171875;18032.421875;18091.30859375;17990.13671875,16560.0;16560.0;16560.0;16560.0;16560.0;16560.0;16560.0
ldc2,0,double,degenerate-boundary,3.651,10.759,194.68638729115315,5.3375244140625;3.61480712890625;3.64532470703125;4.4219970703125;4.1595458984375;3.65142822265625;3.61175537109375,0.0;0.0;0.0;0.0;0.0;0.0;0.0,10.75897216796875;11.376953125;10.5133056640625;11.12213134765625;10.74066162109375;11.1236572265625;10.7147216796875,0.0;0.0;0.0;0.0;0.0;0.0;0.0
ldc2,0,double,degenerate-interior,4.062,7.275,79.09896602658787,3.58734130859375;4.4464111328125;3.59039306640625;4.534912109375;4.6142578125;3.58734130859375;4.0618896484375,0.0;0.0;0.0;0.0;0.0;0.0;0.0,7.275390625;7.24029541015625;7.403564453125;7.30438232421875;7.04345703125;7.6629638671875;7.0404052734375,0.0;0.0;0.0;0.0;0.0;0.0;0.0
ldc2,0,double,dense-1,19622.363,18087.891,-7.820016376213212,18949.4140625;18433.7890625;19354.4921875;19622.36328125;23334.08203125;23534.9609375;25465.33203125,16560.0;16560.0;16560.0;16560.0;16560.0;16560.0;16560.0,18128.125;17942.7734375;18070.60546875;18072.65625;18087.890625;18559.86328125;18346.19140625,16560.0;16560.0;16560.0;16560.0;16560.0;16560.0;16560.0
ldc2,0,double,dense-16,422562.5,390156.25,-7.668983878124536,412781.25;431906.25;420162.5;426631.25;418593.75;474793.75;422562.5,145008.0;145008.0;145008.0;145008.0;145008.0;145008.0;145008.0,389993.75;389318.75;390156.25;390315.625;393487.5;390993.75;389481.25,145008.0;145008.0;145008.0;145008.0;145008.0;145008.0;145008.0
ldc2,0,double,dense-4,108015.625,82509.375,-23.613481845797768,108015.625;100848.4375;117646.875;117271.875;130633.59375;93814.0625;93230.46875,41360.0;41360.0;41360.0;41360.0;41360.0;41360.0;41360.0,83145.3125;82692.96875;82479.6875;82456.25;82275.78125;82509.375;82585.9375,41360.0;41360.0;41360.0;41360.0;41360.0;41360.0;41360.0
ldc2,0,double,dense-64,2107737.5,1812687.5,-13.998422479080052,2394575.0;2107237.5;2364237.5;2106200.0;2254600.0;2107737.5;2073350.0,556032.0;556032.0;556032.0;556032.0;556032.0;556032.0;556032.0,1856787.5;1853887.5;1807237.5;1811150.0;1812687.5;1809162.5;1828837.5,556032.0;556032.0;556032.0;556032.0;556032.0;556032.0;556032.0
ldc2,0,double,empty,3.862,5.659,46.530295183842554,3.5858154296875;4.09698486328125;4.97894287109375;4.168701171875;3.58734130859375;3.60107421875;3.86199951171875,0.0;0.0;0.0;0.0;0.0;0.0;0.0,5.69610595703125;5.44586181640625;6.060791015625;5.45196533203125;5.50689697265625;6.01959228515625;5.65948486328125,0.0;0.0;0.0;0.0;0.0;0.0;0.0
ldc2,0,double,exterior,4066.211,11.955,-99.70599164676895,3701.7822265625;3565.72265625;4066.2109375;4099.951171875;3877.1240234375;4799.12109375;23282.5927734375,8288.0;8288.0;8288.0;8288.0;8288.0;8288.0;8288.0,11.95526123046875;12.1612548828125;11.52496337890625;12.16583251953125;11.810302734375;12.36419677734375;11.907958984375,0.0;0.0;0.0;0.0;0.0;0.0;0.0
ldc2,0,double,hole,41404.297,38616.016,-6.73427929473116,42973.4375;41989.453125;39250.78125;44101.953125;41404.296875;40996.484375;40490.625,24832.0;24832.0;24832.0;24832.0;24832.0;24832.0;24832.0,39096.09375;38747.265625;38596.484375;38743.359375;38412.109375;38607.421875;38616.015625,24832.0;24832.0;24832.0;24832.0;24832.0;24832.0;24832.0
ldc2,0,double,hole-reversed,43494.141,38902.148,-10.557727763838354,242503.90625;61678.125;41716.40625;42916.015625;41689.453125;49115.234375;43494.140625,24832.0;24832.0;24832.0;24832.0;24832.0;24832.0;24832.0,38840.4296875;38814.2578125;39033.203125;38946.484375;38933.0078125;38824.8046875;38902.1484375,24832.0;24832.0;24832.0;24832.0;24832.0;24832.0;24832.0
ldc2,0,double,interior,8572.168,6934.717,-19.101947138693497,8401.220703125;10672.802734375;10232.470703125;8431.298828125;8572.16796875;8631.982421875;8349.560546875,8336.0;8336.0;8336.0;8336.0;8336.0;8336.0;8336.0,6975.78125;6934.716796875;6922.0703125;6964.404296875;6928.173828125;6923.583984375;6957.8125,8336.0;8336.0;8336.0;8336.0;8336.0;8336.0;8336.0
ldc2,0,double,isolated-tangent,8017.92,7325.391,-8.637265026341002,7517.28515625;8125.5859375;8424.12109375;8075.5859375;7501.123046875;8017.919921875;7332.080078125,16480.0;16480.0;16480.0;16480.0;16480.0;16480.0;16480.0,7370.1171875;7325.390625;7288.4765625;7582.421875;7259.130859375;7293.017578125;7340.478515625,16480.0;16480.0;16480.0;16480.0;16480.0;16480.0;16480.0
ldc2,0,double,large-finite,34393.555,33021.68,-3.9887560329253557,32067.96875;53885.3515625;36182.421875;35190.0390625;33503.125;34393.5546875;33874.21875,16560.0;16560.0;16560.0;16560.0;16560.0;16560.0;16560.0,95544.3359375;56899.609375;33021.6796875;32049.21875;32540.234375;32700.78125;33966.2109375,16560.0;16560.0;16560.0;16560.0;16560.0;16560.0;16560.0
ldc2,0,double,rational-crossing,22135.352,17876.367,-19.240647268676824,20198.828125;30749.8046875;21929.4921875;26264.0625;23075.9765625;21532.8125;22135.3515625,16560.0;16560.0;16560.0;16560.0;16560.0;16560.0;16560.0,17933.88671875;17879.00390625;17876.3671875;17862.5;17923.4375;17808.3984375;17836.5234375,16560.0;16560.0;16560.0;16560.0;16560.0;16560.0;16560.0
ldc2,0,double,sparse-1,17844.531,18058.398,1.1985016585754016,17844.53125;17575.1953125;17380.078125;25516.6015625;25612.6953125;29270.5078125;17261.9140625,16560.0;16560.0;16560.0;16560.0;16560.0;16560.0;16560.0,18058.3984375;17984.765625;18094.7265625;18057.91015625;18129.19921875;18037.890625;70708.69140625,16560.0;16560.0;16560.0;16560.0;16560.0;16560.0;16560.0
ldc2,0,double,sparse-16,50696.094,41636.719,-17.86996647118415,46618.75;46435.546875;49009.375;51900.0;50696.09375;59984.375;53459.765625,16560.0;16560.0;16560.0;16560.0;16560.0;16560.0;16560.0,41764.0625;41600.0;41636.71875;41705.46875;41594.53125;42129.6875;41620.3125,16560.0;16560.0;16560.0;16560.0;16560.0;16560.0;16560.0
ldc2,0,double,sparse-4,28477.734,23201.172,-18.528728444475263,28016.2109375;28477.734375;31658.984375;32707.6171875;27167.96875;29070.1171875;27860.3515625,16560.0;16560.0;16560.0;16560.0;16560.0;16560.0;16560.0,23147.65625;23201.171875;23131.8359375;23328.3203125;23520.1171875;23348.6328125;22901.3671875,16560.0;16560.0;16560.0;16560.0;16560.0;16560.0;16560.0
ldc2,0,double,sparse-64,127833.594,116457.812,-8.898898672910649,158800.78125;191225.78125;126599.21875;128600.0;120370.3125;127833.59375;123631.25,16560.0;16560.0;16560.0;16560.0;16560.0;16560.0;16560.0,116457.8125;116287.5;115116.40625;114739.84375;116907.8125;128917.96875;144581.25,16560.0;16560.0;16560.0;16560.0;16560.0;16560.0;16560.0
ldc2,0,double,subnormal,25678.125,26073.242,1.5387299501034457,27179.6875;26374.0234375;25368.5546875;26478.7109375;25238.0859375;25678.125;25101.5625,16560.0;16560.0;16560.0;16560.0;16560.0;16560.0;16560.0,26069.140625;26229.4921875;26183.984375;25954.296875;25896.484375;26265.0390625;26073.2421875,16560.0;16560.0;16560.0;16560.0;16560.0;16560.0;16560.0
ldc2,0,float,boundary-only,12473.047,11449.219,-8.208323114632709,12685.15625;13946.77734375;12473.046875;12258.88671875;12167.08984375;12215.0390625;13627.34375,20624.0;20624.0;20624.0;20624.0;20624.0;20624.0;20624.0,11403.41796875;11492.08984375;11342.87109375;11449.21875;11401.7578125;11469.3359375;11456.73828125,20624.0;20624.0;20624.0;20624.0;20624.0;20624.0;20624.0
ldc2,0,float,boundary-overlap,14161.328,12499.121,-11.737649180924281,14016.40625;14280.859375;14289.6484375;13847.4609375;13485.15625;14161.328125;14479.1015625,20656.0;20656.0;20656.0;20656.0;20656.0;20656.0;20656.0,12375.78125;12417.48046875;12409.9609375;12499.12109375;12576.5625;12538.18359375;12517.48046875,20656.0;20656.0;20656.0;20656.0;20656.0;20656.0;20656.0
ldc2,0,float,concave-u,41072.656,37179.883,-9.477772754700842,40123.046875;39620.3125;41307.8125;40493.359375;41072.65625;42627.734375;41601.5625,24832.0;24832.0;24832.0;24832.0;24832.0;24832.0;24832.0,37442.96875;37179.8828125;37144.140625;37196.484375;37038.671875;37088.671875;37243.5546875,24832.0;24832.0;24832.0;24832.0;24832.0;24832.0;24832.0
ldc2,0,float,crossing,18912.695,16884.473,-10.724130008970157,18893.9453125;19068.06640625;18912.6953125;20080.95703125;19353.02734375;18651.26953125;18641.30859375,16560.0;16560.0;16560.0;16560.0;16560.0;16560.0;16560.0,16712.01171875;16803.125;17670.3125;16764.6484375;16884.47265625;17092.3828125;16958.88671875,16560.0;16560.0;16560.0;16560.0;16560.0;16560.0;16560.0
ldc2,0,float,degenerate-boundary,4.06,5.685,40.02463054187193,4.06036376953125;4.2510986328125;4.06036376953125;4.43878173828125;4.06036376953125;4.2572021484375;4.06036376953125,0.0;0.0;0.0;0.0;0.0;0.0;0.0,5.45654296875;5.67779541015625;5.89447021484375;5.7342529296875;5.64117431640625;5.81512451171875;5.6854248046875,0.0;0.0;0.0;0.0;0.0;0.0;0.0
ldc2,0,float,degenerate-interior,4.236,5.708,34.74976392823419,4.06036376953125;4.27093505859375;4.06036376953125;4.4189453125;4.23583984375;4.06036376953125;4.31365966796875,0.0;0.0;0.0;0.0;0.0;0.0;0.0,5.72357177734375;5.53131103515625;5.999755859375;5.70831298828125;5.413818359375;6.0272216796875;5.4595947265625,0.0;0.0;0.0;0.0;0.0;0.0;0.0
ldc2,0,float,dense-1,19624.316,16650.488,-15.153791857000254,20463.18359375;19053.80859375;18141.40625;19776.3671875;18522.36328125;19624.31640625;20433.0078125,16560.0;16560.0;16560.0;16560.0;16560.0;16560.0;16560.0,16618.1640625;16731.15234375;16579.4921875;16650.48828125;16784.47265625;16648.14453125;16660.546875,16560.0;16560.0;16560.0;16560.0;16560.0;16560.0;16560.0
ldc2,0,float,dense-16,452590.625,391018.75,-13.60431957688032,496965.625;470587.5;452590.625;444340.625;463293.75;436937.5;428262.5,145008.0;145008.0;145008.0;145008.0;145008.0;145008.0;145008.0,393543.75;393293.75;391550.0;390956.25;388468.75;391018.75;390987.5,145008.0;145008.0;145008.0;145008.0;145008.0;145008.0;145008.0
ldc2,0,float,dense-4,105836.719,80461.719,-23.975610959746398,90681.25;96032.03125;98177.34375;107588.28125;121678.125;105836.71875;107426.5625,41360.0;41360.0;41360.0;41360.0;41360.0;41360.0;41360.0,81096.09375;80028.90625;80179.6875;81076.5625;80461.71875;80587.5;80403.90625,41360.0;41360.0;41360.0;41360.0;41360.0;41360.0;41360.0
ldc2,0,float,dense-64,2012612.5,1787350.0,-11.192542031811891,1938375.0;2011662.5;2012612.5;2092512.5;2104800.0;1930600.0;2185775.0,556032.0;556032.0;556032.0;556032.0;556032.0;556032.0;556032.0,1834500.0;1787350.0;1773037.5;1805937.5;1790087.5;1782625.0;1776225.0,556032.0;556032.0;556032.0;556032.0;556032.0;556032.0;556032.0
ldc2,0,float,empty,4.06,5.663,39.48275862068969,4.06036376953125;4.06036376953125;4.8004150390625;4.46014404296875;4.06036376953125;4.24041748046875;4.06036376953125,0.0;0.0;0.0;0.0;0.0;0.0;0.0,5.72357177734375;5.53131103515625;6.0211181640625;5.66253662109375;5.52978515625;5.810546875;5.413818359375,0.0;0.0;0.0;0.0;0.0;0.0;0.0
ldc2,0,float,exterior,3855.933,25.052,-99.35029991444353,3813.232421875;3981.396484375;3789.1357421875;3855.9326171875;3930.029296875;3899.70703125;3832.91015625,8288.0;8288.0;8288.0;8288.0;8288.0;8288.0;8288.0,24.96490478515625;25.3021240234375;25.15106201171875;25.05645751953125;25.0518798828125;25.0335693359375;25.02593994140625,0.0;0.0;0.0;0.0;0.0;0.0;0.0
ldc2,0,float,hole,43721.094,37782.031,-13.583976192361503,43350.0;44895.703125;42802.734375;47872.265625;43905.078125;41896.09375;43721.09375,24832.0;24832.0;24832.0;24832.0;24832.0;24832.0;24832.0,37599.21875;37820.1171875;37845.1171875;37881.4453125;37782.03125;37308.7890625;37586.328125,24832.0;24832.0;24832.0;24832.0;24832.0;24832.0;24832.0
ldc2,0,float,hole-reversed,41714.844,37605.664,-9.85064213592648,42962.890625;41714.84375;42430.46875;43809.765625;38609.765625;37415.625;37113.671875,24832.0;24832.0;24832.0;24832.0;24832.0;24832.0;24832.0,37605.6640625;37905.078125;37428.125;37842.7734375;37603.515625;37542.578125;37638.8671875,24832.0;24832.0;24832.0;24832.0;24832.0;24832.0;24832.0
ldc2,0,float,interior,7404.932,7023.535,-5.150580721065367,7830.615234375;7372.509765625;7359.521484375;7404.931640625;7387.744140625;7809.228515625;7790.380859375,8336.0;8336.0;8336.0;8336.0;8336.0;8336.0;8336.0,6918.45703125;6958.3984375;7023.53515625;7298.046875;6999.072265625;7085.83984375;7094.970703125,8336.0;8336.0;8336.0;8336.0;8336.0;8336.0;8336.0
ldc2,0,float,isolated-tangent,6557.275,6448.291,-1.6620318653708943,6821.77734375;9786.181640625;9351.220703125;6557.275390625;6474.365234375;6245.166015625;6258.447265625,16480.0;16480.0;16480.0;16480.0;16480.0;16480.0;16480.0,6448.291015625;6433.837890625;6419.189453125;6449.12109375;6429.150390625;6501.708984375;6466.357421875,16480.0;16480.0;16480.0;16480.0;16480.0;16480.0;16480.0
ldc2,0,float,large-finite,20991.797,17628.418,-16.0223491109408,19315.8203125;18849.21875;20991.796875;22675.1953125;21017.7734375;21150.78125;20708.203125,16560.0;16560.0;16560.0;16560.0;16560.0;16560.0;16560.0,17630.56640625;17510.83984375;17787.79296875;17628.41796875;17893.26171875;17540.52734375;17554.58984375,16560.0;16560.0;16560.0;16560.0;16560.0;16560.0;16560.0
ldc2,0,float,rational-crossing,18209.57,16630.176,-8.67342831269492,18209.5703125;17385.15625;18340.0390625;20926.7578125;17789.84375;19420.8984375;17740.4296875,16560.0;16560.0;16560.0;16560.0;16560.0;16560.0;16560.0,16467.48046875;16638.8671875;16579.58984375;16685.25390625;16630.17578125;16639.94140625;16535.3515625,16560.0;16560.0;16560.0;16560.0;16560.0;16560.0;16560.0
ldc2,0,float,sparse-1,20534.961,16680.859,-18.76848950431412,20534.9609375;20180.2734375;20588.8671875;22445.3125;21485.7421875;17973.828125;17704.1015625,16560.0;16560.0;16560.0;16560.0;16560.0;16560.0;16560.0,16680.859375;16569.62890625;16578.515625;16548.6328125;16837.20703125;16956.4453125;16710.83984375,16560.0;16560.0;16560.0;16560.0;16560.0;16560.0;16560.0
ldc2,0,float,sparse-16,44671.875,40982.031,-8.259881636935983,220201.5625;51382.8125;55696.875;42682.8125;44671.875;40379.6875;41159.375,16560.0;16560.0;16560.0;16560.0;16560.0;16560.0;16560.0,40982.03125;40235.9375;40679.6875;41056.640625;41091.796875;40912.109375;41325.390625,16560.0;16560.0;16560.0;16560.0;16560.0;16560.0;16560.0
ldc2,0,float,sparse-4,25590.82,22096.289,-13.655408462878482,23560.3515625;25590.8203125;26424.21875;25989.6484375;22970.703125;25072.65625;26244.7265625,16560.0;16560.0;16560.0;16560.0;16560.0;16560.0;16560.0,22375.390625;22096.2890625;22000.78125;22214.453125;22175.5859375;21387.109375;22023.6328125,16560.0;16560.0;16560.0;16560.0;16560.0;16560.0;16560.0
ldc2,0,float,sparse-64,120425.0,111692.969,-7.251011833091137,125003.125;116429.6875;116382.8125;120425.0;124414.0625;120703.125;114804.6875,16560.0;16560.0;16560.0;16560.0;16560.0;16560.0;16560.0,112219.53125;111692.96875;111415.625;111607.8125;111892.96875;111764.84375;111527.34375,16560.0;16560.0;16560.0;16560.0;16560.0;16560.0;16560.0
ldc2,0,float,subnormal,24263.281,16522.168,-31.904642245209946,21435.15625;24423.046875;26902.34375;20769.7265625;24882.421875;24263.28125;23107.03125,16560.0;16560.0;16560.0;16560.0;16560.0;16560.0;16560.0,16587.79296875;16607.03125;16612.6953125;16522.16796875;16427.83203125;16456.93359375;16413.28125,16560.0;16560.0;16560.0;16560.0;16560.0;16560.0;16560.0
ldc2,0,int,boundary-only,12091.309,11382.617,-5.861168546763618,12464.94140625;12091.30859375;12679.296875;13443.1640625;11260.25390625;11866.015625;11712.59765625,20624.0;20624.0;20624.0;20624.0;20624.0;20624.0;20624.0,18116.015625;11754.6875;11382.6171875;11330.078125;11116.9921875;11497.0703125;11084.9609375,20624.0;20624.0;20624.0;20624.0;20624.0;20624.0;20624.0
ldc2,0,int,boundary-overlap,12637.402,12891.992,2.014575464165813,12893.65234375;12444.921875;12595.1171875;12609.27734375;12679.1015625;12637.40234375;12877.24609375,20656.0;20656.0;20656.0;20656.0;20656.0;20656.0;20656.0,12590.8203125;14398.33984375;13397.55859375;13048.4375;12891.9921875;12334.66796875;12247.36328125,20656.0;20656.0;20656.0;20656.0;20656.0;20656.0;20656.0
ldc2,0,int,concave-u,48542.188,38256.641,-21.188882132795495,50067.1875;57411.71875;57561.328125;44281.640625;48542.1875;46496.09375;41803.90625,24832.0;24832.0;24832.0;24832.0;24832.0;24832.0;24832.0,38401.3671875;37783.3984375;36743.75;37761.328125;38464.6484375;39107.421875;38256.640625,24832.0;24832.0;24832.0;24832.0;24832.0;24832.0;24832.0
ldc2,0,int,crossing,19400.781,19700.391,1.5443192725076438,20080.078125;20350.1953125;18405.46875;19400.78125;18988.0859375;16710.7421875;20191.9921875,16560.0;16560.0;16560.0;16560.0;16560.0;16560.0;16560.0,25083.49609375;27715.52734375;27959.9609375;19700.390625;17197.55859375;16422.0703125;16094.53125,16560.0;16560.0;16560.0;16560.0;16560.0;16560.0;16560.0
ldc2,0,int,degenerate-boundary,3.893,4.518,16.054456717184685,4.095458984375;3.826904296875;4.37164306640625;4.61273193359375;3.88031005859375;3.89251708984375;3.851318359375,0.0;0.0;0.0;0.0;0.0;0.0;0.0,4.06341552734375;4.9407958984375;4.06341552734375;4.51812744140625;6.18438720703125;4.06646728515625;4.69818115234375,0.0;0.0;0.0;0.0;0.0;0.0;0.0
ldc2,0,int,degenerate-interior,3.865,4.099,6.054333764553688,4.16717529296875;3.86505126953125;3.8360595703125;4.08172607421875;4.02374267578125;3.84674072265625;3.8482666015625,0.0;0.0;0.0;0.0;0.0;0.0;0.0,4.2694091796875;5.57403564453125;4.0618896484375;4.0863037109375;4.632568359375;4.06341552734375;4.0985107421875,0.0;0.0;0.0;0.0;0.0;0.0;0.0
ldc2,0,int,dense-1,19042.969,18050.0,-5.214360218724301,20052.734375;18313.0859375;17993.84765625;20849.12109375;18895.21484375;19042.96875;20770.60546875,16560.0;16560.0;16560.0;16560.0;16560.0;16560.0;16560.0,23888.4765625;16876.953125;17288.671875;18050.0;17241.2109375;18827.734375;21644.53125,16560.0;16560.0;16560.0;16560.0;16560.0;16560.0;16560.0
ldc2,0,int,dense-16,431959.375,400768.75,-7.220731116207402,433471.875;437312.5;428612.5;435984.375;415493.75;428434.375;431959.375,145008.0;145008.0;145008.0;145008.0;145008.0;145008.0;145008.0,400768.75;397962.5;403493.75;419925.0;393187.5;428975.0;382425.0,145008.0;145008.0;145008.0;145008.0;145008.0;145008.0;145008.0
ldc2,0,int,dense-4,96447.656,89900.0,-6.7888181751145975,101678.125;96132.8125;104405.46875;96447.65625;93316.40625;96301.5625;101662.5,41360.0;41360.0;41360.0;41360.0;41360.0;41360.0;41360.0,742659.375;557600.0;281743.75;89900.0;80665.625;77146.875;84743.75,41360.0;41360.0;41360.0;41360.0;41360.0;41360.0;41360.0
ldc2,0,int,dense-64,2305850.0,1818537.5,-21.13374677450831,2406937.5;2321662.5;2305850.0;2374675.0;2205137.5;2054450.0;2193912.5,556032.0;556032.0;556032.0;556032.0;556032.0;556032.0;556032.0,1818537.5;1797737.5;1822962.5;1792000.0;1794125.0;1854837.5;1858262.5,556032.0;556032.0;556032.0;556032.0;556032.0;556032.0;556032.0
ldc2,0,int,empty,6.67,4.565,-31.559220389805088,6.66961669921875;6.43463134765625;6.939697265625;6.3507080078125;6.66656494140625;7.244873046875;6.80389404296875,0.0;0.0;0.0;0.0;0.0;0.0;0.0,4.64935302734375;4.5867919921875;4.2388916015625;4.925537109375;4.5654296875;4.0618896484375;4.0618896484375,0.0;0.0;0.0;0.0;0.0;0.0;0.0
ldc2,0,int,exterior,3094.556,10.623,-99.6567197362077,3146.7529296875;3028.1005859375;3094.5556640625;3509.423828125;2994.580078125;2866.6259765625;3470.4833984375,8288.0;8288.0;8288.0;8288.0;8288.0;8288.0;8288.0,10.699462890625;10.1959228515625;10.302734375;10.6231689453125;16.7755126953125;10.08758544921875;12.017822265625,0.0;0.0;0.0;0.0;0.0;0.0;0.0
ldc2,0,int,hole,39107.812,36054.883,-7.8064428661976715,53728.515625;39084.375;39107.8125;37978.125;44724.609375;45098.828125;37353.125,24832.0;24832.0;24832.0;24832.0;24832.0;24832.0;24832.0,34836.9140625;35826.953125;36316.796875;36054.8828125;36085.546875;35671.875;40262.3046875,24832.0;24832.0;24832.0;24832.0;24832.0;24832.0;24832.0
ldc2,0,int,hole-reversed,37954.297,42186.328,11.150334308655484,37829.8828125;37954.296875;38330.46875;38231.25;39386.1328125;37109.9609375;37513.4765625,24832.0;24832.0;24832.0;24832.0;24832.0;24832.0;24832.0,46036.71875;37832.03125;44263.8671875;48463.8671875;37830.46875;42186.328125;38607.8125,24832.0;24832.0;24832.0;24832.0;24832.0;24832.0;24832.0
ldc2,0,int,interior,6828.076,10469.922,53.336342477734576,7293.359375;7148.583984375;6485.107421875;6747.0703125;6828.076171875;6628.466796875;7360.400390625,8336.0;8336.0;8336.0;8336.0;8336.0;8336.0;8336.0,10442.96875;10413.37890625;10469.921875;10493.26171875;10596.875;10476.85546875;10065.625,8336.0;8336.0;8336.0;8336.0;8336.0;8336.0;8336.0
ldc2,0,int,isolated-tangent,5766.65,5599.219,-2.9034361370986583,5340.13671875;5766.650390625;5839.599609375;65895.60546875;8429.58984375;5130.322265625;4936.71875,16480.0;16480.0;16480.0;16480.0;16480.0;16480.0;16480.0,5466.89453125;5663.916015625;5172.216796875;5878.369140625;6231.298828125;4891.796875;5599.21875,16480.0;16480.0;16480.0;16480.0;16480.0;16480.0;16480.0
ldc2,0,int,rational-crossing,17285.352,19776.074,14.409437539947124,16689.16015625;17121.58203125;17254.1015625;17328.61328125;18082.32421875;17820.8984375;17285.3515625,16560.0;16560.0;16560.0;16560.0;16560.0;16560.0;16560.0,18792.7734375;18752.44140625;19862.109375;19229.296875;21628.61328125;19776.07421875;20738.57421875,16560.0;16560.0;16560.0;16560.0;16560.0;16560.0;16560.0
ldc2,0,int,sparse-1,18598.828,18567.871,-0.16644597175694553,18598.828125;18183.49609375;21288.76953125;17768.45703125;19330.6640625;20168.5546875;18502.5390625,16560.0;16560.0;16560.0;16560.0;16560.0;16560.0;16560.0,20810.05859375;16973.14453125;17134.765625;18567.87109375;18225.78125;23303.22265625;22370.60546875,16560.0;16560.0;16560.0;16560.0;16560.0;16560.0;16560.0
ldc2,0,int,sparse-16,43654.297,39470.117,-9.584806737352803,43487.109375;40682.8125;46348.046875;52348.046875;43654.296875;46508.59375;40598.4375,16560.0;16560.0;16560.0;16560.0;16560.0;16560.0;16560.0,39268.359375;42006.4453125;38820.1171875;36215.8203125;39470.1171875;40605.2734375;39558.984375,16560.0;16560.0;16560.0;16560.0;16560.0;16560.0;16560.0
ldc2,0,int,sparse-4,22938.672,21916.016,-4.458217982279001,21704.8828125;22938.671875;23012.3046875;22369.53125;22710.9375;23924.8046875;26878.515625,16560.0;16560.0;16560.0;16560.0;16560.0;16560.0;16560.0,21916.015625;22192.3828125;23580.2734375;26184.375;21144.3359375;20620.8984375;20711.1328125,16560.0;16560.0;16560.0;16560.0;16560.0;16560.0;16560.0
ldc2,0,int,sparse-64,124215.625,119221.875,-4.020226923947767,107575.78125;124215.625;139916.40625;143106.25;109678.90625;119028.90625;155705.46875,16560.0;16560.0;16560.0;16560.0;16560.0;16560.0;16560.0,131593.75;114671.875;116234.375;125409.375;119221.875;120837.5;112525.0,16560.0;16560.0;16560.0;16560.0;16560.0;16560.0;16560.0
ldc2,0,int,wide-integral,18272.461,17934.766,-1.848109020454336,19719.82421875;17587.890625;17999.12109375;17895.99609375;18272.4609375;18895.99609375;20034.375,16560.0;16560.0;16560.0;16560.0;16560.0;16560.0;16560.0,19057.03125;17552.24609375;18977.9296875;18125.29296875;17511.1328125;17934.765625;17520.80078125,16560.0;16560.0;16560.0;16560.0;16560.0;16560.0;16560.0
ldc2,0,long,boundary-only,12773.438,12305.469,-3.6636103764703054,13048.14453125;11814.2578125;13468.9453125;12545.703125;12773.4375;12067.67578125;13152.63671875,20624.0;20624.0;20624.0;20624.0;20624.0;20624.0;20624.0,13105.859375;12716.50390625;12106.25;11737.20703125;12305.46875;11948.53515625;12979.58984375,20624.0;20624.0;20624.0;20624.0;20624.0;20624.0;20624.0
ldc2,0,long,boundary-overlap,13064.648,12994.238,-0.5389353008209641,15857.6171875;13173.828125;12698.4375;12175.1953125;12025.68359375;13064.6484375;14365.8203125,20656.0;20656.0;20656.0;20656.0;20656.0;20656.0;20656.0,12759.9609375;13004.8828125;12781.54296875;13026.85546875;12739.2578125;14423.92578125;12994.23828125,20656.0;20656.0;20656.0;20656.0;20656.0;20656.0;20656.0
ldc2,0,long,concave-u,38020.312,41664.453,9.584721450997048,38020.3125;38438.671875;38426.171875;37353.125;37176.953125;37998.046875;38382.421875,24832.0;24832.0;24832.0;24832.0;24832.0;24832.0;24832.0,41403.125;42196.484375;43301.171875;40787.5;40811.71875;42127.34375;41664.453125,24832.0;24832.0;24832.0;24832.0;24832.0;24832.0;24832.0
ldc2,0,long,crossing,20507.227,19754.297,-3.671534917909669,17964.2578125;20132.03125;20908.59375;20860.546875;22193.1640625;20270.1171875;20507.2265625,16560.0;16560.0;16560.0;16560.0;16560.0;16560.0;16560.0,22697.65625;23591.015625;18862.3046875;19754.296875;18828.3203125;17798.4375;27833.0078125,16560.0;16560.0;16560.0;16560.0;16560.0;16560.0;16560.0
ldc2,0,long,degenerate-boundary,4.062,6.097,50.098473658296406,4.0618896484375;4.5196533203125;4.058837890625;4.46929931640625;4.25567626953125;4.06036376953125;4.0618896484375,0.0;0.0;0.0;0.0;0.0;0.0;0.0,6.182861328125;5.90972900390625;5.92193603515625;6.097412109375;7.4066162109375;8.0657958984375;5.94635009765625,0.0;0.0;0.0;0.0;0.0;0.0;0.0
ldc2,0,long,degenerate-interior,4.063,6.613,62.76150627615065,4.65240478515625;4.06036376953125;4.06036376953125;4.64630126953125;4.06341552734375;4.058837890625;5.77850341796875,0.0;0.0;0.0;0.0;0.0;0.0;0.0,5.9051513671875;5.9844970703125;12.6434326171875;7.18994140625;5.92041015625;6.6131591796875;6.77337646484375,0.0;0.0;0.0;0.0;0.0;0.0;0.0
ldc2,0,long,dense-1,16823.145,18466.797,9.770182685817662,16756.54296875;16581.73828125;16719.04296875;16823.14453125;17361.9140625;17535.44921875;17293.65234375,16560.0;16560.0;16560.0;16560.0;16560.0;16560.0;16560.0,18174.12109375;18508.59375;18852.34375;18827.734375;18332.421875;18310.3515625;18466.796875,16560.0;16560.0;16560.0;16560.0;16560.0;16560.0;16560.0
ldc2,0,long,dense-16,451206.25,397190.625,-11.971382266978791,493275.0;586787.5;487984.375;451206.25;427681.25;437328.125;433534.375,145008.0;145008.0;145008.0;145008.0;145008.0;145008.0;145008.0,533400.0;506865.625;541834.375;391784.375;397190.625;388106.25;386271.875,145008.0;145008.0;145008.0;145008.0;145008.0;145008.0;145008.0
ldc2,0,long,dense-4,91322.656,95644.531,4.732533184317367,88606.25;94390.625;93298.4375;92519.53125;86517.96875;91322.65625;88252.34375,41360.0;41360.0;41360.0;41360.0;41360.0;41360.0;41360.0,95644.53125;158212.5;128509.375;102462.5;91054.6875;95210.15625;93684.375,41360.0;41360.0;41360.0;41360.0;41360.0;41360.0;41360.0
ldc2,0,long,dense-64,2095112.5,1789212.5,-14.600647936566657,1974512.5;1969300.0;2807900.0;8525100.0;2577675.0;2095112.5;2078025.0,556032.0;556032.0;556032.0;556032.0;556032.0;556032.0;556032.0,1780500.0;1787487.5;1793475.0;1794437.5;1809675.0;1786837.5;1789212.5,556032.0;556032.0;556032.0;556032.0;556032.0;556032.0;556032.0
ldc2,0,long,empty,4.526,6.502,43.65885992045957,4.058837890625;4.08172607421875;8.47625732421875;5.6976318359375;4.5257568359375;4.06036376953125;4.56085205078125,0.0;0.0;0.0;0.0;0.0;0.0;0.0,5.99822998046875;6.45294189453125;6.50177001953125;7.2540283203125;5.90667724609375;7.0648193359375;6.646728515625,0.0;0.0;0.0;0.0;0.0;0.0;0.0
ldc2,0,long,endpoint-collapse,14925.977,13047.559,-12.584891427877732,14601.171875;14925.9765625;14409.1796875;15237.79296875;14792.28515625;17425.5859375;18344.23828125,16528.0;16528.0;16528.0;16528.0;16528.0;16528.0;16528.0,13012.109375;12992.48046875;12947.94921875;13069.23828125;13099.0234375;13047.55859375;13153.7109375,16528.0;16528.0;16528.0;16528.0;16528.0;16528.0;16528.0
ldc2,0,long,exterior,3710.229,16.147,-99.56479775237594,4001.0009765625;3512.109375;3541.943359375;4046.2158203125;3710.2294921875;4128.857421875;3429.00390625,8288.0;8288.0;8288.0;8288.0;8288.0;8288.0;8288.0,14.93682861328125;15.14129638671875;14.86053466796875;16.1468505859375;17.6788330078125;16.16668701171875;16.67938232421875,0.0;0.0;0.0;0.0;0.0;0.0;0.0
ldc2,0,long,gap-collapse,41334.375,34657.812,-16.152567929235662,42376.171875;41079.6875;39796.09375;38137.5;45882.8125;43758.59375;41334.375,24800.0;24800.0;24800.0;24800.0;24800.0;24800.0;24800.0,34657.8125;34553.7109375;34555.078125;34808.59375;34532.2265625;34683.3984375;35009.1796875,24800.0;24800.0;24800.0;24800.0;24800.0;24800.0;24800.0
ldc2,0,long,hole,38560.156,42749.609,10.864720049369069,38301.5625;37111.71875;38659.765625;38560.15625;39338.28125;39186.328125;37501.953125,24832.0;24832.0;24832.0;24832.0;24832.0;24832.0;24832.0,41203.515625;40242.578125;42593.359375;43430.859375;42749.609375;44423.046875;45380.46875,24832.0;24832.0;24832.0;24832.0;24832.0;24832.0;24832.0
ldc2,0,long,hole-reversed,39059.375,42377.344,8.49468021441715,39059.375;38907.421875;38582.03125;38199.609375;39804.6875;40101.5625;39493.359375,24832.0;24832.0;24832.0;24832.0;24832.0;24832.0;24832.0,42377.34375;42684.375;42678.125;43221.484375;41896.09375;41896.484375;40550.78125,24832.0;24832.0;24832.0;24832.0;24832.0;24832.0;24832.0
ldc2,0,long,interior,12062.793,8795.068,-27.08929018345917,8896.09375;12444.53125;84139.55078125;17969.43359375;9598.33984375;8006.25;12062.79296875,8336.0;8336.0;8336.0;8336.0;8336.0;8336.0;8336.0,8795.068359375;9391.015625;8830.078125;8364.6484375;8064.404296875;8039.404296875;10094.384765625,8336.0;8336.0;8336.0;8336.0;8336.0;8336.0;8336.0
ldc2,0,long,isolated-tangent,5326.562,6023.926,13.092197180845734,5326.5625;5246.142578125;5231.689453125;5295.1171875;5678.173828125;5552.83203125;5638.525390625,16480.0;16480.0;16480.0;16480.0;16480.0;16480.0;16480.0,5736.474609375;5662.79296875;47262.01171875;6506.93359375;6410.3515625;6023.92578125;5932.12890625,16480.0;16480.0;16480.0;16480.0;16480.0;16480.0;16480.0
ldc2,0,long,rational-crossing,16807.52,17655.273,5.0438910678077375,16535.3515625;16856.8359375;16424.70703125;16817.578125;16807.51953125;16801.26953125;21033.3984375,16560.0;16560.0;16560.0;16560.0;16560.0;16560.0;16560.0,17649.21875;17946.484375;18285.7421875;17655.2734375;17535.25390625;17427.83203125;17914.6484375,16560.0;16560.0;16560.0;16560.0;16560.0;16560.0;16560.0
ldc2,0,long,sparse-1,16972.363,17281.641,1.8222447870104963,17062.5;16972.36328125;16968.45703125;17058.88671875;16840.234375;16765.4296875;17260.9375,16560.0;16560.0;16560.0;16560.0;16560.0;16560.0;16560.0,17325.1953125;16896.875;17795.80078125;17127.5390625;17281.640625;17041.30859375;17525.390625,16560.0;16560.0;16560.0;16560.0;16560.0;16560.0;16560.0
ldc2,0,long,sparse-16,42696.289,44490.234,4.201641505658715,39708.3984375;43488.0859375;42774.8046875;42696.2890625;41965.625;41640.0390625;44302.5390625,16560.0;16560.0;16560.0;16560.0;16560.0;16560.0;16560.0,44932.421875;44490.234375;44365.234375;45419.140625;44069.53125;43905.46875;44845.3125,16560.0;16560.0;16560.0;16560.0;16560.0;16560.0;16560.0
ldc2,0,long,sparse-4,20464.844,22033.984,7.667490648841491,20464.84375;20385.3515625;20195.703125;21054.8828125;21460.15625;21368.5546875;20435.9375,16560.0;16560.0;16560.0;16560.0;16560.0;16560.0;16560.0,21906.4453125;21930.859375;22143.9453125;22033.984375;22217.3828125;21652.34375;22312.109375,16560.0;16560.0;16560.0;16560.0;16560.0;16560.0;16560.0
ldc2,0,long,sparse-64,117209.375,129045.312,10.098114591942853,114992.1875;117682.8125;115118.75;116561.71875;117209.375;117271.875;131195.3125,16560.0;16560.0;16560.0;16560.0;16560.0;16560.0;16560.0,129045.3125;131235.15625;129569.53125;124959.375;126082.03125;126382.03125;178684.375,16560.0;16560.0;16560.0;16560.0;16560.0;16560.0;16560.0
ldc2,0,long,wide-integral,21192.773,18529.883,-12.56508527694794,20543.75;21797.265625;21192.7734375;21028.7109375;20943.359375;23297.65625;22325.0,16560.0;16560.0;16560.0;16560.0;16560.0;16560.0;16560.0,18967.87109375;19110.7421875;18735.7421875;18529.8828125;18411.23046875;18483.59375;18420.1171875,16560.0;16560.0;16560.0;16560.0;16560.0;16560.0;16560.0
ldc2,1,double,boundary-only,14992.188,14714.062,-1.855139489979718,18217.7734375;15897.8515625;14992.1875;15268.84765625;14614.74609375;14510.05859375;12996.484375,20624.0;20624.0;20624.0;20624.0;20624.0;20624.0;20624.0,23093.9453125;14363.4765625;14714.0625;17461.23046875;15403.90625;14420.41015625;14150.78125,20624.0;20624.0;20624.0;20624.0;20624.0;20624.0;20624.0
ldc2,1,double,boundary-overlap,14559.082,13971.289,-4.0372943843574705,14713.96484375;14424.31640625;13708.88671875;16046.58203125;14559.08203125;14476.953125;14757.12890625,20656.0;20656.0;20656.0;20656.0;20656.0;20656.0;20656.0,17288.671875;14530.6640625;13130.078125;13971.2890625;14022.4609375;13808.3984375;13673.6328125,20656.0;20656.0;20656.0;20656.0;20656.0;20656.0;20656.0
ldc2,1,double,concave-u,39694.531,47375.781,19.35090252105511,38238.671875;37851.3671875;40211.9140625;41238.8671875;38081.4453125;39694.53125;45660.9375,24832.0;24832.0;24832.0;24832.0;24832.0;24832.0;24832.0,51578.125;45873.828125;44186.328125;46945.703125;47375.78125;51413.671875;51951.171875,24832.0;24832.0;24832.0;24832.0;24832.0;24832.0;24832.0
ldc2,1,double,crossing,19444.336,19667.773,1.1491109801846644,19322.0703125;20089.2578125;19083.984375;19445.8984375;20433.0078125;18390.0390625;19444.3359375,16560.0;16560.0;16560.0;16560.0;16560.0;16560.0;16560.0,18693.359375;18090.0390625;18208.88671875;22542.7734375;21527.24609375;20509.86328125;19667.7734375,16560.0;16560.0;16560.0;16560.0;16560.0;16560.0;16560.0
ldc2,1,double,degenerate-boundary,3.793,6.57,73.21381492222517,3.7933349609375;4.30450439453125;3.65447998046875;4.5166015625;3.61328125;3.60260009765625;4.0252685546875,0.0;0.0;0.0;0.0;0.0;0.0;0.0,5.450439453125;8.5723876953125;5.90057373046875;6.69708251953125;6.5704345703125;7.02667236328125;5.517578125,0.0;0.0;0.0;0.0;0.0;0.0;0.0
ldc2,1,double,degenerate-interior,3.624,6.381,76.07615894039735,3.753662109375;3.5888671875;3.62396240234375;3.5919189453125;4.0985107421875;3.643798828125;3.59039306640625,0.0;0.0;0.0;0.0;0.0;0.0;0.0,5.462646484375;10.6353759765625;6.8756103515625;7.2235107421875;6.3812255859375;6.36444091796875;5.44586181640625,0.0;0.0;0.0;0.0;0.0;0.0;0.0
ldc2,1,double,dense-1,21005.078,22783.398,8.466143282114924,21179.8828125;21005.078125;20770.1171875;21104.4921875;19170.8984375;19130.2734375;21098.4375,16560.0;16560.0;16560.0;16560.0;16560.0;16560.0;16560.0,20177.9296875;21475.0;24210.3515625;24212.3046875;22632.6171875;26991.015625;22783.3984375,16560.0;16560.0;16560.0;16560.0;16560.0;16560.0;16560.0
ldc2,1,double,dense-16,413862.5,496731.25,20.023256516355058,527728.125;503568.75;410046.875;410525.0;413862.5;405284.375;455734.375,145008.0;145008.0;145008.0;145008.0;145008.0;145008.0;145008.0,510631.25;479834.375;478334.375;500940.625;489425.0;496731.25;1847609.375,145008.0;145008.0;145008.0;145008.0;145008.0;145008.0;145008.0
ldc2,1,double,dense-4,96335.156,98022.656,1.751696960972371,102126.5625;100164.84375;98268.75;92955.46875;93867.1875;94191.40625;96335.15625,41360.0;41360.0;41360.0;41360.0;41360.0;41360.0;41360.0,107685.9375;102112.5;93189.0625;99761.71875;92014.84375;98022.65625;97170.3125,41360.0;41360.0;41360.0;41360.0;41360.0;41360.0;41360.0
ldc2,1,double,dense-64,2107250.0,2176275.0,3.275596156127647,2230837.5;2071625.0;2056862.5;2107250.0;2204025.0;2077900.0;2193150.0,556032.0;556032.0;556032.0;556032.0;556032.0;556032.0;556032.0,2209225.0;2071700.0;2130950.0;1944000.0;2220875.0;2176275.0;2412025.0,556032.0;556032.0;556032.0;556032.0;556032.0;556032.0;556032.0
ldc2,1,double,empty,3.848,6.145,59.69334719334718,3.8482666015625;3.77349853515625;3.59039306640625;4.6844482421875;3.6224365234375;4.17633056640625;5.99822998046875,0.0;0.0;0.0;0.0;0.0;0.0;0.0,6.4208984375;5.4473876953125;7.379150390625;5.45501708984375;8.72802734375;6.14471435546875;5.859375,0.0;0.0;0.0;0.0;0.0;0.0;0.0
ldc2,1,double,exterior,3792.432,12.178,-99.67888679348766,3795.5322265625;3928.1005859375;3792.431640625;3742.1630859375;3594.04296875;3756.73828125;3889.501953125,8288.0;8288.0;8288.0;8288.0;8288.0;8288.0;8288.0,12.0208740234375;16.05377197265625;13.153076171875;12.17803955078125;12.2650146484375;12.1307373046875;11.761474609375,0.0;0.0;0.0;0.0;0.0;0.0;0.0
ldc2,1,double,hole,48819.922,43495.703,-10.905832663968607,48819.921875;51585.546875;51990.234375;48671.484375;52106.640625;45982.03125;48064.453125,24832.0;24832.0;24832.0;24832.0;24832.0;24832.0;24832.0,43427.34375;45885.15625;43491.796875;43495.703125;45916.015625;42206.640625;47535.15625,24832.0;24832.0;24832.0;24832.0;24832.0;24832.0;24832.0
ldc2,1,double,hole-reversed,44372.266,50614.062,14.06688583359703,43387.5;48552.34375;44820.3125;44193.359375;43184.375;45333.59375;44372.265625,24832.0;24832.0;24832.0;24832.0;24832.0;24832.0;24832.0,44511.328125;46926.171875;49095.3125;50614.0625;155744.921875;219842.96875;72285.546875,24832.0;24832.0;24832.0;24832.0;24832.0;24832.0;24832.0
ldc2,1,double,interior,8721.973,7968.799,-8.635362663929369,9793.115234375;9926.416015625;8721.97265625;8647.412109375;8513.18359375;8316.162109375;8980.029296875,8336.0;8336.0;8336.0;8336.0;8336.0;8336.0;8336.0,8326.611328125;7966.30859375;7924.462890625;9027.392578125;7976.708984375;7408.349609375;7968.798828125,8336.0;8336.0;8336.0;8336.0;8336.0;8336.0;8336.0
ldc2,1,double,isolated-tangent,6830.127,8138.77,19.15986335246769,8085.15625;25911.669921875;6830.126953125;6687.5;7052.05078125;6712.353515625;6717.96875,16480.0;16480.0;16480.0;16480.0;16480.0;16480.0;16480.0,7443.212890625;8217.1875;7566.064453125;8138.76953125;8314.501953125;8304.638671875;8028.125,16480.0;16480.0;16480.0;16480.0;16480.0;16480.0;16480.0
ldc2,1,double,large-finite,30973.828,39741.797,28.30766994638183,30971.09375;31127.734375;31144.140625;30714.84375;30973.828125;30462.3046875;31386.1328125,16560.0;16560.0;16560.0;16560.0;16560.0;16560.0;16560.0,38447.0703125;44416.796875;41273.4375;39377.9296875;40320.703125;38750.9765625;39741.796875,16560.0;16560.0;16560.0;16560.0;16560.0;16560.0;16560.0
ldc2,1,double,rational-crossing,20820.703,19111.621,-8.208570094871448,20767.3828125;21189.6484375;20027.34375;21398.4375;21884.375;20616.9921875;20820.703125,16560.0;16560.0;16560.0;16560.0;16560.0;16560.0;16560.0,19638.671875;19779.19921875;19991.9921875;19111.62109375;19068.06640625;18727.83203125;18835.3515625,16560.0;16560.0;16560.0;16560.0;16560.0;16560.0;16560.0
ldc2,1,double,sparse-1,20158.984,21052.93,4.434479436066807,19874.4140625;20651.5625;20474.21875;20158.984375;18954.296875;21230.2734375;18597.0703125,16560.0;16560.0;16560.0;16560.0;16560.0;16560.0;16560.0,20105.859375;20043.5546875;21052.9296875;22086.328125;21739.0625;21961.1328125;20847.8515625,16560.0;16560.0;16560.0;16560.0;16560.0;16560.0;16560.0
ldc2,1,double,sparse-16,52020.312,45908.984,-11.74796491032195,53471.09375;50628.125;52020.3125;51600.78125;57966.40625;49022.65625;56992.1875,16560.0;16560.0;16560.0;16560.0;16560.0;16560.0;16560.0,43755.46875;53042.1875;56842.578125;51519.921875;45908.984375;44389.0625;43385.9375,16560.0;16560.0;16560.0;16560.0;16560.0;16560.0;16560.0
ldc2,1,double,sparse-4,25560.742,25002.344,-2.184592293916965,23379.4921875;22885.7421875;23493.9453125;25938.28125;26830.078125;27613.8671875;25560.7421875,16560.0;16560.0;16560.0;16560.0;16560.0;16560.0;16560.0,26593.1640625;28942.7734375;29093.1640625;25002.34375;24664.2578125;22927.5390625;23186.71875,16560.0;16560.0;16560.0;16560.0;16560.0;16560.0;16560.0
ldc2,1,double,sparse-64,142807.812,125927.344,-11.820409376484253,134937.5;142807.8125;142465.625;145717.1875;153792.1875;149945.3125;139901.5625,16560.0;16560.0;16560.0;16560.0;16560.0;16560.0;16560.0,115989.0625;123605.46875;125927.34375;127284.375;209946.09375;130496.09375;118186.71875,16560.0;16560.0;16560.0;16560.0;16560.0;16560.0;16560.0
ldc2,1,double,subnormal,27634.961,34945.703,26.45468542546523,27884.1796875;26439.453125;26678.125;27559.1796875;27847.4609375;28120.1171875;27634.9609375,16560.0;16560.0;16560.0;16560.0;16560.0;16560.0;16560.0,39294.53125;36234.375;32135.546875;34945.703125;38248.046875;34225.78125;28070.3125,16560.0;16560.0;16560.0;16560.0;16560.0;16560.0;16560.0
ldc2,1,float,boundary-only,12612.5,13583.008,7.694810703666999,13250.0;11525.0;347337.5;15700.0;11662.5;11525.0;12612.5,20624.0;20624.0;20624.0;20624.0;20624.0;20624.0;20624.0,13329.78515625;13269.62890625;14220.21484375;14165.72265625;14093.1640625;13560.546875;13583.0078125,20624.0;20624.0;20624.0;20624.0;20624.0;20624.0;20624.0
ldc2,1,float,boundary-overlap,16592.188,15092.578,-9.038048508129236,14783.203125;15430.46875;18561.328125;16592.1875;16170.80078125;16601.26953125;17353.515625,20656.0;20656.0;20656.0;20656.0;20656.0;20656.0;20656.0,14430.37109375;14620.80078125;15092.578125;14639.453125;15150.1953125;17044.82421875;18038.4765625,20656.0;20656.0;20656.0;20656.0;20656.0;20656.0;20656.0
ldc2,1,float,concave-u,41271.094,46864.453,13.552727727547055,39430.078125;41271.09375;60955.46875;45764.84375;41030.859375;40691.015625;42085.9375,24832.0;24832.0;24832.0;24832.0;24832.0;24832.0;24832.0,48356.25;43528.90625;49818.359375;49171.484375;44878.125;45552.34375;46864.453125,24832.0;24832.0;24832.0;24832.0;24832.0;24832.0;24832.0
ldc2,1,float,crossing,20886.719,20913.477,0.12811011628968139,23774.8046875;25140.8203125;20876.953125;20886.71875;20336.1328125;20222.65625;26715.0390625,16560.0;16560.0;16560.0;16560.0;16560.0;16560.0;16560.0,19202.9296875;21129.296875;20913.4765625;19363.0859375;18739.453125;21605.6640625;24565.4296875,16560.0;16560.0;16560.0;16560.0;16560.0;16560.0;16560.0
ldc2,1,float,degenerate-boundary,4.34,6.329,45.829493087557594,4.339599609375;5.43060302734375;4.06036376953125;5.11474609375;4.06036376953125;4.06036376953125;4.8980712890625,0.0;0.0;0.0;0.0;0.0;0.0;0.0,8.1268310546875;6.0394287109375;6.0150146484375;6.79931640625;6.329345703125;7.0159912109375;5.41534423828125,0.0;0.0;0.0;0.0;0.0;0.0;0.0
ldc2,1,float,degenerate-interior,4.903,6.866,40.03671221700999,4.06036376953125;4.90264892578125;5.4473876953125;4.06036376953125;4.7393798828125;5.77850341796875;5.00640869140625,0.0;0.0;0.0;0.0;0.0;0.0;0.0,6.5399169921875;10.076904296875;5.53131103515625;7.0831298828125;7.00531005859375;6.3262939453125;6.866455078125,0.0;0.0;0.0;0.0;0.0;0.0;0.0
ldc2,1,float,dense-1,21804.688,19758.594,-9.38373436024399,21804.6875;22120.703125;18557.71484375;20581.640625;22257.2265625;26956.8359375;19504.296875,16560.0;16560.0;16560.0;16560.0;16560.0;16560.0;16560.0,20787.109375;19767.1875;19030.6640625;20690.8203125;19758.59375;19195.703125;19742.3828125,16560.0;16560.0;16560.0;16560.0;16560.0;16560.0;16560.0
ldc2,1,float,dense-16,481540.625,447271.875,-7.116481605264358,455734.375;481540.625;506796.875;472931.25;478275.0;504268.75;491025.0,145008.0;145008.0;145008.0;145008.0;145008.0;145008.0;145008.0,473646.875;438643.75;434243.75;439268.75;455528.125;449334.375;447271.875,145008.0;145008.0;145008.0;145008.0;145008.0;145008.0;145008.0
ldc2,1,float,dense-4,98704.688,102882.812,4.232953960606212,100364.0625;98704.6875;98321.875;100907.03125;96057.03125;99550.0;92985.15625,41360.0;41360.0;41360.0;41360.0;41360.0;41360.0;41360.0,105089.84375;103482.8125;99326.5625;102882.8125;108353.125;93817.96875;99671.875,41360.0;41360.0;41360.0;41360.0;41360.0;41360.0;41360.0
ldc2,1,float,dense-64,2314487.5,1996812.5,-13.725500785811118,2255337.5;2594325.0;2389500.0;2175012.5;2436125.0;2314487.5;2089950.0,556032.0;556032.0;556032.0;556032.0;556032.0;556032.0;556032.0,2027662.5;1996812.5;2077837.5;2027075.0;1965600.0;1974312.5;1976625.0,556032.0;556032.0;556032.0;556032.0;556032.0;556032.0;556032.0
ldc2,1,float,empty,4.544,5.998,31.998239436619723,6.50787353515625;5.2215576171875;4.5440673828125;4.06036376953125;4.06036376953125;4.3365478515625;5.42755126953125,0.0;0.0;0.0;0.0;0.0;0.0;0.0,5.99822998046875;6.55517578125;6.41937255859375;5.53131103515625;5.45501708984375;6.06842041015625;5.53131103515625,0.0;0.0;0.0;0.0;0.0;0.0;0.0
ldc2,1,float,exterior,4707.959,28.398,-99.39680868078928,4707.958984375;4652.44140625;4861.279296875;4734.423828125;4586.9140625;4004.833984375;4987.890625,8288.0;8288.0;8288.0;8288.0;8288.0;8288.0;8288.0,28.84521484375;28.39813232421875;29.840087890625;25.85601806640625;28.08837890625;30.450439453125;27.71148681640625,0.0;0.0;0.0;0.0;0.0;0.0;0.0
ldc2,1,float,hole,42028.906,49905.078,18.739892967949245,42028.90625;59651.5625;56691.015625;40698.4375;50158.59375;39471.875;39783.203125,24832.0;24832.0;24832.0;24832.0;24832.0;24832.0;24832.0,53964.0625;48734.765625;49905.078125;53165.234375;47993.359375;50916.796875;42373.046875,24832.0;24832.0;24832.0;24832.0;24832.0;24832.0;24832.0
ldc2,1,float,hole-reversed,43572.656,44595.312,2.347013227745398,47196.484375;47694.53125;43820.703125;42896.875;42720.703125;43572.65625;40259.375,24832.0;24832.0;24832.0;24832.0;24832.0;24832.0;24832.0,42777.734375;44124.21875;42116.015625;44923.046875;48607.8125;45421.484375;44595.3125,24832.0;24832.0;24832.0;24832.0;24832.0;24832.0;24832.0
ldc2,1,float,interior,10324.756,10136.621,-1.822173812146266,11144.775390625;11766.845703125;9850.48828125;9181.201171875;9670.60546875;10324.755859375;10945.361328125,8336.0;8336.0;8336.0;8336.0;8336.0;8336.0;8336.0,9142.87109375;10368.65234375;10136.62109375;10090.33203125;10416.40625;10044.82421875;11362.3046875,8336.0;8336.0;8336.0;8336.0;8336.0;8336.0;8336.0
ldc2,1,float,isolated-tangent,8396.631,7797.51,-7.135254603900054,9604.19921875;7557.2265625;8396.630859375;7990.673828125;7671.435546875;8422.412109375;9073.193359375,16480.0;16480.0;16480.0;16480.0;16480.0;16480.0;16480.0,7621.19140625;7599.0234375;9230.517578125;7797.509765625;7698.779296875;8234.912109375;7809.716796875,16480.0;16480.0;16480.0;16480.0;16480.0;16480.0;16480.0
ldc2,1,float,large-finite,20863.672,22192.773,6.370407855338223,20144.921875;21100.9765625;20530.859375;21129.00390625;20775.78125;20863.671875;21507.71484375,16560.0;16560.0;16560.0;16560.0;16560.0;16560.0;16560.0,26347.65625;28408.984375;18762.5;22582.03125;22192.7734375;20104.6875;21041.9921875,16560.0;16560.0;16560.0;16560.0;16560.0;16560.0;16560.0
ldc2,1,float,rational-crossing,20559.18,21000.195,2.1451001450446983,21375.0;21012.109375;20559.1796875;20387.6953125;19799.4140625;19809.765625;22911.9140625,16560.0;16560.0;16560.0;16560.0;16560.0;16560.0;16560.0,18920.703125;21000.1953125;21127.734375;19906.8359375;26072.265625;23112.3046875;17298.6328125,16560.0;16560.0;16560.0;16560.0;16560.0;16560.0;16560.0
ldc2,1,float,sparse-1,21376.367,19255.078,-9.923524423022856,23597.265625;19659.9609375;21589.2578125;20751.953125;21347.4609375;21376.3671875;22597.65625,16560.0;16560.0;16560.0;16560.0;16560.0;16560.0;16560.0,19255.078125;18499.8046875;17921.2890625;19118.1640625;19561.5234375;22444.3359375;21963.28125,16560.0;16560.0;16560.0;16560.0;16560.0;16560.0;16560.0
ldc2,1,float,sparse-16,54851.953,50285.938,-8.324252374386742,51282.03125;51402.34375;54851.953125;53772.265625;57108.984375;58517.578125;59508.203125,16560.0;16560.0;16560.0;16560.0;16560.0;16560.0;16560.0,50285.9375;53029.6875;47031.640625;49935.9375;50531.640625;51039.0625;47799.21875,16560.0;16560.0;16560.0;16560.0;16560.0;16560.0;16560.0
ldc2,1,float,sparse-4,26375.391,28132.422,6.661630153653464,25786.9140625;24862.3046875;26375.390625;35500.1953125;109267.96875;23894.140625;26681.0546875,16560.0;16560.0;16560.0;16560.0;16560.0;16560.0;16560.0,25948.4375;28132.421875;26854.296875;30600.9765625;29393.359375;24000.5859375;28135.546875,16560.0;16560.0;16560.0;16560.0;16560.0;16560.0;16560.0
ldc2,1,float,sparse-64,142232.031,124525.0,-12.44939756221296,139425.78125;137059.375;142232.03125;140353.90625;143250.0;143172.65625;143235.9375,16560.0;16560.0;16560.0;16560.0;16560.0;16560.0;16560.0,121304.6875;120692.1875;124048.4375;160228.125;124525.0;124648.4375;125710.9375,16560.0;16560.0;16560.0;16560.0;16560.0;16560.0;16560.0
ldc2,1,float,subnormal,19485.742,17685.742,-9.237523518478286,19485.7421875;19363.671875;19129.6875;18089.84375;19902.5390625;20527.1484375;20196.484375,16560.0;16560.0;16560.0;16560.0;16560.0;16560.0;16560.0,21378.41796875;17685.7421875;18115.234375;25004.296875;17182.8125;17205.17578125;17552.44140625,16560.0;16560.0;16560.0;16560.0;16560.0;16560.0;16560.0
ldc2,1,int,boundary-only,11921.387,10762.5,-9.721075240657829,11708.203125;14652.05078125;11876.85546875;12025.1953125;11808.0078125;11921.38671875;12329.1015625,20624.0;20624.0;20624.0;20624.0;20624.0;20624.0;20624.0,10766.50390625;10455.56640625;10842.67578125;10521.97265625;10566.2109375;11154.6875;10762.5,20624.0;20624.0;20624.0;20624.0;20624.0;20624.0;20624.0
ldc2,1,int,boundary-overlap,14222.168,14035.156,-1.3149331381825835,12891.2109375;13076.66015625;13427.734375;14336.62109375;14222.16796875;17556.93359375;16304.78515625,20656.0;20656.0;20656.0;20656.0;20656.0;20656.0;20656.0,13327.1484375;15040.72265625;14049.8046875;14035.15625;12896.97265625;14451.7578125;13150.9765625,20656.0;20656.0;20656.0;20656.0;20656.0;20656.0;20656.0
ldc2,1,int,concave-u,43234.766,38326.953,-11.351542876397202,61117.1875;43234.765625;36066.796875;52141.015625;38358.203125;37693.75;50101.5625,24832.0;24832.0;24832.0;24832.0;24832.0;24832.0;24832.0,38083.59375;45900.1953125;35457.8125;36540.4296875;43722.65625;42175.0;38326.953125,24832.0;24832.0;24832.0;24832.0;24832.0;24832.0;24832.0
ldc2,1,int,crossing,19998.438,17604.883,-11.968709756231943,20000.78125;19998.4375;18752.34375;35682.8125;19649.21875;23261.71875;18998.4375,16560.0;16560.0;16560.0;16560.0;16560.0;16560.0;16560.0,18654.19921875;17734.5703125;17227.5390625;19128.22265625;17604.8828125;17208.59375;17327.24609375,16560.0;16560.0;16560.0;16560.0;16560.0;16560.0;16560.0
ldc2,1,int,degenerate-boundary,4.654,4.288,-7.8642028362698735,4.6539306640625;5.61676025390625;4.0069580078125;4.45709228515625;4.42047119140625;4.913330078125;5.10711669921875,0.0;0.0;0.0;0.0;0.0;0.0;0.0,4.2877197265625;4.0618896484375;5.03387451171875;5.08880615234375;4.06341552734375;5.499267578125;4.071044921875,0.0;0.0;0.0;0.0;0.0;0.0;0.0
ldc2,1,int,degenerate-interior,4.654,4.292,-7.778255264288791,4.632568359375;4.6539306640625;5.2032470703125;8.270263671875;4.71649169921875;3.90777587890625;4.44183349609375,0.0;0.0;0.0;0.0;0.0;0.0;0.0,4.0618896484375;4.82635498046875;4.52117919921875;4.5501708984375;4.06341552734375;4.29229736328125;4.27703857421875,0.0;0.0;0.0;0.0;0.0;0.0;0.0
ldc2,1,int,dense-1,21840.234,18344.238,-16.007136187277116,18891.6015625;19790.0390625;28939.453125;23454.1015625;27950.1953125;21840.234375;20500.1953125,16560.0;16560.0;16560.0;16560.0;16560.0;16560.0;16560.0,16292.08984375;17771.77734375;23684.86328125;20471.875;18344.23828125;18322.36328125;19326.7578125,16560.0;16560.0;16560.0;16560.0;16560.0;16560.0;16560.0
ldc2,1,int,dense-16,488725.0,443456.25,-9.262622129009157,457721.875;443837.5;526700.0;516096.875;488725.0;503450.0;460231.25,145008.0;145008.0;145008.0;145008.0;145008.0;145008.0;145008.0,443456.25;423815.625;471456.25;459218.75;474109.375;407325.0;434346.875,145008.0;145008.0;145008.0;145008.0;145008.0;145008.0;145008.0
ldc2,1,int,dense-4,97103.125,92532.812,-4.706659028738769,89966.40625;122367.96875;106050.78125;97103.125;115217.1875;95117.1875;95585.9375,41360.0;41360.0;41360.0;41360.0;41360.0;41360.0;41360.0,92532.8125;98131.25;85002.34375;85165.625;95390.625;94032.8125;83817.1875,41360.0;41360.0;41360.0;41360.0;41360.0;41360.0;41360.0
ldc2,1,int,dense-64,2042375.0,2261487.5,10.728318746557308,2078887.5;2015062.5;2033650.0;1973912.5;2042375.0;2225975.0;2521162.5,556032.0;556032.0;556032.0;556032.0;556032.0;556032.0;556032.0,2021800.0;2396275.0;2240662.5;2269087.5;2261487.5;1873587.5;2357375.0,556032.0;556032.0;556032.0;556032.0;556032.0;556032.0;556032.0
ldc2,1,int,empty,5.099,4.442,-12.884879388115323,5.0994873046875;4.28009033203125;3.9825439453125;4.60357666015625;5.87921142578125;5.12237548828125;5.47027587890625,0.0;0.0;0.0;0.0;0.0;0.0;0.0,4.44183349609375;4.53948974609375;4.88128662109375;5.04302978515625;4.0618896484375;4.10003662109375;4.2449951171875,0.0;0.0;0.0;0.0;0.0;0.0;0.0
ldc2,1,int,exterior,2737.866,11.6,-99.5763123542204,2776.6845703125;2631.201171875;2667.9443359375;2803.662109375;2915.5029296875;2481.396484375;2737.8662109375,8288.0;8288.0;8288.0;8288.0;8288.0;8288.0;8288.0,11.97662353515625;10.0921630859375;11.651611328125;10.79559326171875;11.7706298828125;11.5997314453125;10.77728271484375,0.0;0.0;0.0;0.0;0.0;0.0;0.0
ldc2,1,int,hole,45286.719,38523.438,-14.934358569893291,46182.03125;57704.296875;45286.71875;50328.90625;41276.953125;37374.609375;40633.984375,24832.0;24832.0;24832.0;24832.0;24832.0;24832.0;24832.0,35572.8515625;36841.6015625;38489.0625;39240.4296875;38523.4375;40787.109375;42841.9921875,24832.0;24832.0;24832.0;24832.0;24832.0;24832.0;24832.0
ldc2,1,int,hole-reversed,40471.875,37642.578,-6.990773222145008,42303.515625;40377.34375;39988.671875;40547.65625;41683.203125;39459.375;40471.875,24832.0;24832.0;24832.0;24832.0;24832.0;24832.0;24832.0,39483.203125;37642.578125;36914.84375;37332.2265625;36960.546875;39088.671875;38560.3515625,24832.0;24832.0;24832.0;24832.0;24832.0;24832.0;24832.0
ldc2,1,int,interior,7131.689,6223.877,-12.729270723947717,7380.76171875;7156.494140625;7069.921875;7211.71875;7131.689453125;6923.33984375;6983.984375,8336.0;8336.0;8336.0;8336.0;8336.0;8336.0;8336.0,5885.986328125;6338.37890625;5986.328125;6073.14453125;6223.876953125;6290.8203125;6333.0078125,8336.0;8336.0;8336.0;8336.0;8336.0;8336.0;8336.0
ldc2,1,int,isolated-tangent,5829.492,5053.467,-13.312051890627874,6374.0234375;6522.8515625;5165.8203125;5436.9140625;5498.681640625;5829.4921875;6188.96484375,16480.0;16480.0;16480.0;16480.0;16480.0;16480.0;16480.0,17699.462890625;5467.28515625;5695.361328125;5026.3916015625;5053.466796875;4966.5283203125;4941.9921875,16480.0;16480.0;16480.0;16480.0;16480.0;16480.0;16480.0
ldc2,1,int,rational-crossing,17645.117,16018.262,-9.219859522608987,17196.19140625;17166.30859375;17463.28125;17855.76171875;18644.04296875;19557.12890625;17645.1171875,16560.0;16560.0;16560.0;16560.0;16560.0;16560.0;16560.0,16120.5078125;16018.26171875;18110.83984375;18045.8984375;15650.78125;15197.16796875;15200.1953125,16560.0;16560.0;16560.0;16560.0;16560.0;16560.0;16560.0
ldc2,1,int,sparse-1,22968.75,15228.613,-33.69855564625851,18637.5;16299.21875;23830.46875;29130.46875;22968.75;31550.0;16946.875,16560.0;16560.0;16560.0;16560.0;16560.0;16560.0;16560.0,15205.37109375;15233.10546875;15598.6328125;15228.61328125;15215.13671875;15734.1796875;15073.6328125,16560.0;16560.0;16560.0;16560.0;16560.0;16560.0;16560.0
ldc2,1,int,sparse-16,43461.719,37643.75,-13.38642173817377,43461.71875;42260.9375;44346.875;44724.21875;42744.921875;42497.265625;43888.28125,16560.0;16560.0;16560.0;16560.0;16560.0;16560.0;16560.0,41537.5;41532.8125;37395.3125;37643.75;37053.90625;38662.5;37380.46875,16560.0;16560.0;16560.0;16560.0;16560.0;16560.0;16560.0
ldc2,1,int,sparse-4,23256.25,22906.445,-1.504133297500676,24183.203125;22000.1953125;22101.171875;23256.25;23335.546875;24526.5625;22295.5078125,16560.0;16560.0;16560.0;16560.0;16560.0;16560.0;16560.0,22906.4453125;22198.4375;24457.421875;23062.5;21879.6875;23176.953125;22708.0078125,16560.0;16560.0;16560.0;16560.0;16560.0;16560.0;16560.0
ldc2,1,int,sparse-64,112706.25,113779.688,0.9524210059335569,113571.09375;115798.4375;116628.125;105028.90625;110405.46875;112706.25;104337.5,16560.0;16560.0;16560.0;16560.0;16560.0;16560.0;16560.0,118452.34375;114799.21875;112237.5;116542.1875;113779.6875;109750.78125;105741.40625,16560.0;16560.0;16560.0;16560.0;16560.0;16560.0;16560.0
ldc2,1,int,wide-integral,72712.5,18309.863,-74.81882344851299,185059.375;53281.25;327790.625;279131.25;72712.5;25231.25;20003.125,16560.0;16560.0;16560.0;16560.0;16560.0;16560.0;16560.0,19594.921875;21480.859375;19475.87890625;18252.63671875;18190.52734375;18309.86328125;18073.53515625,16560.0;16560.0;16560.0;16560.0;16560.0;16560.0;16560.0
ldc2,1,long,boundary-only,13536.719,12089.941,-10.68780403877777,15011.23046875;14207.32421875;13226.7578125;13536.71875;12844.04296875;12612.6953125;13580.17578125,20624.0;20624.0;20624.0;20624.0;20624.0;20624.0;20624.0,14679.19921875;14445.60546875;12089.94140625;11799.8046875;11368.1640625;11696.484375;12194.921875,20624.0;20624.0;20624.0;20624.0;20624.0;20624.0;20624.0
ldc2,1,long,boundary-overlap,13797.07,12095.02,-12.336314884247157,13662.6953125;13028.80859375;14692.28515625;14983.0078125;13797.0703125;13223.046875;14984.47265625,20656.0;20656.0;20656.0;20656.0;20656.0;20656.0;20656.0,13778.125;11839.74609375;11662.40234375;11979.296875;12193.45703125;12095.01953125;12973.2421875,20656.0;20656.0;20656.0;20656.0;20656.0;20656.0;20656.0
ldc2,1,long,concave-u,39613.281,42969.141,8.47155276029774,51929.296875;39432.8125;39256.25;39892.578125;40901.953125;38978.90625;39613.28125,24832.0;24832.0;24832.0;24832.0;24832.0;24832.0;24832.0,42969.140625;44550.390625;44079.6875;41594.53125;42705.859375;47001.171875;42263.28125,24832.0;24832.0;24832.0;24832.0;24832.0;24832.0;24832.0
ldc2,1,long,crossing,18943.262,16456.836,-13.125648581537853,19372.265625;20078.125;18829.4921875;18132.6171875;18943.26171875;18047.55859375;20032.32421875,16560.0;16560.0;16560.0;16560.0;16560.0;16560.0;16560.0,16636.9140625;16566.40625;16554.58984375;16390.234375;16456.640625;16456.8359375;16344.23828125,16560.0;16560.0;16560.0;16560.0;16560.0;16560.0;16560.0
ldc2,1,long,degenerate-boundary,4.669,7.002,49.96787320625402,4.4891357421875;5.5511474609375;5.00640869140625;4.06036376953125;5.83648681640625;4.669189453125;4.50439453125,0.0;0.0;0.0;0.0;0.0;0.0;0.0,7.2174072265625;6.50634765625;6.33087158203125;7.2296142578125;5.90972900390625;7.00225830078125;7.03582763671875,0.0;0.0;0.0;0.0;0.0;0.0;0.0
ldc2,1,long,degenerate-interior,4.48,6.323,41.13839285714285,4.06951904296875;4.32281494140625;6.3995361328125;11.2274169921875;4.6844482421875;4.47998046875;4.0618896484375,0.0;0.0;0.0;0.0;0.0;0.0;0.0,5.89599609375;7.13348388671875;6.3232421875;6.6131591796875;5.9600830078125;6.53228759765625;6.18743896484375,0.0;0.0;0.0;0.0;0.0;0.0;0.0
ldc2,1,long,dense-1,19560.547,21325.781,9.02446133024808,19459.375;20914.0625;18850.9765625;19371.2890625;19617.96875;19560.546875;24383.203125,16560.0;16560.0;16560.0;16560.0;16560.0;16560.0;16560.0,21273.2421875;18913.671875;24246.09375;21693.359375;21359.765625;21005.6640625;21325.78125,16560.0;16560.0;16560.0;16560.0;16560.0;16560.0;16560.0
ldc2,1,long,dense-16,530456.25,435075.0,-17.980983351595913,469206.25;476650.0;580725.0;436693.75;530456.25;762112.5;587087.5,145008.0;145008.0;145008.0;145008.0;145008.0;145008.0;145008.0,446453.125;446284.375;419768.75;414784.375;434634.375;436871.875;435075.0,145008.0;145008.0;145008.0;145008.0;145008.0;145008.0;145008.0
ldc2,1,long,dense-4,86098.438,97850.781,13.649891070033139,99306.25;85788.28125;95532.8125;84569.53125;82720.3125;86098.4375;101921.875,41360.0;41360.0;41360.0;41360.0;41360.0;41360.0;41360.0,99211.71875;121767.1875;97850.78125;100018.75;96985.9375;89253.125;95074.21875,41360.0;41360.0;41360.0;41360.0;41360.0;41360.0;41360.0
ldc2,1,long,dense-64,2121675.0,1912037.5,-9.88075459248,2153262.5;2040437.5;2134787.5;2121462.5;2199050.0;2112787.5;2121675.0,556032.0;556032.0;556032.0;556032.0;556032.0;556032.0;556032.0,2832587.5;1848512.5;1848537.5;1816912.5;1912037.5;2052237.5;2032487.5,556032.0;556032.0;556032.0;556032.0;556032.0;556032.0;556032.0
ldc2,1,long,empty,4.713,6.375,35.26416295353278,5.45806884765625;4.06036376953125;4.06646728515625;4.71343994140625;4.06341552734375;8.75701904296875;6.31866455078125,0.0;0.0;0.0;0.0;0.0;0.0;0.0,7.0709228515625;6.3323974609375;7.720947265625;5.9112548828125;6.304931640625;7.281494140625;6.3751220703125,0.0;0.0;0.0;0.0;0.0;0.0;0.0
ldc2,1,long,endpoint-collapse,14569.336,16024.316,9.986591015541135,13383.49609375;13779.78515625;14569.3359375;14886.5234375;15098.53515625;16507.51953125;14107.6171875,16528.0;16528.0;16528.0;16528.0;16528.0;16528.0;16528.0,16024.31640625;16266.40625;16009.86328125;16873.33984375;16218.84765625;15170.60546875;14711.328125,16528.0;16528.0;16528.0;16528.0;16528.0;16528.0;16528.0
ldc2,1,long,exterior,4055.176,16.55,-99.59187961262347,4798.486328125;4055.17578125;3654.9560546875;3677.197265625;3594.384765625;4564.892578125;4476.66015625,8288.0;8288.0;8288.0;8288.0;8288.0;8288.0;8288.0,14.86663818359375;16.94488525390625;16.2567138671875;17.94891357421875;15.54412841796875;18.01910400390625;16.5496826171875,0.0;0.0;0.0;0.0;0.0;0.0;0.0
ldc2,1,long,gap-collapse,45973.438,39382.422,-14.336574088716192,52271.09375;53817.578125;49920.703125;45973.4375;43719.53125;38579.6875;41089.84375,24800.0;24800.0;24800.0;24800.0;24800.0;24800.0;24800.0,42244.53125;45876.5625;39382.421875;50037.5;36937.5;39041.796875;36780.078125,24800.0;24800.0;24800.0;24800.0;24800.0;24800.0;24800.0
ldc2,1,long,hole,40089.062,44001.172,9.75854710693904,38886.328125;39072.65625;40089.0625;40269.921875;39721.484375;40718.75;41307.03125,24832.0;24832.0;24832.0;24832.0;24832.0;24832.0;24832.0,46458.984375;43808.203125;43235.9375;44001.171875;42039.84375;45275.390625;45751.953125,24832.0;24832.0;24832.0;24832.0;24832.0;24832.0;24832.0
ldc2,1,long,hole-reversed,44702.344,44242.188,-1.0293777883325195,260543.75;74869.921875;41915.234375;43277.34375;41168.359375;44702.34375;47645.3125,24832.0;24832.0;24832.0;24832.0;24832.0;24832.0;24832.0,43235.9375;50046.875;40934.375;44242.1875;42251.953125;44564.453125;48216.40625,24832.0;24832.0;24832.0;24832.0;24832.0;24832.0;24832.0
ldc2,1,long,interior,8200.488,6855.762,-16.398121672758982,8200.48828125;10150.29296875;7508.7890625;8787.890625;7243.75;9607.12890625;7745.5078125,8336.0;8336.0;8336.0;8336.0;8336.0;8336.0;8336.0,7090.869140625;6906.0546875;7115.771484375;6724.072265625;6855.76171875;6747.8515625;6724.21875,8336.0;8336.0;8336.0;8336.0;8336.0;8336.0;8336.0
ldc2,1,long,isolated-tangent,6711.279,5667.139,-15.557988276154223,6859.130859375;7089.990234375;6710.009765625;7116.2109375;6075.09765625;6711.279296875;6251.7578125,16480.0;16480.0;16480.0;16480.0;16480.0;16480.0;16480.0,5606.298828125;5567.431640625;5667.138671875;5674.70703125;6180.2734375;5912.20703125;5618.5546875,16480.0;16480.0;16480.0;16480.0;16480.0;16480.0;16480.0
ldc2,1,long,rational-crossing,18584.473,18502.344,-0.4419226738363813,18584.47265625;18890.4296875;20323.14453125;20073.828125;17423.2421875;17701.3671875;16992.28515625,16560.0;16560.0;16560.0;16560.0;16560.0;16560.0;16560.0,19680.46875;18502.34375;18409.375;18551.5625;18978.90625;18216.40625;17764.0625,16560.0;16560.0;16560.0;16560.0;16560.0;16560.0;16560.0
ldc2,1,long,sparse-1,18500.391,21385.742,15.596162264894819,18733.0078125;18375.1953125;19856.8359375;19377.1484375;18283.203125;18500.390625;17833.0078125,16560.0;16560.0;16560.0;16560.0;16560.0;16560.0;16560.0,24005.2734375;22191.2109375;26760.7421875;19610.3515625;19843.1640625;19546.484375;21385.7421875,16560.0;16560.0;16560.0;16560.0;16560.0;16560.0;16560.0
ldc2,1,long,sparse-16,43713.281,42703.125,-2.3108674912780014,64566.015625;42289.0625;41419.53125;53975.390625;50208.59375;43713.28125;41852.34375,16560.0;16560.0;16560.0;16560.0;16560.0;16560.0;16560.0,41938.671875;49758.203125;45794.921875;41339.453125;42703.125;45608.984375;41785.9375,16560.0;16560.0;16560.0;16560.0;16560.0;16560.0;16560.0
ldc2,1,long,sparse-4,25039.648,26030.859,3.9585660309601867,27415.234375;26015.8203125;24625.78125;24326.5625;24949.8046875;25469.140625;25039.6484375,16560.0;16560.0;16560.0;16560.0;16560.0;16560.0;16560.0,26932.8125;30553.3203125;26012.3046875;24470.5078125;27652.9296875;23359.9609375;26030.859375,16560.0;16560.0;16560.0;16560.0;16560.0;16560.0;16560.0
ldc2,1,long,sparse-64,132955.469,120683.594,-9.23006409010525,127670.3125;127319.53125;144113.28125;156171.875;142260.9375;131554.6875;132955.46875,16560.0;16560.0;16560.0;16560.0;16560.0;16560.0;16560.0,120683.59375;126923.4375;125103.125;122734.375;120054.6875;120521.875;115392.1875,16560.0;16560.0;16560.0;16560.0;16560.0;16560.0;16560.0
ldc2,1,long,wide-integral,19311.328,21175.195,9.651676984617508,19292.578125;18733.984375;21292.578125;19854.4921875;19047.4609375;19311.328125;33265.0390625,16560.0;16560.0;16560.0;16560.0;16560.0;16560.0;16560.0,21357.03125;21125.0;21175.1953125;20359.765625;20769.140625;22051.3671875;21712.890625,16560.0;16560.0;16560.0;16560.0;16560.0;16560.0;16560.0
