fixture_header,scalar,case,edges,expected_fact_bits,expected_status,expected_components
sample_header,scalar,case,operation,edges,expected_components,round,iterations,warmup,elapsed_ns,gc_bytes,gc_collections
summary_header,scalar,case,operation,min_ns_per_op,median_ns_per_op,max_ns_per_op
fixture,int,exterior,4,1,success,0
fixture,int,interior,4,4,success,1
fixture,int,crossing,4,7,success,1
fixture,int,boundary-only,4,10,success,1
fixture,int,boundary-overlap,4,11,success,1
fixture,int,isolated-tangent,4,3,success,0
fixture,int,degenerate-interior,4,4,success,0
fixture,int,degenerate-boundary,4,2,success,0
fixture,int,empty,0,1,success,0
fixture,int,concave-u,8,7,success,2
fixture,int,hole,8,7,success,2
fixture,int,hole-reversed,8,7,success,2
fixture,int,rational-crossing,3,7,success,1
fixture,int,sparse-1,4,7,success,1
fixture,int,sparse-4,16,7,success,1
fixture,int,sparse-16,64,7,success,1
fixture,int,sparse-64,256,7,success,1
fixture,int,dense-1,4,7,success,1
fixture,int,dense-4,16,7,success,4
fixture,int,dense-16,64,7,success,16
fixture,int,dense-64,256,7,success,64
fixture,int,wide-integral,4,7,success,1
preflight,int,22,PASS
sample,int,exterior,relationship,4,0,0,32768,3277,31593400,0,0
sample,int,exterior,relationship,4,0,1,32768,3277,29508500,0,0
sample,int,exterior,relationship,4,0,2,32768,3277,27839000,0,0
sample,int,exterior,relationship,4,0,3,32768,3277,29257300,0,0
sample,int,exterior,relationship,4,0,4,32768,3277,27813900,0,0
sample,int,exterior,relationship,4,0,5,32768,3277,29377700,0,0
sample,int,exterior,relationship,4,0,6,32768,3277,28311100,0,0
summary,int,exterior,relationship,848.813,892.862,964.154
sample,int,exterior,clipping,4,0,0,8192,820,28228300,202113024,48
sample,int,exterior,clipping,4,0,1,8192,820,31825100,202113024,48
sample,int,exterior,clipping,4,0,2,8192,820,30511600,202113024,48
sample,int,exterior,clipping,4,0,3,8192,820,29506800,202113024,48
sample,int,exterior,clipping,4,0,4,8192,820,38731400,202113024,48
sample,int,exterior,clipping,4,0,5,8192,820,35887700,202113024,48
sample,int,exterior,clipping,4,0,6,8192,820,47484300,202113024,48
summary,int,exterior,clipping,3445.837,3884.900,5796.423
sample,int,interior,relationship,4,1,0,32768,3277,32285500,0,0
sample,int,interior,relationship,4,1,1,32768,3277,32756500,0,0
sample,int,interior,relationship,4,1,2,32768,3277,32615600,0,0
sample,int,interior,relationship,4,1,3,32768,3277,31983200,0,0
sample,int,interior,relationship,4,1,4,32768,3277,32186500,0,0
sample,int,interior,relationship,4,1,5,32768,3277,40530500,0,0
sample,int,interior,relationship,4,1,6,32768,3277,31721900,0,0
summary,int,interior,relationship,968.076,985.275,1236.893
sample,int,interior,clipping,4,1,0,2048,205,20971000,50626560,12
sample,int,interior,clipping,4,1,1,2048,205,20627100,50626560,12
sample,int,interior,clipping,4,1,2,2048,205,23025100,50626560,12
sample,int,interior,clipping,4,1,3,2048,205,18507900,50626560,12
sample,int,interior,clipping,4,1,4,2048,205,18933600,50626560,12
sample,int,interior,clipping,4,1,5,2048,205,18916000,50626560,12
sample,int,interior,clipping,4,1,6,2048,205,18750500,50626560,12
summary,int,interior,clipping,9037.061,9244.922,11242.725
sample,int,crossing,relationship,4,1,0,32768,3277,33160300,0,0
sample,int,crossing,relationship,4,1,1,32768,3277,32882000,0,0
sample,int,crossing,relationship,4,1,2,32768,3277,31844100,0,0
sample,int,crossing,relationship,4,1,3,32768,3277,31244700,0,0
sample,int,crossing,relationship,4,1,4,32768,3277,31577300,0,0
sample,int,crossing,relationship,4,1,5,32768,3277,33041900,0,0
sample,int,crossing,relationship,4,1,6,32768,3277,31784900,0,0
summary,int,crossing,relationship,953.513,971.805,1011.972
sample,int,crossing,clipping,4,1,0,1024,103,20533500,25346048,6
sample,int,crossing,clipping,4,1,1,1024,103,21432600,25346048,6
sample,int,crossing,clipping,4,1,2,1024,103,22798200,25346048,6
sample,int,crossing,clipping,4,1,3,1024,103,22464100,25346048,6
sample,int,crossing,clipping,4,1,4,1024,103,21843900,25346048,6
sample,int,crossing,clipping,4,1,5,1024,103,22679400,25346048,6
sample,int,crossing,clipping,4,1,6,1024,103,22911500,25346048,6
summary,int,crossing,clipping,20052.246,21937.598,22374.512
sample,int,boundary-only,relationship,4,1,0,32768,3277,35749300,0,0
sample,int,boundary-only,relationship,4,1,1,32768,3277,35804700,0,0
sample,int,boundary-only,relationship,4,1,2,32768,3277,37206300,0,0
sample,int,boundary-only,relationship,4,1,3,32768,3277,36022700,0,0
sample,int,boundary-only,relationship,4,1,4,32768,3277,35943900,0,0
sample,int,boundary-only,relationship,4,1,5,32768,3277,47022400,0,0
sample,int,boundary-only,relationship,4,1,6,32768,3277,34866900,0,0
summary,int,boundary-only,relationship,1064.053,1096.921,1435.010
sample,int,boundary-only,clipping,4,1,0,2048,205,28128600,50626560,12
sample,int,boundary-only,clipping,4,1,1,2048,205,30591100,50626560,12
sample,int,boundary-only,clipping,4,1,2,2048,205,28456000,50626560,12
sample,int,boundary-only,clipping,4,1,3,2048,205,28289700,50626560,12
sample,int,boundary-only,clipping,4,1,4,2048,205,26546100,50626560,12
sample,int,boundary-only,clipping,4,1,5,2048,205,28755000,50626560,12
sample,int,boundary-only,clipping,4,1,6,2048,205,28155600,50626560,12
summary,int,boundary-only,clipping,12961.963,13813.330,14937.061
sample,int,boundary-overlap,relationship,4,1,0,16384,1639,22318100,0,0
sample,int,boundary-overlap,relationship,4,1,1,16384,1639,20984000,0,0
sample,int,boundary-overlap,relationship,4,1,2,16384,1639,20598000,0,0
sample,int,boundary-overlap,relationship,4,1,3,16384,1639,23423400,0,0
sample,int,boundary-overlap,relationship,4,1,4,16384,1639,21145800,0,0
sample,int,boundary-overlap,relationship,4,1,5,16384,1639,23048300,0,0
sample,int,boundary-overlap,relationship,4,1,6,16384,1639,22043600,0,0
summary,int,boundary-overlap,relationship,1257.202,1345.435,1429.651
sample,int,boundary-overlap,clipping,4,1,0,2048,205,28656800,50692096,12
sample,int,boundary-overlap,clipping,4,1,1,2048,205,30308400,50692096,12
sample,int,boundary-overlap,clipping,4,1,2,2048,205,29357200,50692096,12
sample,int,boundary-overlap,clipping,4,1,3,2048,205,31003700,50692096,12
sample,int,boundary-overlap,clipping,4,1,4,2048,205,31675100,50692096,12
sample,int,boundary-overlap,clipping,4,1,5,2048,205,28464100,50692096,12
sample,int,boundary-overlap,clipping,4,1,6,2048,205,25217700,50692096,12
summary,int,boundary-overlap,clipping,12313.330,14334.570,15466.357
sample,int,isolated-tangent,relationship,4,0,0,32768,3277,40118900,0,0
sample,int,isolated-tangent,relationship,4,0,1,32768,3277,38142000,0,0
sample,int,isolated-tangent,relationship,4,0,2,32768,3277,36003400,0,0
sample,int,isolated-tangent,relationship,4,0,3,32768,3277,37887300,0,0
sample,int,isolated-tangent,relationship,4,0,4,32768,3277,47943200,0,0
sample,int,isolated-tangent,relationship,4,0,5,32768,3277,37420800,0,0
sample,int,isolated-tangent,relationship,4,0,6,32768,3277,35291300,0,0
summary,int,isolated-tangent,relationship,1077.005,1156.229,1463.110
sample,int,isolated-tangent,clipping,4,0,0,8192,820,37335800,202113024,48
sample,int,isolated-tangent,clipping,4,0,1,8192,820,45281800,202113024,48
sample,int,isolated-tangent,clipping,4,0,2,8192,820,42123000,202113024,48
sample,int,isolated-tangent,clipping,4,0,3,8192,820,40014900,202113024,48
sample,int,isolated-tangent,clipping,4,0,4,8192,820,40613700,202113024,48
sample,int,isolated-tangent,clipping,4,0,5,8192,820,39441900,202113024,48
sample,int,isolated-tangent,clipping,4,0,6,8192,820,43329100,202113024,48
summary,int,isolated-tangent,clipping,4557.593,4957.727,5527.563
sample,int,degenerate-interior,relationship,4,0,0,65536,6554,1829700,0,0
sample,int,degenerate-interior,relationship,4,0,1,65536,6554,2598700,0,0
sample,int,degenerate-interior,relationship,4,0,2,65536,6554,2664700,0,0
sample,int,degenerate-interior,relationship,4,0,3,65536,6554,1773300,0,0
sample,int,degenerate-interior,relationship,4,0,4,65536,6554,1838400,0,0
sample,int,degenerate-interior,relationship,4,0,5,65536,6554,1805600,0,0
sample,int,degenerate-interior,relationship,4,0,6,65536,6554,1778500,0,0
summary,int,degenerate-interior,relationship,27.058,27.919,40.660
sample,int,degenerate-interior,clipping,4,0,0,65536,6554,244400,0,0
sample,int,degenerate-interior,clipping,4,0,1,65536,6554,244400,0,0
sample,int,degenerate-interior,clipping,4,0,2,65536,6554,247600,0,0
sample,int,degenerate-interior,clipping,4,0,3,65536,6554,288500,0,0
sample,int,degenerate-interior,clipping,4,0,4,65536,6554,244400,0,0
sample,int,degenerate-interior,clipping,4,0,5,65536,6554,244400,0,0
sample,int,degenerate-interior,clipping,4,0,6,65536,6554,342200,0,0
summary,int,degenerate-interior,clipping,3.729,3.729,5.222
sample,int,degenerate-boundary,relationship,4,0,0,65536,6554,2561800,0,0
sample,int,degenerate-boundary,relationship,4,0,1,65536,6554,2000500,0,0
sample,int,degenerate-boundary,relationship,4,0,2,65536,6554,2122200,0,0
sample,int,degenerate-boundary,relationship,4,0,3,65536,6554,2006100,0,0
sample,int,degenerate-boundary,relationship,4,0,4,65536,6554,2000900,0,0
sample,int,degenerate-boundary,relationship,4,0,5,65536,6554,2010700,0,0
sample,int,degenerate-boundary,relationship,4,0,6,65536,6554,2326900,0,0
summary,int,degenerate-boundary,relationship,30.525,30.681,39.090
sample,int,degenerate-boundary,clipping,4,0,0,65536,6554,247000,0,0
sample,int,degenerate-boundary,clipping,4,0,1,65536,6554,244400,0,0
sample,int,degenerate-boundary,clipping,4,0,2,65536,6554,244400,0,0
sample,int,degenerate-boundary,clipping,4,0,3,65536,6554,287700,0,0
sample,int,degenerate-boundary,clipping,4,0,4,65536,6554,246900,0,0
sample,int,degenerate-boundary,clipping,4,0,5,65536,6554,244400,0,0
sample,int,degenerate-boundary,clipping,4,0,6,65536,6554,244400,0,0
summary,int,degenerate-boundary,clipping,3.729,3.729,4.390
sample,int,empty,relationship,0,0,0,65536,6554,306000,0,0
sample,int,empty,relationship,0,0,1,65536,6554,350900,0,0
sample,int,empty,relationship,0,0,2,65536,6554,306100,0,0
sample,int,empty,relationship,0,0,3,65536,6554,306000,0,0
sample,int,empty,relationship,0,0,4,65536,6554,309200,0,0
sample,int,empty,relationship,0,0,5,65536,6554,349200,0,0
sample,int,empty,relationship,0,0,6,65536,6554,308500,0,0
summary,int,empty,relationship,4.669,4.707,5.354
sample,int,empty,clipping,0,0,0,65536,6554,287300,0,0
sample,int,empty,clipping,0,0,1,65536,6554,255600,0,0
sample,int,empty,clipping,0,0,2,65536,6554,244400,0,0
sample,int,empty,clipping,0,0,3,65536,6554,244400,0,0
sample,int,empty,clipping,0,0,4,65536,6554,289500,0,0
sample,int,empty,clipping,0,0,5,65536,6554,261100,0,0
sample,int,empty,clipping,0,0,6,65536,6554,250200,0,0
summary,int,empty,clipping,3.729,3.900,4.417
sample,int,concave-u,relationship,8,2,0,8192,820,22371300,0,0
sample,int,concave-u,relationship,8,2,1,8192,820,28802400,0,0
sample,int,concave-u,relationship,8,2,2,8192,820,22802800,0,0
sample,int,concave-u,relationship,8,2,3,8192,820,27204700,0,0
sample,int,concave-u,relationship,8,2,4,8192,820,23703500,0,0
sample,int,concave-u,relationship,8,2,5,8192,820,26653400,0,0
sample,int,concave-u,relationship,8,2,6,8192,820,22864000,0,0
summary,int,concave-u,relationship,2730.872,2893.494,3515.918
sample,int,concave-u,clipping,8,2,0,512,52,26029400,21102592,5
sample,int,concave-u,clipping,8,2,1,512,52,27799500,21102592,5
sample,int,concave-u,clipping,8,2,2,512,52,25083400,21102592,5
sample,int,concave-u,clipping,8,2,3,512,52,29606700,21102592,5
sample,int,concave-u,clipping,8,2,4,512,52,28255500,21102592,5
sample,int,concave-u,clipping,8,2,5,512,52,24876200,21102592,5
sample,int,concave-u,clipping,8,2,6,512,52,26426400,21102592,5
summary,int,concave-u,clipping,48586.328,51614.062,57825.586
sample,int,hole,relationship,8,2,0,4096,410,13526000,0,0
sample,int,hole,relationship,8,2,1,4096,410,14043900,0,0
sample,int,hole,relationship,8,2,2,4096,410,11125500,0,0
sample,int,hole,relationship,8,2,3,4096,410,13135100,0,0
sample,int,hole,relationship,8,2,4,4096,410,14400300,0,0
sample,int,hole,relationship,8,2,5,4096,410,14151300,0,0
sample,int,hole,relationship,8,2,6,4096,410,14086400,0,0
summary,int,hole,relationship,2716.187,3428.687,3515.698
sample,int,hole,clipping,8,2,0,512,52,29046400,21102592,5
sample,int,hole,clipping,8,2,1,512,52,27217900,21102592,5
sample,int,hole,clipping,8,2,2,512,52,27009200,21102592,5
sample,int,hole,clipping,8,2,3,512,52,28985200,21102592,5
sample,int,hole,clipping,8,2,4,512,52,29201900,21102592,5
sample,int,hole,clipping,8,2,5,512,52,25543500,21102592,5
sample,int,hole,clipping,8,2,6,512,52,28117300,21102592,5
summary,int,hole,clipping,49889.648,54916.602,57034.961
sample,int,hole-reversed,relationship,8,2,0,8192,820,27436300,0,0
sample,int,hole-reversed,relationship,8,2,1,8192,820,23877800,0,0
sample,int,hole-reversed,relationship,8,2,2,8192,820,29002000,0,0
sample,int,hole-reversed,relationship,8,2,3,8192,820,26471100,0,0
sample,int,hole-reversed,relationship,8,2,4,8192,820,25342300,0,0
sample,int,hole-reversed,relationship,8,2,5,8192,820,27543000,0,0
sample,int,hole-reversed,relationship,8,2,6,8192,820,23780100,0,0
summary,int,hole-reversed,relationship,2902.844,3231.335,3540.283
sample,int,hole-reversed,clipping,8,2,0,512,52,27188400,21102592,5
sample,int,hole-reversed,clipping,8,2,1,512,52,30275700,21102592,5
sample,int,hole-reversed,clipping,8,2,2,512,52,27833100,21102592,5
sample,int,hole-reversed,clipping,8,2,3,512,52,26026800,21102592,5
sample,int,hole-reversed,clipping,8,2,4,512,52,26044100,21102592,5
sample,int,hole-reversed,clipping,8,2,5,512,52,24144300,21102592,5
sample,int,hole-reversed,clipping,8,2,6,512,52,26579400,21102592,5
summary,int,hole-reversed,clipping,47156.836,51912.891,59132.227
sample,int,rational-crossing,relationship,3,1,0,32768,3277,22302800,0,0
sample,int,rational-crossing,relationship,3,1,1,32768,3277,22667100,0,0
sample,int,rational-crossing,relationship,3,1,2,32768,3277,23229600,0,0
sample,int,rational-crossing,relationship,3,1,3,32768,3277,21213900,0,0
sample,int,rational-crossing,relationship,3,1,4,32768,3277,23245500,0,0
sample,int,rational-crossing,relationship,3,1,5,32768,3277,32761000,0,0
sample,int,rational-crossing,relationship,3,1,6,32768,3277,23774600,0,0
summary,int,rational-crossing,relationship,647.397,708.911,999.786
sample,int,rational-crossing,clipping,3,1,0,1024,103,20629800,21151744,5
sample,int,rational-crossing,clipping,3,1,1,1024,103,20830600,21151744,5
sample,int,rational-crossing,clipping,3,1,2,1024,103,21987200,21151744,5
sample,int,rational-crossing,clipping,3,1,3,1024,103,20624000,21151744,5
sample,int,rational-crossing,clipping,3,1,4,1024,103,20528000,21151744,5
sample,int,rational-crossing,clipping,3,1,5,1024,103,21537900,21151744,5
sample,int,rational-crossing,clipping,3,1,6,1024,103,22557200,21151744,5
summary,int,rational-crossing,clipping,20046.875,20342.383,22028.516
sample,int,sparse-1,relationship,4,1,0,32768,3277,32326100,0,0
sample,int,sparse-1,relationship,4,1,1,32768,3277,31406400,0,0
sample,int,sparse-1,relationship,4,1,2,32768,3277,32109500,0,0
sample,int,sparse-1,relationship,4,1,3,32768,3277,32263300,0,0
sample,int,sparse-1,relationship,4,1,4,32768,3277,33272100,0,0
sample,int,sparse-1,relationship,4,1,5,32768,3277,32677100,0,0
sample,int,sparse-1,relationship,4,1,6,32768,3277,31744000,0,0
summary,int,sparse-1,relationship,958.447,984.598,1015.384
sample,int,sparse-1,clipping,4,1,0,1024,103,20695800,25346048,6
sample,int,sparse-1,clipping,4,1,1,1024,103,23765300,25346048,6
sample,int,sparse-1,clipping,4,1,2,1024,103,21893900,25346048,6
sample,int,sparse-1,clipping,4,1,3,1024,103,24048700,25346048,6
sample,int,sparse-1,clipping,4,1,4,1024,103,25095300,25346048,6
sample,int,sparse-1,clipping,4,1,5,1024,103,20881400,25346048,6
sample,int,sparse-1,clipping,4,1,6,1024,103,22976700,25346048,6
summary,int,sparse-1,clipping,20210.742,22438.184,24507.129
sample,int,sparse-4,relationship,16,1,0,8192,820,35093300,0,0
sample,int,sparse-4,relationship,16,1,1,8192,820,34435300,0,0
sample,int,sparse-4,relationship,16,1,2,8192,820,33050500,0,0
sample,int,sparse-4,relationship,16,1,3,8192,820,33601100,0,0
sample,int,sparse-4,relationship,16,1,4,8192,820,34702900,0,0
sample,int,sparse-4,relationship,16,1,5,8192,820,36423600,0,0
sample,int,sparse-4,relationship,16,1,6,8192,820,38667600,0,0
summary,int,sparse-4,relationship,4034.485,4236.194,4720.166
sample,int,sparse-4,clipping,16,1,0,1024,103,25280700,75677696,18
sample,int,sparse-4,clipping,16,1,1,1024,103,25213700,75677696,18
sample,int,sparse-4,clipping,16,1,2,1024,103,25162700,75677696,18
sample,int,sparse-4,clipping,16,1,3,1024,103,28622200,75677696,18
sample,int,sparse-4,clipping,16,1,4,1024,103,27537000,75677696,18
sample,int,sparse-4,clipping,16,1,5,1024,103,27950600,75677696,18
sample,int,sparse-4,clipping,16,1,6,1024,103,24421600,75677696,18
summary,int,sparse-4,clipping,23849.219,24688.184,27951.367
sample,int,sparse-16,relationship,64,1,0,2048,205,34565400,0,0
sample,int,sparse-16,relationship,64,1,1,2048,205,36995600,0,0
sample,int,sparse-16,relationship,64,1,2,2048,205,35275200,0,0
sample,int,sparse-16,relationship,64,1,3,2048,205,34122900,0,0
sample,int,sparse-16,relationship,64,1,4,2048,205,36160200,0,0
sample,int,sparse-16,relationship,64,1,5,2048,205,40291200,0,0
sample,int,sparse-16,relationship,64,1,6,2048,205,37504300,0,0
summary,int,sparse-16,relationship,16661.572,17656.348,19673.438
sample,int,sparse-16,clipping,64,1,0,512,52,32473200,142696448,36
sample,int,sparse-16,clipping,64,1,1,512,52,29753600,142696448,36
sample,int,sparse-16,clipping,64,1,2,512,52,29812900,142696448,36
sample,int,sparse-16,clipping,64,1,3,512,52,28217400,142696448,36
sample,int,sparse-16,clipping,64,1,4,512,52,30115200,142696448,36
sample,int,sparse-16,clipping,64,1,5,512,52,33816600,142696448,36
sample,int,sparse-16,clipping,64,1,6,512,52,36905700,142696448,36
summary,int,sparse-16,clipping,55112.109,58818.750,72081.445
sample,int,sparse-64,relationship,256,1,0,512,52,53891800,0,0
sample,int,sparse-64,relationship,256,1,1,512,52,42313900,0,0
sample,int,sparse-64,relationship,256,1,2,512,52,41155800,0,0
sample,int,sparse-64,relationship,256,1,3,512,52,38427500,0,0
sample,int,sparse-64,relationship,256,1,4,512,52,39957500,0,0
sample,int,sparse-64,relationship,256,1,5,512,52,40010800,0,0
sample,int,sparse-64,relationship,256,1,6,512,52,40699600,0,0
summary,int,sparse-64,relationship,75053.711,79491.406,105257.422
sample,int,sparse-64,clipping,256,1,0,128,13,23312000,140007424,63
sample,int,sparse-64,clipping,256,1,1,128,13,21859800,140007424,63
sample,int,sparse-64,clipping,256,1,2,128,13,22876300,140007424,63
sample,int,sparse-64,clipping,256,1,3,128,13,25108300,140007424,63
sample,int,sparse-64,clipping,256,1,4,128,13,24074500,140007424,63
sample,int,sparse-64,clipping,256,1,5,128,13,27572300,140007424,63
sample,int,sparse-64,clipping,256,1,6,128,13,27016700,140007424,63
summary,int,sparse-64,clipping,170779.688,188082.031,215408.594
sample,int,dense-1,relationship,4,1,0,32768,3277,32751600,0,0
sample,int,dense-1,relationship,4,1,1,32768,3277,34662700,0,0
sample,int,dense-1,relationship,4,1,2,32768,3277,34667100,0,0
sample,int,dense-1,relationship,4,1,3,32768,3277,33848000,0,0
sample,int,dense-1,relationship,4,1,4,32768,3277,32818800,0,0
sample,int,dense-1,relationship,4,1,5,32768,3277,33654800,0,0
sample,int,dense-1,relationship,4,1,6,32768,3277,33062700,0,0
summary,int,dense-1,relationship,999.500,1027.063,1057.956
sample,int,dense-1,clipping,4,1,0,1024,103,23195400,25346048,6
sample,int,dense-1,clipping,4,1,1,1024,103,25198400,25346048,6
sample,int,dense-1,clipping,4,1,2,1024,103,21297900,25346048,6
sample,int,dense-1,clipping,4,1,3,1024,103,22288300,25346048,6
sample,int,dense-1,clipping,4,1,4,1024,103,23772900,25346048,6
sample,int,dense-1,clipping,4,1,5,1024,103,21568500,25346048,6
sample,int,dense-1,clipping,4,1,6,1024,103,22763100,25346048,6
summary,int,dense-1,clipping,20798.730,22229.590,24607.812
sample,int,dense-4,relationship,16,4,0,2048,205,13965800,0,0
sample,int,dense-4,relationship,16,4,1,2048,205,13796400,0,0
sample,int,dense-4,relationship,16,4,2,2048,205,13354000,0,0
sample,int,dense-4,relationship,16,4,3,2048,205,12832700,0,0
sample,int,dense-4,relationship,16,4,4,2048,205,13736700,0,0
sample,int,dense-4,relationship,16,4,5,2048,205,14141800,0,0
sample,int,dense-4,relationship,16,4,6,2048,205,13701900,0,0
summary,int,dense-4,relationship,6265.967,6707.373,6905.176
sample,int,dense-4,clipping,16,4,0,256,26,28781700,18976768,4
sample,int,dense-4,clipping,16,4,1,256,26,30256700,18976768,4
sample,int,dense-4,clipping,16,4,2,256,26,29124900,18976768,4
sample,int,dense-4,clipping,16,4,3,256,26,26672500,18976768,4
sample,int,dense-4,clipping,16,4,4,256,26,28048400,18976768,4
sample,int,dense-4,clipping,16,4,5,256,26,26756900,18976768,4
sample,int,dense-4,clipping,16,4,6,256,26,27090400,18976768,4
summary,int,dense-4,clipping,104189.453,109564.062,118190.234
sample,int,dense-16,relationship,64,16,0,1024,103,31121700,0,0
sample,int,dense-16,relationship,64,16,1,1024,103,28934800,0,0
sample,int,dense-16,relationship,64,16,2,1024,103,28609300,0,0
sample,int,dense-16,relationship,64,16,3,1024,103,29369400,0,0
sample,int,dense-16,relationship,64,16,4,1024,103,30337500,0,0
sample,int,dense-16,relationship,64,16,5,1024,103,28364600,0,0
sample,int,dense-16,relationship,64,16,6,1024,103,26760800,0,0
summary,int,dense-16,relationship,26133.594,28256.641,30392.285
sample,int,dense-16,clipping,64,16,0,64,7,28028500,17931264,4
sample,int,dense-16,clipping,64,16,1,64,7,28805500,17931264,4
sample,int,dense-16,clipping,64,16,2,64,7,28003900,17931264,4
sample,int,dense-16,clipping,64,16,3,64,7,33016900,17931264,4
sample,int,dense-16,clipping,64,16,4,64,7,28450900,17931264,4
sample,int,dense-16,clipping,64,16,5,64,7,30493300,17931264,4
sample,int,dense-16,clipping,64,16,6,64,7,28740000,17931264,4
summary,int,dense-16,clipping,437560.938,449062.500,515889.062
sample,int,dense-64,relationship,256,64,0,256,26,25396600,0,0
sample,int,dense-64,relationship,256,64,1,256,26,35355300,0,0
sample,int,dense-64,relationship,256,64,2,256,26,27638700,0,0
sample,int,dense-64,relationship,256,64,3,256,26,25968900,0,0
sample,int,dense-64,relationship,256,64,4,256,26,25631700,0,0
sample,int,dense-64,relationship,256,64,5,256,26,25872800,0,0
sample,int,dense-64,relationship,256,64,6,256,26,28078900,0,0
summary,int,dense-64,relationship,99205.469,101441.016,138106.641
sample,int,dense-64,clipping,256,64,0,16,2,36455700,17612800,7
sample,int,dense-64,clipping,256,64,1,16,2,34367000,17612800,7
sample,int,dense-64,clipping,256,64,2,16,2,35523900,17612800,7
sample,int,dense-64,clipping,256,64,3,16,2,35222500,17612800,7
sample,int,dense-64,clipping,256,64,4,16,2,37320300,17612800,7
sample,int,dense-64,clipping,256,64,5,16,2,34301200,17612800,7
sample,int,dense-64,clipping,256,64,6,16,2,36077000,17612800,7
summary,int,dense-64,clipping,2143825.000,2220243.750,2332518.750
sample,int,wide-integral,relationship,4,1,0,32768,3277,31842300,0,0
sample,int,wide-integral,relationship,4,1,1,32768,3277,32470600,0,0
sample,int,wide-integral,relationship,4,1,2,32768,3277,31759300,0,0
sample,int,wide-integral,relationship,4,1,3,32768,3277,34782200,0,0
sample,int,wide-integral,relationship,4,1,4,32768,3277,33793900,0,0
sample,int,wide-integral,relationship,4,1,5,32768,3277,33770000,0,0
sample,int,wide-integral,relationship,4,1,6,32768,3277,33755200,0,0
summary,int,wide-integral,relationship,969.217,1030.127,1061.469
sample,int,wide-integral,clipping,4,1,0,1024,103,25397300,25346048,6
sample,int,wide-integral,clipping,4,1,1,1024,103,23932500,25346048,6
sample,int,wide-integral,clipping,4,1,2,1024,103,22164700,25346048,6
sample,int,wide-integral,clipping,4,1,3,1024,103,23929200,25346048,6
sample,int,wide-integral,clipping,4,1,4,1024,103,22197200,25346048,6
sample,int,wide-integral,clipping,4,1,5,1024,103,24197500,25346048,6
sample,int,wide-integral,clipping,4,1,6,1024,103,24015300,25346048,6
summary,int,wide-integral,clipping,21645.215,23371.582,24802.051
fixture,long,exterior,4,1,success,0
fixture,long,interior,4,4,success,1
fixture,long,crossing,4,7,success,1
fixture,long,boundary-only,4,10,success,1
fixture,long,boundary-overlap,4,11,success,1
fixture,long,isolated-tangent,4,3,success,0
fixture,long,degenerate-interior,4,4,success,0
fixture,long,degenerate-boundary,4,2,success,0
fixture,long,empty,0,1,success,0
fixture,long,concave-u,8,7,success,2
fixture,long,hole,8,7,success,2
fixture,long,hole-reversed,8,7,success,2
fixture,long,rational-crossing,3,7,success,1
fixture,long,sparse-1,4,7,success,1
fixture,long,sparse-4,16,7,success,1
fixture,long,sparse-16,64,7,success,1
fixture,long,sparse-64,256,7,success,1
fixture,long,dense-1,4,7,success,1
fixture,long,dense-4,16,7,success,4
fixture,long,dense-16,64,7,success,16
fixture,long,dense-64,256,7,success,64
fixture,long,wide-integral,4,7,success,1
fixture,long,endpoint-collapse,4,6,unrepresentableConstruction,0
fixture,long,gap-collapse,8,7,unrepresentableConstruction,0
preflight,long,24,PASS
sample,long,exterior,relationship,4,0,0,16384,1639,19619500,0,0
sample,long,exterior,relationship,4,0,1,16384,1639,19412600,0,0
sample,long,exterior,relationship,4,0,2,16384,1639,19496200,0,0
sample,long,exterior,relationship,4,0,3,16384,1639,21461600,0,0
sample,long,exterior,relationship,4,0,4,16384,1639,19421400,0,0
sample,long,exterior,relationship,4,0,5,16384,1639,19844800,0,0
sample,long,exterior,relationship,4,0,6,16384,1639,19752700,0,0
summary,long,exterior,relationship,1184.851,1197.479,1309.912
sample,long,exterior,clipping,4,0,0,4096,410,25751700,101056512,24
sample,long,exterior,clipping,4,0,1,4096,410,19304100,101056512,24
sample,long,exterior,clipping,4,0,2,4096,410,19584600,101056512,24
sample,long,exterior,clipping,4,0,3,4096,410,20523300,101056512,24
sample,long,exterior,clipping,4,0,4,4096,410,22354500,101056512,24
sample,long,exterior,clipping,4,0,5,4096,410,19975000,101056512,24
sample,long,exterior,clipping,4,0,6,4096,410,20211900,101056512,24
summary,long,exterior,clipping,4712.915,4934.546,6287.036
sample,long,interior,relationship,4,1,0,16384,1639,19683700,0,0
sample,long,interior,relationship,4,1,1,16384,1639,19931900,0,0
sample,long,interior,relationship,4,1,2,16384,1639,19168100,0,0
sample,long,interior,relationship,4,1,3,16384,1639,20609500,0,0
sample,long,interior,relationship,4,1,4,16384,1639,19367500,0,0
sample,long,interior,relationship,4,1,5,16384,1639,18543400,0,0
sample,long,interior,relationship,4,1,6,16384,1639,18750600,0,0
summary,long,interior,relationship,1131.799,1182.098,1257.904
sample,long,interior,clipping,4,1,0,2048,205,23705100,50626560,12
sample,long,interior,clipping,4,1,1,2048,205,24551600,50626560,12
sample,long,interior,clipping,4,1,2,2048,205,20017400,50626560,12
sample,long,interior,clipping,4,1,3,2048,205,20338500,50626560,12
sample,long,interior,clipping,4,1,4,2048,205,21436400,50626560,12
sample,long,interior,clipping,4,1,5,2048,205,21519900,50626560,12
sample,long,interior,clipping,4,1,6,2048,205,20674500,50626560,12
summary,long,interior,clipping,9774.121,10466.992,11988.086
sample,long,crossing,relationship,4,1,0,32768,3277,39133000,0,0
sample,long,crossing,relationship,4,1,1,32768,3277,39809500,0,0
sample,long,crossing,relationship,4,1,2,32768,3277,36809000,0,0
sample,long,crossing,relationship,4,1,3,32768,3277,38831700,0,0
sample,long,crossing,relationship,4,1,4,32768,3277,53634400,0,0
sample,long,crossing,relationship,4,1,5,32768,3277,37952000,0,0
sample,long,crossing,relationship,4,1,6,32768,3277,37326100,0,0
summary,long,crossing,relationship,1123.322,1185.049,1636.792
sample,long,crossing,clipping,4,1,0,1024,103,26282000,25346048,6
sample,long,crossing,clipping,4,1,1,1024,103,25590600,25346048,6
sample,long,crossing,clipping,4,1,2,1024,103,27749400,25346048,6
sample,long,crossing,clipping,4,1,3,1024,103,22886800,25346048,6
sample,long,crossing,clipping,4,1,4,1024,103,24600600,25346048,6
sample,long,crossing,clipping,4,1,5,1024,103,21842100,25346048,6
sample,long,crossing,clipping,4,1,6,1024,103,22071300,25346048,6
summary,long,crossing,clipping,21330.176,24024.023,27099.023
sample,long,boundary-only,relationship,4,1,0,16384,1639,24804400,0,0
sample,long,boundary-only,relationship,4,1,1,16384,1639,25969500,0,0
sample,long,boundary-only,relationship,4,1,2,16384,1639,25279200,0,0
sample,long,boundary-only,relationship,4,1,3,16384,1639,22980000,0,0
sample,long,boundary-only,relationship,4,1,4,16384,1639,25193300,0,0
sample,long,boundary-only,relationship,4,1,5,16384,1639,31874000,0,0
sample,long,boundary-only,relationship,4,1,6,16384,1639,36157200,0,0
summary,long,boundary-only,relationship,1402.588,1542.920,2206.860
sample,long,boundary-only,clipping,4,1,0,2048,205,25436000,50626560,12
sample,long,boundary-only,clipping,4,1,1,2048,205,41418300,50626560,12
sample,long,boundary-only,clipping,4,1,2,2048,205,49376700,50626560,12
sample,long,boundary-only,clipping,4,1,3,2048,205,42989300,50626560,12
sample,long,boundary-only,clipping,4,1,4,2048,205,43448800,50626560,12
sample,long,boundary-only,clipping,4,1,5,2048,205,42428300,50626560,12
sample,long,boundary-only,clipping,4,1,6,2048,205,41285100,50626560,12
summary,long,boundary-only,clipping,12419.922,20716.943,24109.717
sample,long,boundary-overlap,relationship,4,1,0,8192,820,19770000,0,0
sample,long,boundary-overlap,relationship,4,1,1,8192,820,19717900,0,0
sample,long,boundary-overlap,relationship,4,1,2,8192,820,26280800,0,0
sample,long,boundary-overlap,relationship,4,1,3,8192,820,17992500,0,0
sample,long,boundary-overlap,relationship,4,1,4,8192,820,12776500,0,0
sample,long,boundary-overlap,relationship,4,1,5,8192,820,12890500,0,0
sample,long,boundary-overlap,relationship,4,1,6,8192,820,14079400,0,0
summary,long,boundary-overlap,relationship,1559.631,2196.350,3208.105
sample,long,boundary-overlap,clipping,4,1,0,2048,205,31497900,50692096,12
sample,long,boundary-overlap,clipping,4,1,1,2048,205,29233900,50692096,12
sample,long,boundary-overlap,clipping,4,1,2,2048,205,33053500,50692096,12
sample,long,boundary-overlap,clipping,4,1,3,2048,205,29126500,50692096,12
sample,long,boundary-overlap,clipping,4,1,4,2048,205,28619500,50692096,12
sample,long,boundary-overlap,clipping,4,1,5,2048,205,29598500,50692096,12
sample,long,boundary-overlap,clipping,4,1,6,2048,205,30241000,50692096,12
summary,long,boundary-overlap,clipping,13974.365,14452.393,16139.404
sample,long,isolated-tangent,relationship,4,0,0,16384,1639,26036600,0,0
sample,long,isolated-tangent,relationship,4,0,1,16384,1639,24941700,0,0
sample,long,isolated-tangent,relationship,4,0,2,16384,1639,26968600,0,0
sample,long,isolated-tangent,relationship,4,0,3,16384,1639,24568200,0,0
sample,long,isolated-tangent,relationship,4,0,4,16384,1639,25933700,0,0
sample,long,isolated-tangent,relationship,4,0,5,16384,1639,26773900,0,0
sample,long,isolated-tangent,relationship,4,0,6,16384,1639,24720500,0,0
summary,long,isolated-tangent,relationship,1499.524,1582.867,1646.033
sample,long,isolated-tangent,clipping,4,0,0,4096,410,23506300,101056512,24
sample,long,isolated-tangent,clipping,4,0,1,4096,410,24489400,101056512,24
sample,long,isolated-tangent,clipping,4,0,2,4096,410,27020800,101056512,24
sample,long,isolated-tangent,clipping,4,0,3,4096,410,25441000,101056512,24
sample,long,isolated-tangent,clipping,4,0,4,4096,410,26415700,101056512,24
sample,long,isolated-tangent,clipping,4,0,5,4096,410,25056000,101056512,24
sample,long,isolated-tangent,clipping,4,0,6,4096,410,29462300,101056512,24
summary,long,isolated-tangent,clipping,5738.843,6211.182,7192.944
sample,long,degenerate-interior,relationship,4,0,0,65536,6554,2065000,0,0
sample,long,degenerate-interior,relationship,4,0,1,65536,6554,2242500,0,0
sample,long,degenerate-interior,relationship,4,0,2,65536,6554,2125200,0,0
sample,long,degenerate-interior,relationship,4,0,3,65536,6554,2058000,0,0
sample,long,degenerate-interior,relationship,4,0,4,65536,6554,2071300,0,0
sample,long,degenerate-interior,relationship,4,0,5,65536,6554,2133200,0,0
sample,long,degenerate-interior,relationship,4,0,6,65536,6554,3036700,0,0
summary,long,degenerate-interior,relationship,31.403,32.428,46.336
sample,long,degenerate-interior,clipping,4,0,0,65536,6554,291100,0,0
sample,long,degenerate-interior,clipping,4,0,1,65536,6554,372800,0,0
sample,long,degenerate-interior,clipping,4,0,2,65536,6554,372300,0,0
sample,long,degenerate-interior,clipping,4,0,3,65536,6554,384700,0,0
sample,long,degenerate-interior,clipping,4,0,4,65536,6554,290600,0,0
sample,long,degenerate-interior,clipping,4,0,5,65536,6554,352700,0,0
sample,long,degenerate-interior,clipping,4,0,6,65536,6554,364700,0,0
summary,long,degenerate-interior,clipping,4.434,5.565,5.870
sample,long,degenerate-boundary,relationship,4,0,0,65536,6554,2129300,0,0
sample,long,degenerate-boundary,relationship,4,0,1,65536,6554,2051400,0,0
sample,long,degenerate-boundary,relationship,4,0,2,65536,6554,2279600,0,0
sample,long,degenerate-boundary,relationship,4,0,3,65536,6554,2199800,0,0
sample,long,degenerate-boundary,relationship,4,0,4,65536,6554,2651600,0,0
sample,long,degenerate-boundary,relationship,4,0,5,65536,6554,2143300,0,0
sample,long,degenerate-boundary,relationship,4,0,6,65536,6554,2092200,0,0
summary,long,degenerate-boundary,relationship,31.302,32.704,40.460
sample,long,degenerate-boundary,clipping,4,0,0,65536,6554,328500,0,0
sample,long,degenerate-boundary,clipping,4,0,1,65536,6554,290800,0,0
sample,long,degenerate-boundary,clipping,4,0,2,65536,6554,305100,0,0
sample,long,degenerate-boundary,clipping,4,0,3,65536,6554,341400,0,0
sample,long,degenerate-boundary,clipping,4,0,4,65536,6554,290700,0,0
sample,long,degenerate-boundary,clipping,4,0,5,65536,6554,290500,0,0
sample,long,degenerate-boundary,clipping,4,0,6,65536,6554,290600,0,0
summary,long,degenerate-boundary,clipping,4.433,4.437,5.209
sample,long,empty,relationship,0,0,0,65536,6554,853000,0,0
sample,long,empty,relationship,0,0,1,65536,6554,970700,0,0
sample,long,empty,relationship,0,0,2,65536,6554,1444600,0,0
sample,long,empty,relationship,0,0,3,65536,6554,1313000,0,0
sample,long,empty,relationship,0,0,4,65536,6554,1322600,0,0
sample,long,empty,relationship,0,0,5,65536,6554,948400,0,0
sample,long,empty,relationship,0,0,6,65536,6554,897900,0,0
summary,long,empty,relationship,13.016,14.812,22.043
sample,long,empty,clipping,0,0,0,65536,6554,292000,0,0
sample,long,empty,clipping,0,0,1,65536,6554,298900,0,0
sample,long,empty,clipping,0,0,2,65536,6554,294500,0,0
sample,long,empty,clipping,0,0,3,65536,6554,453600,0,0
sample,long,empty,clipping,0,0,4,65536,6554,294400,0,0
sample,long,empty,clipping,0,0,5,65536,6554,297800,0,0
sample,long,empty,clipping,0,0,6,65536,6554,467900,0,0
summary,long,empty,clipping,4.456,4.544,7.140
sample,long,concave-u,relationship,8,2,0,8192,820,25692700,0,0
sample,long,concave-u,relationship,8,2,1,8192,820,25580900,0,0
sample,long,concave-u,relationship,8,2,2,8192,820,26548000,0,0
sample,long,concave-u,relationship,8,2,3,8192,820,34575200,0,0
sample,long,concave-u,relationship,8,2,4,8192,820,26386900,0,0
sample,long,concave-u,relationship,8,2,5,8192,820,25854000,0,0
sample,long,concave-u,relationship,8,2,6,8192,820,26908900,0,0
summary,long,concave-u,relationship,3122.668,3221.057,4220.605
sample,long,concave-u,clipping,8,2,0,512,52,24984600,21102592,5
sample,long,concave-u,clipping,8,2,1,512,52,25131400,21102592,5
sample,long,concave-u,clipping,8,2,2,512,52,22754100,21102592,5
sample,long,concave-u,clipping,8,2,3,512,52,24171200,21102592,5
sample,long,concave-u,clipping,8,2,4,512,52,25686500,21102592,5
sample,long,concave-u,clipping,8,2,5,512,52,24178900,21102592,5
sample,long,concave-u,clipping,8,2,6,512,52,28477300,21102592,5
summary,long,concave-u,clipping,44441.602,48798.047,55619.727
sample,long,hole,relationship,8,2,0,8192,820,30762400,0,0
sample,long,hole,relationship,8,2,1,8192,820,26246300,0,0
sample,long,hole,relationship,8,2,2,8192,820,26163400,0,0
sample,long,hole,relationship,8,2,3,8192,820,27366900,0,0
sample,long,hole,relationship,8,2,4,8192,820,24820100,0,0
sample,long,hole,relationship,8,2,5,8192,820,30353400,0,0
sample,long,hole,relationship,8,2,6,8192,820,26515700,0,0
summary,long,hole,relationship,3029.797,3236.780,3755.176
sample,long,hole,clipping,8,2,0,512,52,24751900,21102592,5
sample,long,hole,clipping,8,2,1,512,52,24459600,21102592,5
sample,long,hole,clipping,8,2,2,512,52,23893200,21102592,5
sample,long,hole,clipping,8,2,3,512,52,24002600,21102592,5
sample,long,hole,clipping,8,2,4,512,52,29275200,21102592,5
sample,long,hole,clipping,8,2,5,512,52,25024800,21102592,5
sample,long,hole,clipping,8,2,6,512,52,23017600,21102592,5
summary,long,hole,clipping,44956.250,47772.656,57178.125
sample,long,hole-reversed,relationship,8,2,0,8192,820,27071900,0,0
sample,long,hole-reversed,relationship,8,2,1,8192,820,24080200,0,0
sample,long,hole-reversed,relationship,8,2,2,8192,820,28524400,0,0
sample,long,hole-reversed,relationship,8,2,3,8192,820,25525600,0,0
sample,long,hole-reversed,relationship,8,2,4,8192,820,25694100,0,0
sample,long,hole-reversed,relationship,8,2,5,8192,820,38811300,0,0
sample,long,hole-reversed,relationship,8,2,6,8192,820,25504100,0,0
summary,long,hole-reversed,relationship,2939.478,3136.487,4737.708
sample,long,hole-reversed,clipping,8,2,0,512,52,26184100,21102592,5
sample,long,hole-reversed,clipping,8,2,1,512,52,26009600,21102592,5
sample,long,hole-reversed,clipping,8,2,2,512,52,23542400,21102592,5
sample,long,hole-reversed,clipping,8,2,3,512,52,27464200,21102592,5
sample,long,hole-reversed,clipping,8,2,4,512,52,24880700,21102592,5
sample,long,hole-reversed,clipping,8,2,5,512,52,23164800,21102592,5
sample,long,hole-reversed,clipping,8,2,6,512,52,24377300,21102592,5
summary,long,hole-reversed,clipping,45243.750,48595.117,53641.016
sample,long,rational-crossing,relationship,3,1,0,32768,3277,25790000,0,0
sample,long,rational-crossing,relationship,3,1,1,32768,3277,24875700,0,0
sample,long,rational-crossing,relationship,3,1,2,32768,3277,23554600,0,0
sample,long,rational-crossing,relationship,3,1,3,32768,3277,24852300,0,0
sample,long,rational-crossing,relationship,3,1,4,32768,3277,26441600,0,0
sample,long,rational-crossing,relationship,3,1,5,32768,3277,23614800,0,0
sample,long,rational-crossing,relationship,3,1,6,32768,3277,24805500,0,0
summary,long,rational-crossing,relationship,718.829,758.432,806.934
sample,long,rational-crossing,clipping,3,1,0,1024,103,21613300,21151744,5
sample,long,rational-crossing,clipping,3,1,1,1024,103,19447000,21151744,5
sample,long,rational-crossing,clipping,3,1,2,1024,103,20885100,21151744,5
sample,long,rational-crossing,clipping,3,1,3,1024,103,21104700,21151744,5
sample,long,rational-crossing,clipping,3,1,4,1024,103,19664400,21151744,5
sample,long,rational-crossing,clipping,3,1,5,1024,103,21092200,21151744,5
sample,long,rational-crossing,clipping,3,1,6,1024,103,19436500,21151744,5
summary,long,rational-crossing,clipping,18980.957,20395.605,21106.738
sample,long,sparse-1,relationship,4,1,0,32768,3277,34870000,0,0
sample,long,sparse-1,relationship,4,1,1,32768,3277,37203200,0,0
sample,long,sparse-1,relationship,4,1,2,32768,3277,37819400,0,0
sample,long,sparse-1,relationship,4,1,3,32768,3277,33493100,0,0
sample,long,sparse-1,relationship,4,1,4,32768,3277,39993000,0,0
sample,long,sparse-1,relationship,4,1,5,32768,3277,36772100,0,0
sample,long,sparse-1,relationship,4,1,6,32768,3277,44061600,0,0
summary,long,sparse-1,relationship,1022.128,1135.352,1344.653
sample,long,sparse-1,clipping,4,1,0,2048,205,43946100,50692096,12
sample,long,sparse-1,clipping,4,1,1,2048,205,40780200,50692096,12
sample,long,sparse-1,clipping,4,1,2,2048,205,42612000,50692096,12
sample,long,sparse-1,clipping,4,1,3,2048,205,43381400,50692096,12
sample,long,sparse-1,clipping,4,1,4,2048,205,44052200,50692096,12
sample,long,sparse-1,clipping,4,1,5,2048,205,43477400,50692096,12
sample,long,sparse-1,clipping,4,1,6,2048,205,53546900,50692096,12
summary,long,sparse-1,clipping,19912.207,21229.199,26145.947
sample,long,sparse-4,relationship,16,1,0,4096,410,23645300,0,0
sample,long,sparse-4,relationship,16,1,1,4096,410,23011000,0,0
sample,long,sparse-4,relationship,16,1,2,4096,410,20431400,0,0
sample,long,sparse-4,relationship,16,1,3,4096,410,27721400,0,0
sample,long,sparse-4,relationship,16,1,4,4096,410,25205500,0,0
sample,long,sparse-4,relationship,16,1,5,4096,410,22905900,0,0
sample,long,sparse-4,relationship,16,1,6,4096,410,21922600,0,0
summary,long,sparse-4,relationship,4988.135,5617.920,6767.920
sample,long,sparse-4,clipping,16,1,0,1024,103,30944000,75677696,18
sample,long,sparse-4,clipping,16,1,1,1024,103,34955100,75677696,18
sample,long,sparse-4,clipping,16,1,2,1024,103,41503800,75677696,18
sample,long,sparse-4,clipping,16,1,3,1024,103,31805600,75677696,18
sample,long,sparse-4,clipping,16,1,4,1024,103,31028400,75677696,18
sample,long,sparse-4,clipping,16,1,5,1024,103,31760100,75677696,18
sample,long,sparse-4,clipping,16,1,6,1024,103,31571600,75677696,18
summary,long,sparse-4,clipping,30218.750,31015.723,40531.055
sample,long,sparse-16,relationship,64,1,0,1024,103,23664700,0,0
sample,long,sparse-16,relationship,64,1,1,1024,103,33867800,0,0
sample,long,sparse-16,relationship,64,1,2,1024,103,23859700,0,0
sample,long,sparse-16,relationship,64,1,3,1024,103,23086400,0,0
sample,long,sparse-16,relationship,64,1,4,1024,103,23242500,0,0
sample,long,sparse-16,relationship,64,1,5,1024,103,23254900,0,0
sample,long,sparse-16,relationship,64,1,6,1024,103,24000900,0,0
summary,long,sparse-16,relationship,22545.312,23110.059,33074.023
sample,long,sparse-16,clipping,64,1,0,512,52,38612600,142696448,39
sample,long,sparse-16,clipping,64,1,1,512,52,32905900,142696448,39
sample,long,sparse-16,clipping,64,1,2,512,52,32468200,142696448,39
sample,long,sparse-16,clipping,64,1,3,512,52,42720600,142696448,39
sample,long,sparse-16,clipping,64,1,4,512,52,38210900,142696448,39
sample,long,sparse-16,clipping,64,1,5,512,52,32675200,142696448,39
sample,long,sparse-16,clipping,64,1,6,512,52,32391700,142696448,39
summary,long,sparse-16,clipping,63265.039,64269.336,83438.672
sample,long,sparse-64,relationship,256,1,0,256,26,24716500,0,0
sample,long,sparse-64,relationship,256,1,1,256,26,22029600,0,0
sample,long,sparse-64,relationship,256,1,2,256,26,23567000,0,0
sample,long,sparse-64,relationship,256,1,3,256,26,24625800,0,0
sample,long,sparse-64,relationship,256,1,4,256,26,22220300,0,0
sample,long,sparse-64,relationship,256,1,5,256,26,23848600,0,0
sample,long,sparse-64,relationship,256,1,6,256,26,21868500,0,0
summary,long,sparse-64,relationship,85423.828,92058.594,96548.828
sample,long,sparse-64,clipping,256,1,0,128,13,23262400,140007424,63
sample,long,sparse-64,clipping,256,1,1,128,13,30671900,140007424,63
sample,long,sparse-64,clipping,256,1,2,128,13,36513200,140007424,63
sample,long,sparse-64,clipping,256,1,3,128,13,25472400,140007424,63
sample,long,sparse-64,clipping,256,1,4,128,13,28167300,140007424,63
sample,long,sparse-64,clipping,256,1,5,128,13,23987300,140007424,63
sample,long,sparse-64,clipping,256,1,6,128,13,26099100,140007424,63
summary,long,sparse-64,clipping,181737.500,203899.219,285259.375
sample,long,dense-1,relationship,4,1,0,16384,1639,18202500,0,0
sample,long,dense-1,relationship,4,1,1,16384,1639,18813700,0,0
sample,long,dense-1,relationship,4,1,2,16384,1639,31884000,0,0
sample,long,dense-1,relationship,4,1,3,16384,1639,18564100,0,0
sample,long,dense-1,relationship,4,1,4,16384,1639,20491700,0,0
sample,long,dense-1,relationship,4,1,5,16384,1639,17494700,0,0
sample,long,dense-1,relationship,4,1,6,16384,1639,18375900,0,0
summary,long,dense-1,relationship,1067.792,1133.063,1946.045
sample,long,dense-1,clipping,4,1,0,1024,103,22500500,25346048,6
sample,long,dense-1,clipping,4,1,1,1024,103,23037700,25346048,6
sample,long,dense-1,clipping,4,1,2,1024,103,25171100,25346048,6
sample,long,dense-1,clipping,4,1,3,1024,103,21049300,25346048,6
sample,long,dense-1,clipping,4,1,4,1024,103,22023900,25346048,6
sample,long,dense-1,clipping,4,1,5,1024,103,21481400,25346048,6
sample,long,dense-1,clipping,4,1,6,1024,103,20542100,25346048,6
summary,long,dense-1,clipping,20060.645,21507.715,24581.152
sample,long,dense-4,relationship,16,4,0,4096,410,31293800,0,0
sample,long,dense-4,relationship,16,4,1,4096,410,31727000,0,0
sample,long,dense-4,relationship,16,4,2,4096,410,27541800,0,0
sample,long,dense-4,relationship,16,4,3,4096,410,26804400,0,0
sample,long,dense-4,relationship,16,4,4,4096,410,27495800,0,0
sample,long,dense-4,relationship,16,4,5,4096,410,29166700,0,0
sample,long,dense-4,relationship,16,4,6,4096,410,25496800,0,0
summary,long,dense-4,relationship,6224.805,6724.072,7745.850
sample,long,dense-4,clipping,16,4,0,256,26,25914400,18976768,4
sample,long,dense-4,clipping,16,4,1,256,26,23888300,18976768,4
sample,long,dense-4,clipping,16,4,2,256,26,27587300,18976768,4
sample,long,dense-4,clipping,16,4,3,256,26,24970900,18976768,4
sample,long,dense-4,clipping,16,4,4,256,26,28371400,18976768,4
sample,long,dense-4,clipping,16,4,5,256,26,29384600,18976768,4
sample,long,dense-4,clipping,16,4,6,256,26,28514800,18976768,4
summary,long,dense-4,clipping,93313.672,107762.891,114783.594
sample,long,dense-16,relationship,64,16,0,1024,103,28995100,0,0
sample,long,dense-16,relationship,64,16,1,1024,103,28877300,0,0
sample,long,dense-16,relationship,64,16,2,1024,103,28856900,0,0
sample,long,dense-16,relationship,64,16,3,1024,103,33539100,0,0
sample,long,dense-16,relationship,64,16,4,1024,103,42837200,0,0
sample,long,dense-16,relationship,64,16,5,1024,103,31724100,0,0
sample,long,dense-16,relationship,64,16,6,1024,103,35027000,0,0
summary,long,dense-16,relationship,28180.566,30980.566,41833.203
sample,long,dense-16,clipping,64,16,0,64,7,33838500,17931264,4
sample,long,dense-16,clipping,64,16,1,64,7,28339200,17931264,4
sample,long,dense-16,clipping,64,16,2,64,7,30830000,17931264,4
sample,long,dense-16,clipping,64,16,3,64,7,29963800,17931264,4
sample,long,dense-16,clipping,64,16,4,64,7,29223400,17931264,4
sample,long,dense-16,clipping,64,16,5,64,7,37898000,17931264,4
sample,long,dense-16,clipping,64,16,6,64,7,35552000,17931264,4
summary,long,dense-16,clipping,442800.000,481718.750,592156.250
sample,long,dense-64,relationship,256,64,0,256,26,35719400,0,0
sample,long,dense-64,relationship,256,64,1,256,26,33251900,0,0
sample,long,dense-64,relationship,256,64,2,256,26,31930100,0,0
sample,long,dense-64,relationship,256,64,3,256,26,35368400,0,0
sample,long,dense-64,relationship,256,64,4,256,26,34194900,0,0
sample,long,dense-64,relationship,256,64,5,256,26,35520800,0,0
sample,long,dense-64,relationship,256,64,6,256,26,31858000,0,0
summary,long,dense-64,relationship,124445.312,133573.828,139528.906
sample,long,dense-64,clipping,256,64,0,16,2,43216500,17612800,7
sample,long,dense-64,clipping,256,64,1,16,2,38993900,17612800,7
sample,long,dense-64,clipping,256,64,2,16,2,42484900,17612800,7
sample,long,dense-64,clipping,256,64,3,16,2,39371000,17612800,7
sample,long,dense-64,clipping,256,64,4,16,2,39819700,17612800,7
sample,long,dense-64,clipping,256,64,5,16,2,55884900,17612800,7
sample,long,dense-64,clipping,256,64,6,16,2,38498300,17612800,7
summary,long,dense-64,clipping,2406143.750,2488731.250,3492806.250
sample,long,wide-integral,relationship,4,1,0,32768,3277,36317300,0,0
sample,long,wide-integral,relationship,4,1,1,32768,3277,36303300,0,0
sample,long,wide-integral,relationship,4,1,2,32768,3277,39312200,0,0
sample,long,wide-integral,relationship,4,1,3,32768,3277,38572600,0,0
sample,long,wide-integral,relationship,4,1,4,32768,3277,36536200,0,0
sample,long,wide-integral,relationship,4,1,5,32768,3277,39279400,0,0
sample,long,wide-integral,relationship,4,1,6,32768,3277,39991600,0,0
summary,long,wide-integral,relationship,1107.889,1177.142,1220.447
sample,long,wide-integral,clipping,4,1,0,1024,103,26970000,25346048,6
sample,long,wide-integral,clipping,4,1,1,1024,103,23748800,25346048,6
sample,long,wide-integral,clipping,4,1,2,1024,103,28648700,25346048,6
sample,long,wide-integral,clipping,4,1,3,1024,103,24128600,25346048,6
sample,long,wide-integral,clipping,4,1,4,1024,103,26017300,25346048,6
sample,long,wide-integral,clipping,4,1,5,1024,103,26809700,25346048,6
sample,long,wide-integral,clipping,4,1,6,1024,103,28309500,25346048,6
summary,long,wide-integral,clipping,23192.188,26181.348,27977.246
sample,long,endpoint-collapse,relationship,4,0,0,16384,1639,25522500,0,0
sample,long,endpoint-collapse,relationship,4,0,1,16384,1639,28105200,0,0
sample,long,endpoint-collapse,relationship,4,0,2,16384,1639,26706500,0,0
sample,long,endpoint-collapse,relationship,4,0,3,16384,1639,27051500,0,0
sample,long,endpoint-collapse,relationship,4,0,4,16384,1639,28452200,0,0
sample,long,endpoint-collapse,relationship,4,0,5,16384,1639,27046400,0,0
sample,long,endpoint-collapse,relationship,4,0,6,16384,1639,29015200,0,0
summary,long,endpoint-collapse,relationship,1557.770,1651.093,1770.947
sample,long,endpoint-collapse,clipping,4,0,0,1024,103,20010900,25313280,6
sample,long,endpoint-collapse,clipping,4,0,1,1024,103,20652800,25313280,6
sample,long,endpoint-collapse,clipping,4,0,2,1024,103,21443100,25313280,6
sample,long,endpoint-collapse,clipping,4,0,3,1024,103,31697900,25313280,6
sample,long,endpoint-collapse,clipping,4,0,4,1024,103,21778500,25313280,6
sample,long,endpoint-collapse,clipping,4,0,5,1024,103,19305600,25313280,6
sample,long,endpoint-collapse,clipping,4,0,6,1024,103,22580100,25313280,6
summary,long,endpoint-collapse,clipping,18853.125,20940.527,30954.980
sample,long,gap-collapse,relationship,8,0,0,8192,820,29031300,0,0
sample,long,gap-collapse,relationship,8,0,1,8192,820,34684000,0,0
sample,long,gap-collapse,relationship,8,0,2,8192,820,30558700,0,0
sample,long,gap-collapse,relationship,8,0,3,8192,820,36823600,0,0
sample,long,gap-collapse,relationship,8,0,4,8192,820,31565700,0,0
sample,long,gap-collapse,relationship,8,0,5,8192,820,33288600,0,0
sample,long,gap-collapse,relationship,8,0,6,8192,820,32857700,0,0
summary,long,gap-collapse,relationship,3543.860,4010.950,4495.068
sample,long,gap-collapse,clipping,8,0,0,512,52,29263700,21086208,5
sample,long,gap-collapse,clipping,8,0,1,512,52,23381800,21086208,5
sample,long,gap-collapse,clipping,8,0,2,512,52,26652400,21086208,5
sample,long,gap-collapse,clipping,8,0,3,512,52,25032600,21086208,5
sample,long,gap-collapse,clipping,8,0,4,512,52,27751000,21086208,5
sample,long,gap-collapse,clipping,8,0,5,512,52,26134400,21086208,5
sample,long,gap-collapse,clipping,8,0,6,512,52,26671300,21086208,5
summary,long,gap-collapse,clipping,45667.578,52055.469,57155.664
fixture,float,exterior,4,1,success,0
fixture,float,interior,4,4,success,1
fixture,float,crossing,4,7,success,1
fixture,float,boundary-only,4,10,success,1
fixture,float,boundary-overlap,4,11,success,1
fixture,float,isolated-tangent,4,3,success,0
fixture,float,degenerate-interior,4,4,success,0
fixture,float,degenerate-boundary,4,2,success,0
fixture,float,empty,0,1,success,0
fixture,float,concave-u,8,7,success,2
fixture,float,hole,8,7,success,2
fixture,float,hole-reversed,8,7,success,2
fixture,float,rational-crossing,3,7,success,1
fixture,float,sparse-1,4,7,success,1
fixture,float,sparse-4,16,7,success,1
fixture,float,sparse-16,64,7,success,1
fixture,float,sparse-64,256,7,success,1
fixture,float,dense-1,4,7,success,1
fixture,float,dense-4,16,7,success,4
fixture,float,dense-16,64,7,success,16
fixture,float,dense-64,256,7,success,64
fixture,float,subnormal,4,7,success,1
fixture,float,large-finite,4,7,success,1
preflight,float,23,PASS
sample,float,exterior,relationship,4,0,0,32768,3277,48145100,0,0
sample,float,exterior,relationship,4,0,1,32768,3277,78463400,0,0
sample,float,exterior,relationship,4,0,2,32768,3277,56101800,0,0
sample,float,exterior,relationship,4,0,3,32768,3277,44200000,0,0
sample,float,exterior,relationship,4,0,4,32768,3277,41307200,0,0
sample,float,exterior,relationship,4,0,5,32768,3277,50955000,0,0
sample,float,exterior,relationship,4,0,6,32768,3277,40897900,0,0
summary,float,exterior,relationship,1248.105,1469.272,2394.513
sample,float,exterior,clipping,4,0,0,8192,820,37287800,202113024,48
sample,float,exterior,clipping,4,0,1,8192,820,36415700,202113024,48
sample,float,exterior,clipping,4,0,2,8192,820,35831800,202113024,48
sample,float,exterior,clipping,4,0,3,8192,820,45637000,202113024,48
sample,float,exterior,clipping,4,0,4,8192,820,41723900,202113024,48
sample,float,exterior,clipping,4,0,5,8192,820,53708200,202113024,48
sample,float,exterior,clipping,4,0,6,8192,820,47469900,202113024,48
summary,float,exterior,clipping,4373.999,5093.250,6556.177
sample,float,interior,relationship,4,1,0,16384,1639,23054900,0,0
sample,float,interior,relationship,4,1,1,16384,1639,23101800,0,0
sample,float,interior,relationship,4,1,2,16384,1639,21245700,0,0
sample,float,interior,relationship,4,1,3,16384,1639,24579100,0,0
sample,float,interior,relationship,4,1,4,16384,1639,22797600,0,0
sample,float,interior,relationship,4,1,5,16384,1639,23139300,0,0
sample,float,interior,relationship,4,1,6,16384,1639,22469500,0,0
summary,float,interior,relationship,1296.735,1407.159,1500.189
sample,float,interior,clipping,4,1,0,2048,205,21638100,50626560,12
sample,float,interior,clipping,4,1,1,2048,205,20926200,50626560,12
sample,float,interior,clipping,4,1,2,2048,205,21343600,50626560,12
sample,float,interior,clipping,4,1,3,2048,205,26746500,50626560,12
sample,float,interior,clipping,4,1,4,2048,205,23424100,50626560,12
sample,float,interior,clipping,4,1,5,2048,205,22544100,50626560,12
sample,float,interior,clipping,4,1,6,2048,205,21165100,50626560,12
summary,float,interior,clipping,10217.871,10565.479,13059.814
sample,float,crossing,relationship,4,1,0,16384,1639,21225600,0,0
sample,float,crossing,relationship,4,1,1,16384,1639,23189100,0,0
sample,float,crossing,relationship,4,1,2,16384,1639,22818800,0,0
sample,float,crossing,relationship,4,1,3,16384,1639,21870400,0,0
sample,float,crossing,relationship,4,1,4,16384,1639,25198100,0,0
sample,float,crossing,relationship,4,1,5,16384,1639,30172400,0,0
sample,float,crossing,relationship,4,1,6,16384,1639,21351500,0,0
summary,float,crossing,relationship,1295.508,1392.749,1841.577
sample,float,crossing,clipping,4,1,0,1024,103,23443900,25346048,6
sample,float,crossing,clipping,4,1,1,1024,103,24813800,25346048,6
sample,float,crossing,clipping,4,1,2,1024,103,24206600,25346048,6
sample,float,crossing,clipping,4,1,3,1024,103,25403700,25346048,6
sample,float,crossing,clipping,4,1,4,1024,103,21778300,25346048,6
sample,float,crossing,clipping,4,1,5,1024,103,21363900,25346048,6
sample,float,crossing,clipping,4,1,6,1024,103,23519300,25346048,6
summary,float,crossing,clipping,20863.184,22968.066,24808.301
sample,float,boundary-only,relationship,4,1,0,16384,1639,26366500,0,0
sample,float,boundary-only,relationship,4,1,1,16384,1639,26883300,0,0
sample,float,boundary-only,relationship,4,1,2,16384,1639,27415500,0,0
sample,float,boundary-only,relationship,4,1,3,16384,1639,24581200,0,0
sample,float,boundary-only,relationship,4,1,4,16384,1639,26333800,0,0
sample,float,boundary-only,relationship,4,1,5,16384,1639,25431500,0,0
sample,float,boundary-only,relationship,4,1,6,16384,1639,25987400,0,0
summary,float,boundary-only,relationship,1500.317,1607.288,1673.309
sample,float,boundary-only,clipping,4,1,0,2048,205,32174400,50626560,12
sample,float,boundary-only,clipping,4,1,1,2048,205,30067000,50626560,12
sample,float,boundary-only,clipping,4,1,2,2048,205,28587600,50626560,12
sample,float,boundary-only,clipping,4,1,3,2048,205,29379400,50626560,12
sample,float,boundary-only,clipping,4,1,4,2048,205,30321700,50626560,12
sample,float,boundary-only,clipping,4,1,5,2048,205,31879400,50626560,12
sample,float,boundary-only,clipping,4,1,6,2048,205,33429300,50626560,12
summary,float,boundary-only,clipping,13958.789,14805.518,16322.900
sample,float,boundary-overlap,relationship,4,1,0,16384,1639,35098200,0,0
sample,float,boundary-overlap,relationship,4,1,1,16384,1639,36234900,0,0
sample,float,boundary-overlap,relationship,4,1,2,16384,1639,38564800,0,0
sample,float,boundary-overlap,relationship,4,1,3,16384,1639,36440900,0,0
sample,float,boundary-overlap,relationship,4,1,4,16384,1639,45535000,0,0
sample,float,boundary-overlap,relationship,4,1,5,16384,1639,35092000,0,0
sample,float,boundary-overlap,relationship,4,1,6,16384,1639,35449100,0,0
summary,float,boundary-overlap,relationship,2141.846,2211.603,2779.236
sample,float,boundary-overlap,clipping,4,1,0,2048,205,32602800,50692096,12
sample,float,boundary-overlap,clipping,4,1,1,2048,205,31924300,50692096,12
sample,float,boundary-overlap,clipping,4,1,2,2048,205,32999600,50692096,12
sample,float,boundary-overlap,clipping,4,1,3,2048,205,34646800,50692096,12
sample,float,boundary-overlap,clipping,4,1,4,2048,205,32577800,50692096,12
sample,float,boundary-overlap,clipping,4,1,5,2048,205,28697400,50692096,12
sample,float,boundary-overlap,clipping,4,1,6,2048,205,29838700,50692096,12
summary,float,boundary-overlap,clipping,14012.402,15907.129,16917.383
sample,float,isolated-tangent,relationship,4,0,0,16384,1639,39084700,0,0
sample,float,isolated-tangent,relationship,4,0,1,16384,1639,37871300,0,0
sample,float,isolated-tangent,relationship,4,0,2,16384,1639,37780800,0,0
sample,float,isolated-tangent,relationship,4,0,3,16384,1639,36843200,0,0
sample,float,isolated-tangent,relationship,4,0,4,16384,1639,35320700,0,0
sample,float,isolated-tangent,relationship,4,0,5,16384,1639,34999600,0,0
sample,float,isolated-tangent,relationship,4,0,6,16384,1639,38096700,0,0
summary,float,isolated-tangent,relationship,2136.206,2305.957,2385.541
sample,float,isolated-tangent,clipping,4,0,0,4096,410,26549500,101056512,24
sample,float,isolated-tangent,clipping,4,0,1,4096,410,27903400,101056512,24
sample,float,isolated-tangent,clipping,4,0,2,4096,410,30381300,101056512,24
sample,float,isolated-tangent,clipping,4,0,3,4096,410,33378900,101056512,24
sample,float,isolated-tangent,clipping,4,0,4,4096,410,27965100,101056512,24
sample,float,isolated-tangent,clipping,4,0,5,4096,410,31448600,101056512,24
sample,float,isolated-tangent,clipping,4,0,6,4096,410,29440800,101056512,24
summary,float,isolated-tangent,clipping,6481.812,7187.695,8149.146
sample,float,degenerate-interior,relationship,4,0,0,65536,6554,3556800,0,0
sample,float,degenerate-interior,relationship,4,0,1,65536,6554,3898500,0,0
sample,float,degenerate-interior,relationship,4,0,2,65536,6554,3453600,0,0
sample,float,degenerate-interior,relationship,4,0,3,65536,6554,3437900,0,0
sample,float,degenerate-interior,relationship,4,0,4,65536,6554,3516700,0,0
sample,float,degenerate-interior,relationship,4,0,5,65536,6554,3486000,0,0
sample,float,degenerate-interior,relationship,4,0,6,65536,6554,4160800,0,0
summary,float,degenerate-interior,relationship,52.458,53.661,63.489
sample,float,degenerate-interior,clipping,4,0,0,65536,6554,313100,0,0
sample,float,degenerate-interior,clipping,4,0,1,65536,6554,313000,0,0
sample,float,degenerate-interior,clipping,4,0,2,65536,6554,395500,0,0
sample,float,degenerate-interior,clipping,4,0,3,65536,6554,312800,0,0
sample,float,degenerate-interior,clipping,4,0,4,65536,6554,312800,0,0
sample,float,degenerate-interior,clipping,4,0,5,65536,6554,395100,0,0
sample,float,degenerate-interior,clipping,4,0,6,65536,6554,312900,0,0
summary,float,degenerate-interior,clipping,4.773,4.776,6.035
sample,float,degenerate-boundary,relationship,4,0,0,65536,6554,4440900,0,0
sample,float,degenerate-boundary,relationship,4,0,1,65536,6554,4062600,0,0
sample,float,degenerate-boundary,relationship,4,0,2,65536,6554,3918600,0,0
sample,float,degenerate-boundary,relationship,4,0,3,65536,6554,3676700,0,0
sample,float,degenerate-boundary,relationship,4,0,4,65536,6554,3905000,0,0
sample,float,degenerate-boundary,relationship,4,0,5,65536,6554,3559200,0,0
sample,float,degenerate-boundary,relationship,4,0,6,65536,6554,3538800,0,0
summary,float,degenerate-boundary,relationship,53.998,59.586,67.763
sample,float,degenerate-boundary,clipping,4,0,0,65536,6554,313100,0,0
sample,float,degenerate-boundary,clipping,4,0,1,65536,6554,313000,0,0
sample,float,degenerate-boundary,clipping,4,0,2,65536,6554,316000,0,0
sample,float,degenerate-boundary,clipping,4,0,3,65536,6554,355900,0,0
sample,float,degenerate-boundary,clipping,4,0,4,65536,6554,315500,0,0
sample,float,degenerate-boundary,clipping,4,0,5,65536,6554,313000,0,0
sample,float,degenerate-boundary,clipping,4,0,6,65536,6554,313000,0,0
summary,float,degenerate-boundary,clipping,4.776,4.778,5.431
sample,float,empty,relationship,0,0,0,65536,6554,973200,0,0
sample,float,empty,relationship,0,0,1,65536,6554,1038000,0,0
sample,float,empty,relationship,0,0,2,65536,6554,1490900,0,0
sample,float,empty,relationship,0,0,3,65536,6554,1809000,0,0
sample,float,empty,relationship,0,0,4,65536,6554,1566200,0,0
sample,float,empty,relationship,0,0,5,65536,6554,1560800,0,0
sample,float,empty,relationship,0,0,6,65536,6554,1380500,0,0
summary,float,empty,relationship,14.850,22.749,27.603
sample,float,empty,clipping,0,0,0,65536,6554,313000,0,0
sample,float,empty,clipping,0,0,1,65536,6554,393100,0,0
sample,float,empty,clipping,0,0,2,65536,6554,359500,0,0
sample,float,empty,clipping,0,0,3,65536,6554,315900,0,0
sample,float,empty,clipping,0,0,4,65536,6554,421100,0,0
sample,float,empty,clipping,0,0,5,65536,6554,362900,0,0
sample,float,empty,clipping,0,0,6,65536,6554,430100,0,0
summary,float,empty,clipping,4.776,5.537,6.563
sample,float,concave-u,relationship,8,2,0,8192,820,27482300,0,0
sample,float,concave-u,relationship,8,2,1,8192,820,27442200,0,0
sample,float,concave-u,relationship,8,2,2,8192,820,32680400,0,0
sample,float,concave-u,relationship,8,2,3,8192,820,28525300,0,0
sample,float,concave-u,relationship,8,2,4,8192,820,31255600,0,0
sample,float,concave-u,relationship,8,2,5,8192,820,29955100,0,0
sample,float,concave-u,relationship,8,2,6,8192,820,30491100,0,0
summary,float,concave-u,relationship,3349.878,3656.628,3989.307
sample,float,concave-u,clipping,8,2,0,512,52,26420800,21102592,5
sample,float,concave-u,clipping,8,2,1,512,52,25038500,21102592,5
sample,float,concave-u,clipping,8,2,2,512,52,27628700,21102592,5
sample,float,concave-u,clipping,8,2,3,512,52,25531400,21102592,5
sample,float,concave-u,clipping,8,2,4,512,52,28848400,21102592,5
sample,float,concave-u,clipping,8,2,5,512,52,29110700,21102592,5
sample,float,concave-u,clipping,8,2,6,512,52,25389500,21102592,5
summary,float,concave-u,clipping,48903.320,51603.125,56856.836
sample,float,hole,relationship,8,2,0,8192,820,31887400,0,0
sample,float,hole,relationship,8,2,1,8192,820,31882700,0,0
sample,float,hole,relationship,8,2,2,8192,820,35236400,0,0
sample,float,hole,relationship,8,2,3,8192,820,31132200,0,0
sample,float,hole,relationship,8,2,4,8192,820,31948400,0,0
sample,float,hole,relationship,8,2,5,8192,820,29338300,0,0
sample,float,hole,relationship,8,2,6,8192,820,32734500,0,0
summary,float,hole,relationship,3581.335,3892.505,4301.318
sample,float,hole,clipping,8,2,0,512,52,34252400,21102592,5
sample,float,hole,clipping,8,2,1,512,52,25858200,21102592,5
sample,float,hole,clipping,8,2,2,512,52,38274100,21102592,5
sample,float,hole,clipping,8,2,3,512,52,27110700,21102592,5
sample,float,hole,clipping,8,2,4,512,52,27766700,21102592,5
sample,float,hole,clipping,8,2,5,512,52,26992900,21102592,5
sample,float,hole,clipping,8,2,6,512,52,28006700,21102592,5
summary,float,hole,clipping,50504.297,54231.836,74754.102
sample,float,hole-reversed,relationship,8,2,0,8192,820,30182600,0,0
sample,float,hole-reversed,relationship,8,2,1,8192,820,29701900,0,0
sample,float,hole-reversed,relationship,8,2,2,8192,820,29884200,0,0
sample,float,hole-reversed,relationship,8,2,3,8192,820,29912500,0,0
sample,float,hole-reversed,relationship,8,2,4,8192,820,32214600,0,0
sample,float,hole-reversed,relationship,8,2,5,8192,820,31462900,0,0
sample,float,hole-reversed,relationship,8,2,6,8192,820,30229300,0,0
summary,float,hole-reversed,relationship,3625.720,3684.399,3932.446
sample,float,hole-reversed,clipping,8,2,0,512,52,29136000,21102592,5
sample,float,hole-reversed,clipping,8,2,1,512,52,26846000,21102592,5
sample,float,hole-reversed,clipping,8,2,2,512,52,27309400,21102592,5
sample,float,hole-reversed,clipping,8,2,3,512,52,28209600,21102592,5
sample,float,hole-reversed,clipping,8,2,4,512,52,24967600,21102592,5
sample,float,hole-reversed,clipping,8,2,5,512,52,26961800,21102592,5
sample,float,hole-reversed,clipping,8,2,6,512,52,25294500,21102592,5
summary,float,hole-reversed,clipping,48764.844,52659.766,56906.250
sample,float,rational-crossing,relationship,3,1,0,32768,3277,32048000,0,0
sample,float,rational-crossing,relationship,3,1,1,32768,3277,32400700,0,0
sample,float,rational-crossing,relationship,3,1,2,32768,3277,30897100,0,0
sample,float,rational-crossing,relationship,3,1,3,32768,3277,31472900,0,0
sample,float,rational-crossing,relationship,3,1,4,32768,3277,31627700,0,0
sample,float,rational-crossing,relationship,3,1,5,32768,3277,31855600,0,0
sample,float,rational-crossing,relationship,3,1,6,32768,3277,32045700,0,0
summary,float,rational-crossing,relationship,942.905,972.156,988.791
sample,float,rational-crossing,clipping,3,1,0,1024,103,33552100,21151744,5
sample,float,rational-crossing,clipping,3,1,1,1024,103,21987200,21151744,5
sample,float,rational-crossing,clipping,3,1,2,1024,103,22507900,21151744,5
sample,float,rational-crossing,clipping,3,1,3,1024,103,25166000,21151744,5
sample,float,rational-crossing,clipping,3,1,4,1024,103,21686800,21151744,5
sample,float,rational-crossing,clipping,3,1,5,1024,103,25661700,21151744,5
sample,float,rational-crossing,clipping,3,1,6,1024,103,23698100,21151744,5
summary,float,rational-crossing,clipping,21178.516,23142.676,32765.723
sample,float,sparse-1,relationship,4,1,0,16384,1639,20533400,0,0
sample,float,sparse-1,relationship,4,1,1,16384,1639,20351900,0,0
sample,float,sparse-1,relationship,4,1,2,16384,1639,22643100,0,0
sample,float,sparse-1,relationship,4,1,3,16384,1639,21067500,0,0
sample,float,sparse-1,relationship,4,1,4,16384,1639,19343900,0,0
sample,float,sparse-1,relationship,4,1,5,16384,1639,18155200,0,0
sample,float,sparse-1,relationship,4,1,6,16384,1639,20343600,0,0
summary,float,sparse-1,relationship,1108.105,1242.181,1382.025
sample,float,sparse-1,clipping,4,1,0,2048,205,40531500,50692096,12
sample,float,sparse-1,clipping,4,1,1,2048,205,42088800,50692096,12
sample,float,sparse-1,clipping,4,1,2,2048,205,40880000,50692096,12
sample,float,sparse-1,clipping,4,1,3,2048,205,40156200,50692096,12
sample,float,sparse-1,clipping,4,1,4,2048,205,38859700,50692096,12
sample,float,sparse-1,clipping,4,1,5,2048,205,37941500,50692096,12
sample,float,sparse-1,clipping,4,1,6,2048,205,41789800,50692096,12
summary,float,sparse-1,clipping,18526.123,19790.771,20551.172
sample,float,sparse-4,relationship,16,1,0,4096,410,21269800,0,0
sample,float,sparse-4,relationship,16,1,1,4096,410,21651100,0,0
sample,float,sparse-4,relationship,16,1,2,4096,410,22915300,0,0
sample,float,sparse-4,relationship,16,1,3,4096,410,21555000,0,0
sample,float,sparse-4,relationship,16,1,4,4096,410,23345500,0,0
sample,float,sparse-4,relationship,16,1,5,4096,410,29209900,0,0
sample,float,sparse-4,relationship,16,1,6,4096,410,23834900,0,0
summary,float,sparse-4,relationship,5192.822,5594.556,7131.323
sample,float,sparse-4,clipping,16,1,0,1024,103,41798800,75677696,18
sample,float,sparse-4,clipping,16,1,1,1024,103,28994400,75677696,18
sample,float,sparse-4,clipping,16,1,2,1024,103,32909700,75677696,18
sample,float,sparse-4,clipping,16,1,3,1024,103,30172600,75677696,18
sample,float,sparse-4,clipping,16,1,4,1024,103,29523900,75677696,18
sample,float,sparse-4,clipping,16,1,5,1024,103,37582100,75677696,18
sample,float,sparse-4,clipping,16,1,6,1024,103,33612700,75677696,18
summary,float,sparse-4,clipping,28314.844,32138.379,40819.141
sample,float,sparse-16,relationship,64,1,0,1024,103,24806300,0,0
sample,float,sparse-16,relationship,64,1,1,1024,103,26221100,0,0
sample,float,sparse-16,relationship,64,1,2,1024,103,27532200,0,0
sample,float,sparse-16,relationship,64,1,3,1024,103,25133200,0,0
sample,float,sparse-16,relationship,64,1,4,1024,103,25492800,0,0
sample,float,sparse-16,relationship,64,1,5,1024,103,23299900,0,0
sample,float,sparse-16,relationship,64,1,6,1024,103,25165400,0,0
summary,float,sparse-16,relationship,22753.809,24575.586,26886.914
sample,float,sparse-16,clipping,64,1,0,512,52,40879900,142696448,39
sample,float,sparse-16,clipping,64,1,1,512,52,34614100,142696448,39
sample,float,sparse-16,clipping,64,1,2,512,52,34438600,142696448,39
sample,float,sparse-16,clipping,64,1,3,512,52,35057900,142696448,39
sample,float,sparse-16,clipping,64,1,4,512,52,41737500,142696448,39
sample,float,sparse-16,clipping,64,1,5,512,52,42695700,142696448,39
sample,float,sparse-16,clipping,64,1,6,512,52,35854200,142696448,39
summary,float,sparse-16,clipping,67262.891,70027.734,83390.039
sample,float,sparse-64,relationship,256,1,0,256,26,24178600,0,0
sample,float,sparse-64,relationship,256,1,1,256,26,28241700,0,0
sample,float,sparse-64,relationship,256,1,2,256,26,26058400,0,0
sample,float,sparse-64,relationship,256,1,3,256,26,27206300,0,0
sample,float,sparse-64,relationship,256,1,4,256,26,25845500,0,0
sample,float,sparse-64,relationship,256,1,5,256,26,24120400,0,0
sample,float,sparse-64,relationship,256,1,6,256,26,31926900,0,0
summary,float,sparse-64,relationship,94220.312,101790.625,124714.453
sample,float,sparse-64,clipping,256,1,0,128,13,34142500,140007424,63
sample,float,sparse-64,clipping,256,1,1,128,13,32592500,140007424,63
sample,float,sparse-64,clipping,256,1,2,128,13,28931200,140007424,63
sample,float,sparse-64,clipping,256,1,3,128,13,27205100,140007424,63
sample,float,sparse-64,clipping,256,1,4,128,13,28993400,140007424,63
sample,float,sparse-64,clipping,256,1,5,128,13,30465300,140007424,63
sample,float,sparse-64,clipping,256,1,6,128,13,28056500,140007424,63
summary,float,sparse-64,clipping,212539.844,226510.938,266738.281
sample,float,dense-1,relationship,4,1,0,16384,1639,24169300,0,0
sample,float,dense-1,relationship,4,1,1,16384,1639,21368000,0,0
sample,float,dense-1,relationship,4,1,2,16384,1639,21272000,0,0
sample,float,dense-1,relationship,4,1,3,16384,1639,23908300,0,0
sample,float,dense-1,relationship,4,1,4,16384,1639,21808800,0,0
sample,float,dense-1,relationship,4,1,5,16384,1639,23643100,0,0
sample,float,dense-1,relationship,4,1,6,16384,1639,24608300,0,0
summary,float,dense-1,relationship,1298.340,1443.060,1501.971
sample,float,dense-1,clipping,4,1,0,1024,103,23425100,25346048,6
sample,float,dense-1,clipping,4,1,1,1024,103,22767400,25346048,6
sample,float,dense-1,clipping,4,1,2,1024,103,21412400,25346048,6
sample,float,dense-1,clipping,4,1,3,1024,103,22785800,25346048,6
sample,float,dense-1,clipping,4,1,4,1024,103,23740800,25346048,6
sample,float,dense-1,clipping,4,1,5,1024,103,22593800,25346048,6
sample,float,dense-1,clipping,4,1,6,1024,103,24737900,25346048,6
summary,float,dense-1,clipping,20910.547,22251.758,24158.105
sample,float,dense-4,relationship,16,4,0,4096,410,35965500,0,0
sample,float,dense-4,relationship,16,4,1,4096,410,36756400,0,0
sample,float,dense-4,relationship,16,4,2,4096,410,35996200,0,0
sample,float,dense-4,relationship,16,4,3,4096,410,38277000,0,0
sample,float,dense-4,relationship,16,4,4,4096,410,35460100,0,0
sample,float,dense-4,relationship,16,4,5,4096,410,34329600,0,0
sample,float,dense-4,relationship,16,4,6,4096,410,42949400,0,0
summary,float,dense-4,relationship,8381.250,8788.135,10485.693
sample,float,dense-4,clipping,16,4,0,256,26,32151200,18976768,4
sample,float,dense-4,clipping,16,4,1,256,26,31171900,18976768,4
sample,float,dense-4,clipping,16,4,2,256,26,30328100,18976768,4
sample,float,dense-4,clipping,16,4,3,256,26,29725100,18976768,4
sample,float,dense-4,clipping,16,4,4,256,26,27638800,18976768,4
sample,float,dense-4,clipping,16,4,5,256,26,25305500,18976768,4
sample,float,dense-4,clipping,16,4,6,256,26,29854800,18976768,4
summary,float,dense-4,clipping,98849.609,116620.312,125590.625
sample,float,dense-16,relationship,64,16,0,1024,103,30622800,0,0
sample,float,dense-16,relationship,64,16,1,1024,103,31630100,0,0
sample,float,dense-16,relationship,64,16,2,1024,103,30405600,0,0
sample,float,dense-16,relationship,64,16,3,1024,103,33362100,0,0
sample,float,dense-16,relationship,64,16,4,1024,103,30372800,0,0
sample,float,dense-16,relationship,64,16,5,1024,103,31683100,0,0
sample,float,dense-16,relationship,64,16,6,1024,103,30042400,0,0
summary,float,dense-16,relationship,29338.281,29905.078,32580.176
sample,float,dense-16,clipping,64,16,0,64,7,29378100,17931264,4
sample,float,dense-16,clipping,64,16,1,64,7,33641300,17931264,4
sample,float,dense-16,clipping,64,16,2,64,7,30281500,17931264,4
sample,float,dense-16,clipping,64,16,3,64,7,29491000,17931264,4
sample,float,dense-16,clipping,64,16,4,64,7,31861100,17931264,4
sample,float,dense-16,clipping,64,16,5,64,7,31030500,17931264,4
sample,float,dense-16,clipping,64,16,6,64,7,31021700,17931264,4
summary,float,dense-16,clipping,459032.812,484714.062,525645.312
sample,float,dense-64,relationship,256,64,0,256,26,31087400,0,0
sample,float,dense-64,relationship,256,64,1,256,26,32157500,0,0
sample,float,dense-64,relationship,256,64,2,256,26,32387500,0,0
sample,float,dense-64,relationship,256,64,3,256,26,40847800,0,0
sample,float,dense-64,relationship,256,64,4,256,26,34888600,0,0
sample,float,dense-64,relationship,256,64,5,256,26,38955500,0,0
sample,float,dense-64,relationship,256,64,6,256,26,39016400,0,0
summary,float,dense-64,relationship,121435.156,136283.594,159561.719
sample,float,dense-64,clipping,256,64,0,16,2,47323600,17612800,7
sample,float,dense-64,clipping,256,64,1,16,2,44621200,17612800,7
sample,float,dense-64,clipping,256,64,2,16,2,40816400,17612800,7
sample,float,dense-64,clipping,256,64,3,16,2,40976600,17612800,7
sample,float,dense-64,clipping,256,64,4,16,2,42345000,17612800,7
sample,float,dense-64,clipping,256,64,5,16,2,44721000,17612800,7
sample,float,dense-64,clipping,256,64,6,16,2,43113400,17612800,7
summary,float,dense-64,clipping,2551025.000,2694587.500,2957725.000
sample,float,subnormal,relationship,4,1,0,16384,1639,22350400,0,0
sample,float,subnormal,relationship,4,1,1,16384,1639,22630400,0,0
sample,float,subnormal,relationship,4,1,2,16384,1639,21991200,0,0
sample,float,subnormal,relationship,4,1,3,16384,1639,22159900,0,0
sample,float,subnormal,relationship,4,1,4,16384,1639,22563800,0,0
sample,float,subnormal,relationship,4,1,5,16384,1639,21678700,0,0
sample,float,subnormal,relationship,4,1,6,16384,1639,21564700,0,0
summary,float,subnormal,relationship,1316.205,1352.533,1381.250
sample,float,subnormal,clipping,4,1,0,1024,103,24191800,25346048,6
sample,float,subnormal,clipping,4,1,1,1024,103,21760700,25346048,6
sample,float,subnormal,clipping,4,1,2,1024,103,24215700,25346048,6
sample,float,subnormal,clipping,4,1,3,1024,103,24708100,25346048,6
sample,float,subnormal,clipping,4,1,4,1024,103,24377200,25346048,6
sample,float,subnormal,clipping,4,1,5,1024,103,24465400,25346048,6
sample,float,subnormal,clipping,4,1,6,1024,103,22638700,25346048,6
summary,float,subnormal,clipping,21250.684,23648.145,24129.004
sample,float,large-finite,relationship,4,1,0,16384,1639,31994900,0,0
sample,float,large-finite,relationship,4,1,1,16384,1639,23329800,0,0
sample,float,large-finite,relationship,4,1,2,16384,1639,23681300,0,0
sample,float,large-finite,relationship,4,1,3,16384,1639,22336600,0,0
sample,float,large-finite,relationship,4,1,4,16384,1639,22775000,0,0
sample,float,large-finite,relationship,4,1,5,16384,1639,21787500,0,0
sample,float,large-finite,relationship,4,1,6,16384,1639,21240600,0,0
summary,float,large-finite,relationship,1296.423,1390.076,1952.814
sample,float,large-finite,clipping,4,1,0,1024,103,25867900,25346048,6
sample,float,large-finite,clipping,4,1,1,1024,103,24083300,25346048,6
sample,float,large-finite,clipping,4,1,2,1024,103,27109800,25346048,6
sample,float,large-finite,clipping,4,1,3,1024,103,24854800,25346048,6
sample,float,large-finite,clipping,4,1,4,1024,103,24373700,25346048,6
sample,float,large-finite,clipping,4,1,5,1024,103,22834400,25346048,6
sample,float,large-finite,clipping,4,1,6,1024,103,24772800,25346048,6
summary,float,large-finite,clipping,22299.219,24192.188,26474.414
fixture,double,exterior,4,1,success,0
fixture,double,interior,4,4,success,1
fixture,double,crossing,4,7,success,1
fixture,double,boundary-only,4,10,success,1
fixture,double,boundary-overlap,4,11,success,1
fixture,double,isolated-tangent,4,3,success,0
fixture,double,degenerate-interior,4,4,success,0
fixture,double,degenerate-boundary,4,2,success,0
fixture,double,empty,0,1,success,0
fixture,double,concave-u,8,7,success,2
fixture,double,hole,8,7,success,2
fixture,double,hole-reversed,8,7,success,2
fixture,double,rational-crossing,3,7,success,1
fixture,double,sparse-1,4,7,success,1
fixture,double,sparse-4,16,7,success,1
fixture,double,sparse-16,64,7,success,1
fixture,double,sparse-64,256,7,success,1
fixture,double,dense-1,4,7,success,1
fixture,double,dense-4,16,7,success,4
fixture,double,dense-16,64,7,success,16
fixture,double,dense-64,256,7,success,64
fixture,double,subnormal,4,7,success,1
fixture,double,large-finite,4,7,success,1
preflight,double,23,PASS
sample,double,exterior,relationship,4,0,0,16384,1639,22051400,0,0
sample,double,exterior,relationship,4,0,1,16384,1639,21962000,0,0
sample,double,exterior,relationship,4,0,2,16384,1639,21935400,0,0
sample,double,exterior,relationship,4,0,3,16384,1639,21015400,0,0
sample,double,exterior,relationship,4,0,4,16384,1639,22156200,0,0
sample,double,exterior,relationship,4,0,5,16384,1639,21371700,0,0
sample,double,exterior,relationship,4,0,6,16384,1639,20695700,0,0
summary,double,exterior,relationship,1263.165,1338.831,1352.307
sample,double,exterior,clipping,4,0,0,8192,820,46925900,202113024,49
sample,double,exterior,clipping,4,0,1,8192,820,38912900,202113024,49
sample,double,exterior,clipping,4,0,2,8192,820,39090900,202113024,49
sample,double,exterior,clipping,4,0,3,8192,820,41189000,202113024,49
sample,double,exterior,clipping,4,0,4,8192,820,45033300,202113024,49
sample,double,exterior,clipping,4,0,5,8192,820,42581300,202113024,49
sample,double,exterior,clipping,4,0,6,8192,820,40432600,202113024,49
summary,double,exterior,clipping,4750.110,5027.954,5728.259
sample,double,interior,relationship,4,1,0,16384,1639,22239400,0,0
sample,double,interior,relationship,4,1,1,16384,1639,22604900,0,0
sample,double,interior,relationship,4,1,2,16384,1639,21108300,0,0
sample,double,interior,relationship,4,1,3,16384,1639,20361400,0,0
sample,double,interior,relationship,4,1,4,16384,1639,21555900,0,0
sample,double,interior,relationship,4,1,5,16384,1639,21263500,0,0
sample,double,interior,relationship,4,1,6,16384,1639,20177200,0,0
summary,double,interior,relationship,1231.519,1297.821,1379.694
sample,double,interior,clipping,4,1,0,4096,410,37808700,101253120,24
sample,double,interior,clipping,4,1,1,4096,410,38189900,101253120,24
sample,double,interior,clipping,4,1,2,4096,410,36909100,101253120,24
sample,double,interior,clipping,4,1,3,4096,410,36271000,101253120,24
sample,double,interior,clipping,4,1,4,4096,410,35694900,101253120,24
sample,double,interior,clipping,4,1,5,4096,410,41496800,101253120,24
sample,double,interior,clipping,4,1,6,4096,410,33908400,101253120,24
summary,double,interior,clipping,8278.418,9011.011,10131.055
sample,double,crossing,relationship,4,1,0,32768,3277,37303200,0,0
sample,double,crossing,relationship,4,1,1,32768,3277,39635100,0,0
sample,double,crossing,relationship,4,1,2,32768,3277,36716200,0,0
sample,double,crossing,relationship,4,1,3,32768,3277,38549500,0,0
sample,double,crossing,relationship,4,1,4,32768,3277,38216300,0,0
sample,double,crossing,relationship,4,1,5,32768,3277,37834500,0,0
sample,double,crossing,relationship,4,1,6,32768,3277,39296900,0,0
summary,double,crossing,relationship,1120.490,1166.269,1209.567
sample,double,crossing,clipping,4,1,0,2048,205,41078000,50692096,12
sample,double,crossing,clipping,4,1,1,2048,205,47681100,50692096,12
sample,double,crossing,clipping,4,1,2,2048,205,52795300,50692096,12
sample,double,crossing,clipping,4,1,3,2048,205,48371100,50692096,12
sample,double,crossing,clipping,4,1,4,2048,205,43904300,50692096,12
sample,double,crossing,clipping,4,1,5,2048,205,45638800,50692096,12
sample,double,crossing,clipping,4,1,6,2048,205,46951100,50692096,12
summary,double,crossing,clipping,20057.617,22925.342,25778.955
sample,double,boundary-only,relationship,4,1,0,16384,1639,25738600,0,0
sample,double,boundary-only,relationship,4,1,1,16384,1639,24144500,0,0
sample,double,boundary-only,relationship,4,1,2,16384,1639,26034900,0,0
sample,double,boundary-only,relationship,4,1,3,16384,1639,24292200,0,0
sample,double,boundary-only,relationship,4,1,4,16384,1639,27269300,0,0
sample,double,boundary-only,relationship,4,1,5,16384,1639,24722500,0,0
sample,double,boundary-only,relationship,4,1,6,16384,1639,28200700,0,0
summary,double,boundary-only,relationship,1473.663,1570.959,1721.234
sample,double,boundary-only,clipping,4,1,0,2048,205,30850600,50626560,12
sample,double,boundary-only,clipping,4,1,1,2048,205,28374500,50626560,12
sample,double,boundary-only,clipping,4,1,2,2048,205,30658500,50626560,12
sample,double,boundary-only,clipping,4,1,3,2048,205,32662400,50626560,12
sample,double,boundary-only,clipping,4,1,4,2048,205,33865800,50626560,12
sample,double,boundary-only,clipping,4,1,5,2048,205,29208700,50626560,12
sample,double,boundary-only,clipping,4,1,6,2048,205,29868600,50626560,12
summary,double,boundary-only,clipping,13854.736,14969.971,16536.035
sample,double,boundary-overlap,relationship,4,1,0,16384,1639,35699700,0,0
sample,double,boundary-overlap,relationship,4,1,1,16384,1639,35425400,0,0
sample,double,boundary-overlap,relationship,4,1,2,16384,1639,32185100,0,0
sample,double,boundary-overlap,relationship,4,1,3,16384,1639,33219200,0,0
sample,double,boundary-overlap,relationship,4,1,4,16384,1639,33010000,0,0
sample,double,boundary-overlap,relationship,4,1,5,16384,1639,45850500,0,0
sample,double,boundary-overlap,relationship,4,1,6,16384,1639,35071000,0,0
summary,double,boundary-overlap,relationship,1964.423,2140.564,2798.492
sample,double,boundary-overlap,clipping,4,1,0,2048,205,30974800,50692096,12
sample,double,boundary-overlap,clipping,4,1,1,2048,205,32961600,50692096,12
sample,double,boundary-overlap,clipping,4,1,2,2048,205,34058700,50692096,12
sample,double,boundary-overlap,clipping,4,1,3,2048,205,36706400,50692096,12
sample,double,boundary-overlap,clipping,4,1,4,2048,205,32340100,50692096,12
sample,double,boundary-overlap,clipping,4,1,5,2048,205,31116100,50692096,12
sample,double,boundary-overlap,clipping,4,1,6,2048,205,30959500,50692096,12
summary,double,boundary-overlap,clipping,15116.943,15791.064,17923.047
sample,double,isolated-tangent,relationship,4,0,0,8192,820,19834200,0,0
sample,double,isolated-tangent,relationship,4,0,1,8192,820,22303300,0,0
sample,double,isolated-tangent,relationship,4,0,2,8192,820,21416800,0,0
sample,double,isolated-tangent,relationship,4,0,3,8192,820,19874500,0,0
sample,double,isolated-tangent,relationship,4,0,4,8192,820,19213500,0,0
sample,double,isolated-tangent,relationship,4,0,5,8192,820,20671700,0,0
sample,double,isolated-tangent,relationship,4,0,6,8192,820,21137000,0,0
summary,double,isolated-tangent,relationship,2345.398,2523.401,2722.571
sample,double,isolated-tangent,clipping,4,0,0,4096,410,37006000,101056512,24
sample,double,isolated-tangent,clipping,4,0,1,4096,410,36074600,101056512,24
sample,double,isolated-tangent,clipping,4,0,2,4096,410,30637600,101056512,24
sample,double,isolated-tangent,clipping,4,0,3,4096,410,32253600,101056512,24
sample,double,isolated-tangent,clipping,4,0,4,4096,410,32915100,101056512,24
sample,double,isolated-tangent,clipping,4,0,5,4096,410,35278200,101056512,24
sample,double,isolated-tangent,clipping,4,0,6,4096,410,41175900,101056512,24
summary,double,isolated-tangent,clipping,7479.883,8612.842,10052.710
sample,double,degenerate-interior,relationship,4,0,0,65536,6554,4441400,0,0
sample,double,degenerate-interior,relationship,4,0,1,65536,6554,4393700,0,0
sample,double,degenerate-interior,relationship,4,0,2,65536,6554,3241100,0,0
sample,double,degenerate-interior,relationship,4,0,3,65536,6554,3251400,0,0
sample,double,degenerate-interior,relationship,4,0,4,65536,6554,4219100,0,0
sample,double,degenerate-interior,relationship,4,0,5,65536,6554,4132700,0,0
sample,double,degenerate-interior,relationship,4,0,6,65536,6554,3214500,0,0
summary,double,degenerate-interior,relationship,49.049,63.060,67.770
sample,double,degenerate-interior,clipping,4,0,0,65536,6554,309800,0,0
sample,double,degenerate-interior,clipping,4,0,1,65536,6554,312800,0,0
sample,double,degenerate-interior,clipping,4,0,2,65536,6554,336400,0,0
sample,double,degenerate-interior,clipping,4,0,3,65536,6554,309800,0,0
sample,double,degenerate-interior,clipping,4,0,4,65536,6554,339400,0,0
sample,double,degenerate-interior,clipping,4,0,5,65536,6554,309700,0,0
sample,double,degenerate-interior,clipping,4,0,6,65536,6554,356300,0,0
summary,double,degenerate-interior,clipping,4.726,4.773,5.437
sample,double,degenerate-boundary,relationship,4,0,0,65536,6554,3678500,0,0
sample,double,degenerate-boundary,relationship,4,0,1,65536,6554,3405400,0,0
sample,double,degenerate-boundary,relationship,4,0,2,65536,6554,3200900,0,0
sample,double,degenerate-boundary,relationship,4,0,3,65536,6554,4076700,0,0
sample,double,degenerate-boundary,relationship,4,0,4,65536,6554,4187400,0,0
sample,double,degenerate-boundary,relationship,4,0,5,65536,6554,3478500,0,0
sample,double,degenerate-boundary,relationship,4,0,6,65536,6554,3207000,0,0
summary,double,degenerate-boundary,relationship,48.842,53.078,63.895
sample,double,degenerate-boundary,clipping,4,0,0,65536,6554,312300,0,0
sample,double,degenerate-boundary,clipping,4,0,1,65536,6554,344900,0,0
sample,double,degenerate-boundary,clipping,4,0,2,65536,6554,367300,0,0
sample,double,degenerate-boundary,clipping,4,0,3,65536,6554,357600,0,0
sample,double,degenerate-boundary,clipping,4,0,4,65536,6554,344900,0,0
sample,double,degenerate-boundary,clipping,4,0,5,65536,6554,362400,0,0
sample,double,degenerate-boundary,clipping,4,0,6,65536,6554,602700,0,0
summary,double,degenerate-boundary,clipping,4.765,5.457,9.196
sample,double,empty,relationship,0,0,0,65536,6554,1296600,0,0
sample,double,empty,relationship,0,0,1,65536,6554,1090000,0,0
sample,double,empty,relationship,0,0,2,65536,6554,1409300,0,0
sample,double,empty,relationship,0,0,3,65536,6554,1095000,0,0
sample,double,empty,relationship,0,0,4,65536,6554,1089000,0,0
sample,double,empty,relationship,0,0,5,65536,6554,1088500,0,0
sample,double,empty,relationship,0,0,6,65536,6554,1088600,0,0
summary,double,empty,relationship,16.609,16.632,21.504
sample,double,empty,clipping,0,0,0,65536,6554,331000,0,0
sample,double,empty,clipping,0,0,1,65536,6554,309700,0,0
sample,double,empty,clipping,0,0,2,65536,6554,309700,0,0
sample,double,empty,clipping,0,0,3,65536,6554,393600,0,0
sample,double,empty,clipping,0,0,4,65536,6554,336400,0,0
sample,double,empty,clipping,0,0,5,65536,6554,433300,0,0
sample,double,empty,clipping,0,0,6,65536,6554,383200,0,0
summary,double,empty,clipping,4.726,5.133,6.612
sample,double,concave-u,relationship,8,2,0,8192,820,29078200,0,0
sample,double,concave-u,relationship,8,2,1,8192,820,29234800,0,0
sample,double,concave-u,relationship,8,2,2,8192,820,27955900,0,0
sample,double,concave-u,relationship,8,2,3,8192,820,25429000,0,0
sample,double,concave-u,relationship,8,2,4,8192,820,24925600,0,0
sample,double,concave-u,relationship,8,2,5,8192,820,26506900,0,0
sample,double,concave-u,relationship,8,2,6,8192,820,27136000,0,0
summary,double,concave-u,relationship,3042.676,3312.500,3568.701
sample,double,concave-u,clipping,8,2,0,512,52,23074700,21102592,5
sample,double,concave-u,clipping,8,2,1,512,52,23992800,21102592,5
sample,double,concave-u,clipping,8,2,2,512,52,23784900,21102592,5
sample,double,concave-u,clipping,8,2,3,512,52,23452300,21102592,5
sample,double,concave-u,clipping,8,2,4,512,52,23114500,21102592,5
sample,double,concave-u,clipping,8,2,5,512,52,25203000,21102592,5
sample,double,concave-u,clipping,8,2,6,512,52,23175600,21102592,5
summary,double,concave-u,clipping,45067.773,45805.273,49224.609
sample,double,hole,relationship,8,2,0,8192,820,25117100,0,0
sample,double,hole,relationship,8,2,1,8192,820,25520100,0,0
sample,double,hole,relationship,8,2,2,8192,820,26244500,0,0
sample,double,hole,relationship,8,2,3,8192,820,27604400,0,0
sample,double,hole,relationship,8,2,4,8192,820,27593500,0,0
sample,double,hole,relationship,8,2,5,8192,820,25527200,0,0
sample,double,hole,relationship,8,2,6,8192,820,26866800,0,0
summary,double,hole,relationship,3066.052,3203.674,3369.678
sample,double,hole,clipping,8,2,0,512,52,22925500,21102592,5
sample,double,hole,clipping,8,2,1,512,52,23830800,21102592,5
sample,double,hole,clipping,8,2,2,512,52,23186800,21102592,5
sample,double,hole,clipping,8,2,3,512,52,26111300,21102592,5
sample,double,hole,clipping,8,2,4,512,52,23472700,21102592,5
sample,double,hole,clipping,8,2,5,512,52,23809800,21102592,5
sample,double,hole,clipping,8,2,6,512,52,23723600,21102592,5
summary,double,hole,clipping,44776.367,46335.156,50998.633
sample,double,hole-reversed,relationship,8,2,0,8192,820,26908900,0,0
sample,double,hole-reversed,relationship,8,2,1,8192,820,25406000,0,0
sample,double,hole-reversed,relationship,8,2,2,8192,820,47383600,0,0
sample,double,hole-reversed,relationship,8,2,3,8192,820,30424300,0,0
sample,double,hole-reversed,relationship,8,2,4,8192,820,28396800,0,0
sample,double,hole-reversed,relationship,8,2,5,8192,820,29068700,0,0
sample,double,hole-reversed,relationship,8,2,6,8192,820,29156400,0,0
summary,double,hole-reversed,relationship,3101.318,3548.425,5784.131
sample,double,hole-reversed,clipping,8,2,0,512,52,28238300,21102592,5
sample,double,hole-reversed,clipping,8,2,1,512,52,30223400,21102592,5
sample,double,hole-reversed,clipping,8,2,2,512,52,25386800,21102592,5
sample,double,hole-reversed,clipping,8,2,3,512,52,26752300,21102592,5
sample,double,hole-reversed,clipping,8,2,4,512,52,25387800,21102592,5
sample,double,hole-reversed,clipping,8,2,5,512,52,26623000,21102592,5
sample,double,hole-reversed,clipping,8,2,6,512,52,28293700,21102592,5
summary,double,hole-reversed,clipping,49583.594,52250.586,59030.078
sample,double,rational-crossing,relationship,3,1,0,32768,3277,30272500,0,0
sample,double,rational-crossing,relationship,3,1,1,32768,3277,29812600,0,0
sample,double,rational-crossing,relationship,3,1,2,32768,3277,30226100,0,0
sample,double,rational-crossing,relationship,3,1,3,32768,3277,30378500,0,0
sample,double,rational-crossing,relationship,3,1,4,32768,3277,31618200,0,0
sample,double,rational-crossing,relationship,3,1,5,32768,3277,30732400,0,0
sample,double,rational-crossing,relationship,3,1,6,32768,3277,31724000,0,0
summary,double,rational-crossing,relationship,909.808,927.078,968.140
sample,double,rational-crossing,clipping,3,1,0,1024,103,23377200,21151744,5
sample,double,rational-crossing,clipping,3,1,1,1024,103,21993600,21151744,5
sample,double,rational-crossing,clipping,3,1,2,1024,103,23310200,21151744,5
sample,double,rational-crossing,clipping,3,1,3,1024,103,24469100,21151744,5
sample,double,rational-crossing,clipping,3,1,4,1024,103,22840400,21151744,5
sample,double,rational-crossing,clipping,3,1,5,1024,103,25777200,21151744,5
sample,double,rational-crossing,clipping,3,1,6,1024,103,21879600,21151744,5
summary,double,rational-crossing,clipping,21366.797,22763.867,25173.047
sample,double,sparse-1,relationship,4,1,0,16384,1639,19890700,0,0
sample,double,sparse-1,relationship,4,1,1,16384,1639,20392600,0,0
sample,double,sparse-1,relationship,4,1,2,16384,1639,22071500,0,0
sample,double,sparse-1,relationship,4,1,3,16384,1639,20443800,0,0
sample,double,sparse-1,relationship,4,1,4,16384,1639,33844200,0,0
sample,double,sparse-1,relationship,4,1,5,16384,1639,22197700,0,0
sample,double,sparse-1,relationship,4,1,6,16384,1639,23804100,0,0
summary,double,sparse-1,relationship,1214.032,1347.137,2065.686
sample,double,sparse-1,clipping,4,1,0,1024,103,22516600,25346048,6
sample,double,sparse-1,clipping,4,1,1,1024,103,23624700,25346048,6
sample,double,sparse-1,clipping,4,1,2,1024,103,25192600,25346048,6
sample,double,sparse-1,clipping,4,1,3,1024,103,23668800,25346048,6
sample,double,sparse-1,clipping,4,1,4,1024,103,25133400,25346048,6
sample,double,sparse-1,clipping,4,1,5,1024,103,22718900,25346048,6
sample,double,sparse-1,clipping,4,1,6,1024,103,25072900,25346048,6
summary,double,sparse-1,clipping,21988.867,23114.062,24602.148
sample,double,sparse-4,relationship,16,1,0,4096,410,23268500,0,0
sample,double,sparse-4,relationship,16,1,1,4096,410,28113900,0,0
sample,double,sparse-4,relationship,16,1,2,4096,410,25127000,0,0
sample,double,sparse-4,relationship,16,1,3,4096,410,24254100,0,0
sample,double,sparse-4,relationship,16,1,4,4096,410,25225900,0,0
sample,double,sparse-4,relationship,16,1,5,4096,410,24555600,0,0
sample,double,sparse-4,relationship,16,1,6,4096,410,25665900,0,0
summary,double,sparse-4,relationship,5680.786,6134.521,6863.745
sample,double,sparse-4,clipping,16,1,0,1024,103,35587900,75677696,18
sample,double,sparse-4,clipping,16,1,1,1024,103,35449100,75677696,18
sample,double,sparse-4,clipping,16,1,2,1024,103,34300800,75677696,18
sample,double,sparse-4,clipping,16,1,3,1024,103,33732000,75677696,18
sample,double,sparse-4,clipping,16,1,4,1024,103,33065100,75677696,18
sample,double,sparse-4,clipping,16,1,5,1024,103,34057700,75677696,18
sample,double,sparse-4,clipping,16,1,6,1024,103,32944400,75677696,18
summary,double,sparse-4,clipping,32172.266,33259.473,34753.809
sample,double,sparse-16,relationship,64,1,0,1024,103,24617600,0,0
sample,double,sparse-16,relationship,64,1,1,1024,103,21907900,0,0
sample,double,sparse-16,relationship,64,1,2,1024,103,23338500,0,0
sample,double,sparse-16,relationship,64,1,3,1024,103,25862700,0,0
sample,double,sparse-16,relationship,64,1,4,1024,103,24760100,0,0
sample,double,sparse-16,relationship,64,1,5,1024,103,35394600,0,0
sample,double,sparse-16,relationship,64,1,6,1024,103,23407400,0,0
summary,double,sparse-16,relationship,21394.434,24040.625,34565.039
sample,double,sparse-16,clipping,64,1,0,512,52,31338600,142696448,42
sample,double,sparse-16,clipping,64,1,1,512,52,32671000,142696448,42
sample,double,sparse-16,clipping,64,1,2,512,52,30831900,142696448,42
sample,double,sparse-16,clipping,64,1,3,512,52,29951600,142696448,42
sample,double,sparse-16,clipping,64,1,4,512,52,30454200,142696448,42
sample,double,sparse-16,clipping,64,1,5,512,52,28983200,142696448,42
sample,double,sparse-16,clipping,64,1,6,512,52,30558100,142696448,42
summary,double,sparse-16,clipping,56607.812,59683.789,63810.547
sample,double,sparse-64,relationship,256,1,0,256,26,20700700,0,0
sample,double,sparse-64,relationship,256,1,1,256,26,20621100,0,0
sample,double,sparse-64,relationship,256,1,2,256,26,21211900,0,0
sample,double,sparse-64,relationship,256,1,3,256,26,20688400,0,0
sample,double,sparse-64,relationship,256,1,4,256,26,20914100,0,0
sample,double,sparse-64,relationship,256,1,5,256,26,21212400,0,0
sample,double,sparse-64,relationship,256,1,6,256,26,22199700,0,0
summary,double,sparse-64,relationship,80551.172,81695.703,86717.578
sample,double,sparse-64,clipping,256,1,0,128,13,24995000,140007424,63
sample,double,sparse-64,clipping,256,1,1,128,13,22880800,140007424,63
sample,double,sparse-64,clipping,256,1,2,128,13,22558100,140007424,63
sample,double,sparse-64,clipping,256,1,3,128,13,23953800,140007424,63
sample,double,sparse-64,clipping,256,1,4,128,13,22487600,140007424,63
sample,double,sparse-64,clipping,256,1,5,128,13,23409800,140007424,63
sample,double,sparse-64,clipping,256,1,6,128,13,22305200,140007424,63
summary,double,sparse-64,clipping,174259.375,178756.250,195273.438
sample,double,dense-1,relationship,4,1,0,16384,1639,17866700,0,0
sample,double,dense-1,relationship,4,1,1,16384,1639,19961800,0,0
sample,double,dense-1,relationship,4,1,2,16384,1639,18423200,0,0
sample,double,dense-1,relationship,4,1,3,16384,1639,19518400,0,0
sample,double,dense-1,relationship,4,1,4,16384,1639,18302700,0,0
sample,double,dense-1,relationship,4,1,5,16384,1639,18630300,0,0
sample,double,dense-1,relationship,4,1,6,16384,1639,18906000,0,0
summary,double,dense-1,relationship,1090.497,1137.103,1218.372
sample,double,dense-1,clipping,4,1,0,1024,103,26582100,25346048,6
sample,double,dense-1,clipping,4,1,1,1024,103,22610800,25346048,6
sample,double,dense-1,clipping,4,1,2,1024,103,27913200,25346048,6
sample,double,dense-1,clipping,4,1,3,1024,103,30677300,25346048,6
sample,double,dense-1,clipping,4,1,4,1024,103,22824700,25346048,6
sample,double,dense-1,clipping,4,1,5,1024,103,23947400,25346048,6
sample,double,dense-1,clipping,4,1,6,1024,103,22330700,25346048,6
summary,double,dense-1,clipping,21807.324,23386.133,29958.301
sample,double,dense-4,relationship,16,4,0,4096,410,32504400,0,0
sample,double,dense-4,relationship,16,4,1,4096,410,32462000,0,0
sample,double,dense-4,relationship,16,4,2,4096,410,32096300,0,0
sample,double,dense-4,relationship,16,4,3,4096,410,31698100,0,0
sample,double,dense-4,relationship,16,4,4,4096,410,31531800,0,0
sample,double,dense-4,relationship,16,4,5,4096,410,32825400,0,0
sample,double,dense-4,relationship,16,4,6,4096,410,31880700,0,0
summary,double,dense-4,relationship,7698.193,7836.011,8014.014
sample,double,dense-4,clipping,16,4,0,256,26,27155700,18976768,4
sample,double,dense-4,clipping,16,4,1,256,26,28556000,18976768,4
sample,double,dense-4,clipping,16,4,2,256,26,27669400,18976768,4
sample,double,dense-4,clipping,16,4,3,256,26,28903900,18976768,4
sample,double,dense-4,clipping,16,4,4,256,26,29765900,18976768,4
sample,double,dense-4,clipping,16,4,5,256,26,29480100,18976768,4
sample,double,dense-4,clipping,16,4,6,256,26,27727400,18976768,4
summary,double,dense-4,clipping,106076.953,111546.875,116273.047
sample,double,dense-16,relationship,64,16,0,1024,103,35327800,0,0
sample,double,dense-16,relationship,64,16,1,1024,103,34663900,0,0
sample,double,dense-16,relationship,64,16,2,1024,103,34813000,0,0
sample,double,dense-16,relationship,64,16,3,1024,103,33632100,0,0
sample,double,dense-16,relationship,64,16,4,1024,103,34000400,0,0
sample,double,dense-16,relationship,64,16,5,1024,103,34777900,0,0
sample,double,dense-16,relationship,64,16,6,1024,103,35772600,0,0
summary,double,dense-16,relationship,32843.848,33962.793,34934.180
sample,double,dense-16,clipping,64,16,0,64,7,32552700,17931264,5
sample,double,dense-16,clipping,64,16,1,64,7,32312600,17931264,5
sample,double,dense-16,clipping,64,16,2,64,7,33589200,17931264,5
sample,double,dense-16,clipping,64,16,3,64,7,33299600,17931264,5
sample,double,dense-16,clipping,64,16,4,64,7,37738800,17931264,5
sample,double,dense-16,clipping,64,16,5,64,7,34908900,17931264,5
sample,double,dense-16,clipping,64,16,6,64,7,34626800,17931264,5
summary,double,dense-16,clipping,504884.375,524831.250,589668.750
sample,double,dense-64,relationship,256,64,0,256,26,34447400,0,0
sample,double,dense-64,relationship,256,64,1,256,26,37145600,0,0
sample,double,dense-64,relationship,256,64,2,256,26,37881400,0,0
sample,double,dense-64,relationship,256,64,3,256,26,36060400,0,0
sample,double,dense-64,relationship,256,64,4,256,26,37284100,0,0
sample,double,dense-64,relationship,256,64,5,256,26,39630000,0,0
sample,double,dense-64,relationship,256,64,6,256,26,39158700,0,0
summary,double,dense-64,relationship,134560.156,145641.016,154804.688
sample,double,dense-64,clipping,256,64,0,16,2,45015000,17612800,7
sample,double,dense-64,clipping,256,64,1,16,2,43533100,17612800,7
sample,double,dense-64,clipping,256,64,2,16,2,43046800,17612800,7
sample,double,dense-64,clipping,256,64,3,16,2,43430200,17612800,7
sample,double,dense-64,clipping,256,64,4,16,2,39716700,17612800,7
sample,double,dense-64,clipping,256,64,5,16,2,44440700,17612800,7
sample,double,dense-64,clipping,256,64,6,16,2,42716600,17612800,7
summary,double,dense-64,clipping,2482293.750,2714387.500,2813437.500
sample,double,subnormal,relationship,4,1,0,4096,410,36194600,0,0
sample,double,subnormal,relationship,4,1,1,4096,410,35561800,0,0
sample,double,subnormal,relationship,4,1,2,4096,410,41237900,0,0
sample,double,subnormal,relationship,4,1,3,4096,410,46764700,0,0
sample,double,subnormal,relationship,4,1,4,4096,410,36876400,0,0
sample,double,subnormal,relationship,4,1,5,4096,410,35510700,0,0
sample,double,subnormal,relationship,4,1,6,4096,410,34325200,0,0
summary,double,subnormal,relationship,8380.176,8836.572,11417.163
sample,double,subnormal,clipping,4,1,0,1024,103,29158300,25346048,6
sample,double,subnormal,clipping,4,1,1,1024,103,30936600,25346048,6
sample,double,subnormal,clipping,4,1,2,1024,103,31555100,25346048,6
sample,double,subnormal,clipping,4,1,3,1024,103,29412200,25346048,6
sample,double,subnormal,clipping,4,1,4,1024,103,36765500,25346048,6
sample,double,subnormal,clipping,4,1,5,1024,103,32078800,25346048,6
sample,double,subnormal,clipping,4,1,6,1024,103,32642000,25346048,6
summary,double,subnormal,clipping,28474.902,30815.527,35903.809
sample,double,large-finite,relationship,4,1,0,4096,410,33004300,0,0
sample,double,large-finite,relationship,4,1,1,4096,410,34943000,0,0
sample,double,large-finite,relationship,4,1,2,4096,410,34429400,0,0
sample,double,large-finite,relationship,4,1,3,4096,410,33406500,0,0
sample,double,large-finite,relationship,4,1,4,4096,410,33065100,0,0
sample,double,large-finite,relationship,4,1,5,4096,410,40308900,0,0
sample,double,large-finite,relationship,4,1,6,4096,410,38795400,0,0
summary,double,large-finite,relationship,8057.690,8405.615,9841.040
sample,double,large-finite,clipping,4,1,0,512,52,23378900,12673024,3
sample,double,large-finite,clipping,4,1,1,512,52,31264300,12673024,3
sample,double,large-finite,clipping,4,1,2,512,52,20737700,12673024,3
sample,double,large-finite,clipping,4,1,3,512,52,20160100,12673024,3
sample,double,large-finite,clipping,4,1,4,512,52,20294300,12673024,3
sample,double,large-finite,clipping,4,1,5,512,52,21730600,12673024,3
sample,double,large-finite,clipping,4,1,6,512,52,21274000,12673024,3
summary,double,large-finite,clipping,39375.195,41550.781,61063.086
sink,2766312708713419347
