fixture_header,scalar,case,edges,expected_fact_bits,expected_status,expected_components
sample_header,scalar,case,operation,edges,expected_components,round,iterations,warmup,elapsed_ns,gc_bytes,gc_collections
summary_header,scalar,case,operation,min_ns_per_op,median_ns_per_op,max_ns_per_op
fixture,int,exterior,4,1,success,0
fixture,int,interior,4,4,success,1
fixture,int,crossing,4,7,success,1
fixture,int,boundary-only,4,10,success,1
fixture,int,boundary-overlap,4,11,success,1
fixture,int,isolated-tangent,4,3,success,0
fixture,int,degenerate-interior,4,4,success,0
fixture,int,degenerate-boundary,4,2,success,0
fixture,int,empty,0,1,success,0
fixture,int,concave-u,8,7,success,2
fixture,int,hole,8,7,success,2
fixture,int,hole-reversed,8,7,success,2
fixture,int,rational-crossing,3,7,success,1
fixture,int,sparse-1,4,7,success,1
fixture,int,sparse-4,16,7,success,1
fixture,int,sparse-16,64,7,success,1
fixture,int,sparse-64,256,7,success,1
fixture,int,dense-1,4,7,success,1
fixture,int,dense-4,16,7,success,4
fixture,int,dense-16,64,7,success,16
fixture,int,dense-64,256,7,success,64
fixture,int,wide-integral,4,7,success,1
preflight,int,22,PASS
sample,int,exterior,relationship,4,0,0,8192,820,25754500,0,0
sample,int,exterior,relationship,4,0,1,8192,820,26087900,0,0
sample,int,exterior,relationship,4,0,2,8192,820,26075900,0,0
sample,int,exterior,relationship,4,0,3,8192,820,26165000,0,0
sample,int,exterior,relationship,4,0,4,8192,820,26838400,0,0
sample,int,exterior,relationship,4,0,5,8192,820,28681700,0,0
sample,int,exterior,relationship,4,0,6,8192,820,28979100,0,0
summary,int,exterior,relationship,3143.860,3193.970,3537.488
sample,int,exterior,clipping,4,0,0,2048,205,18807800,50528256,12
sample,int,exterior,clipping,4,0,1,2048,205,18540600,50528256,12
sample,int,exterior,clipping,4,0,2,2048,205,19064200,50528256,12
sample,int,exterior,clipping,4,0,3,2048,205,27221100,50528256,12
sample,int,exterior,clipping,4,0,4,2048,205,20366600,50528256,12
sample,int,exterior,clipping,4,0,5,2048,205,19056200,50528256,12
sample,int,exterior,clipping,4,0,6,2048,205,18903700,50528256,12
summary,int,exterior,clipping,9053.027,9304.785,13291.553
sample,int,interior,relationship,4,1,0,8192,820,27761200,0,0
sample,int,interior,relationship,4,1,1,8192,820,27430100,0,0
sample,int,interior,relationship,4,1,2,8192,820,27159800,0,0
sample,int,interior,relationship,4,1,3,8192,820,27015500,0,0
sample,int,interior,relationship,4,1,4,8192,820,26750800,0,0
sample,int,interior,relationship,4,1,5,8192,820,27050000,0,0
sample,int,interior,relationship,4,1,6,8192,820,27187000,0,0
summary,int,interior,relationship,3265.479,3315.405,3388.818
sample,int,interior,clipping,4,1,0,2048,205,37790900,50626560,12
sample,int,interior,clipping,4,1,1,2048,205,36832200,50626560,12
sample,int,interior,clipping,4,1,2,2048,205,37668000,50626560,12
sample,int,interior,clipping,4,1,3,2048,205,37347900,50626560,12
sample,int,interior,clipping,4,1,4,2048,205,37597300,50626560,12
sample,int,interior,clipping,4,1,5,2048,205,38857700,50626560,12
sample,int,interior,clipping,4,1,6,2048,205,37880600,50626560,12
summary,int,interior,clipping,17984.473,18392.578,18973.486
sample,int,crossing,relationship,4,1,0,8192,820,25965700,0,0
sample,int,crossing,relationship,4,1,1,8192,820,25653200,0,0
sample,int,crossing,relationship,4,1,2,8192,820,26178900,0,0
sample,int,crossing,relationship,4,1,3,8192,820,26250600,0,0
sample,int,crossing,relationship,4,1,4,8192,820,26296000,0,0
sample,int,crossing,relationship,4,1,5,8192,820,26096800,0,0
sample,int,crossing,relationship,4,1,6,8192,820,26015600,0,0
summary,int,crossing,relationship,3131.494,3185.645,3209.961
sample,int,crossing,clipping,4,1,0,512,52,22107000,12673024,3
sample,int,crossing,clipping,4,1,1,512,52,22509300,12673024,3
sample,int,crossing,clipping,4,1,2,512,52,24162400,12673024,3
sample,int,crossing,clipping,4,1,3,512,52,22577200,12673024,3
sample,int,crossing,clipping,4,1,4,512,52,22433900,12673024,3
sample,int,crossing,clipping,4,1,5,512,52,22373200,12673024,3
sample,int,crossing,clipping,4,1,6,512,52,22384700,12673024,3
summary,int,crossing,clipping,43177.734,43816.211,47192.188
sample,int,boundary-only,relationship,4,1,0,8192,820,35128800,0,0
sample,int,boundary-only,relationship,4,1,1,8192,820,34880200,0,0
sample,int,boundary-only,relationship,4,1,2,8192,820,38453300,0,0
sample,int,boundary-only,relationship,4,1,3,8192,820,37781800,0,0
sample,int,boundary-only,relationship,4,1,4,8192,820,36095600,0,0
sample,int,boundary-only,relationship,4,1,5,8192,820,35933600,0,0
sample,int,boundary-only,relationship,4,1,6,8192,820,35743200,0,0
summary,int,boundary-only,relationship,4257.837,4386.426,4694.006
sample,int,boundary-only,clipping,4,1,0,1024,103,29746300,25313280,6
sample,int,boundary-only,clipping,4,1,1,1024,103,29690000,25313280,6
sample,int,boundary-only,clipping,4,1,2,1024,103,29600300,25313280,6
sample,int,boundary-only,clipping,4,1,3,1024,103,29515200,25313280,6
sample,int,boundary-only,clipping,4,1,4,1024,103,29940300,25313280,6
sample,int,boundary-only,clipping,4,1,5,1024,103,29655900,25313280,6
sample,int,boundary-only,clipping,4,1,6,1024,103,29092200,25313280,6
summary,int,boundary-only,clipping,28410.352,28960.840,29238.574
sample,int,boundary-overlap,relationship,4,1,0,4096,410,21626600,0,0
sample,int,boundary-overlap,relationship,4,1,1,4096,410,21597800,0,0
sample,int,boundary-overlap,relationship,4,1,2,4096,410,21672400,0,0
sample,int,boundary-overlap,relationship,4,1,3,4096,410,21817800,0,0
sample,int,boundary-overlap,relationship,4,1,4,4096,410,22754700,0,0
sample,int,boundary-overlap,relationship,4,1,5,4096,410,21223500,0,0
sample,int,boundary-overlap,relationship,4,1,6,4096,410,21256300,0,0
summary,int,boundary-overlap,relationship,5181.519,5279.932,5555.347
sample,int,boundary-overlap,clipping,4,1,0,1024,103,30844200,25346048,6
sample,int,boundary-overlap,clipping,4,1,1,1024,103,30762500,25346048,6
sample,int,boundary-overlap,clipping,4,1,2,1024,103,31708200,25346048,6
sample,int,boundary-overlap,clipping,4,1,3,1024,103,30129400,25346048,6
sample,int,boundary-overlap,clipping,4,1,4,1024,103,30310200,25346048,6
sample,int,boundary-overlap,clipping,4,1,5,1024,103,30650300,25346048,6
sample,int,boundary-overlap,clipping,4,1,6,1024,103,30769000,25346048,6
summary,int,boundary-overlap,clipping,29423.242,30041.504,30965.039
sample,int,isolated-tangent,relationship,4,0,0,8192,820,38283000,0,0
sample,int,isolated-tangent,relationship,4,0,1,8192,820,38344800,0,0
sample,int,isolated-tangent,relationship,4,0,2,8192,820,38783300,0,0
sample,int,isolated-tangent,relationship,4,0,3,8192,820,39107300,0,0
sample,int,isolated-tangent,relationship,4,0,4,8192,820,39826400,0,0
sample,int,isolated-tangent,relationship,4,0,5,8192,820,38183500,0,0
sample,int,isolated-tangent,relationship,4,0,6,8192,820,38339800,0,0
summary,int,isolated-tangent,relationship,4661.072,4680.762,4861.621
sample,int,isolated-tangent,clipping,4,0,0,2048,205,27184400,50528256,12
sample,int,isolated-tangent,clipping,4,0,1,2048,205,28283700,50528256,12
sample,int,isolated-tangent,clipping,4,0,2,2048,205,26707000,50528256,12
sample,int,isolated-tangent,clipping,4,0,3,2048,205,26930900,50528256,12
sample,int,isolated-tangent,clipping,4,0,4,2048,205,27094800,50528256,12
sample,int,isolated-tangent,clipping,4,0,5,2048,205,27254400,50528256,12
sample,int,isolated-tangent,clipping,4,0,6,2048,205,27348700,50528256,12
summary,int,isolated-tangent,clipping,13040.527,13273.633,13810.400
sample,int,degenerate-interior,relationship,4,0,0,65536,6554,7608500,0,0
sample,int,degenerate-interior,relationship,4,0,1,65536,6554,7567400,0,0
sample,int,degenerate-interior,relationship,4,0,2,65536,6554,7397700,0,0
sample,int,degenerate-interior,relationship,4,0,3,65536,6554,7915600,0,0
sample,int,degenerate-interior,relationship,4,0,4,65536,6554,7512600,0,0
sample,int,degenerate-interior,relationship,4,0,5,65536,6554,8324200,0,0
sample,int,degenerate-interior,relationship,4,0,6,65536,6554,7365300,0,0
summary,int,degenerate-interior,relationship,112.386,115.469,127.017
sample,int,degenerate-interior,clipping,4,0,0,65536,6554,1871600,0,0
sample,int,degenerate-interior,clipping,4,0,1,65536,6554,1789700,0,0
sample,int,degenerate-interior,clipping,4,0,2,65536,6554,1788000,0,0
sample,int,degenerate-interior,clipping,4,0,3,65536,6554,1812900,0,0
sample,int,degenerate-interior,clipping,4,0,4,65536,6554,1924000,0,0
sample,int,degenerate-interior,clipping,4,0,5,65536,6554,1787300,0,0
sample,int,degenerate-interior,clipping,4,0,6,65536,6554,1805200,0,0
summary,int,degenerate-interior,clipping,27.272,27.545,29.358
sample,int,degenerate-boundary,relationship,4,0,0,65536,6554,7706300,0,0
sample,int,degenerate-boundary,relationship,4,0,1,65536,6554,10132900,0,0
sample,int,degenerate-boundary,relationship,4,0,2,65536,6554,7784600,0,0
sample,int,degenerate-boundary,relationship,4,0,3,65536,6554,7318900,0,0
sample,int,degenerate-boundary,relationship,4,0,4,65536,6554,7260100,0,0
sample,int,degenerate-boundary,relationship,4,0,5,65536,6554,7522100,0,0
sample,int,degenerate-boundary,relationship,4,0,6,65536,6554,7531400,0,0
summary,int,degenerate-boundary,relationship,110.780,114.920,154.616
sample,int,degenerate-boundary,clipping,4,0,0,65536,6554,1910400,0,0
sample,int,degenerate-boundary,clipping,4,0,1,65536,6554,1899300,0,0
sample,int,degenerate-boundary,clipping,4,0,2,65536,6554,1859800,0,0
sample,int,degenerate-boundary,clipping,4,0,3,65536,6554,1930900,0,0
sample,int,degenerate-boundary,clipping,4,0,4,65536,6554,1872600,0,0
sample,int,degenerate-boundary,clipping,4,0,5,65536,6554,1883700,0,0
sample,int,degenerate-boundary,clipping,4,0,6,65536,6554,1871200,0,0
summary,int,degenerate-boundary,clipping,28.378,28.743,29.463
sample,int,empty,relationship,0,0,0,65536,6554,2015600,0,0
sample,int,empty,relationship,0,0,1,65536,6554,2016700,0,0
sample,int,empty,relationship,0,0,2,65536,6554,2010400,0,0
sample,int,empty,relationship,0,0,3,65536,6554,2011200,0,0
sample,int,empty,relationship,0,0,4,65536,6554,2016800,0,0
sample,int,empty,relationship,0,0,5,65536,6554,2065000,0,0
sample,int,empty,relationship,0,0,6,65536,6554,2020400,0,0
summary,int,empty,relationship,30.676,30.772,31.509
sample,int,empty,clipping,0,0,0,65536,6554,1757200,0,0
sample,int,empty,clipping,0,0,1,65536,6554,1898700,0,0
sample,int,empty,clipping,0,0,2,65536,6554,2047400,0,0
sample,int,empty,clipping,0,0,3,65536,6554,1768700,0,0
sample,int,empty,clipping,0,0,4,65536,6554,1776600,0,0
sample,int,empty,clipping,0,0,5,65536,6554,1748900,0,0
sample,int,empty,clipping,0,0,6,65536,6554,1805500,0,0
summary,int,empty,clipping,26.686,27.109,31.241
sample,int,concave-u,relationship,8,2,0,4096,410,36785100,0,0
sample,int,concave-u,relationship,8,2,1,4096,410,36734100,0,0
sample,int,concave-u,relationship,8,2,2,4096,410,36826900,0,0
sample,int,concave-u,relationship,8,2,3,4096,410,36787800,0,0
sample,int,concave-u,relationship,8,2,4,4096,410,37558500,0,0
sample,int,concave-u,relationship,8,2,5,4096,410,36436600,0,0
sample,int,concave-u,relationship,8,2,6,4096,410,36244600,0,0
summary,int,concave-u,relationship,8848.779,8980.737,9169.556
sample,int,concave-u,clipping,8,2,0,256,26,26810500,10551296,2
sample,int,concave-u,clipping,8,2,1,256,26,27282300,10551296,2
sample,int,concave-u,clipping,8,2,2,256,26,26648900,10551296,2
sample,int,concave-u,clipping,8,2,3,256,26,26548100,10551296,2
sample,int,concave-u,clipping,8,2,4,256,26,26456300,10551296,2
sample,int,concave-u,clipping,8,2,5,256,26,26515000,10551296,2
sample,int,concave-u,clipping,8,2,6,256,26,26507300,10551296,2
summary,int,concave-u,clipping,103344.922,103703.516,106571.484
sample,int,hole,relationship,8,2,0,4096,410,36433700,0,0
sample,int,hole,relationship,8,2,1,4096,410,37175800,0,0
sample,int,hole,relationship,8,2,2,4096,410,36893600,0,0
sample,int,hole,relationship,8,2,3,4096,410,36943600,0,0
sample,int,hole,relationship,8,2,4,4096,410,37407900,0,0
sample,int,hole,relationship,8,2,5,4096,410,37293400,0,0
sample,int,hole,relationship,8,2,6,4096,410,36279700,0,0
summary,int,hole,relationship,8857.349,9019.434,9132.788
sample,int,hole,clipping,8,2,0,256,26,26617700,10551296,2
sample,int,hole,clipping,8,2,1,256,26,36231500,10551296,2
sample,int,hole,clipping,8,2,2,256,26,27608100,10551296,2
sample,int,hole,clipping,8,2,3,256,26,26516600,10551296,2
sample,int,hole,clipping,8,2,4,256,26,26522600,10551296,2
sample,int,hole,clipping,8,2,5,256,26,26516400,10551296,2
sample,int,hole,clipping,8,2,6,256,26,26453200,10551296,2
summary,int,hole,clipping,103332.812,103603.906,141529.297
sample,int,hole-reversed,relationship,8,2,0,4096,410,36404200,0,0
sample,int,hole-reversed,relationship,8,2,1,4096,410,36843600,0,0
sample,int,hole-reversed,relationship,8,2,2,4096,410,36895200,0,0
sample,int,hole-reversed,relationship,8,2,3,4096,410,37130100,0,0
sample,int,hole-reversed,relationship,8,2,4,4096,410,37261800,0,0
sample,int,hole-reversed,relationship,8,2,5,4096,410,37710400,0,0
sample,int,hole-reversed,relationship,8,2,6,4096,410,36332800,0,0
summary,int,hole-reversed,relationship,8870.312,9007.617,9206.641
sample,int,hole-reversed,clipping,8,2,0,256,26,26527800,10551296,2
sample,int,hole-reversed,clipping,8,2,1,256,26,26510900,10551296,2
sample,int,hole-reversed,clipping,8,2,2,256,26,26618600,10551296,2
sample,int,hole-reversed,clipping,8,2,3,256,26,26888700,10551296,2
sample,int,hole-reversed,clipping,8,2,4,256,26,26185200,10551296,2
sample,int,hole-reversed,clipping,8,2,5,256,26,25970300,10551296,2
sample,int,hole-reversed,clipping,8,2,6,256,26,26225200,10551296,2
summary,int,hole-reversed,clipping,101446.484,103558.203,105033.984
sample,int,rational-crossing,relationship,3,1,0,16384,1639,36350500,0,0
sample,int,rational-crossing,relationship,3,1,1,16384,1639,34874200,0,0
sample,int,rational-crossing,relationship,3,1,2,16384,1639,35205100,0,0
sample,int,rational-crossing,relationship,3,1,3,16384,1639,35783100,0,0
sample,int,rational-crossing,relationship,3,1,4,16384,1639,35753100,0,0
sample,int,rational-crossing,relationship,3,1,5,16384,1639,35740900,0,0
sample,int,rational-crossing,relationship,3,1,6,16384,1639,36251600,0,0
summary,int,rational-crossing,relationship,2128.552,2182.196,2218.658
sample,int,rational-crossing,clipping,3,1,0,512,52,22112100,10575872,2
sample,int,rational-crossing,clipping,3,1,1,512,52,22217700,10575872,2
sample,int,rational-crossing,clipping,3,1,2,512,52,22086100,10575872,2
sample,int,rational-crossing,clipping,3,1,3,512,52,22091200,10575872,2
sample,int,rational-crossing,clipping,3,1,4,512,52,22392300,10575872,2
sample,int,rational-crossing,clipping,3,1,5,512,52,22721000,10575872,2
sample,int,rational-crossing,clipping,3,1,6,512,52,21677600,10575872,2
summary,int,rational-crossing,clipping,42339.062,43187.695,44376.953
sample,int,sparse-1,relationship,4,1,0,8192,820,26112000,0,0
sample,int,sparse-1,relationship,4,1,1,8192,820,26180000,0,0
sample,int,sparse-1,relationship,4,1,2,8192,820,26047000,0,0
sample,int,sparse-1,relationship,4,1,3,8192,820,26308900,0,0
sample,int,sparse-1,relationship,4,1,4,8192,820,26681200,0,0
sample,int,sparse-1,relationship,4,1,5,8192,820,25707000,0,0
sample,int,sparse-1,relationship,4,1,6,8192,820,25834100,0,0
summary,int,sparse-1,relationship,3138.062,3187.500,3256.982
sample,int,sparse-1,clipping,4,1,0,512,52,22412300,12673024,3
sample,int,sparse-1,clipping,4,1,1,512,52,22410700,12673024,3
sample,int,sparse-1,clipping,4,1,2,512,52,22508900,12673024,3
sample,int,sparse-1,clipping,4,1,3,512,52,24592700,12673024,3
sample,int,sparse-1,clipping,4,1,4,512,52,21950700,12673024,3
sample,int,sparse-1,clipping,4,1,5,512,52,22352300,12673024,3
sample,int,sparse-1,clipping,4,1,6,512,52,22046300,12673024,3
summary,int,sparse-1,clipping,42872.461,43770.898,48032.617
sample,int,sparse-4,relationship,16,1,0,2048,205,30330800,0,0
sample,int,sparse-4,relationship,16,1,1,2048,205,30710400,0,0
sample,int,sparse-4,relationship,16,1,2,2048,205,30365700,0,0
sample,int,sparse-4,relationship,16,1,3,2048,205,29822100,0,0
sample,int,sparse-4,relationship,16,1,4,2048,205,30069000,0,0
sample,int,sparse-4,relationship,16,1,5,2048,205,30558700,0,0
sample,int,sparse-4,relationship,16,1,6,2048,205,30575600,0,0
summary,int,sparse-4,relationship,14561.572,14827.002,14995.312
sample,int,sparse-4,clipping,16,1,0,512,52,30733000,37838848,9
sample,int,sparse-4,clipping,16,1,1,512,52,30511900,37838848,9
sample,int,sparse-4,clipping,16,1,2,512,52,31233000,37838848,9
sample,int,sparse-4,clipping,16,1,3,512,52,31209400,37838848,9
sample,int,sparse-4,clipping,16,1,4,512,52,31165900,37838848,9
sample,int,sparse-4,clipping,16,1,5,512,52,32011000,37838848,9
sample,int,sparse-4,clipping,16,1,6,512,52,30874400,37838848,9
summary,int,sparse-4,clipping,59593.555,60870.898,62521.484
sample,int,sparse-16,relationship,64,1,0,512,52,30781400,0,0
sample,int,sparse-16,relationship,64,1,1,512,52,30559600,0,0
sample,int,sparse-16,relationship,64,1,2,512,52,31109300,0,0
sample,int,sparse-16,relationship,64,1,3,512,52,31786200,0,0
sample,int,sparse-16,relationship,64,1,4,512,52,30770800,0,0
sample,int,sparse-16,relationship,64,1,5,512,52,30827600,0,0
sample,int,sparse-16,relationship,64,1,6,512,52,31269800,0,0
summary,int,sparse-16,relationship,59686.719,60210.156,62082.422
sample,int,sparse-16,clipping,64,1,0,256,26,33853800,71348224,19
sample,int,sparse-16,clipping,64,1,1,256,26,32621100,71348224,19
sample,int,sparse-16,clipping,64,1,2,256,26,32719600,71348224,19
sample,int,sparse-16,clipping,64,1,3,256,26,33114600,71348224,19
sample,int,sparse-16,clipping,64,1,4,256,26,33102900,71348224,19
sample,int,sparse-16,clipping,64,1,5,256,26,33268600,71348224,19
sample,int,sparse-16,clipping,64,1,6,256,26,33585900,71348224,19
summary,int,sparse-16,clipping,127426.172,129353.906,132241.406
sample,int,sparse-64,relationship,256,1,0,128,13,31169300,0,0
sample,int,sparse-64,relationship,256,1,1,128,13,31132300,0,0
sample,int,sparse-64,relationship,256,1,2,128,13,31499000,0,0
sample,int,sparse-64,relationship,256,1,3,128,13,32177300,0,0
sample,int,sparse-64,relationship,256,1,4,128,13,31398900,0,0
sample,int,sparse-64,relationship,256,1,5,128,13,31487700,0,0
sample,int,sparse-64,relationship,256,1,6,128,13,31109300,0,0
summary,int,sparse-64,relationship,243041.406,245303.906,251385.156
sample,int,sparse-64,clipping,256,1,0,64,7,36208700,70003712,9
sample,int,sparse-64,clipping,256,1,1,64,7,36062000,70003712,8
sample,int,sparse-64,clipping,256,1,2,64,7,34271900,70003712,8
sample,int,sparse-64,clipping,256,1,3,64,7,34193900,70003712,8
sample,int,sparse-64,clipping,256,1,4,64,7,34521200,70003712,8
sample,int,sparse-64,clipping,256,1,5,64,7,34518000,70003712,8
sample,int,sparse-64,clipping,256,1,6,64,7,35676900,70003712,8
summary,int,sparse-64,clipping,534279.688,539393.750,565760.938
sample,int,dense-1,relationship,4,1,0,8192,820,25761900,0,0
sample,int,dense-1,relationship,4,1,1,8192,820,25993000,0,0
sample,int,dense-1,relationship,4,1,2,8192,820,26132900,0,0
sample,int,dense-1,relationship,4,1,3,8192,820,26027600,0,0
sample,int,dense-1,relationship,4,1,4,8192,820,26154000,0,0
sample,int,dense-1,relationship,4,1,5,8192,820,26570900,0,0
sample,int,dense-1,relationship,4,1,6,8192,820,25924500,0,0
summary,int,dense-1,relationship,3144.763,3177.197,3243.518
sample,int,dense-1,clipping,4,1,0,512,52,22427900,12673024,3
sample,int,dense-1,clipping,4,1,1,512,52,22537200,12673024,3
sample,int,dense-1,clipping,4,1,2,512,52,22422600,12673024,3
sample,int,dense-1,clipping,4,1,3,512,52,22848700,12673024,3
sample,int,dense-1,clipping,4,1,4,512,52,23461900,12673024,3
sample,int,dense-1,clipping,4,1,5,512,52,22029100,12673024,3
sample,int,dense-1,clipping,4,1,6,512,52,22024900,12673024,3
summary,int,dense-1,clipping,43017.383,43804.492,45824.023
sample,int,dense-4,relationship,16,4,0,1024,103,21098200,0,0
sample,int,dense-4,relationship,16,4,1,1024,103,21099200,0,0
sample,int,dense-4,relationship,16,4,2,1024,103,21155000,0,0
sample,int,dense-4,relationship,16,4,3,1024,103,21155500,0,0
sample,int,dense-4,relationship,16,4,4,1024,103,29570300,0,0
sample,int,dense-4,relationship,16,4,5,1024,103,22584800,0,0
sample,int,dense-4,relationship,16,4,6,1024,103,21112200,0,0
summary,int,dense-4,relationship,20603.711,20659.180,28877.246
sample,int,dense-4,clipping,16,4,0,128,13,29723300,9488384,2
sample,int,dense-4,clipping,16,4,1,128,13,29747700,9488384,2
sample,int,dense-4,clipping,16,4,2,128,13,30820900,9488384,2
sample,int,dense-4,clipping,16,4,3,128,13,29219200,9488384,2
sample,int,dense-4,clipping,16,4,4,128,13,29142800,9488384,2
sample,int,dense-4,clipping,16,4,5,128,13,29305900,9488384,2
sample,int,dense-4,clipping,16,4,6,128,13,29211800,9488384,2
summary,int,dense-4,clipping,227678.125,228952.344,240788.281
sample,int,dense-16,relationship,64,16,0,256,26,22946900,0,0
sample,int,dense-16,relationship,64,16,1,256,26,23507200,0,0
sample,int,dense-16,relationship,64,16,2,256,26,22777700,0,0
sample,int,dense-16,relationship,64,16,3,256,26,22641900,0,0
sample,int,dense-16,relationship,64,16,4,256,26,22782800,0,0
sample,int,dense-16,relationship,64,16,5,256,26,23018600,0,0
sample,int,dense-16,relationship,64,16,6,256,26,23055500,0,0
summary,int,dense-16,relationship,88444.922,89636.328,91825.000
sample,int,dense-16,clipping,64,16,0,32,4,35629700,8965632,2
sample,int,dense-16,clipping,64,16,1,32,4,34926900,8965632,2
sample,int,dense-16,clipping,64,16,2,32,4,35491400,8965632,2
sample,int,dense-16,clipping,64,16,3,32,4,35565700,8965632,2
sample,int,dense-16,clipping,64,16,4,32,4,35850600,8965632,2
sample,int,dense-16,clipping,64,16,5,32,4,36185900,8965632,2
sample,int,dense-16,clipping,64,16,6,32,4,35014500,8965632,2
summary,int,dense-16,clipping,1091465.625,1111428.125,1130809.375
sample,int,dense-64,relationship,256,64,0,64,7,23619500,0,0
sample,int,dense-64,relationship,256,64,1,64,7,23908500,0,0
sample,int,dense-64,relationship,256,64,2,64,7,23833900,0,0
sample,int,dense-64,relationship,256,64,3,64,7,23699800,0,0
sample,int,dense-64,relationship,256,64,4,64,7,24326800,0,0
sample,int,dense-64,relationship,256,64,5,64,7,23889900,0,0
sample,int,dense-64,relationship,256,64,6,64,7,23840300,0,0
summary,int,dense-64,relationship,369054.688,372504.688,380106.250
sample,int,dense-64,clipping,256,64,0,4,1,20664100,4403200,1
sample,int,dense-64,clipping,256,64,1,4,1,20740000,4403200,1
sample,int,dense-64,clipping,256,64,2,4,1,20486900,4403200,1
sample,int,dense-64,clipping,256,64,3,4,1,20820400,4403200,1
sample,int,dense-64,clipping,256,64,4,4,1,21725100,4403200,1
sample,int,dense-64,clipping,256,64,5,4,1,20469700,4403200,1
sample,int,dense-64,clipping,256,64,6,4,1,20375600,4403200,1
summary,int,dense-64,clipping,5093900.000,5166025.000,5431275.000
sample,int,wide-integral,relationship,4,1,0,8192,820,25865100,0,0
sample,int,wide-integral,relationship,4,1,1,8192,820,25676400,0,0
sample,int,wide-integral,relationship,4,1,2,8192,820,26154700,0,0
sample,int,wide-integral,relationship,4,1,3,8192,820,26746900,0,0
sample,int,wide-integral,relationship,4,1,4,8192,820,25718900,0,0
sample,int,wide-integral,relationship,4,1,5,8192,820,25844200,0,0
sample,int,wide-integral,relationship,4,1,6,8192,820,25583900,0,0
summary,int,wide-integral,relationship,3123.035,3154.810,3265.002
sample,int,wide-integral,clipping,4,1,0,512,52,23300300,12673024,3
sample,int,wide-integral,clipping,4,1,1,512,52,23445600,12673024,3
sample,int,wide-integral,clipping,4,1,2,512,52,24092600,12673024,3
sample,int,wide-integral,clipping,4,1,3,512,52,23358600,12673024,3
sample,int,wide-integral,clipping,4,1,4,512,52,23227100,12673024,3
sample,int,wide-integral,clipping,4,1,5,512,52,23291200,12673024,3
sample,int,wide-integral,clipping,4,1,6,512,52,23502200,12673024,3
summary,int,wide-integral,clipping,45365.430,45622.266,47055.859
fixture,long,exterior,4,1,success,0
fixture,long,interior,4,4,success,1
fixture,long,crossing,4,7,success,1
fixture,long,boundary-only,4,10,success,1
fixture,long,boundary-overlap,4,11,success,1
fixture,long,isolated-tangent,4,3,success,0
fixture,long,degenerate-interior,4,4,success,0
fixture,long,degenerate-boundary,4,2,success,0
fixture,long,empty,0,1,success,0
fixture,long,concave-u,8,7,success,2
fixture,long,hole,8,7,success,2
fixture,long,hole-reversed,8,7,success,2
fixture,long,rational-crossing,3,7,success,1
fixture,long,sparse-1,4,7,success,1
fixture,long,sparse-4,16,7,success,1
fixture,long,sparse-16,64,7,success,1
fixture,long,sparse-64,256,7,success,1
fixture,long,dense-1,4,7,success,1
fixture,long,dense-4,16,7,success,4
fixture,long,dense-16,64,7,success,16
fixture,long,dense-64,256,7,success,64
fixture,long,wide-integral,4,7,success,1
fixture,long,endpoint-collapse,4,6,unrepresentableConstruction,0
fixture,long,gap-collapse,8,7,unrepresentableConstruction,0
preflight,long,24,PASS
sample,long,exterior,relationship,4,0,0,8192,820,27214500,0,0
sample,long,exterior,relationship,4,0,1,8192,820,25904600,0,0
sample,long,exterior,relationship,4,0,2,8192,820,25783400,0,0
sample,long,exterior,relationship,4,0,3,8192,820,25994700,0,0
sample,long,exterior,relationship,4,0,4,8192,820,25934800,0,0
sample,long,exterior,relationship,4,0,5,8192,820,26536500,0,0
sample,long,exterior,relationship,4,0,6,8192,820,25934400,0,0
summary,long,exterior,relationship,3147.388,3165.869,3322.083
sample,long,exterior,clipping,4,0,0,4096,410,33818800,101056512,24
sample,long,exterior,clipping,4,0,1,4096,410,33763000,101056512,24
sample,long,exterior,clipping,4,0,2,4096,410,33741900,101056512,24
sample,long,exterior,clipping,4,0,3,4096,410,33690800,101056512,24
sample,long,exterior,clipping,4,0,4,4096,410,35202300,101056512,24
sample,long,exterior,clipping,4,0,5,4096,410,33625800,101056512,24
sample,long,exterior,clipping,4,0,6,4096,410,33524600,101056512,24
summary,long,exterior,clipping,8184.717,8237.769,8594.312
sample,long,interior,relationship,4,1,0,8192,820,26167600,0,0
sample,long,interior,relationship,4,1,1,8192,820,26159400,0,0
sample,long,interior,relationship,4,1,2,8192,820,26627600,0,0
sample,long,interior,relationship,4,1,3,8192,820,25709200,0,0
sample,long,interior,relationship,4,1,4,8192,820,25664000,0,0
sample,long,interior,relationship,4,1,5,8192,820,25780400,0,0
sample,long,interior,relationship,4,1,6,8192,820,25568400,0,0
summary,long,interior,relationship,3121.143,3147.021,3250.439
sample,long,interior,clipping,4,1,0,2048,205,37644200,50626560,12
sample,long,interior,clipping,4,1,1,2048,205,36865100,50626560,12
sample,long,interior,clipping,4,1,2,2048,205,37026500,50626560,12
sample,long,interior,clipping,4,1,3,2048,205,37093900,50626560,12
sample,long,interior,clipping,4,1,4,2048,205,37195000,50626560,12
sample,long,interior,clipping,4,1,5,2048,205,38149200,50626560,12
sample,long,interior,clipping,4,1,6,2048,205,36699900,50626560,12
summary,long,interior,clipping,17919.873,18112.256,18627.539
sample,long,crossing,relationship,4,1,0,8192,820,26156300,0,0
sample,long,crossing,relationship,4,1,1,8192,820,26045700,0,0
sample,long,crossing,relationship,4,1,2,8192,820,26305800,0,0
sample,long,crossing,relationship,4,1,3,8192,820,26703400,0,0
sample,long,crossing,relationship,4,1,4,8192,820,26051400,0,0
sample,long,crossing,relationship,4,1,5,8192,820,25723500,0,0
sample,long,crossing,relationship,4,1,6,8192,820,26094100,0,0
summary,long,crossing,relationship,3140.076,3185.315,3259.692
sample,long,crossing,clipping,4,1,0,512,52,22412800,12673024,3
sample,long,crossing,clipping,4,1,1,512,52,22588000,12673024,3
sample,long,crossing,clipping,4,1,2,512,52,23224500,12673024,3
sample,long,crossing,clipping,4,1,3,512,52,21987400,12673024,3
sample,long,crossing,clipping,4,1,4,512,52,22318100,12673024,3
sample,long,crossing,clipping,4,1,5,512,52,22050900,12673024,3
sample,long,crossing,clipping,4,1,6,512,52,22070000,12673024,3
summary,long,crossing,clipping,42944.141,43590.039,45360.352
sample,long,boundary-only,relationship,4,1,0,8192,820,35261700,0,0
sample,long,boundary-only,relationship,4,1,1,8192,820,34142800,0,0
sample,long,boundary-only,relationship,4,1,2,8192,820,34244200,0,0
sample,long,boundary-only,relationship,4,1,3,8192,820,34722900,0,0
sample,long,boundary-only,relationship,4,1,4,8192,820,34683200,0,0
sample,long,boundary-only,relationship,4,1,5,8192,820,34698200,0,0
sample,long,boundary-only,relationship,4,1,6,8192,820,35258300,0,0
summary,long,boundary-only,relationship,4167.822,4235.620,4304.407
sample,long,boundary-only,clipping,4,1,0,1024,103,28379400,25313280,6
sample,long,boundary-only,clipping,4,1,1,1024,103,29208400,25313280,6
sample,long,boundary-only,clipping,4,1,2,1024,103,28560600,25313280,6
sample,long,boundary-only,clipping,4,1,3,1024,103,28812600,25313280,6
sample,long,boundary-only,clipping,4,1,4,1024,103,29199900,25313280,6
sample,long,boundary-only,clipping,4,1,5,1024,103,28525200,25313280,6
sample,long,boundary-only,clipping,4,1,6,1024,103,28668800,25313280,6
summary,long,boundary-only,clipping,27714.258,27996.875,28523.828
sample,long,boundary-overlap,relationship,4,1,0,4096,410,22116300,0,0
sample,long,boundary-overlap,relationship,4,1,1,4096,410,22067700,0,0
sample,long,boundary-overlap,relationship,4,1,2,4096,410,22300500,0,0
sample,long,boundary-overlap,relationship,4,1,3,4096,410,22942700,0,0
sample,long,boundary-overlap,relationship,4,1,4,4096,410,31823400,0,0
sample,long,boundary-overlap,relationship,4,1,5,4096,410,22059600,0,0
sample,long,boundary-overlap,relationship,4,1,6,4096,410,22154000,0,0
summary,long,boundary-overlap,relationship,5385.645,5408.691,7769.385
sample,long,boundary-overlap,clipping,4,1,0,1024,103,30751300,25346048,6
sample,long,boundary-overlap,clipping,4,1,1,1024,103,31679300,25346048,6
sample,long,boundary-overlap,clipping,4,1,2,1024,103,30463500,25346048,6
sample,long,boundary-overlap,clipping,4,1,3,1024,103,30432700,25346048,6
sample,long,boundary-overlap,clipping,4,1,4,1024,103,30745900,25346048,6
sample,long,boundary-overlap,clipping,4,1,5,1024,103,30827500,25346048,6
sample,long,boundary-overlap,clipping,4,1,6,1024,103,30742100,25346048,6
summary,long,boundary-overlap,clipping,29719.434,30025.293,30936.816
sample,long,isolated-tangent,relationship,4,0,0,4096,410,19219700,0,0
sample,long,isolated-tangent,relationship,4,0,1,4096,410,19370800,0,0
sample,long,isolated-tangent,relationship,4,0,2,4096,410,19469400,0,0
sample,long,isolated-tangent,relationship,4,0,3,4096,410,19394500,0,0
sample,long,isolated-tangent,relationship,4,0,4,4096,410,19790700,0,0
sample,long,isolated-tangent,relationship,4,0,5,4096,410,19674700,0,0
sample,long,isolated-tangent,relationship,4,0,6,4096,410,19660400,0,0
summary,long,isolated-tangent,relationship,4692.310,4753.271,4831.714
sample,long,isolated-tangent,clipping,4,0,0,2048,205,26884200,50528256,12
sample,long,isolated-tangent,clipping,4,0,1,2048,205,27403300,50528256,12
sample,long,isolated-tangent,clipping,4,0,2,2048,205,27300000,50528256,12
sample,long,isolated-tangent,clipping,4,0,3,2048,205,27580600,50528256,12
sample,long,isolated-tangent,clipping,4,0,4,2048,205,31225100,50528256,12
sample,long,isolated-tangent,clipping,4,0,5,2048,205,28028400,50528256,12
sample,long,isolated-tangent,clipping,4,0,6,2048,205,28267500,50528256,12
summary,long,isolated-tangent,clipping,13127.051,13467.090,15246.631
sample,long,degenerate-interior,relationship,4,0,0,65536,6554,7025900,0,0
sample,long,degenerate-interior,relationship,4,0,1,65536,6554,7025900,0,0
sample,long,degenerate-interior,relationship,4,0,2,65536,6554,7030800,0,0
sample,long,degenerate-interior,relationship,4,0,3,65536,6554,7026900,0,0
sample,long,degenerate-interior,relationship,4,0,4,65536,6554,7027800,0,0
sample,long,degenerate-interior,relationship,4,0,5,65536,6554,7024400,0,0
sample,long,degenerate-interior,relationship,4,0,6,65536,6554,7025400,0,0
summary,long,degenerate-interior,relationship,107.184,107.207,107.281
sample,long,degenerate-interior,clipping,4,0,0,65536,6554,2273500,0,0
sample,long,degenerate-interior,clipping,4,0,1,65536,6554,2306400,0,0
sample,long,degenerate-interior,clipping,4,0,2,65536,6554,2295600,0,0
sample,long,degenerate-interior,clipping,4,0,3,65536,6554,2288300,0,0
sample,long,degenerate-interior,clipping,4,0,4,65536,6554,2255800,0,0
sample,long,degenerate-interior,clipping,4,0,5,65536,6554,2282500,0,0
sample,long,degenerate-interior,clipping,4,0,6,65536,6554,2167100,0,0
summary,long,degenerate-interior,clipping,33.067,34.828,35.193
sample,long,degenerate-boundary,relationship,4,0,0,65536,6554,6683200,0,0
sample,long,degenerate-boundary,relationship,4,0,1,65536,6554,6840000,0,0
sample,long,degenerate-boundary,relationship,4,0,2,65536,6554,6850200,0,0
sample,long,degenerate-boundary,relationship,4,0,3,65536,6554,6680000,0,0
sample,long,degenerate-boundary,relationship,4,0,4,65536,6554,6885500,0,0
sample,long,degenerate-boundary,relationship,4,0,5,65536,6554,6711400,0,0
sample,long,degenerate-boundary,relationship,4,0,6,65536,6554,7019100,0,0
summary,long,degenerate-boundary,relationship,101.929,104.370,107.103
sample,long,degenerate-boundary,clipping,4,0,0,65536,6554,2218400,0,0
sample,long,degenerate-boundary,clipping,4,0,1,65536,6554,2280200,0,0
sample,long,degenerate-boundary,clipping,4,0,2,65536,6554,2356100,0,0
sample,long,degenerate-boundary,clipping,4,0,3,65536,6554,2200600,0,0
sample,long,degenerate-boundary,clipping,4,0,4,65536,6554,2398500,0,0
sample,long,degenerate-boundary,clipping,4,0,5,65536,6554,2205400,0,0
sample,long,degenerate-boundary,clipping,4,0,6,65536,6554,2234400,0,0
summary,long,degenerate-boundary,clipping,33.578,34.094,36.598
sample,long,empty,relationship,0,0,0,65536,6554,1972700,0,0
sample,long,empty,relationship,0,0,1,65536,6554,2124800,0,0
sample,long,empty,relationship,0,0,2,65536,6554,2102500,0,0
sample,long,empty,relationship,0,0,3,65536,6554,2257700,0,0
sample,long,empty,relationship,0,0,4,65536,6554,2364800,0,0
sample,long,empty,relationship,0,0,5,65536,6554,2048900,0,0
sample,long,empty,relationship,0,0,6,65536,6554,2037100,0,0
summary,long,empty,relationship,30.101,32.082,36.084
sample,long,empty,clipping,0,0,0,65536,6554,1964100,0,0
sample,long,empty,clipping,0,0,1,65536,6554,1994400,0,0
sample,long,empty,clipping,0,0,2,65536,6554,2768500,0,0
sample,long,empty,clipping,0,0,3,65536,6554,2067200,0,0
sample,long,empty,clipping,0,0,4,65536,6554,1979200,0,0
sample,long,empty,clipping,0,0,5,65536,6554,2120500,0,0
sample,long,empty,clipping,0,0,6,65536,6554,2057600,0,0
summary,long,empty,clipping,29.970,31.396,42.244
sample,long,concave-u,relationship,8,2,0,4096,410,36911100,0,0
sample,long,concave-u,relationship,8,2,1,4096,410,36902700,0,0
sample,long,concave-u,relationship,8,2,2,4096,410,36798000,0,0
sample,long,concave-u,relationship,8,2,3,4096,410,37125400,0,0
sample,long,concave-u,relationship,8,2,4,4096,410,36365800,0,0
sample,long,concave-u,relationship,8,2,5,4096,410,36357900,0,0
sample,long,concave-u,relationship,8,2,6,4096,410,36395400,0,0
summary,long,concave-u,relationship,8876.440,8983.887,9063.818
sample,long,concave-u,clipping,8,2,0,256,26,26383800,10551296,2
sample,long,concave-u,clipping,8,2,1,256,26,26240900,10551296,2
sample,long,concave-u,clipping,8,2,2,256,26,25982700,10551296,2
sample,long,concave-u,clipping,8,2,3,256,26,26505100,10551296,2
sample,long,concave-u,clipping,8,2,4,256,26,26495400,10551296,2
sample,long,concave-u,clipping,8,2,5,256,26,26493700,10551296,2
sample,long,concave-u,clipping,8,2,6,256,26,26751000,10551296,2
summary,long,concave-u,clipping,101494.922,103491.016,104496.094
sample,long,hole,relationship,8,2,0,2048,205,20034700,0,0
sample,long,hole,relationship,8,2,1,2048,205,20635900,0,0
sample,long,hole,relationship,8,2,2,2048,205,19100800,0,0
sample,long,hole,relationship,8,2,3,2048,205,18945700,0,0
sample,long,hole,relationship,8,2,4,2048,205,18943000,0,0
sample,long,hole,relationship,8,2,5,2048,205,18951400,0,0
sample,long,hole,relationship,8,2,6,2048,205,18938900,0,0
summary,long,hole,relationship,9247.510,9253.613,10076.123
sample,long,hole,clipping,8,2,0,256,26,26015700,10551296,2
sample,long,hole,clipping,8,2,1,256,26,26236000,10551296,2
sample,long,hole,clipping,8,2,2,256,26,26317600,10551296,2
sample,long,hole,clipping,8,2,3,256,26,26469700,10551296,2
sample,long,hole,clipping,8,2,4,256,26,26614400,10551296,2
sample,long,hole,clipping,8,2,5,256,26,26049600,10551296,2
sample,long,hole,clipping,8,2,6,256,26,27380100,10551296,2
summary,long,hole,clipping,101623.828,102803.125,106953.516
sample,long,hole-reversed,relationship,8,2,0,4096,410,37121000,0,0
sample,long,hole-reversed,relationship,8,2,1,4096,410,36675900,0,0
sample,long,hole-reversed,relationship,8,2,2,4096,410,37107000,0,0
sample,long,hole-reversed,relationship,8,2,3,4096,410,37383800,0,0
sample,long,hole-reversed,relationship,8,2,4,4096,410,36628000,0,0
sample,long,hole-reversed,relationship,8,2,5,4096,410,36960100,0,0
sample,long,hole-reversed,relationship,8,2,6,4096,410,37122800,0,0
summary,long,hole-reversed,relationship,8942.383,9059.326,9126.904
sample,long,hole-reversed,clipping,8,2,0,256,26,26141700,10551296,2
sample,long,hole-reversed,clipping,8,2,1,256,26,26280900,10551296,2
sample,long,hole-reversed,clipping,8,2,2,256,26,25956100,10551296,2
sample,long,hole-reversed,clipping,8,2,3,256,26,26189400,10551296,2
sample,long,hole-reversed,clipping,8,2,4,256,26,26137400,10551296,2
sample,long,hole-reversed,clipping,8,2,5,256,26,26109200,10551296,2
sample,long,hole-reversed,clipping,8,2,6,256,26,26575800,10551296,2
summary,long,hole-reversed,clipping,101391.016,102116.016,103811.719
sample,long,rational-crossing,relationship,3,1,0,16384,1639,35770500,0,0
sample,long,rational-crossing,relationship,3,1,1,16384,1639,35955900,0,0
sample,long,rational-crossing,relationship,3,1,2,16384,1639,36029500,0,0
sample,long,rational-crossing,relationship,3,1,3,16384,1639,36684600,0,0
sample,long,rational-crossing,relationship,3,1,4,16384,1639,35190400,0,0
sample,long,rational-crossing,relationship,3,1,5,16384,1639,35322900,0,0
sample,long,rational-crossing,relationship,3,1,6,16384,1639,35689900,0,0
summary,long,rational-crossing,relationship,2147.852,2183.258,2239.050
sample,long,rational-crossing,clipping,3,1,0,512,52,24265500,10575872,2
sample,long,rational-crossing,clipping,3,1,1,512,52,24017800,10575872,2
sample,long,rational-crossing,clipping,3,1,2,512,52,22743700,10575872,2
sample,long,rational-crossing,clipping,3,1,3,512,52,22885300,10575872,2
sample,long,rational-crossing,clipping,3,1,4,512,52,22712200,10575872,2
sample,long,rational-crossing,clipping,3,1,5,512,52,22797200,10575872,2
sample,long,rational-crossing,clipping,3,1,6,512,52,22686200,10575872,2
summary,long,rational-crossing,clipping,44308.984,44525.781,47393.555
sample,long,sparse-1,relationship,4,1,0,8192,820,26886100,0,0
sample,long,sparse-1,relationship,4,1,1,8192,820,25763300,0,0
sample,long,sparse-1,relationship,4,1,2,8192,820,25871700,0,0
sample,long,sparse-1,relationship,4,1,3,8192,820,25823300,0,0
sample,long,sparse-1,relationship,4,1,4,8192,820,25777000,0,0
sample,long,sparse-1,relationship,4,1,5,8192,820,25845700,0,0
sample,long,sparse-1,relationship,4,1,6,8192,820,25753200,0,0
summary,long,sparse-1,relationship,3143.701,3152.258,3281.995
sample,long,sparse-1,clipping,4,1,0,512,52,22067400,12673024,3
sample,long,sparse-1,clipping,4,1,1,512,52,22613000,12673024,3
sample,long,sparse-1,clipping,4,1,2,512,52,22124900,12673024,3
sample,long,sparse-1,clipping,4,1,3,512,52,22653500,12673024,3
sample,long,sparse-1,clipping,4,1,4,512,52,22539200,12673024,3
sample,long,sparse-1,clipping,4,1,5,512,52,22528500,12673024,3
sample,long,sparse-1,clipping,4,1,6,512,52,22643500,12673024,3
summary,long,sparse-1,clipping,43100.391,44021.875,44245.117
sample,long,sparse-4,relationship,16,1,0,2048,205,30097800,0,0
sample,long,sparse-4,relationship,16,1,1,2048,205,30641400,0,0
sample,long,sparse-4,relationship,16,1,2,2048,205,30517800,0,0
sample,long,sparse-4,relationship,16,1,3,2048,205,30507400,0,0
sample,long,sparse-4,relationship,16,1,4,2048,205,30980600,0,0
sample,long,sparse-4,relationship,16,1,5,2048,205,30673900,0,0
sample,long,sparse-4,relationship,16,1,6,2048,205,29900800,0,0
summary,long,sparse-4,relationship,14600.000,14901.270,15127.246
sample,long,sparse-4,clipping,16,1,0,512,52,31557500,37838848,9
sample,long,sparse-4,clipping,16,1,1,512,52,31449200,37838848,9
sample,long,sparse-4,clipping,16,1,2,512,52,32695800,37838848,9
sample,long,sparse-4,clipping,16,1,3,512,52,39742800,37838848,9
sample,long,sparse-4,clipping,16,1,4,512,52,32248100,37838848,9
sample,long,sparse-4,clipping,16,1,5,512,52,31501200,37838848,9
sample,long,sparse-4,clipping,16,1,6,512,52,31462500,37838848,9
summary,long,sparse-4,clipping,61424.219,61635.742,77622.656
sample,long,sparse-16,relationship,64,1,0,512,52,31128300,0,0
sample,long,sparse-16,relationship,64,1,1,512,52,31431800,0,0
sample,long,sparse-16,relationship,64,1,2,512,52,31664200,0,0
sample,long,sparse-16,relationship,64,1,3,512,52,31775300,0,0
sample,long,sparse-16,relationship,64,1,4,512,52,31762100,0,0
sample,long,sparse-16,relationship,64,1,5,512,52,32292900,0,0
sample,long,sparse-16,relationship,64,1,6,512,52,31148000,0,0
summary,long,sparse-16,relationship,60797.461,61844.141,63072.070
sample,long,sparse-16,clipping,64,1,0,256,26,33772300,71348224,21
sample,long,sparse-16,clipping,64,1,1,256,26,33637000,71348224,21
sample,long,sparse-16,clipping,64,1,2,256,26,35065100,71348224,21
sample,long,sparse-16,clipping,64,1,3,256,26,33257700,71348224,21
sample,long,sparse-16,clipping,64,1,4,256,26,33246700,71348224,21
sample,long,sparse-16,clipping,64,1,5,256,26,37259200,71348224,21
sample,long,sparse-16,clipping,64,1,6,256,26,33935600,71348224,21
summary,long,sparse-16,clipping,129869.922,131923.047,145543.750
sample,long,sparse-64,relationship,256,1,0,128,13,32125700,0,0
sample,long,sparse-64,relationship,256,1,1,128,13,32229200,0,0
sample,long,sparse-64,relationship,256,1,2,128,13,32185200,0,0
sample,long,sparse-64,relationship,256,1,3,128,13,32298200,0,0
sample,long,sparse-64,relationship,256,1,4,128,13,33128300,0,0
sample,long,sparse-64,relationship,256,1,5,128,13,33030800,0,0
sample,long,sparse-64,relationship,256,1,6,128,13,32102000,0,0
summary,long,sparse-64,relationship,250796.875,251790.625,258814.844
sample,long,sparse-64,clipping,256,1,0,64,7,36568500,70003712,9
sample,long,sparse-64,clipping,256,1,1,64,7,35687400,70003712,8
sample,long,sparse-64,clipping,256,1,2,64,7,35847500,70003712,8
sample,long,sparse-64,clipping,256,1,3,64,7,34976200,70003712,8
sample,long,sparse-64,clipping,256,1,4,64,7,34738200,70003712,8
sample,long,sparse-64,clipping,256,1,5,64,7,34907900,70003712,8
sample,long,sparse-64,clipping,256,1,6,64,7,34828200,70003712,8
summary,long,sparse-64,clipping,542784.375,546503.125,571382.812
sample,long,dense-1,relationship,4,1,0,8192,820,26648200,0,0
sample,long,dense-1,relationship,4,1,1,8192,820,26050300,0,0
sample,long,dense-1,relationship,4,1,2,8192,820,25702700,0,0
sample,long,dense-1,relationship,4,1,3,8192,820,26495300,0,0
sample,long,dense-1,relationship,4,1,4,8192,820,26185000,0,0
sample,long,dense-1,relationship,4,1,5,8192,820,26357700,0,0
sample,long,dense-1,relationship,4,1,6,8192,820,26166100,0,0
summary,long,dense-1,relationship,3137.537,3196.411,3252.954
sample,long,dense-1,clipping,4,1,0,512,52,22634800,12673024,3
sample,long,dense-1,clipping,4,1,1,512,52,22099800,12673024,3
sample,long,dense-1,clipping,4,1,2,512,52,22482900,12673024,3
sample,long,dense-1,clipping,4,1,3,512,52,22764000,12673024,3
sample,long,dense-1,clipping,4,1,4,512,52,22671600,12673024,3
sample,long,dense-1,clipping,4,1,5,512,52,22590800,12673024,3
sample,long,dense-1,clipping,4,1,6,512,52,22548900,12673024,3
summary,long,dense-1,clipping,43163.672,44122.656,44460.938
sample,long,dense-4,relationship,16,4,0,1024,103,20894900,0,0
sample,long,dense-4,relationship,16,4,1,1024,103,20864200,0,0
sample,long,dense-4,relationship,16,4,2,1024,103,21180100,0,0
sample,long,dense-4,relationship,16,4,3,1024,103,21306800,0,0
sample,long,dense-4,relationship,16,4,4,1024,103,21203500,0,0
sample,long,dense-4,relationship,16,4,5,1024,103,21230400,0,0
sample,long,dense-4,relationship,16,4,6,1024,103,21184700,0,0
summary,long,dense-4,relationship,20375.195,20688.184,20807.422
sample,long,dense-4,clipping,16,4,0,128,13,29603000,9488384,2
sample,long,dense-4,clipping,16,4,1,128,13,29489600,9488384,2
sample,long,dense-4,clipping,16,4,2,128,13,29689400,9488384,2
sample,long,dense-4,clipping,16,4,3,128,13,29616500,9488384,2
sample,long,dense-4,clipping,16,4,4,128,13,29585800,9488384,2
sample,long,dense-4,clipping,16,4,5,128,13,30764700,9488384,2
sample,long,dense-4,clipping,16,4,6,128,13,29387400,9488384,2
summary,long,dense-4,clipping,229589.062,231273.438,240349.219
sample,long,dense-16,relationship,64,16,0,256,26,23253700,0,0
sample,long,dense-16,relationship,64,16,1,256,26,23265400,0,0
sample,long,dense-16,relationship,64,16,2,256,26,23342900,0,0
sample,long,dense-16,relationship,64,16,3,256,26,23031100,0,0
sample,long,dense-16,relationship,64,16,4,256,26,24223700,0,0
sample,long,dense-16,relationship,64,16,5,256,26,22796000,0,0
sample,long,dense-16,relationship,64,16,6,256,26,22932900,0,0
summary,long,dense-16,relationship,89046.875,90834.766,94623.828
sample,long,dense-16,clipping,64,16,0,32,4,35447300,8965632,2
sample,long,dense-16,clipping,64,16,1,32,4,37013300,8965632,2
sample,long,dense-16,clipping,64,16,2,32,4,34888200,8965632,2
sample,long,dense-16,clipping,64,16,3,32,4,34997100,8965632,2
sample,long,dense-16,clipping,64,16,4,32,4,35934300,8965632,2
sample,long,dense-16,clipping,64,16,5,32,4,35499000,8965632,2
sample,long,dense-16,clipping,64,16,6,32,4,35486600,8965632,2
summary,long,dense-16,clipping,1090256.250,1108956.250,1156665.625
sample,long,dense-64,relationship,256,64,0,64,7,23422200,0,0
sample,long,dense-64,relationship,256,64,1,64,7,23799500,0,0
sample,long,dense-64,relationship,256,64,2,64,7,24148700,0,0
sample,long,dense-64,relationship,256,64,3,64,7,24240100,0,0
sample,long,dense-64,relationship,256,64,4,64,7,24068400,0,0
sample,long,dense-64,relationship,256,64,5,64,7,23925300,0,0
sample,long,dense-64,relationship,256,64,6,64,7,24743900,0,0
summary,long,dense-64,relationship,365971.875,376068.750,386623.438
sample,long,dense-64,clipping,256,64,0,4,1,20757800,4403200,1
sample,long,dense-64,clipping,256,64,1,4,1,20861700,4403200,1
sample,long,dense-64,clipping,256,64,2,4,1,20764400,4403200,1
sample,long,dense-64,clipping,256,64,3,4,1,21195000,4403200,1
sample,long,dense-64,clipping,256,64,4,4,1,22263700,4403200,1
sample,long,dense-64,clipping,256,64,5,4,1,21937700,4403200,1
sample,long,dense-64,clipping,256,64,6,4,1,22933200,4403200,1
summary,long,dense-64,clipping,5189450.000,5298750.000,5733300.000
sample,long,wide-integral,relationship,4,1,0,8192,820,27245300,0,0
sample,long,wide-integral,relationship,4,1,1,8192,820,27821400,0,0
sample,long,wide-integral,relationship,4,1,2,8192,820,27688900,0,0
sample,long,wide-integral,relationship,4,1,3,8192,820,27711400,0,0
sample,long,wide-integral,relationship,4,1,4,8192,820,27450300,0,0
sample,long,wide-integral,relationship,4,1,5,8192,820,27967900,0,0
sample,long,wide-integral,relationship,4,1,6,8192,820,27588100,0,0
summary,long,wide-integral,relationship,3325.842,3379.993,3414.050
sample,long,wide-integral,clipping,4,1,0,512,52,25834400,12673024,3
sample,long,wide-integral,clipping,4,1,1,512,52,25868700,12673024,3
sample,long,wide-integral,clipping,4,1,2,512,52,25726600,12673024,3
sample,long,wide-integral,clipping,4,1,3,512,52,26633200,12673024,3
sample,long,wide-integral,clipping,4,1,4,512,52,25919200,12673024,3
sample,long,wide-integral,clipping,4,1,5,512,52,25985100,12673024,3
sample,long,wide-integral,clipping,4,1,6,512,52,25887200,12673024,3
summary,long,wide-integral,clipping,50247.266,50560.938,52017.969
sample,long,endpoint-collapse,relationship,4,0,0,4096,410,20468700,0,0
sample,long,endpoint-collapse,relationship,4,0,1,4096,410,20218000,0,0
sample,long,endpoint-collapse,relationship,4,0,2,4096,410,20358500,0,0
sample,long,endpoint-collapse,relationship,4,0,3,4096,410,21408100,0,0
sample,long,endpoint-collapse,relationship,4,0,4,4096,410,20335700,0,0
sample,long,endpoint-collapse,relationship,4,0,5,4096,410,20335500,0,0
sample,long,endpoint-collapse,relationship,4,0,6,4096,410,20268000,0,0
summary,long,endpoint-collapse,relationship,4936.035,4964.771,5226.587
sample,long,endpoint-collapse,clipping,4,0,0,1024,103,37037300,25313280,6
sample,long,endpoint-collapse,clipping,4,0,1,1024,103,37459300,25313280,6
sample,long,endpoint-collapse,clipping,4,0,2,1024,103,36645200,25313280,6
sample,long,endpoint-collapse,clipping,4,0,3,1024,103,45710000,25313280,6
sample,long,endpoint-collapse,clipping,4,0,4,1024,103,36525800,25313280,6
sample,long,endpoint-collapse,clipping,4,0,5,1024,103,36365800,25313280,6
sample,long,endpoint-collapse,clipping,4,0,6,1024,103,37529100,25313280,6
summary,long,endpoint-collapse,clipping,35513.477,36169.238,44638.672
sample,long,gap-collapse,relationship,8,0,0,2048,205,21918900,0,0
sample,long,gap-collapse,relationship,8,0,1,2048,205,22056000,0,0
sample,long,gap-collapse,relationship,8,0,2,2048,205,22149800,0,0
sample,long,gap-collapse,relationship,8,0,3,2048,205,22042800,0,0
sample,long,gap-collapse,relationship,8,0,4,2048,205,22039100,0,0
sample,long,gap-collapse,relationship,8,0,5,2048,205,23142800,0,0
sample,long,gap-collapse,relationship,8,0,6,2048,205,21645900,0,0
summary,long,gap-collapse,relationship,10569.287,10763.086,11300.195
sample,long,gap-collapse,clipping,8,0,0,256,26,26485600,10543104,2
sample,long,gap-collapse,clipping,8,0,1,256,26,26397900,10543104,2
sample,long,gap-collapse,clipping,8,0,2,256,26,26796900,10543104,2
sample,long,gap-collapse,clipping,8,0,3,256,26,26077200,10543104,2
sample,long,gap-collapse,clipping,8,0,4,256,26,26747500,10543104,2
sample,long,gap-collapse,clipping,8,0,5,256,26,26480100,10543104,2
sample,long,gap-collapse,clipping,8,0,6,256,26,26152900,10543104,2
summary,long,gap-collapse,clipping,101864.062,103437.891,104675.391
fixture,float,exterior,4,1,success,0
fixture,float,interior,4,4,success,1
fixture,float,crossing,4,7,success,1
fixture,float,boundary-only,4,10,success,1
fixture,float,boundary-overlap,4,11,success,1
fixture,float,isolated-tangent,4,3,success,0
fixture,float,degenerate-interior,4,4,success,0
fixture,float,degenerate-boundary,4,2,success,0
fixture,float,empty,0,1,success,0
fixture,float,concave-u,8,7,success,2
fixture,float,hole,8,7,success,2
fixture,float,hole-reversed,8,7,success,2
fixture,float,rational-crossing,3,7,success,1
fixture,float,sparse-1,4,7,success,1
fixture,float,sparse-4,16,7,success,1
fixture,float,sparse-16,64,7,success,1
fixture,float,sparse-64,256,7,success,1
fixture,float,dense-1,4,7,success,1
fixture,float,dense-4,16,7,success,4
fixture,float,dense-16,64,7,success,16
fixture,float,dense-64,256,7,success,64
fixture,float,subnormal,4,7,success,1
fixture,float,large-finite,4,7,success,1
preflight,float,23,PASS
sample,float,exterior,relationship,4,0,0,8192,820,26064400,0,0
sample,float,exterior,relationship,4,0,1,8192,820,26492700,0,0
sample,float,exterior,relationship,4,0,2,8192,820,26561500,0,0
sample,float,exterior,relationship,4,0,3,8192,820,25957100,0,0
sample,float,exterior,relationship,4,0,4,8192,820,26057300,0,0
sample,float,exterior,relationship,4,0,5,8192,820,26104000,0,0
sample,float,exterior,relationship,4,0,6,8192,820,25876800,0,0
summary,float,exterior,relationship,3158.789,3181.689,3242.371
sample,float,exterior,clipping,4,0,0,4096,410,35401500,101056512,24
sample,float,exterior,clipping,4,0,1,4096,410,34629100,101056512,24
sample,float,exterior,clipping,4,0,2,4096,410,34721600,101056512,24
sample,float,exterior,clipping,4,0,3,4096,410,34581400,101056512,24
sample,float,exterior,clipping,4,0,4,4096,410,34564000,101056512,24
sample,float,exterior,clipping,4,0,5,4096,410,36007600,101056512,24
sample,float,exterior,clipping,4,0,6,4096,410,34557000,101056512,24
summary,float,exterior,clipping,8436.768,8454.370,8790.918
sample,float,interior,relationship,4,1,0,8192,820,25967200,0,0
sample,float,interior,relationship,4,1,1,8192,820,26498100,0,0
sample,float,interior,relationship,4,1,2,8192,820,26093700,0,0
sample,float,interior,relationship,4,1,3,8192,820,27135700,0,0
sample,float,interior,relationship,4,1,4,8192,820,26195300,0,0
sample,float,interior,relationship,4,1,5,8192,820,25999200,0,0
sample,float,interior,relationship,4,1,6,8192,820,26143400,0,0
summary,float,interior,relationship,3169.824,3191.333,3312.463
sample,float,interior,clipping,4,1,0,2048,205,39777800,50626560,12
sample,float,interior,clipping,4,1,1,2048,205,39185500,50626560,12
sample,float,interior,clipping,4,1,2,2048,205,38771400,50626560,12
sample,float,interior,clipping,4,1,3,2048,205,39462200,50626560,12
sample,float,interior,clipping,4,1,4,2048,205,38799700,50626560,12
sample,float,interior,clipping,4,1,5,2048,205,39693900,50626560,12
sample,float,interior,clipping,4,1,6,2048,205,39223200,50626560,12
summary,float,interior,clipping,18931.348,19151.953,19422.754
sample,float,crossing,relationship,4,1,0,8192,820,26341600,0,0
sample,float,crossing,relationship,4,1,1,8192,820,26060200,0,0
sample,float,crossing,relationship,4,1,2,8192,820,26214600,0,0
sample,float,crossing,relationship,4,1,3,8192,820,26527400,0,0
sample,float,crossing,relationship,4,1,4,8192,820,27956000,0,0
sample,float,crossing,relationship,4,1,5,8192,820,25847300,0,0
sample,float,crossing,relationship,4,1,6,8192,820,25830400,0,0
summary,float,crossing,relationship,3153.125,3200.024,3412.598
sample,float,crossing,clipping,4,1,0,512,52,24284300,12673024,3
sample,float,crossing,clipping,4,1,1,512,52,24462000,12673024,3
sample,float,crossing,clipping,4,1,2,512,52,24284200,12673024,3
sample,float,crossing,clipping,4,1,3,512,52,23213300,12673024,3
sample,float,crossing,clipping,4,1,4,512,52,23272500,12673024,3
sample,float,crossing,clipping,4,1,5,512,52,23172000,12673024,3
sample,float,crossing,clipping,4,1,6,512,52,23230400,12673024,3
summary,float,crossing,clipping,45257.812,45454.102,47777.344
sample,float,boundary-only,relationship,4,1,0,8192,820,29003200,0,0
sample,float,boundary-only,relationship,4,1,1,8192,820,31004800,0,0
sample,float,boundary-only,relationship,4,1,2,8192,820,29661600,0,0
sample,float,boundary-only,relationship,4,1,3,8192,820,29413900,0,0
sample,float,boundary-only,relationship,4,1,4,8192,820,28912000,0,0
sample,float,boundary-only,relationship,4,1,5,8192,820,30525500,0,0
sample,float,boundary-only,relationship,4,1,6,8192,820,35318300,0,0
summary,float,boundary-only,relationship,3529.297,3620.801,4311.316
sample,float,boundary-only,clipping,4,1,0,1024,103,35426900,25313280,6
sample,float,boundary-only,clipping,4,1,1,1024,103,35457700,25313280,6
sample,float,boundary-only,clipping,4,1,2,1024,103,34075700,25313280,6
sample,float,boundary-only,clipping,4,1,3,1024,103,34018900,25313280,6
sample,float,boundary-only,clipping,4,1,4,1024,103,33823400,25313280,6
sample,float,boundary-only,clipping,4,1,5,1024,103,34776700,25313280,6
sample,float,boundary-only,clipping,4,1,6,1024,103,32078500,25313280,6
summary,float,boundary-only,clipping,31326.660,33277.051,34626.660
sample,float,boundary-overlap,relationship,4,1,0,8192,820,35627700,0,0
sample,float,boundary-overlap,relationship,4,1,1,8192,820,38867700,0,0
sample,float,boundary-overlap,relationship,4,1,2,8192,820,34866900,0,0
sample,float,boundary-overlap,relationship,4,1,3,8192,820,35212800,0,0
sample,float,boundary-overlap,relationship,4,1,4,8192,820,35106000,0,0
sample,float,boundary-overlap,relationship,4,1,5,8192,820,35764500,0,0
sample,float,boundary-overlap,relationship,4,1,6,8192,820,35381400,0,0
summary,float,boundary-overlap,relationship,4256.213,4319.019,4744.592
sample,float,boundary-overlap,clipping,4,1,0,1024,103,35969900,25346048,6
sample,float,boundary-overlap,clipping,4,1,1,1024,103,33168200,25346048,6
sample,float,boundary-overlap,clipping,4,1,2,1024,103,39689300,25346048,6
sample,float,boundary-overlap,clipping,4,1,3,1024,103,40864500,25346048,6
sample,float,boundary-overlap,clipping,4,1,4,1024,103,40129400,25346048,6
sample,float,boundary-overlap,clipping,4,1,5,1024,103,38155000,25346048,6
sample,float,boundary-overlap,clipping,4,1,6,1024,103,39366900,25346048,6
summary,float,boundary-overlap,clipping,32390.820,38444.238,39906.738
sample,float,isolated-tangent,relationship,4,0,0,4096,410,23464900,0,0
sample,float,isolated-tangent,relationship,4,0,1,4096,410,24511000,0,0
sample,float,isolated-tangent,relationship,4,0,2,4096,410,22786800,0,0
sample,float,isolated-tangent,relationship,4,0,3,4096,410,23368900,0,0
sample,float,isolated-tangent,relationship,4,0,4,4096,410,23948600,0,0
sample,float,isolated-tangent,relationship,4,0,5,4096,410,23198500,0,0
sample,float,isolated-tangent,relationship,4,0,6,4096,410,23780200,0,0
summary,float,isolated-tangent,relationship,5563.184,5728.735,5984.131
sample,float,isolated-tangent,clipping,4,0,0,2048,205,37861800,50528256,12
sample,float,isolated-tangent,clipping,4,0,1,2048,205,36875600,50528256,12
sample,float,isolated-tangent,clipping,4,0,2,2048,205,35764400,50528256,12
sample,float,isolated-tangent,clipping,4,0,3,2048,205,35792500,50528256,12
sample,float,isolated-tangent,clipping,4,0,4,2048,205,37170200,50528256,12
sample,float,isolated-tangent,clipping,4,0,5,2048,205,35844100,50528256,12
sample,float,isolated-tangent,clipping,4,0,6,2048,205,45713800,50528256,12
summary,float,isolated-tangent,clipping,17463.086,18005.664,22321.191
sample,float,degenerate-interior,relationship,4,0,0,65536,6554,5826000,0,0
sample,float,degenerate-interior,relationship,4,0,1,65536,6554,5756200,0,0
sample,float,degenerate-interior,relationship,4,0,2,65536,6554,5577000,0,0
sample,float,degenerate-interior,relationship,4,0,3,65536,6554,5709700,0,0
sample,float,degenerate-interior,relationship,4,0,4,65536,6554,5621200,0,0
sample,float,degenerate-interior,relationship,4,0,5,65536,6554,5611900,0,0
sample,float,degenerate-interior,relationship,4,0,6,65536,6554,5813100,0,0
summary,float,degenerate-interior,relationship,85.098,87.123,88.898
sample,float,degenerate-interior,clipping,4,0,0,65536,6554,740200,0,0
sample,float,degenerate-interior,clipping,4,0,1,65536,6554,1007700,0,0
sample,float,degenerate-interior,clipping,4,0,2,65536,6554,763800,0,0
sample,float,degenerate-interior,clipping,4,0,3,65536,6554,791100,0,0
sample,float,degenerate-interior,clipping,4,0,4,65536,6554,751000,0,0
sample,float,degenerate-interior,clipping,4,0,5,65536,6554,787100,0,0
sample,float,degenerate-interior,clipping,4,0,6,65536,6554,749800,0,0
summary,float,degenerate-interior,clipping,11.295,11.655,15.376
sample,float,degenerate-boundary,relationship,4,0,0,65536,6554,5406500,0,0
sample,float,degenerate-boundary,relationship,4,0,1,65536,6554,5535500,0,0
sample,float,degenerate-boundary,relationship,4,0,2,65536,6554,5280900,0,0
sample,float,degenerate-boundary,relationship,4,0,3,65536,6554,5330400,0,0
sample,float,degenerate-boundary,relationship,4,0,4,65536,6554,5487100,0,0
sample,float,degenerate-boundary,relationship,4,0,5,65536,6554,5414200,0,0
sample,float,degenerate-boundary,relationship,4,0,6,65536,6554,5327200,0,0
summary,float,degenerate-boundary,relationship,80.580,82.497,84.465
sample,float,degenerate-boundary,clipping,4,0,0,65536,6554,975600,0,0
sample,float,degenerate-boundary,clipping,4,0,1,65536,6554,1276800,0,0
sample,float,degenerate-boundary,clipping,4,0,2,65536,6554,1089000,0,0
sample,float,degenerate-boundary,clipping,4,0,3,65536,6554,1004100,0,0
sample,float,degenerate-boundary,clipping,4,0,4,65536,6554,793900,0,0
sample,float,degenerate-boundary,clipping,4,0,5,65536,6554,852800,0,0
sample,float,degenerate-boundary,clipping,4,0,6,65536,6554,744500,0,0
summary,float,degenerate-boundary,clipping,11.360,14.886,19.482
sample,float,empty,relationship,0,0,0,65536,6554,1508100,0,0
sample,float,empty,relationship,0,0,1,65536,6554,1352300,0,0
sample,float,empty,relationship,0,0,2,65536,6554,1428700,0,0
sample,float,empty,relationship,0,0,3,65536,6554,1377400,0,0
sample,float,empty,relationship,0,0,4,65536,6554,1692000,0,0
sample,float,empty,relationship,0,0,5,65536,6554,1412600,0,0
sample,float,empty,relationship,0,0,6,65536,6554,1489800,0,0
summary,float,empty,relationship,20.634,21.800,25.818
sample,float,empty,clipping,0,0,0,65536,6554,894800,0,0
sample,float,empty,clipping,0,0,1,65536,6554,922500,0,0
sample,float,empty,clipping,0,0,2,65536,6554,877500,0,0
sample,float,empty,clipping,0,0,3,65536,6554,1021000,0,0
sample,float,empty,clipping,0,0,4,65536,6554,891300,0,0
sample,float,empty,clipping,0,0,5,65536,6554,925200,0,0
sample,float,empty,clipping,0,0,6,65536,6554,870600,0,0
summary,float,empty,clipping,13.284,13.654,15.579
sample,float,concave-u,relationship,8,2,0,4096,410,39093300,0,0
sample,float,concave-u,relationship,8,2,1,4096,410,39008700,0,0
sample,float,concave-u,relationship,8,2,2,4096,410,40036800,0,0
sample,float,concave-u,relationship,8,2,3,4096,410,39258400,0,0
sample,float,concave-u,relationship,8,2,4,4096,410,39283400,0,0
sample,float,concave-u,relationship,8,2,5,4096,410,39143600,0,0
sample,float,concave-u,relationship,8,2,6,4096,410,39369700,0,0
summary,float,concave-u,relationship,9523.608,9584.570,9774.609
sample,float,concave-u,clipping,8,2,0,256,26,30881200,10551296,2
sample,float,concave-u,clipping,8,2,1,256,26,30496600,10551296,2
sample,float,concave-u,clipping,8,2,2,256,26,30519000,10551296,2
sample,float,concave-u,clipping,8,2,3,256,26,30955400,10551296,2
sample,float,concave-u,clipping,8,2,4,256,26,31818800,10551296,2
sample,float,concave-u,clipping,8,2,5,256,26,31107900,10551296,2
sample,float,concave-u,clipping,8,2,6,256,26,31127600,10551296,2
summary,float,concave-u,clipping,119127.344,120919.531,124292.188
sample,float,hole,relationship,8,2,0,4096,410,39487000,0,0
sample,float,hole,relationship,8,2,1,4096,410,40971300,0,0
sample,float,hole,relationship,8,2,2,4096,410,39413700,0,0
sample,float,hole,relationship,8,2,3,4096,410,39221400,0,0
sample,float,hole,relationship,8,2,4,4096,410,39614600,0,0
sample,float,hole,relationship,8,2,5,4096,410,39032500,0,0
sample,float,hole,relationship,8,2,6,4096,410,40627200,0,0
summary,float,hole,relationship,9529.419,9640.381,10002.759
sample,float,hole,clipping,8,2,0,256,26,28657200,10551296,2
sample,float,hole,clipping,8,2,1,256,26,27737300,10551296,2
sample,float,hole,clipping,8,2,2,256,26,27658800,10551296,2
sample,float,hole,clipping,8,2,3,256,26,27373100,10551296,2
sample,float,hole,clipping,8,2,4,256,26,30432000,10551296,2
sample,float,hole,clipping,8,2,5,256,26,28504700,10551296,2
sample,float,hole,clipping,8,2,6,256,26,27646800,10551296,2
summary,float,hole,clipping,106926.172,108348.828,118875.000
sample,float,hole-reversed,relationship,8,2,0,4096,410,36749600,0,0
sample,float,hole-reversed,relationship,8,2,1,4096,410,38486900,0,0
sample,float,hole-reversed,relationship,8,2,2,4096,410,36719600,0,0
sample,float,hole-reversed,relationship,8,2,3,4096,410,36934400,0,0
sample,float,hole-reversed,relationship,8,2,4,4096,410,36587400,0,0
sample,float,hole-reversed,relationship,8,2,5,4096,410,37316900,0,0
sample,float,hole-reversed,relationship,8,2,6,4096,410,50633000,0,0
summary,float,hole-reversed,relationship,8932.471,9017.188,12361.572
sample,float,hole-reversed,clipping,8,2,0,256,26,29409700,10551296,2
sample,float,hole-reversed,clipping,8,2,1,256,26,29084400,10551296,2
sample,float,hole-reversed,clipping,8,2,2,256,26,28711400,10551296,2
sample,float,hole-reversed,clipping,8,2,3,256,26,29392100,10551296,2
sample,float,hole-reversed,clipping,8,2,4,256,26,29270000,10551296,2
sample,float,hole-reversed,clipping,8,2,5,256,26,29342100,10551296,2
sample,float,hole-reversed,clipping,8,2,6,256,26,38535300,10551296,2
summary,float,hole-reversed,clipping,112153.906,114617.578,150528.516
sample,float,rational-crossing,relationship,3,1,0,16384,1639,36176100,0,0
sample,float,rational-crossing,relationship,3,1,1,16384,1639,35938400,0,0
sample,float,rational-crossing,relationship,3,1,2,16384,1639,36012900,0,0
sample,float,rational-crossing,relationship,3,1,3,16384,1639,36143800,0,0
sample,float,rational-crossing,relationship,3,1,4,16384,1639,36087000,0,0
sample,float,rational-crossing,relationship,3,1,5,16384,1639,35847500,0,0
sample,float,rational-crossing,relationship,3,1,6,16384,1639,35901800,0,0
summary,float,rational-crossing,relationship,2187.958,2198.053,2208.014
sample,float,rational-crossing,clipping,3,1,0,512,52,24801300,10575872,2
sample,float,rational-crossing,clipping,3,1,1,512,52,24526700,10575872,2
sample,float,rational-crossing,clipping,3,1,2,512,52,24903700,10575872,2
sample,float,rational-crossing,clipping,3,1,3,512,52,24452900,10575872,2
sample,float,rational-crossing,clipping,3,1,4,512,52,25551900,10575872,2
sample,float,rational-crossing,clipping,3,1,5,512,52,24977700,10575872,2
sample,float,rational-crossing,clipping,3,1,6,512,52,24792800,10575872,2
summary,float,rational-crossing,clipping,47759.570,48440.039,49906.055
sample,float,sparse-1,relationship,4,1,0,8192,820,26427500,0,0
sample,float,sparse-1,relationship,4,1,1,8192,820,26277600,0,0
sample,float,sparse-1,relationship,4,1,2,8192,820,26637500,0,0
sample,float,sparse-1,relationship,4,1,3,8192,820,26332800,0,0
sample,float,sparse-1,relationship,4,1,4,8192,820,26076000,0,0
sample,float,sparse-1,relationship,4,1,5,8192,820,26331000,0,0
sample,float,sparse-1,relationship,4,1,6,8192,820,26381200,0,0
summary,float,sparse-1,relationship,3183.105,3214.453,3251.648
sample,float,sparse-1,clipping,4,1,0,512,52,24904700,12673024,3
sample,float,sparse-1,clipping,4,1,1,512,52,24632200,12673024,3
sample,float,sparse-1,clipping,4,1,2,512,52,24918900,12673024,3
sample,float,sparse-1,clipping,4,1,3,512,52,24404000,12673024,3
sample,float,sparse-1,clipping,4,1,4,512,52,25204700,12673024,3
sample,float,sparse-1,clipping,4,1,5,512,52,24605800,12673024,3
sample,float,sparse-1,clipping,4,1,6,512,52,25220600,12673024,3
summary,float,sparse-1,clipping,47664.062,48641.992,49258.984
sample,float,sparse-4,relationship,16,1,0,2048,205,32129000,0,0
sample,float,sparse-4,relationship,16,1,1,2048,205,32307300,0,0
sample,float,sparse-4,relationship,16,1,2,2048,205,33480000,0,0
sample,float,sparse-4,relationship,16,1,3,2048,205,31918800,0,0
sample,float,sparse-4,relationship,16,1,4,2048,205,32241900,0,0
sample,float,sparse-4,relationship,16,1,5,2048,205,32321900,0,0
sample,float,sparse-4,relationship,16,1,6,2048,205,31711000,0,0
summary,float,sparse-4,relationship,15483.887,15743.115,16347.656
sample,float,sparse-4,clipping,16,1,0,512,52,37261600,37838848,9
sample,float,sparse-4,clipping,16,1,1,512,52,33966400,37838848,9
sample,float,sparse-4,clipping,16,1,2,512,52,34303200,37838848,9
sample,float,sparse-4,clipping,16,1,3,512,52,33941100,37838848,9
sample,float,sparse-4,clipping,16,1,4,512,52,33910100,37838848,9
sample,float,sparse-4,clipping,16,1,5,512,52,33550800,37838848,9
sample,float,sparse-4,clipping,16,1,6,512,52,32995700,37838848,9
summary,float,sparse-4,clipping,64444.727,66291.211,72776.562
sample,float,sparse-16,relationship,64,1,0,512,52,32364800,0,0
sample,float,sparse-16,relationship,64,1,1,512,52,32478000,0,0
sample,float,sparse-16,relationship,64,1,2,512,52,32270700,0,0
sample,float,sparse-16,relationship,64,1,3,512,52,32391700,0,0
sample,float,sparse-16,relationship,64,1,4,512,52,32260400,0,0
sample,float,sparse-16,relationship,64,1,5,512,52,32206300,0,0
sample,float,sparse-16,relationship,64,1,6,512,52,31463200,0,0
summary,float,sparse-16,relationship,61451.562,63028.711,63433.594
sample,float,sparse-16,clipping,64,1,0,256,26,37806900,71348224,21
sample,float,sparse-16,clipping,64,1,1,256,26,36433000,71348224,21
sample,float,sparse-16,clipping,64,1,2,256,26,35868900,71348224,21
sample,float,sparse-16,clipping,64,1,3,256,26,35573800,71348224,21
sample,float,sparse-16,clipping,64,1,4,256,26,35210800,71348224,21
sample,float,sparse-16,clipping,64,1,5,256,26,35195600,71348224,21
sample,float,sparse-16,clipping,64,1,6,256,26,35447700,71348224,21
summary,float,sparse-16,clipping,137482.812,138960.156,147683.203
sample,float,sparse-64,relationship,256,1,0,128,13,33594900,0,0
sample,float,sparse-64,relationship,256,1,1,128,13,33520000,0,0
sample,float,sparse-64,relationship,256,1,2,128,13,33778700,0,0
sample,float,sparse-64,relationship,256,1,3,128,13,33797600,0,0
sample,float,sparse-64,relationship,256,1,4,128,13,33595600,0,0
sample,float,sparse-64,relationship,256,1,5,128,13,33590300,0,0
sample,float,sparse-64,relationship,256,1,6,128,13,33694300,0,0
summary,float,sparse-64,relationship,261875.000,262465.625,264043.750
sample,float,sparse-64,clipping,256,1,0,64,7,38201600,70003712,9
sample,float,sparse-64,clipping,256,1,1,64,7,37040400,70003712,8
sample,float,sparse-64,clipping,256,1,2,64,7,36195900,70003712,8
sample,float,sparse-64,clipping,256,1,3,64,7,36074400,70003712,8
sample,float,sparse-64,clipping,256,1,4,64,7,36852700,70003712,8
sample,float,sparse-64,clipping,256,1,5,64,7,36480800,70003712,8
sample,float,sparse-64,clipping,256,1,6,64,7,36747600,70003712,8
summary,float,sparse-64,clipping,563662.500,574181.250,596900.000
sample,float,dense-1,relationship,4,1,0,8192,820,26571300,0,0
sample,float,dense-1,relationship,4,1,1,8192,820,26333300,0,0
sample,float,dense-1,relationship,4,1,2,8192,820,26589000,0,0
sample,float,dense-1,relationship,4,1,3,8192,820,26257100,0,0
sample,float,dense-1,relationship,4,1,4,8192,820,26091200,0,0
sample,float,dense-1,relationship,4,1,5,8192,820,26408500,0,0
sample,float,dense-1,relationship,4,1,6,8192,820,26025800,0,0
summary,float,dense-1,relationship,3176.978,3214.514,3245.728
sample,float,dense-1,clipping,4,1,0,512,52,25034100,12673024,3
sample,float,dense-1,clipping,4,1,1,512,52,24961000,12673024,3
sample,float,dense-1,clipping,4,1,2,512,52,24784400,12673024,3
sample,float,dense-1,clipping,4,1,3,512,52,24597700,12673024,3
sample,float,dense-1,clipping,4,1,4,512,52,24864100,12673024,3
sample,float,dense-1,clipping,4,1,5,512,52,24634500,12673024,3
sample,float,dense-1,clipping,4,1,6,512,52,24493100,12673024,3
summary,float,dense-1,clipping,47838.086,48407.031,48894.727
sample,float,dense-4,relationship,16,4,0,1024,103,22149100,0,0
sample,float,dense-4,relationship,16,4,1,1024,103,21889600,0,0
sample,float,dense-4,relationship,16,4,2,1024,103,21898200,0,0
sample,float,dense-4,relationship,16,4,3,1024,103,22032000,0,0
sample,float,dense-4,relationship,16,4,4,1024,103,23181800,0,0
sample,float,dense-4,relationship,16,4,5,1024,103,21992500,0,0
sample,float,dense-4,relationship,16,4,6,1024,103,22159800,0,0
summary,float,dense-4,relationship,21376.562,21515.625,22638.477
sample,float,dense-4,clipping,16,4,0,128,13,32327700,9488384,2
sample,float,dense-4,clipping,16,4,1,128,13,32136000,9488384,2
sample,float,dense-4,clipping,16,4,2,128,13,32273500,9488384,2
sample,float,dense-4,clipping,16,4,3,128,13,31781000,9488384,2
sample,float,dense-4,clipping,16,4,4,128,13,31964900,9488384,2
sample,float,dense-4,clipping,16,4,5,128,13,32400900,9488384,2
sample,float,dense-4,clipping,16,4,6,128,13,33320300,9488384,2
summary,float,dense-4,clipping,248289.062,252136.719,260314.844
sample,float,dense-16,relationship,64,16,0,256,26,24969800,0,0
sample,float,dense-16,relationship,64,16,1,256,26,24662500,0,0
sample,float,dense-16,relationship,64,16,2,256,26,24538300,0,0
sample,float,dense-16,relationship,64,16,3,256,26,24386200,0,0
sample,float,dense-16,relationship,64,16,4,256,26,24516000,0,0
sample,float,dense-16,relationship,64,16,5,256,26,24444700,0,0
sample,float,dense-16,relationship,64,16,6,256,26,25665500,0,0
summary,float,dense-16,relationship,95258.594,95852.734,100255.859
sample,float,dense-16,clipping,64,16,0,32,4,39059400,8965632,2
sample,float,dense-16,clipping,64,16,1,32,4,48213900,8965632,2
sample,float,dense-16,clipping,64,16,2,32,4,37339700,8965632,2
sample,float,dense-16,clipping,64,16,3,32,4,37270500,8965632,2
sample,float,dense-16,clipping,64,16,4,32,4,37250200,8965632,2
sample,float,dense-16,clipping,64,16,5,32,4,37857800,8965632,2
sample,float,dense-16,clipping,64,16,6,32,4,36987900,8965632,2
summary,float,dense-16,clipping,1155871.875,1166865.625,1506684.375
sample,float,dense-64,relationship,256,64,0,64,7,24443000,0,0
sample,float,dense-64,relationship,256,64,1,64,7,23983200,0,0
sample,float,dense-64,relationship,256,64,2,64,7,23729000,0,0
sample,float,dense-64,relationship,256,64,3,64,7,24195300,0,0
sample,float,dense-64,relationship,256,64,4,64,7,24012100,0,0
sample,float,dense-64,relationship,256,64,5,64,7,24215900,0,0
sample,float,dense-64,relationship,256,64,6,64,7,23916500,0,0
summary,float,dense-64,relationship,370765.625,375189.062,381921.875
sample,float,dense-64,clipping,256,64,0,4,1,22075800,4403200,1
sample,float,dense-64,clipping,256,64,1,4,1,21916200,4403200,1
sample,float,dense-64,clipping,256,64,2,4,1,21698400,4403200,1
sample,float,dense-64,clipping,256,64,3,4,1,22173600,4403200,1
sample,float,dense-64,clipping,256,64,4,4,1,21981800,4403200,1
sample,float,dense-64,clipping,256,64,5,4,1,21596200,4403200,1
sample,float,dense-64,clipping,256,64,6,4,1,21773000,4403200,1
summary,float,dense-64,clipping,5399050.000,5479050.000,5543400.000
sample,float,subnormal,relationship,4,1,0,8192,820,25865900,0,0
sample,float,subnormal,relationship,4,1,1,8192,820,25874000,0,0
sample,float,subnormal,relationship,4,1,2,8192,820,25860000,0,0
sample,float,subnormal,relationship,4,1,3,8192,820,25977900,0,0
sample,float,subnormal,relationship,4,1,4,8192,820,27982900,0,0
sample,float,subnormal,relationship,4,1,5,8192,820,27580800,0,0
sample,float,subnormal,relationship,4,1,6,8192,820,27094100,0,0
summary,float,subnormal,relationship,3156.738,3171.130,3415.881
sample,float,subnormal,clipping,4,1,0,512,52,24915600,12673024,3
sample,float,subnormal,clipping,4,1,1,512,52,25052100,12673024,3
sample,float,subnormal,clipping,4,1,2,512,52,24823200,12673024,3
sample,float,subnormal,clipping,4,1,3,512,52,25213800,12673024,3
sample,float,subnormal,clipping,4,1,4,512,52,24800700,12673024,3
sample,float,subnormal,clipping,4,1,5,512,52,25170500,12673024,3
sample,float,subnormal,clipping,4,1,6,512,52,24851000,12673024,3
summary,float,subnormal,clipping,48438.867,48663.281,49245.703
sample,float,large-finite,relationship,4,1,0,8192,820,26876500,0,0
sample,float,large-finite,relationship,4,1,1,8192,820,27223300,0,0
sample,float,large-finite,relationship,4,1,2,8192,820,27032100,0,0
sample,float,large-finite,relationship,4,1,3,8192,820,26609800,0,0
sample,float,large-finite,relationship,4,1,4,8192,820,26985400,0,0
sample,float,large-finite,relationship,4,1,5,8192,820,27517500,0,0
sample,float,large-finite,relationship,4,1,6,8192,820,26639400,0,0
summary,float,large-finite,relationship,3248.267,3294.116,3359.070
sample,float,large-finite,clipping,4,1,0,512,52,26344200,12673024,3
sample,float,large-finite,clipping,4,1,1,512,52,26539400,12673024,3
sample,float,large-finite,clipping,4,1,2,512,52,26036800,12673024,3
sample,float,large-finite,clipping,4,1,3,512,52,26427800,12673024,3
sample,float,large-finite,clipping,4,1,4,512,52,26024200,12673024,3
sample,float,large-finite,clipping,4,1,5,512,52,26544600,12673024,3
sample,float,large-finite,clipping,4,1,6,512,52,26233500,12673024,3
summary,float,large-finite,clipping,50828.516,51453.516,51844.922
fixture,double,exterior,4,1,success,0
fixture,double,interior,4,4,success,1
fixture,double,crossing,4,7,success,1
fixture,double,boundary-only,4,10,success,1
fixture,double,boundary-overlap,4,11,success,1
fixture,double,isolated-tangent,4,3,success,0
fixture,double,degenerate-interior,4,4,success,0
fixture,double,degenerate-boundary,4,2,success,0
fixture,double,empty,0,1,success,0
fixture,double,concave-u,8,7,success,2
fixture,double,hole,8,7,success,2
fixture,double,hole-reversed,8,7,success,2
fixture,double,rational-crossing,3,7,success,1
fixture,double,sparse-1,4,7,success,1
fixture,double,sparse-4,16,7,success,1
fixture,double,sparse-16,64,7,success,1
fixture,double,sparse-64,256,7,success,1
fixture,double,dense-1,4,7,success,1
fixture,double,dense-4,16,7,success,4
fixture,double,dense-16,64,7,success,16
fixture,double,dense-64,256,7,success,64
fixture,double,subnormal,4,7,success,1
fixture,double,large-finite,4,7,success,1
preflight,double,23,PASS
sample,double,exterior,relationship,4,0,0,8192,820,26648600,0,0
sample,double,exterior,relationship,4,0,1,8192,820,26442600,0,0
sample,double,exterior,relationship,4,0,2,8192,820,31272800,0,0
sample,double,exterior,relationship,4,0,3,8192,820,30309700,0,0
sample,double,exterior,relationship,4,0,4,8192,820,26671900,0,0
sample,double,exterior,relationship,4,0,5,8192,820,26023100,0,0
sample,double,exterior,relationship,4,0,6,8192,820,26521100,0,0
summary,double,exterior,relationship,3176.648,3253.003,3817.480
sample,double,exterior,clipping,4,0,0,4096,410,34923800,101056512,24
sample,double,exterior,clipping,4,0,1,4096,410,34933200,101056512,24
sample,double,exterior,clipping,4,0,2,4096,410,35656300,101056512,24
sample,double,exterior,clipping,4,0,3,4096,410,35517500,101056512,24
sample,double,exterior,clipping,4,0,4,4096,410,35656900,101056512,24
sample,double,exterior,clipping,4,0,5,4096,410,36091100,101056512,24
sample,double,exterior,clipping,4,0,6,4096,410,36092400,101056512,24
summary,double,exterior,clipping,8526.318,8705.151,8811.621
sample,double,interior,relationship,4,1,0,8192,820,27329500,0,0
sample,double,interior,relationship,4,1,1,8192,820,27365100,0,0
sample,double,interior,relationship,4,1,2,8192,820,27078000,0,0
sample,double,interior,relationship,4,1,3,8192,820,27202000,0,0
sample,double,interior,relationship,4,1,4,8192,820,27412900,0,0
sample,double,interior,relationship,4,1,5,8192,820,26506900,0,0
sample,double,interior,relationship,4,1,6,8192,820,27246000,0,0
summary,double,interior,relationship,3235.706,3325.928,3346.301
sample,double,interior,clipping,4,1,0,1024,103,19942000,25313280,6
sample,double,interior,clipping,4,1,1,1024,103,20229600,25313280,6
sample,double,interior,clipping,4,1,2,1024,103,19219900,25313280,6
sample,double,interior,clipping,4,1,3,1024,103,20447800,25313280,6
sample,double,interior,clipping,4,1,4,1024,103,19770500,25313280,6
sample,double,interior,clipping,4,1,5,1024,103,19775400,25313280,6
sample,double,interior,clipping,4,1,6,1024,103,19534100,25313280,6
summary,double,interior,clipping,18769.434,19311.914,19968.555
sample,double,crossing,relationship,4,1,0,8192,820,26019900,0,0
sample,double,crossing,relationship,4,1,1,8192,820,26370900,0,0
sample,double,crossing,relationship,4,1,2,8192,820,25811400,0,0
sample,double,crossing,relationship,4,1,3,8192,820,26155800,0,0
sample,double,crossing,relationship,4,1,4,8192,820,25817600,0,0
sample,double,crossing,relationship,4,1,5,8192,820,26046200,0,0
sample,double,crossing,relationship,4,1,6,8192,820,26003100,0,0
summary,double,crossing,relationship,3150.806,3176.257,3219.104
sample,double,crossing,clipping,4,1,0,512,52,23668700,12673024,3
sample,double,crossing,clipping,4,1,1,512,52,23603300,12673024,3
sample,double,crossing,clipping,4,1,2,512,52,23579400,12673024,3
sample,double,crossing,clipping,4,1,3,512,52,23420600,12673024,3
sample,double,crossing,clipping,4,1,4,512,52,22661700,12673024,3
sample,double,crossing,clipping,4,1,5,512,52,22796100,12673024,3
sample,double,crossing,clipping,4,1,6,512,52,22869600,12673024,3
summary,double,crossing,clipping,44261.133,45743.359,46227.930
sample,double,boundary-only,relationship,4,1,0,8192,820,28214500,0,0
sample,double,boundary-only,relationship,4,1,1,8192,820,28155900,0,0
sample,double,boundary-only,relationship,4,1,2,8192,820,29309500,0,0
sample,double,boundary-only,relationship,4,1,3,8192,820,28824700,0,0
sample,double,boundary-only,relationship,4,1,4,8192,820,28153200,0,0
sample,double,boundary-only,relationship,4,1,5,8192,820,28626400,0,0
sample,double,boundary-only,relationship,4,1,6,8192,820,28057600,0,0
summary,double,boundary-only,relationship,3425.000,3444.153,3577.820
sample,double,boundary-only,clipping,4,1,0,1024,103,27494400,25313280,6
sample,double,boundary-only,clipping,4,1,1,1024,103,27026000,25313280,6
sample,double,boundary-only,clipping,4,1,2,1024,103,27434000,25313280,6
sample,double,boundary-only,clipping,4,1,3,1024,103,27482000,25313280,6
sample,double,boundary-only,clipping,4,1,4,1024,103,27541400,25313280,6
sample,double,boundary-only,clipping,4,1,5,1024,103,27441000,25313280,6
sample,double,boundary-only,clipping,4,1,6,1024,103,27483100,25313280,6
summary,double,boundary-only,clipping,26392.578,26837.891,26895.898
sample,double,boundary-overlap,relationship,4,1,0,8192,820,33535500,0,0
sample,double,boundary-overlap,relationship,4,1,1,8192,820,33897000,0,0
sample,double,boundary-overlap,relationship,4,1,2,8192,820,33442000,0,0
sample,double,boundary-overlap,relationship,4,1,3,8192,820,33485600,0,0
sample,double,boundary-overlap,relationship,4,1,4,8192,820,35475400,0,0
sample,double,boundary-overlap,relationship,4,1,5,8192,820,36699100,0,0
sample,double,boundary-overlap,relationship,4,1,6,8192,820,36394100,0,0
summary,double,boundary-overlap,relationship,4082.275,4137.817,4479.871
sample,double,boundary-overlap,clipping,4,1,0,1024,103,32127200,25346048,6
sample,double,boundary-overlap,clipping,4,1,1,1024,103,32230800,25346048,6
sample,double,boundary-overlap,clipping,4,1,2,1024,103,32069400,25346048,6
sample,double,boundary-overlap,clipping,4,1,3,1024,103,31522700,25346048,6
sample,double,boundary-overlap,clipping,4,1,4,1024,103,32122600,25346048,6
sample,double,boundary-overlap,clipping,4,1,5,1024,103,31946800,25346048,6
sample,double,boundary-overlap,clipping,4,1,6,1024,103,31998600,25346048,6
summary,double,boundary-overlap,clipping,30783.887,31317.773,31475.391
sample,double,isolated-tangent,relationship,4,0,0,4096,410,21843300,0,0
sample,double,isolated-tangent,relationship,4,0,1,4096,410,22460300,0,0
sample,double,isolated-tangent,relationship,4,0,2,4096,410,21709200,0,0
sample,double,isolated-tangent,relationship,4,0,3,4096,410,21649400,0,0
sample,double,isolated-tangent,relationship,4,0,4,4096,410,22752500,0,0
sample,double,isolated-tangent,relationship,4,0,5,4096,410,21542100,0,0
sample,double,isolated-tangent,relationship,4,0,6,4096,410,21635900,0,0
summary,double,isolated-tangent,relationship,5259.302,5300.098,5554.810
sample,double,isolated-tangent,clipping,4,0,0,2048,205,32851000,50528256,12
sample,double,isolated-tangent,clipping,4,0,1,2048,205,33299300,50528256,12
sample,double,isolated-tangent,clipping,4,0,2,2048,205,33176600,50528256,12
sample,double,isolated-tangent,clipping,4,0,3,2048,205,32818900,50528256,12
sample,double,isolated-tangent,clipping,4,0,4,2048,205,32209400,50528256,12
sample,double,isolated-tangent,clipping,4,0,5,2048,205,32159100,50528256,12
sample,double,isolated-tangent,clipping,4,0,6,2048,205,32226300,50528256,12
summary,double,isolated-tangent,clipping,15702.686,16024.854,16259.424
sample,double,degenerate-interior,relationship,4,0,0,65536,6554,4753500,0,0
sample,double,degenerate-interior,relationship,4,0,1,65536,6554,5129400,0,0
sample,double,degenerate-interior,relationship,4,0,2,65536,6554,5255900,0,0
sample,double,degenerate-interior,relationship,4,0,3,65536,6554,4785300,0,0
sample,double,degenerate-interior,relationship,4,0,4,65536,6554,4764100,0,0
sample,double,degenerate-interior,relationship,4,0,5,65536,6554,5340300,0,0
sample,double,degenerate-interior,relationship,4,0,6,65536,6554,4768400,0,0
summary,double,degenerate-interior,relationship,72.533,73.018,81.487
sample,double,degenerate-interior,clipping,4,0,0,65536,6554,839500,0,0
sample,double,degenerate-interior,clipping,4,0,1,65536,6554,882200,0,0
sample,double,degenerate-interior,clipping,4,0,2,65536,6554,838000,0,0
sample,double,degenerate-interior,clipping,4,0,3,65536,6554,881300,0,0
sample,double,degenerate-interior,clipping,4,0,4,65536,6554,847300,0,0
sample,double,degenerate-interior,clipping,4,0,5,65536,6554,1115800,0,0
sample,double,degenerate-interior,clipping,4,0,6,65536,6554,950400,0,0
summary,double,degenerate-interior,clipping,12.787,13.448,17.026
sample,double,degenerate-boundary,relationship,4,0,0,65536,6554,4552100,0,0
sample,double,degenerate-boundary,relationship,4,0,1,65536,6554,5256100,0,0
sample,double,degenerate-boundary,relationship,4,0,2,65536,6554,4555800,0,0
sample,double,degenerate-boundary,relationship,4,0,3,65536,6554,4541700,0,0
sample,double,degenerate-boundary,relationship,4,0,4,65536,6554,5236700,0,0
sample,double,degenerate-boundary,relationship,4,0,5,65536,6554,4543800,0,0
sample,double,degenerate-boundary,relationship,4,0,6,65536,6554,4564400,0,0
summary,double,degenerate-boundary,relationship,69.301,69.516,80.202
sample,double,degenerate-boundary,clipping,4,0,0,65536,6554,876100,0,0
sample,double,degenerate-boundary,clipping,4,0,1,65536,6554,883000,0,0
sample,double,degenerate-boundary,clipping,4,0,2,65536,6554,1351000,0,0
sample,double,degenerate-boundary,clipping,4,0,3,65536,6554,904800,0,0
sample,double,degenerate-boundary,clipping,4,0,4,65536,6554,1057900,0,0
sample,double,degenerate-boundary,clipping,4,0,5,65536,6554,903000,0,0
sample,double,degenerate-boundary,clipping,4,0,6,65536,6554,916700,0,0
summary,double,degenerate-boundary,clipping,13.368,13.806,20.615
sample,double,empty,relationship,0,0,0,65536,6554,1395600,0,0
sample,double,empty,relationship,0,0,1,65536,6554,1395400,0,0
sample,double,empty,relationship,0,0,2,65536,6554,1395000,0,0
sample,double,empty,relationship,0,0,3,65536,6554,1395100,0,0
sample,double,empty,relationship,0,0,4,65536,6554,1394900,0,0
sample,double,empty,relationship,0,0,5,65536,6554,1675700,0,0
sample,double,empty,relationship,0,0,6,65536,6554,1815000,0,0
summary,double,empty,relationship,21.284,21.292,27.695
sample,double,empty,clipping,0,0,0,65536,6554,1056800,0,0
sample,double,empty,clipping,0,0,1,65536,6554,1055600,0,0
sample,double,empty,clipping,0,0,2,65536,6554,1062800,0,0
sample,double,empty,clipping,0,0,3,65536,6554,1054700,0,0
sample,double,empty,clipping,0,0,4,65536,6554,1055000,0,0
sample,double,empty,clipping,0,0,5,65536,6554,1055500,0,0
sample,double,empty,clipping,0,0,6,65536,6554,1062800,0,0
summary,double,empty,clipping,16.093,16.107,16.217
sample,double,concave-u,relationship,8,2,0,4096,410,38045600,0,0
sample,double,concave-u,relationship,8,2,1,4096,410,38499300,0,0
sample,double,concave-u,relationship,8,2,2,4096,410,37866100,0,0
sample,double,concave-u,relationship,8,2,3,4096,410,37642100,0,0
sample,double,concave-u,relationship,8,2,4,4096,410,38085400,0,0
sample,double,concave-u,relationship,8,2,5,4096,410,37975100,0,0
sample,double,concave-u,relationship,8,2,6,4096,410,37771500,0,0
summary,double,concave-u,relationship,9189.966,9271.265,9399.243
sample,double,concave-u,clipping,8,2,0,256,26,28890900,10551296,2
sample,double,concave-u,clipping,8,2,1,256,26,29376500,10551296,2
sample,double,concave-u,clipping,8,2,2,256,26,29225200,10551296,2
sample,double,concave-u,clipping,8,2,3,256,26,29290600,10551296,2
sample,double,concave-u,clipping,8,2,4,256,26,28699400,10551296,2
sample,double,concave-u,clipping,8,2,5,256,26,29901900,10551296,2
sample,double,concave-u,clipping,8,2,6,256,26,29657600,10551296,2
summary,double,concave-u,clipping,112107.031,114416.406,116804.297
sample,double,hole,relationship,8,2,0,4096,410,38641300,0,0
sample,double,hole,relationship,8,2,1,4096,410,38861300,0,0
sample,double,hole,relationship,8,2,2,4096,410,38775700,0,0
sample,double,hole,relationship,8,2,3,4096,410,38420100,0,0
sample,double,hole,relationship,8,2,4,4096,410,38271200,0,0
sample,double,hole,relationship,8,2,5,4096,410,38342700,0,0
sample,double,hole,relationship,8,2,6,4096,410,48036200,0,0
summary,double,hole,relationship,9343.555,9433.911,11727.588
sample,double,hole,clipping,8,2,0,256,26,29486700,10551296,2
sample,double,hole,clipping,8,2,1,256,26,28291500,10551296,2
sample,double,hole,clipping,8,2,2,256,26,27855000,10551296,2
sample,double,hole,clipping,8,2,3,256,26,28264700,10551296,2
sample,double,hole,clipping,8,2,4,256,26,27984900,10551296,2
sample,double,hole,clipping,8,2,5,256,26,27227500,10551296,2
sample,double,hole,clipping,8,2,6,256,26,27286500,10551296,2
summary,double,hole,clipping,106357.422,109316.016,115182.422
sample,double,hole-reversed,relationship,8,2,0,4096,410,36100500,0,0
sample,double,hole-reversed,relationship,8,2,1,4096,410,36359600,0,0
sample,double,hole-reversed,relationship,8,2,2,4096,410,36034900,0,0
sample,double,hole-reversed,relationship,8,2,3,4096,410,36171600,0,0
sample,double,hole-reversed,relationship,8,2,4,4096,410,36119700,0,0
sample,double,hole-reversed,relationship,8,2,5,4096,410,36443200,0,0
sample,double,hole-reversed,relationship,8,2,6,4096,410,36075800,0,0
summary,double,hole-reversed,relationship,8797.583,8818.286,8897.266
sample,double,hole-reversed,clipping,8,2,0,256,26,27241700,10551296,2
sample,double,hole-reversed,clipping,8,2,1,256,26,27267700,10551296,2
sample,double,hole-reversed,clipping,8,2,2,256,26,26822100,10551296,2
sample,double,hole-reversed,clipping,8,2,3,256,26,27600500,10551296,2
sample,double,hole-reversed,clipping,8,2,4,256,26,27793500,10551296,2
sample,double,hole-reversed,clipping,8,2,5,256,26,27381200,10551296,2
sample,double,hole-reversed,clipping,8,2,6,256,26,27447000,10551296,2
summary,double,hole-reversed,clipping,104773.828,106957.812,108568.359
sample,double,rational-crossing,relationship,3,1,0,16384,1639,32961500,0,0
sample,double,rational-crossing,relationship,3,1,1,16384,1639,33015300,0,0
sample,double,rational-crossing,relationship,3,1,2,16384,1639,45311100,0,0
sample,double,rational-crossing,relationship,3,1,3,16384,1639,35250400,0,0
sample,double,rational-crossing,relationship,3,1,4,16384,1639,35351100,0,0
sample,double,rational-crossing,relationship,3,1,5,16384,1639,35303500,0,0
sample,double,rational-crossing,relationship,3,1,6,16384,1639,35109500,0,0
summary,double,rational-crossing,relationship,2011.810,2151.514,2765.570
sample,double,rational-crossing,clipping,3,1,0,512,52,24814000,10575872,2
sample,double,rational-crossing,clipping,3,1,1,512,52,25747400,10575872,2
sample,double,rational-crossing,clipping,3,1,2,512,52,24834000,10575872,2
sample,double,rational-crossing,clipping,3,1,3,512,52,25539300,10575872,2
sample,double,rational-crossing,clipping,3,1,4,512,52,25134000,10575872,2
sample,double,rational-crossing,clipping,3,1,5,512,52,25475500,10575872,2
sample,double,rational-crossing,clipping,3,1,6,512,52,24898000,10575872,2
summary,double,rational-crossing,clipping,48464.844,49089.844,50287.891
sample,double,sparse-1,relationship,4,1,0,8192,820,26646500,0,0
sample,double,sparse-1,relationship,4,1,1,8192,820,27186900,0,0
sample,double,sparse-1,relationship,4,1,2,8192,820,26750700,0,0
sample,double,sparse-1,relationship,4,1,3,8192,820,26719300,0,0
sample,double,sparse-1,relationship,4,1,4,8192,820,27127200,0,0
sample,double,sparse-1,relationship,4,1,5,8192,820,26409300,0,0
sample,double,sparse-1,relationship,4,1,6,8192,820,26740300,0,0
summary,double,sparse-1,relationship,3223.792,3264.197,3318.713
sample,double,sparse-1,clipping,4,1,0,512,52,26031600,12673024,3
sample,double,sparse-1,clipping,4,1,1,512,52,25257200,12673024,3
sample,double,sparse-1,clipping,4,1,2,512,52,25637800,12673024,3
sample,double,sparse-1,clipping,4,1,3,512,52,25270800,12673024,3
sample,double,sparse-1,clipping,4,1,4,512,52,25879900,12673024,3
sample,double,sparse-1,clipping,4,1,5,512,52,25194900,12673024,3
sample,double,sparse-1,clipping,4,1,6,512,52,25880600,12673024,3
summary,double,sparse-1,clipping,49208.789,50073.828,50842.969
sample,double,sparse-4,relationship,16,1,0,2048,205,31616800,0,0
sample,double,sparse-4,relationship,16,1,1,2048,205,31285500,0,0
sample,double,sparse-4,relationship,16,1,2,2048,205,40896100,0,0
sample,double,sparse-4,relationship,16,1,3,2048,205,31846600,0,0
sample,double,sparse-4,relationship,16,1,4,2048,205,31775800,0,0
sample,double,sparse-4,relationship,16,1,5,2048,205,31579500,0,0
sample,double,sparse-4,relationship,16,1,6,2048,205,31892100,0,0
summary,double,sparse-4,relationship,15276.123,15515.527,19968.799
sample,double,sparse-4,clipping,16,1,0,512,52,33648500,37838848,9
sample,double,sparse-4,clipping,16,1,1,512,52,33515800,37838848,9
sample,double,sparse-4,clipping,16,1,2,512,52,33393000,37838848,9
sample,double,sparse-4,clipping,16,1,3,512,52,33463200,37838848,9
sample,double,sparse-4,clipping,16,1,4,512,52,33306700,37838848,9
sample,double,sparse-4,clipping,16,1,5,512,52,33660000,37838848,9
sample,double,sparse-4,clipping,16,1,6,512,52,33804100,37838848,9
summary,double,sparse-4,clipping,65052.148,65460.547,66023.633
sample,double,sparse-16,relationship,64,1,0,512,52,31868700,0,0
sample,double,sparse-16,relationship,64,1,1,512,52,31778100,0,0
sample,double,sparse-16,relationship,64,1,2,512,52,31774600,0,0
sample,double,sparse-16,relationship,64,1,3,512,52,31871100,0,0
sample,double,sparse-16,relationship,64,1,4,512,52,31817400,0,0
sample,double,sparse-16,relationship,64,1,5,512,52,31331100,0,0
sample,double,sparse-16,relationship,64,1,6,512,52,31863500,0,0
summary,double,sparse-16,relationship,61193.555,62143.359,62248.242
sample,double,sparse-16,clipping,64,1,0,256,26,36271500,71348224,21
sample,double,sparse-16,clipping,64,1,1,256,26,37249500,71348224,21
sample,double,sparse-16,clipping,64,1,2,256,26,36925700,71348224,21
sample,double,sparse-16,clipping,64,1,3,256,26,35395500,71348224,21
sample,double,sparse-16,clipping,64,1,4,256,26,34993300,71348224,21
sample,double,sparse-16,clipping,64,1,5,256,26,43844600,71348224,21
sample,double,sparse-16,clipping,64,1,6,256,26,34373200,71348224,21
summary,double,sparse-16,clipping,134270.312,141685.547,171267.969
sample,double,sparse-64,relationship,256,1,0,128,13,30883900,0,0
sample,double,sparse-64,relationship,256,1,1,128,13,30134800,0,0
sample,double,sparse-64,relationship,256,1,2,128,13,29877600,0,0
sample,double,sparse-64,relationship,256,1,3,128,13,30918000,0,0
sample,double,sparse-64,relationship,256,1,4,128,13,30483500,0,0
sample,double,sparse-64,relationship,256,1,5,128,13,30366200,0,0
sample,double,sparse-64,relationship,256,1,6,128,13,30346700,0,0
summary,double,sparse-64,relationship,233418.750,237235.938,241546.875
sample,double,sparse-64,clipping,256,1,0,64,7,34066400,70003712,9
sample,double,sparse-64,clipping,256,1,1,64,7,32938900,70003712,8
sample,double,sparse-64,clipping,256,1,2,64,7,32283000,70003712,8
sample,double,sparse-64,clipping,256,1,3,64,7,32295700,70003712,8
sample,double,sparse-64,clipping,256,1,4,64,7,32612600,70003712,8
sample,double,sparse-64,clipping,256,1,5,64,7,32595200,70003712,8
sample,double,sparse-64,clipping,256,1,6,64,7,32211600,70003712,8
summary,double,sparse-64,clipping,503306.250,509300.000,532287.500
sample,double,dense-1,relationship,4,1,0,8192,820,25089800,0,0
sample,double,dense-1,relationship,4,1,1,8192,820,25305700,0,0
sample,double,dense-1,relationship,4,1,2,8192,820,24862200,0,0
sample,double,dense-1,relationship,4,1,3,8192,820,24919100,0,0
sample,double,dense-1,relationship,4,1,4,8192,820,24935000,0,0
sample,double,dense-1,relationship,4,1,5,8192,820,25704000,0,0
sample,double,dense-1,relationship,4,1,6,8192,820,24914500,0,0
summary,double,dense-1,relationship,3034.937,3043.823,3137.695
sample,double,dense-1,clipping,4,1,0,512,52,23233700,12673024,3
sample,double,dense-1,clipping,4,1,1,512,52,23276900,12673024,3
sample,double,dense-1,clipping,4,1,2,512,52,25987600,12673024,3
sample,double,dense-1,clipping,4,1,3,512,52,23753900,12673024,3
sample,double,dense-1,clipping,4,1,4,512,52,36912200,12673024,3
sample,double,dense-1,clipping,4,1,5,512,52,24573100,12673024,3
sample,double,dense-1,clipping,4,1,6,512,52,26096200,12673024,3
summary,double,dense-1,clipping,45378.320,47994.336,72094.141
sample,double,dense-4,relationship,16,4,0,1024,103,22233200,0,0
sample,double,dense-4,relationship,16,4,1,1024,103,21887800,0,0
sample,double,dense-4,relationship,16,4,2,1024,103,22465200,0,0
sample,double,dense-4,relationship,16,4,3,1024,103,22284300,0,0
sample,double,dense-4,relationship,16,4,4,1024,103,22428000,0,0
sample,double,dense-4,relationship,16,4,5,1024,103,23004100,0,0
sample,double,dense-4,relationship,16,4,6,1024,103,21864100,0,0
summary,double,dense-4,relationship,21351.660,21762.012,22464.941
sample,double,dense-4,clipping,16,4,0,128,13,33173200,9488384,2
sample,double,dense-4,clipping,16,4,1,128,13,32770500,9488384,2
sample,double,dense-4,clipping,16,4,2,128,13,32927200,9488384,2
sample,double,dense-4,clipping,16,4,3,128,13,32778400,9488384,2
sample,double,dense-4,clipping,16,4,4,128,13,32691700,9488384,2
sample,double,dense-4,clipping,16,4,5,128,13,32575500,9488384,2
sample,double,dense-4,clipping,16,4,6,128,13,33755200,9488384,2
summary,double,dense-4,clipping,254496.094,256081.250,263712.500
sample,double,dense-16,relationship,64,16,0,256,26,23858800,0,0
sample,double,dense-16,relationship,64,16,1,256,26,23976700,0,0
sample,double,dense-16,relationship,64,16,2,256,26,23690100,0,0
sample,double,dense-16,relationship,64,16,3,256,26,24501600,0,0
sample,double,dense-16,relationship,64,16,4,256,26,23724400,0,0
sample,double,dense-16,relationship,64,16,5,256,26,24151200,0,0
sample,double,dense-16,relationship,64,16,6,256,26,23724400,0,0
summary,double,dense-16,relationship,92539.453,93198.438,95709.375
sample,double,dense-16,clipping,64,16,0,32,4,38641600,8965632,2
sample,double,dense-16,clipping,64,16,1,32,4,39027700,8965632,2
sample,double,dense-16,clipping,64,16,2,32,4,39129700,8965632,2
sample,double,dense-16,clipping,64,16,3,32,4,48318200,8965632,2
sample,double,dense-16,clipping,64,16,4,32,4,38279200,8965632,2
sample,double,dense-16,clipping,64,16,5,32,4,38848300,8965632,2
sample,double,dense-16,clipping,64,16,6,32,4,38081200,8965632,2
summary,double,dense-16,clipping,1190037.500,1214009.375,1509943.750
sample,double,dense-64,relationship,256,64,0,64,7,23834000,0,0
sample,double,dense-64,relationship,256,64,1,64,7,24574700,0,0
sample,double,dense-64,relationship,256,64,2,64,7,24234000,0,0
sample,double,dense-64,relationship,256,64,3,64,7,24398900,0,0
sample,double,dense-64,relationship,256,64,4,64,7,24050400,0,0
sample,double,dense-64,relationship,256,64,5,64,7,24366300,0,0
sample,double,dense-64,relationship,256,64,6,64,7,23875300,0,0
summary,double,dense-64,relationship,372406.250,378656.250,383979.688
sample,double,dense-64,clipping,256,64,0,4,1,22270800,4403200,1
sample,double,dense-64,clipping,256,64,1,4,1,22706400,4403200,1
sample,double,dense-64,clipping,256,64,2,4,1,22500800,4403200,1
sample,double,dense-64,clipping,256,64,3,4,1,22392100,4403200,1
sample,double,dense-64,clipping,256,64,4,4,1,22969800,4403200,1
sample,double,dense-64,clipping,256,64,5,4,1,22253300,4403200,1
sample,double,dense-64,clipping,256,64,6,4,1,22458400,4403200,1
summary,double,dense-64,clipping,5563325.000,5614600.000,5742450.000
sample,double,subnormal,relationship,4,1,0,1024,103,25609700,0,0
sample,double,subnormal,relationship,4,1,1,1024,103,25871200,0,0
sample,double,subnormal,relationship,4,1,2,1024,103,25546100,0,0
sample,double,subnormal,relationship,4,1,3,1024,103,25898500,0,0
sample,double,subnormal,relationship,4,1,4,1024,103,25567000,0,0
sample,double,subnormal,relationship,4,1,5,1024,103,26348900,0,0
sample,double,subnormal,relationship,4,1,6,1024,103,26221000,0,0
summary,double,subnormal,relationship,24947.363,25264.844,25731.348
sample,double,subnormal,clipping,4,1,0,256,26,20563400,6336512,1
sample,double,subnormal,clipping,4,1,1,256,26,20794600,6336512,1
sample,double,subnormal,clipping,4,1,2,256,26,20580300,6336512,1
sample,double,subnormal,clipping,4,1,3,256,26,20623000,6336512,1
sample,double,subnormal,clipping,4,1,4,256,26,20453700,6336512,1
sample,double,subnormal,clipping,4,1,5,256,26,20830300,6336512,1
sample,double,subnormal,clipping,4,1,6,256,26,20310000,6336512,1
summary,double,subnormal,clipping,79335.938,80391.797,81368.359
sample,double,large-finite,relationship,4,1,0,1024,103,22036300,0,0
sample,double,large-finite,relationship,4,1,1,1024,103,21956900,0,0
sample,double,large-finite,relationship,4,1,2,1024,103,21955900,0,0
sample,double,large-finite,relationship,4,1,3,1024,103,21953600,0,0
sample,double,large-finite,relationship,4,1,4,1024,103,21293800,0,0
sample,double,large-finite,relationship,4,1,5,1024,103,21390400,0,0
sample,double,large-finite,relationship,4,1,6,1024,103,21127400,0,0
summary,double,large-finite,relationship,20632.227,21439.062,21519.824
sample,double,large-finite,clipping,4,1,0,256,26,21071000,6336512,1
sample,double,large-finite,clipping,4,1,1,256,26,21752900,6336512,1
sample,double,large-finite,clipping,4,1,2,256,26,20786400,6336512,1
sample,double,large-finite,clipping,4,1,3,256,26,20890500,6336512,1
sample,double,large-finite,clipping,4,1,4,256,26,20916300,6336512,1
sample,double,large-finite,clipping,4,1,5,256,26,21302600,6336512,1
sample,double,large-finite,clipping,4,1,6,256,26,21316200,6336512,1
summary,double,large-finite,clipping,81196.875,82308.594,84972.266
sink,9460222430868736977
