fixture_header,scalar,case,edges,expected_fact_bits,expected_status,expected_components
sample_header,scalar,case,operation,edges,expected_components,round,iterations,warmup,elapsed_ns,gc_bytes,gc_collections
summary_header,scalar,case,operation,min_ns_per_op,median_ns_per_op,max_ns_per_op
fixture,int,exterior,4,1,success,0
fixture,int,interior,4,4,success,1
fixture,int,crossing,4,7,success,1
fixture,int,boundary-only,4,10,success,1
fixture,int,boundary-overlap,4,11,success,1
fixture,int,isolated-tangent,4,3,success,0
fixture,int,degenerate-interior,4,4,success,0
fixture,int,degenerate-boundary,4,2,success,0
fixture,int,empty,0,1,success,0
fixture,int,concave-u,8,7,success,2
fixture,int,hole,8,7,success,2
fixture,int,hole-reversed,8,7,success,2
fixture,int,rational-crossing,3,7,success,1
fixture,int,sparse-1,4,7,success,1
fixture,int,sparse-4,16,7,success,1
fixture,int,sparse-16,64,7,success,1
fixture,int,sparse-64,256,7,success,1
fixture,int,dense-1,4,7,success,1
fixture,int,dense-4,16,7,success,4
fixture,int,dense-16,64,7,success,16
fixture,int,dense-64,256,7,success,64
fixture,int,wide-integral,4,7,success,1
preflight,int,22,PASS
sample,int,exterior,relationship,4,0,0,8192,820,26517400,0,0
sample,int,exterior,relationship,4,0,1,8192,820,26474400,0,0
sample,int,exterior,relationship,4,0,2,8192,820,26230900,0,0
sample,int,exterior,relationship,4,0,3,8192,820,26625800,0,0
sample,int,exterior,relationship,4,0,4,8192,820,26473700,0,0
sample,int,exterior,relationship,4,0,5,8192,820,26249900,0,0
sample,int,exterior,relationship,4,0,6,8192,820,26252400,0,0
summary,int,exterior,relationship,3202.014,3231.653,3250.220
sample,int,exterior,clipping,4,0,0,4096,410,29964100,33947648,8
sample,int,exterior,clipping,4,0,1,4096,410,31226700,33947648,8
sample,int,exterior,clipping,4,0,2,4096,410,29941100,33947648,8
sample,int,exterior,clipping,4,0,3,4096,410,29572200,33947648,8
sample,int,exterior,clipping,4,0,4,4096,410,30058900,33947648,8
sample,int,exterior,clipping,4,0,5,4096,410,30077600,33947648,8
sample,int,exterior,clipping,4,0,6,4096,410,30037900,33947648,8
summary,int,exterior,clipping,7219.775,7333.472,7623.706
sample,int,interior,relationship,4,1,0,4096,410,13807500,0,0
sample,int,interior,relationship,4,1,1,4096,410,13098600,0,0
sample,int,interior,relationship,4,1,2,4096,410,13087500,0,0
sample,int,interior,relationship,4,1,3,4096,410,13246800,0,0
sample,int,interior,relationship,4,1,4,4096,410,13185000,0,0
sample,int,interior,relationship,4,1,5,4096,410,13146100,0,0
sample,int,interior,relationship,4,1,6,4096,410,13215400,0,0
summary,int,interior,relationship,3195.190,3218.994,3370.972
sample,int,interior,clipping,4,1,0,2048,205,34611900,17072128,4
sample,int,interior,clipping,4,1,1,2048,205,34928300,17072128,4
sample,int,interior,clipping,4,1,2,2048,205,33909200,17072128,4
sample,int,interior,clipping,4,1,3,2048,205,34501700,17072128,4
sample,int,interior,clipping,4,1,4,2048,205,34470900,17072128,4
sample,int,interior,clipping,4,1,5,2048,205,34442200,17072128,4
sample,int,interior,clipping,4,1,6,2048,205,34341200,17072128,4
summary,int,interior,clipping,16557.227,16831.494,17054.834
sample,int,crossing,relationship,4,1,0,8192,820,26220200,0,0
sample,int,crossing,relationship,4,1,1,8192,820,26439700,0,0
sample,int,crossing,relationship,4,1,2,8192,820,26441000,0,0
sample,int,crossing,relationship,4,1,3,8192,820,26382800,0,0
sample,int,crossing,relationship,4,1,4,8192,820,26413900,0,0
sample,int,crossing,relationship,4,1,5,8192,820,26689700,0,0
sample,int,crossing,relationship,4,1,6,8192,820,26042500,0,0
summary,int,crossing,relationship,3179.016,3224.353,3258.020
sample,int,crossing,clipping,4,1,0,512,52,22309400,8478720,2
sample,int,crossing,clipping,4,1,1,512,52,22327100,8478720,2
sample,int,crossing,clipping,4,1,2,512,52,22432000,8478720,2
sample,int,crossing,clipping,4,1,3,512,52,22064800,8478720,2
sample,int,crossing,clipping,4,1,4,512,52,22415600,8478720,2
sample,int,crossing,clipping,4,1,5,512,52,23211000,8478720,2
sample,int,crossing,clipping,4,1,6,512,52,21942200,8478720,2
summary,int,crossing,clipping,42855.859,43607.617,45333.984
sample,int,boundary-only,relationship,4,1,0,8192,820,35022800,0,0
sample,int,boundary-only,relationship,4,1,1,8192,820,34338900,0,0
sample,int,boundary-only,relationship,4,1,2,8192,820,45677200,0,0
sample,int,boundary-only,relationship,4,1,3,8192,820,34341400,0,0
sample,int,boundary-only,relationship,4,1,4,8192,820,34936500,0,0
sample,int,boundary-only,relationship,4,1,5,8192,820,35024200,0,0
sample,int,boundary-only,relationship,4,1,6,8192,820,34923200,0,0
summary,int,boundary-only,relationship,4191.760,4264.709,5575.830
sample,int,boundary-only,clipping,4,1,0,1024,103,28689600,21118976,5
sample,int,boundary-only,clipping,4,1,1,1024,103,28701200,21118976,5
sample,int,boundary-only,clipping,4,1,2,1024,103,28641500,21118976,5
sample,int,boundary-only,clipping,4,1,3,1024,103,29044700,21118976,5
sample,int,boundary-only,clipping,4,1,4,1024,103,28597200,21118976,5
sample,int,boundary-only,clipping,4,1,5,1024,103,29595700,21118976,5
sample,int,boundary-only,clipping,4,1,6,1024,103,28547300,21118976,5
summary,int,boundary-only,clipping,27878.223,28017.188,28902.051
sample,int,boundary-overlap,relationship,4,1,0,4096,410,21774200,0,0
sample,int,boundary-overlap,relationship,4,1,1,4096,410,21703400,0,0
sample,int,boundary-overlap,relationship,4,1,2,4096,410,21726000,0,0
sample,int,boundary-overlap,relationship,4,1,3,4096,410,21741600,0,0
sample,int,boundary-overlap,relationship,4,1,4,4096,410,21797400,0,0
sample,int,boundary-overlap,relationship,4,1,5,4096,410,22394700,0,0
sample,int,boundary-overlap,relationship,4,1,6,4096,410,21305900,0,0
summary,int,boundary-overlap,relationship,5201.636,5308.008,5467.456
sample,int,boundary-overlap,clipping,4,1,0,1024,103,30715400,21151744,5
sample,int,boundary-overlap,clipping,4,1,1,1024,103,30608800,21151744,5
sample,int,boundary-overlap,clipping,4,1,2,1024,103,30797600,21151744,5
sample,int,boundary-overlap,clipping,4,1,3,1024,103,31451200,21151744,5
sample,int,boundary-overlap,clipping,4,1,4,1024,103,30230300,21151744,5
sample,int,boundary-overlap,clipping,4,1,5,1024,103,30422100,21151744,5
sample,int,boundary-overlap,clipping,4,1,6,1024,103,30659600,21151744,5
summary,int,boundary-overlap,clipping,29521.777,29941.016,30714.062
sample,int,isolated-tangent,relationship,4,0,0,8192,820,49027600,0,0
sample,int,isolated-tangent,relationship,4,0,1,8192,820,38569600,0,0
sample,int,isolated-tangent,relationship,4,0,2,8192,820,38889000,0,0
sample,int,isolated-tangent,relationship,4,0,3,8192,820,39018500,0,0
sample,int,isolated-tangent,relationship,4,0,4,8192,820,38623900,0,0
sample,int,isolated-tangent,relationship,4,0,5,8192,820,39743600,0,0
sample,int,isolated-tangent,relationship,4,0,6,8192,820,39794400,0,0
summary,int,isolated-tangent,relationship,4708.203,4763.000,5984.814
sample,int,isolated-tangent,clipping,4,0,0,2048,205,26318300,33751040,8
sample,int,isolated-tangent,clipping,4,0,1,2048,205,26529500,33751040,8
sample,int,isolated-tangent,clipping,4,0,2,2048,205,27007000,33751040,8
sample,int,isolated-tangent,clipping,4,0,3,2048,205,26325000,33751040,8
sample,int,isolated-tangent,clipping,4,0,4,2048,205,26300400,33751040,8
sample,int,isolated-tangent,clipping,4,0,5,2048,205,25828900,33751040,8
sample,int,isolated-tangent,clipping,4,0,6,2048,205,26035400,33751040,8
summary,int,isolated-tangent,clipping,12611.768,12850.732,13187.012
sample,int,degenerate-interior,relationship,4,0,0,65536,6554,7229100,0,0
sample,int,degenerate-interior,relationship,4,0,1,65536,6554,7229200,0,0
sample,int,degenerate-interior,relationship,4,0,2,65536,6554,7530500,0,0
sample,int,degenerate-interior,relationship,4,0,3,65536,6554,7228800,0,0
sample,int,degenerate-interior,relationship,4,0,4,65536,6554,7371600,0,0
sample,int,degenerate-interior,relationship,4,0,5,65536,6554,7228400,0,0
sample,int,degenerate-interior,relationship,4,0,6,65536,6554,7691200,0,0
summary,int,degenerate-interior,relationship,110.297,110.309,117.358
sample,int,degenerate-interior,clipping,4,0,0,65536,6554,1879200,0,0
sample,int,degenerate-interior,clipping,4,0,1,65536,6554,1833300,0,0
sample,int,degenerate-interior,clipping,4,0,2,65536,6554,1812800,0,0
sample,int,degenerate-interior,clipping,4,0,3,65536,6554,1840600,0,0
sample,int,degenerate-interior,clipping,4,0,4,65536,6554,1870500,0,0
sample,int,degenerate-interior,clipping,4,0,5,65536,6554,2526800,0,0
sample,int,degenerate-interior,clipping,4,0,6,65536,6554,2011400,0,0
summary,int,degenerate-interior,clipping,27.661,28.542,38.556
sample,int,degenerate-boundary,relationship,4,0,0,65536,6554,7215200,0,0
sample,int,degenerate-boundary,relationship,4,0,1,65536,6554,7347500,0,0
sample,int,degenerate-boundary,relationship,4,0,2,65536,6554,7179500,0,0
sample,int,degenerate-boundary,relationship,4,0,3,65536,6554,7177000,0,0
sample,int,degenerate-boundary,relationship,4,0,4,65536,6554,7483600,0,0
sample,int,degenerate-boundary,relationship,4,0,5,65536,6554,7181900,0,0
sample,int,degenerate-boundary,relationship,4,0,6,65536,6554,7343100,0,0
summary,int,degenerate-boundary,relationship,109.512,110.095,114.191
sample,int,degenerate-boundary,clipping,4,0,0,65536,6554,1792000,0,0
sample,int,degenerate-boundary,clipping,4,0,1,65536,6554,1868600,0,0
sample,int,degenerate-boundary,clipping,4,0,2,65536,6554,1831600,0,0
sample,int,degenerate-boundary,clipping,4,0,3,65536,6554,1789700,0,0
sample,int,degenerate-boundary,clipping,4,0,4,65536,6554,1902200,0,0
sample,int,degenerate-boundary,clipping,4,0,5,65536,6554,1767100,0,0
sample,int,degenerate-boundary,clipping,4,0,6,65536,6554,1769500,0,0
summary,int,degenerate-boundary,clipping,26.964,27.344,29.025
sample,int,empty,relationship,0,0,0,65536,6554,1927600,0,0
sample,int,empty,relationship,0,0,1,65536,6554,1926500,0,0
sample,int,empty,relationship,0,0,2,65536,6554,1951400,0,0
sample,int,empty,relationship,0,0,3,65536,6554,2167100,0,0
sample,int,empty,relationship,0,0,4,65536,6554,1939900,0,0
sample,int,empty,relationship,0,0,5,65536,6554,1938500,0,0
sample,int,empty,relationship,0,0,6,65536,6554,1931000,0,0
summary,int,empty,relationship,29.396,29.579,33.067
sample,int,empty,clipping,0,0,0,65536,6554,1739700,0,0
sample,int,empty,clipping,0,0,1,65536,6554,1706900,0,0
sample,int,empty,clipping,0,0,2,65536,6554,1657800,0,0
sample,int,empty,clipping,0,0,3,65536,6554,1868400,0,0
sample,int,empty,clipping,0,0,4,65536,6554,1665800,0,0
sample,int,empty,clipping,0,0,5,65536,6554,1657900,0,0
sample,int,empty,clipping,0,0,6,65536,6554,1660700,0,0
summary,int,empty,clipping,25.296,25.418,28.510
sample,int,concave-u,relationship,8,2,0,4096,410,36759200,0,0
sample,int,concave-u,relationship,8,2,1,4096,410,37022200,0,0
sample,int,concave-u,relationship,8,2,2,4096,410,37331300,0,0
sample,int,concave-u,relationship,8,2,3,4096,410,37259900,0,0
sample,int,concave-u,relationship,8,2,4,4096,410,37338200,0,0
sample,int,concave-u,relationship,8,2,5,4096,410,45963900,0,0
sample,int,concave-u,relationship,8,2,6,4096,410,38816200,0,0
summary,int,concave-u,relationship,8974.414,9114.087,11221.655
sample,int,concave-u,clipping,8,2,0,256,26,26714000,6356992,1
sample,int,concave-u,clipping,8,2,1,256,26,26630600,6356992,1
sample,int,concave-u,clipping,8,2,2,256,26,27564300,6356992,1
sample,int,concave-u,clipping,8,2,3,256,26,26466600,6356992,1
sample,int,concave-u,clipping,8,2,4,256,26,26427600,6356992,1
sample,int,concave-u,clipping,8,2,5,256,26,26661500,6356992,1
sample,int,concave-u,clipping,8,2,6,256,26,26577200,6356992,1
summary,int,concave-u,clipping,103232.812,104025.781,107673.047
sample,int,hole,relationship,8,2,0,4096,410,38806400,0,0
sample,int,hole,relationship,8,2,1,4096,410,37524500,0,0
sample,int,hole,relationship,8,2,2,4096,410,37613200,0,0
sample,int,hole,relationship,8,2,3,4096,410,37590500,0,0
sample,int,hole,relationship,8,2,4,4096,410,37648000,0,0
sample,int,hole,relationship,8,2,5,4096,410,37639600,0,0
sample,int,hole,relationship,8,2,6,4096,410,37154000,0,0
summary,int,hole,relationship,9070.801,9182.910,9474.219
sample,int,hole,clipping,8,2,0,256,26,26513300,6356992,1
sample,int,hole,clipping,8,2,1,256,26,26439400,6356992,1
sample,int,hole,clipping,8,2,2,256,26,27048000,6356992,1
sample,int,hole,clipping,8,2,3,256,26,27502500,6356992,1
sample,int,hole,clipping,8,2,4,256,26,26413300,6356992,1
sample,int,hole,clipping,8,2,5,256,26,26315100,6356992,1
sample,int,hole,clipping,8,2,6,256,26,26551500,6356992,1
summary,int,hole,clipping,102793.359,103567.578,107431.641
sample,int,hole-reversed,relationship,8,2,0,4096,410,38322000,0,0
sample,int,hole-reversed,relationship,8,2,1,4096,410,47343800,0,0
sample,int,hole-reversed,relationship,8,2,2,4096,410,37466200,0,0
sample,int,hole-reversed,relationship,8,2,3,4096,410,37479900,0,0
sample,int,hole-reversed,relationship,8,2,4,4096,410,37141200,0,0
sample,int,hole-reversed,relationship,8,2,5,4096,410,38503800,0,0
sample,int,hole-reversed,relationship,8,2,6,4096,410,36843500,0,0
summary,int,hole-reversed,relationship,8994.995,9150.366,11558.545
sample,int,hole-reversed,clipping,8,2,0,256,26,26547500,6356992,1
sample,int,hole-reversed,clipping,8,2,1,256,26,26119000,6356992,1
sample,int,hole-reversed,clipping,8,2,2,256,26,26522700,6356992,1
sample,int,hole-reversed,clipping,8,2,3,256,26,27223300,6356992,1
sample,int,hole-reversed,clipping,8,2,4,256,26,25932800,6356992,1
sample,int,hole-reversed,clipping,8,2,5,256,26,26135900,6356992,1
sample,int,hole-reversed,clipping,8,2,6,256,26,25937000,6356992,1
summary,int,hole-reversed,clipping,101300.000,102093.359,106341.016
sample,int,rational-crossing,relationship,3,1,0,16384,1639,36485500,0,0
sample,int,rational-crossing,relationship,3,1,1,16384,1639,34783300,0,0
sample,int,rational-crossing,relationship,3,1,2,16384,1639,35623900,0,0
sample,int,rational-crossing,relationship,3,1,3,16384,1639,35903600,0,0
sample,int,rational-crossing,relationship,3,1,4,16384,1639,35842900,0,0
sample,int,rational-crossing,relationship,3,1,5,16384,1639,36165200,0,0
sample,int,rational-crossing,relationship,3,1,6,16384,1639,36229900,0,0
summary,int,rational-crossing,relationship,2123.004,2191.382,2226.898
sample,int,rational-crossing,clipping,3,1,0,512,52,22120900,8478720,2
sample,int,rational-crossing,clipping,3,1,1,512,52,22136800,8478720,2
sample,int,rational-crossing,clipping,3,1,2,512,52,22178400,8478720,2
sample,int,rational-crossing,clipping,3,1,3,512,52,22099800,8478720,2
sample,int,rational-crossing,clipping,3,1,4,512,52,21811200,8478720,2
sample,int,rational-crossing,clipping,3,1,5,512,52,23278400,8478720,2
sample,int,rational-crossing,clipping,3,1,6,512,52,21746100,8478720,2
summary,int,rational-crossing,clipping,42472.852,43204.883,45465.625
sample,int,sparse-1,relationship,4,1,0,8192,820,26831000,0,0
sample,int,sparse-1,relationship,4,1,1,8192,820,27495300,0,0
sample,int,sparse-1,relationship,4,1,2,8192,820,27956500,0,0
sample,int,sparse-1,relationship,4,1,3,8192,820,28184500,0,0
sample,int,sparse-1,relationship,4,1,4,8192,820,27314100,0,0
sample,int,sparse-1,relationship,4,1,5,8192,820,27135900,0,0
sample,int,sparse-1,relationship,4,1,6,8192,820,27137300,0,0
summary,int,sparse-1,relationship,3275.269,3334.241,3440.491
sample,int,sparse-1,clipping,4,1,0,512,52,22874200,8478720,2
sample,int,sparse-1,clipping,4,1,1,512,52,22506800,8478720,2
sample,int,sparse-1,clipping,4,1,2,512,52,22687800,8478720,2
sample,int,sparse-1,clipping,4,1,3,512,52,23315400,8478720,2
sample,int,sparse-1,clipping,4,1,4,512,52,22671100,8478720,2
sample,int,sparse-1,clipping,4,1,5,512,52,22508100,8478720,2
sample,int,sparse-1,clipping,4,1,6,512,52,22561600,8478720,2
summary,int,sparse-1,clipping,43958.594,44279.492,45537.891
sample,int,sparse-4,relationship,16,1,0,2048,205,30936600,0,0
sample,int,sparse-4,relationship,16,1,1,2048,205,31280200,0,0
sample,int,sparse-4,relationship,16,1,2,2048,205,30000500,0,0
sample,int,sparse-4,relationship,16,1,3,2048,205,30393600,0,0
sample,int,sparse-4,relationship,16,1,4,2048,205,30621100,0,0
sample,int,sparse-4,relationship,16,1,5,2048,205,30560700,0,0
sample,int,sparse-4,relationship,16,1,6,2048,205,30500100,0,0
summary,int,sparse-4,relationship,14648.682,14922.217,15273.535
sample,int,sparse-4,clipping,16,1,0,512,52,29398800,8478720,2
sample,int,sparse-4,clipping,16,1,1,512,52,29913500,8478720,2
sample,int,sparse-4,clipping,16,1,2,512,52,29917500,8478720,2
sample,int,sparse-4,clipping,16,1,3,512,52,29877900,8478720,2
sample,int,sparse-4,clipping,16,1,4,512,52,29614200,8478720,2
sample,int,sparse-4,clipping,16,1,5,512,52,30811500,8478720,2
sample,int,sparse-4,clipping,16,1,6,512,52,29350600,8478720,2
summary,int,sparse-4,clipping,57325.391,58355.273,60178.711
sample,int,sparse-16,relationship,64,1,0,512,52,31473300,0,0
sample,int,sparse-16,relationship,64,1,1,512,52,31360000,0,0
sample,int,sparse-16,relationship,64,1,2,512,52,32337500,0,0
sample,int,sparse-16,relationship,64,1,3,512,52,30990500,0,0
sample,int,sparse-16,relationship,64,1,4,512,52,31325100,0,0
sample,int,sparse-16,relationship,64,1,5,512,52,31591400,0,0
sample,int,sparse-16,relationship,64,1,6,512,52,31683400,0,0
summary,int,sparse-16,relationship,60528.320,61471.289,63159.180
sample,int,sparse-16,clipping,64,1,0,256,26,29110200,4239360,1
sample,int,sparse-16,clipping,64,1,1,256,26,29338900,4239360,1
sample,int,sparse-16,clipping,64,1,2,256,26,29357400,4239360,1
sample,int,sparse-16,clipping,64,1,3,256,26,29292800,4239360,1
sample,int,sparse-16,clipping,64,1,4,256,26,29074400,4239360,1
sample,int,sparse-16,clipping,64,1,5,256,26,29444600,4239360,1
sample,int,sparse-16,clipping,64,1,6,256,26,30574700,4239360,1
summary,int,sparse-16,clipping,113571.875,114605.078,119432.422
sample,int,sparse-64,relationship,256,1,0,128,13,31344900,0,0
sample,int,sparse-64,relationship,256,1,1,128,13,31547400,0,0
sample,int,sparse-64,relationship,256,1,2,128,13,31250500,0,0
sample,int,sparse-64,relationship,256,1,3,128,13,32551800,0,0
sample,int,sparse-64,relationship,256,1,4,128,13,31649500,0,0
sample,int,sparse-64,relationship,256,1,5,128,13,31405200,0,0
sample,int,sparse-64,relationship,256,1,6,128,13,31779400,0,0
summary,int,sparse-64,relationship,244144.531,246464.062,254310.938
sample,int,sparse-64,clipping,256,1,0,64,7,22129700,1059840,0
sample,int,sparse-64,clipping,256,1,1,64,7,22437400,1059840,0
sample,int,sparse-64,clipping,256,1,2,64,7,22771300,1059840,0
sample,int,sparse-64,clipping,256,1,3,64,7,21862000,1059840,0
sample,int,sparse-64,clipping,256,1,4,64,7,21801500,1059840,0
sample,int,sparse-64,clipping,256,1,5,64,7,21871600,1059840,0
sample,int,sparse-64,clipping,256,1,6,64,7,31066600,1059840,0
summary,int,sparse-64,clipping,340648.438,345776.562,485415.625
sample,int,dense-1,relationship,4,1,0,8192,820,26548900,0,0
sample,int,dense-1,relationship,4,1,1,8192,820,26753900,0,0
sample,int,dense-1,relationship,4,1,2,8192,820,25811100,0,0
sample,int,dense-1,relationship,4,1,3,8192,820,25935900,0,0
sample,int,dense-1,relationship,4,1,4,8192,820,26050400,0,0
sample,int,dense-1,relationship,4,1,5,8192,820,26225900,0,0
sample,int,dense-1,relationship,4,1,6,8192,820,26314000,0,0
summary,int,dense-1,relationship,3150.769,3201.404,3265.857
sample,int,dense-1,clipping,4,1,0,512,52,23525800,8478720,2
sample,int,dense-1,clipping,4,1,1,512,52,22115800,8478720,2
sample,int,dense-1,clipping,4,1,2,512,52,22063600,8478720,2
sample,int,dense-1,clipping,4,1,3,512,52,22432800,8478720,2
sample,int,dense-1,clipping,4,1,4,512,52,22366500,8478720,2
sample,int,dense-1,clipping,4,1,5,512,52,22379000,8478720,2
sample,int,dense-1,clipping,4,1,6,512,52,22428700,8478720,2
summary,int,dense-1,clipping,43092.969,43708.984,45948.828
sample,int,dense-4,relationship,16,4,0,1024,103,21801100,0,0
sample,int,dense-4,relationship,16,4,1,1024,103,21169400,0,0
sample,int,dense-4,relationship,16,4,2,1024,103,21116900,0,0
sample,int,dense-4,relationship,16,4,3,1024,103,21063600,0,0
sample,int,dense-4,relationship,16,4,4,1024,103,21083400,0,0
sample,int,dense-4,relationship,16,4,5,1024,103,20943600,0,0
sample,int,dense-4,relationship,16,4,6,1024,103,20889300,0,0
summary,int,dense-4,relationship,20399.707,20589.258,21290.137
sample,int,dense-4,clipping,16,4,0,128,13,29367800,5294080,1
sample,int,dense-4,clipping,16,4,1,128,13,29571600,5294080,1
sample,int,dense-4,clipping,16,4,2,128,13,29272500,5294080,1
sample,int,dense-4,clipping,16,4,3,128,13,29263100,5294080,1
sample,int,dense-4,clipping,16,4,4,128,13,29238900,5294080,1
sample,int,dense-4,clipping,16,4,5,128,13,29352500,5294080,1
sample,int,dense-4,clipping,16,4,6,128,13,30387400,5294080,1
summary,int,dense-4,clipping,228428.906,229316.406,237401.562
sample,int,dense-16,relationship,64,16,0,256,26,23029200,0,0
sample,int,dense-16,relationship,64,16,1,256,26,23056800,0,0
sample,int,dense-16,relationship,64,16,2,256,26,32841500,0,0
sample,int,dense-16,relationship,64,16,3,256,26,23021000,0,0
sample,int,dense-16,relationship,64,16,4,256,26,23518800,0,0
sample,int,dense-16,relationship,64,16,5,256,26,23783000,0,0
sample,int,dense-16,relationship,64,16,6,256,26,22940100,0,0
summary,int,dense-16,relationship,89609.766,90065.625,128287.109
sample,int,dense-16,clipping,64,16,0,32,4,35233700,4640256,1
sample,int,dense-16,clipping,64,16,1,32,4,35214500,4640256,1
sample,int,dense-16,clipping,64,16,2,32,4,37400200,4640256,1
sample,int,dense-16,clipping,64,16,3,32,4,35055500,4640256,1
sample,int,dense-16,clipping,64,16,4,32,4,35452100,4640256,1
sample,int,dense-16,clipping,64,16,5,32,4,35658700,4640256,1
sample,int,dense-16,clipping,64,16,6,32,4,35721400,4640256,1
summary,int,dense-16,clipping,1095484.375,1107878.125,1168756.250
sample,int,dense-64,relationship,256,64,0,64,7,23152300,0,0
sample,int,dense-64,relationship,256,64,1,64,7,23292200,0,0
sample,int,dense-64,relationship,256,64,2,64,7,23243900,0,0
sample,int,dense-64,relationship,256,64,3,64,7,23527300,0,0
sample,int,dense-64,relationship,256,64,4,64,7,23417700,0,0
sample,int,dense-64,relationship,256,64,5,64,7,23494100,0,0
sample,int,dense-64,relationship,256,64,6,64,7,23269500,0,0
summary,int,dense-64,relationship,361754.688,363940.625,367614.062
sample,int,dense-64,clipping,256,64,0,4,1,20432900,2224128,0
sample,int,dense-64,clipping,256,64,1,4,1,20654300,2224128,0
sample,int,dense-64,clipping,256,64,2,4,1,20825000,2224128,0
sample,int,dense-64,clipping,256,64,3,4,1,20945100,2224128,0
sample,int,dense-64,clipping,256,64,4,4,1,20811300,2224128,0
sample,int,dense-64,clipping,256,64,5,4,1,20774400,2224128,0
sample,int,dense-64,clipping,256,64,6,4,1,20770600,2224128,0
summary,int,dense-64,clipping,5108225.000,5193600.000,5236275.000
sample,int,wide-integral,relationship,4,1,0,8192,820,25846000,0,0
sample,int,wide-integral,relationship,4,1,1,8192,820,26056000,0,0
sample,int,wide-integral,relationship,4,1,2,8192,820,26225000,0,0
sample,int,wide-integral,relationship,4,1,3,8192,820,26107400,0,0
sample,int,wide-integral,relationship,4,1,4,8192,820,35740600,0,0
sample,int,wide-integral,relationship,4,1,5,8192,820,26379800,0,0
sample,int,wide-integral,relationship,4,1,6,8192,820,26680000,0,0
summary,int,wide-integral,relationship,3155.029,3201.294,4362.866
sample,int,wide-integral,clipping,4,1,0,512,52,23113200,8478720,2
sample,int,wide-integral,clipping,4,1,1,512,52,23127000,8478720,2
sample,int,wide-integral,clipping,4,1,2,512,52,23231500,8478720,2
sample,int,wide-integral,clipping,4,1,3,512,52,23076200,8478720,2
sample,int,wide-integral,clipping,4,1,4,512,52,22976500,8478720,2
sample,int,wide-integral,clipping,4,1,5,512,52,23785700,8478720,2
sample,int,wide-integral,clipping,4,1,6,512,52,23671000,8478720,2
summary,int,wide-integral,clipping,44875.977,45169.922,46456.445
fixture,long,exterior,4,1,success,0
fixture,long,interior,4,4,success,1
fixture,long,crossing,4,7,success,1
fixture,long,boundary-only,4,10,success,1
fixture,long,boundary-overlap,4,11,success,1
fixture,long,isolated-tangent,4,3,success,0
fixture,long,degenerate-interior,4,4,success,0
fixture,long,degenerate-boundary,4,2,success,0
fixture,long,empty,0,1,success,0
fixture,long,concave-u,8,7,success,2
fixture,long,hole,8,7,success,2
fixture,long,hole-reversed,8,7,success,2
fixture,long,rational-crossing,3,7,success,1
fixture,long,sparse-1,4,7,success,1
fixture,long,sparse-4,16,7,success,1
fixture,long,sparse-16,64,7,success,1
fixture,long,sparse-64,256,7,success,1
fixture,long,dense-1,4,7,success,1
fixture,long,dense-4,16,7,success,4
fixture,long,dense-16,64,7,success,16
fixture,long,dense-64,256,7,success,64
fixture,long,wide-integral,4,7,success,1
fixture,long,endpoint-collapse,4,6,unrepresentableConstruction,0
fixture,long,gap-collapse,8,7,unrepresentableConstruction,0
preflight,long,24,PASS
sample,long,exterior,relationship,4,0,0,8192,820,26419100,0,0
sample,long,exterior,relationship,4,0,1,8192,820,26245700,0,0
sample,long,exterior,relationship,4,0,2,8192,820,25928000,0,0
sample,long,exterior,relationship,4,0,3,8192,820,27289100,0,0
sample,long,exterior,relationship,4,0,4,8192,820,26203900,0,0
sample,long,exterior,relationship,4,0,5,8192,820,26530700,0,0
sample,long,exterior,relationship,4,0,6,8192,820,26381000,0,0
summary,long,exterior,relationship,3165.039,3220.337,3331.189
sample,long,exterior,clipping,4,0,0,4096,410,31642500,33947648,8
sample,long,exterior,clipping,4,0,1,4096,410,32893900,33947648,8
sample,long,exterior,clipping,4,0,2,4096,410,31693400,33947648,8
sample,long,exterior,clipping,4,0,3,4096,410,32117900,33947648,8
sample,long,exterior,clipping,4,0,4,4096,410,31745300,33947648,8
sample,long,exterior,clipping,4,0,5,4096,410,31817300,33947648,8
sample,long,exterior,clipping,4,0,6,4096,410,31653600,33947648,8
summary,long,exterior,clipping,7725.220,7750.317,8030.737
sample,long,interior,relationship,4,1,0,8192,820,26068300,0,0
sample,long,interior,relationship,4,1,1,8192,820,26011600,0,0
sample,long,interior,relationship,4,1,2,8192,820,26736000,0,0
sample,long,interior,relationship,4,1,3,8192,820,26128600,0,0
sample,long,interior,relationship,4,1,4,8192,820,35953500,0,0
sample,long,interior,relationship,4,1,5,8192,820,26409800,0,0
sample,long,interior,relationship,4,1,6,8192,820,26823700,0,0
summary,long,interior,relationship,3175.244,3223.853,4388.855
sample,long,interior,clipping,4,1,0,2048,205,35348000,17072128,4
sample,long,interior,clipping,4,1,1,2048,205,34820400,17072128,4
sample,long,interior,clipping,4,1,2,2048,205,36242400,17072128,4
sample,long,interior,clipping,4,1,3,2048,205,35078800,17072128,4
sample,long,interior,clipping,4,1,4,2048,205,34856200,17072128,4
sample,long,interior,clipping,4,1,5,2048,205,34853900,17072128,4
sample,long,interior,clipping,4,1,6,2048,205,34833400,17072128,4
summary,long,interior,clipping,17002.148,17019.629,17696.484
sample,long,crossing,relationship,4,1,0,8192,820,26679000,0,0
sample,long,crossing,relationship,4,1,1,8192,820,26292200,0,0
sample,long,crossing,relationship,4,1,2,8192,820,26105700,0,0
sample,long,crossing,relationship,4,1,3,8192,820,26330300,0,0
sample,long,crossing,relationship,4,1,4,8192,820,26143900,0,0
sample,long,crossing,relationship,4,1,5,8192,820,26146100,0,0
sample,long,crossing,relationship,4,1,6,8192,820,25943200,0,0
summary,long,crossing,relationship,3166.895,3191.663,3256.714
sample,long,crossing,clipping,4,1,0,512,52,22484000,8478720,2
sample,long,crossing,clipping,4,1,1,512,52,22647900,8478720,2
sample,long,crossing,clipping,4,1,2,512,52,22515400,8478720,2
sample,long,crossing,clipping,4,1,3,512,52,22620100,8478720,2
sample,long,crossing,clipping,4,1,4,512,52,22517000,8478720,2
sample,long,crossing,clipping,4,1,5,512,52,22510500,8478720,2
sample,long,crossing,clipping,4,1,6,512,52,22471200,8478720,2
summary,long,crossing,clipping,43889.062,43975.391,44234.180
sample,long,boundary-only,relationship,4,1,0,8192,820,34492100,0,0
sample,long,boundary-only,relationship,4,1,1,8192,820,34549400,0,0
sample,long,boundary-only,relationship,4,1,2,8192,820,43922400,0,0
sample,long,boundary-only,relationship,4,1,3,8192,820,35531300,0,0
sample,long,boundary-only,relationship,4,1,4,8192,820,34556100,0,0
sample,long,boundary-only,relationship,4,1,5,8192,820,35069200,0,0
sample,long,boundary-only,relationship,4,1,6,8192,820,34638900,0,0
summary,long,boundary-only,relationship,4210.461,4228.381,5361.621
sample,long,boundary-only,clipping,4,1,0,1024,103,29893000,21118976,5
sample,long,boundary-only,clipping,4,1,1,1024,103,29230300,21118976,5
sample,long,boundary-only,clipping,4,1,2,1024,103,28617700,21118976,5
sample,long,boundary-only,clipping,4,1,3,1024,103,28867300,21118976,5
sample,long,boundary-only,clipping,4,1,4,1024,103,28747300,21118976,5
sample,long,boundary-only,clipping,4,1,5,1024,103,28999500,21118976,5
sample,long,boundary-only,clipping,4,1,6,1024,103,28265500,21118976,5
summary,long,boundary-only,clipping,27603.027,28190.723,29192.383
sample,long,boundary-overlap,relationship,4,1,0,4096,410,21609600,0,0
sample,long,boundary-overlap,relationship,4,1,1,4096,410,21719000,0,0
sample,long,boundary-overlap,relationship,4,1,2,4096,410,21906800,0,0
sample,long,boundary-overlap,relationship,4,1,3,4096,410,21867100,0,0
sample,long,boundary-overlap,relationship,4,1,4,4096,410,21910500,0,0
sample,long,boundary-overlap,relationship,4,1,5,4096,410,21774700,0,0
sample,long,boundary-overlap,relationship,4,1,6,4096,410,21457100,0,0
summary,long,boundary-overlap,relationship,5238.550,5316.089,5349.243
sample,long,boundary-overlap,clipping,4,1,0,1024,103,30675400,21151744,5
sample,long,boundary-overlap,clipping,4,1,1,1024,103,30871000,21151744,5
sample,long,boundary-overlap,clipping,4,1,2,1024,103,30492200,21151744,5
sample,long,boundary-overlap,clipping,4,1,3,1024,103,30593400,21151744,5
sample,long,boundary-overlap,clipping,4,1,4,1024,103,30800100,21151744,5
sample,long,boundary-overlap,clipping,4,1,5,1024,103,31569300,21151744,5
sample,long,boundary-overlap,clipping,4,1,6,1024,103,30817700,21151744,5
summary,long,boundary-overlap,clipping,29777.539,30078.223,30829.395
sample,long,isolated-tangent,relationship,4,0,0,4096,410,19497100,0,0
sample,long,isolated-tangent,relationship,4,0,1,4096,410,19461500,0,0
sample,long,isolated-tangent,relationship,4,0,2,4096,410,19522200,0,0
sample,long,isolated-tangent,relationship,4,0,3,4096,410,25951700,0,0
sample,long,isolated-tangent,relationship,4,0,4,4096,410,23611900,0,0
sample,long,isolated-tangent,relationship,4,0,5,4096,410,19451000,0,0
sample,long,isolated-tangent,relationship,4,0,6,4096,410,19866300,0,0
summary,long,isolated-tangent,relationship,4748.779,4766.162,6335.864
sample,long,isolated-tangent,clipping,4,0,0,2048,205,27015700,33751040,8
sample,long,isolated-tangent,clipping,4,0,1,2048,205,26717300,33751040,8
sample,long,isolated-tangent,clipping,4,0,2,2048,205,27222300,33751040,8
sample,long,isolated-tangent,clipping,4,0,3,2048,205,27560600,33751040,8
sample,long,isolated-tangent,clipping,4,0,4,2048,205,26875900,33751040,8
sample,long,isolated-tangent,clipping,4,0,5,2048,205,27155200,33751040,8
sample,long,isolated-tangent,clipping,4,0,6,2048,205,26778400,33751040,8
summary,long,isolated-tangent,clipping,13045.557,13191.260,13457.324
sample,long,degenerate-interior,relationship,4,0,0,65536,6554,6889200,0,0
sample,long,degenerate-interior,relationship,4,0,1,65536,6554,6781500,0,0
sample,long,degenerate-interior,relationship,4,0,2,65536,6554,6799100,0,0
sample,long,degenerate-interior,relationship,4,0,3,65536,6554,6922700,0,0
sample,long,degenerate-interior,relationship,4,0,4,65536,6554,6820600,0,0
sample,long,degenerate-interior,relationship,4,0,5,65536,6554,6860900,0,0
sample,long,degenerate-interior,relationship,4,0,6,65536,6554,6782900,0,0
summary,long,degenerate-interior,relationship,103.477,104.074,105.632
sample,long,degenerate-interior,clipping,4,0,0,65536,6554,2112100,0,0
sample,long,degenerate-interior,clipping,4,0,1,65536,6554,2289200,0,0
sample,long,degenerate-interior,clipping,4,0,2,65536,6554,2137200,0,0
sample,long,degenerate-interior,clipping,4,0,3,65536,6554,2196200,0,0
sample,long,degenerate-interior,clipping,4,0,4,65536,6554,2118900,0,0
sample,long,degenerate-interior,clipping,4,0,5,65536,6554,2218000,0,0
sample,long,degenerate-interior,clipping,4,0,6,65536,6554,2245000,0,0
summary,long,degenerate-interior,clipping,32.228,33.511,34.930
sample,long,degenerate-boundary,relationship,4,0,0,65536,6554,7328000,0,0
sample,long,degenerate-boundary,relationship,4,0,1,65536,6554,6845000,0,0
sample,long,degenerate-boundary,relationship,4,0,2,65536,6554,6616700,0,0
sample,long,degenerate-boundary,relationship,4,0,3,65536,6554,6726100,0,0
sample,long,degenerate-boundary,relationship,4,0,4,65536,6554,6622000,0,0
sample,long,degenerate-boundary,relationship,4,0,5,65536,6554,7117800,0,0
sample,long,degenerate-boundary,relationship,4,0,6,65536,6554,6966300,0,0
summary,long,degenerate-boundary,relationship,100.963,104.446,111.816
sample,long,degenerate-boundary,clipping,4,0,0,65536,6554,2316200,0,0
sample,long,degenerate-boundary,clipping,4,0,1,65536,6554,2234300,0,0
sample,long,degenerate-boundary,clipping,4,0,2,65536,6554,2178000,0,0
sample,long,degenerate-boundary,clipping,4,0,3,65536,6554,2168600,0,0
sample,long,degenerate-boundary,clipping,4,0,4,65536,6554,2314900,0,0
sample,long,degenerate-boundary,clipping,4,0,5,65536,6554,2168400,0,0
sample,long,degenerate-boundary,clipping,4,0,6,65536,6554,2228800,0,0
summary,long,degenerate-boundary,clipping,33.087,34.009,35.342
sample,long,empty,relationship,0,0,0,65536,6554,2013500,0,0
sample,long,empty,relationship,0,0,1,65536,6554,2000800,0,0
sample,long,empty,relationship,0,0,2,65536,6554,2012100,0,0
sample,long,empty,relationship,0,0,3,65536,6554,2009900,0,0
sample,long,empty,relationship,0,0,4,65536,6554,2013400,0,0
sample,long,empty,relationship,0,0,5,65536,6554,2076400,0,0
sample,long,empty,relationship,0,0,6,65536,6554,2102000,0,0
summary,long,empty,relationship,30.530,30.722,32.074
sample,long,empty,clipping,0,0,0,65536,6554,2218800,0,0
sample,long,empty,clipping,0,0,1,65536,6554,2071400,0,0
sample,long,empty,clipping,0,0,2,65536,6554,2172600,0,0
sample,long,empty,clipping,0,0,3,65536,6554,2078100,0,0
sample,long,empty,clipping,0,0,4,65536,6554,2211000,0,0
sample,long,empty,clipping,0,0,5,65536,6554,2219100,0,0
sample,long,empty,clipping,0,0,6,65536,6554,1990200,0,0
summary,long,empty,clipping,30.368,33.151,33.861
sample,long,concave-u,relationship,8,2,0,4096,410,38099200,0,0
sample,long,concave-u,relationship,8,2,1,4096,410,36915500,0,0
sample,long,concave-u,relationship,8,2,2,4096,410,36993300,0,0
sample,long,concave-u,relationship,8,2,3,4096,410,36989700,0,0
sample,long,concave-u,relationship,8,2,4,4096,410,37371100,0,0
sample,long,concave-u,relationship,8,2,5,4096,410,38022700,0,0
sample,long,concave-u,relationship,8,2,6,4096,410,36868900,0,0
summary,long,concave-u,relationship,9001.196,9031.567,9301.562
sample,long,concave-u,clipping,8,2,0,256,26,26424000,6356992,1
sample,long,concave-u,clipping,8,2,1,256,26,26390200,6356992,1
sample,long,concave-u,clipping,8,2,2,256,26,26159800,6356992,1
sample,long,concave-u,clipping,8,2,3,256,26,37627600,6356992,1
sample,long,concave-u,clipping,8,2,4,256,26,26406400,6356992,1
sample,long,concave-u,clipping,8,2,5,256,26,26284900,6356992,1
sample,long,concave-u,clipping,8,2,6,256,26,26599400,6356992,1
summary,long,concave-u,clipping,102186.719,103150.000,146982.812
sample,long,hole,relationship,8,2,0,4096,410,38080200,0,0
sample,long,hole,relationship,8,2,1,4096,410,36943900,0,0
sample,long,hole,relationship,8,2,2,4096,410,37479700,0,0
sample,long,hole,relationship,8,2,3,4096,410,37211000,0,0
sample,long,hole,relationship,8,2,4,4096,410,37017800,0,0
sample,long,hole,relationship,8,2,5,4096,410,37052900,0,0
sample,long,hole,relationship,8,2,6,4096,410,37603200,0,0
summary,long,hole,relationship,9019.507,9084.717,9296.924
sample,long,hole,clipping,8,2,0,256,26,26747200,6356992,1
sample,long,hole,clipping,8,2,1,256,26,26663300,6356992,1
sample,long,hole,clipping,8,2,2,256,26,26516500,6356992,1
sample,long,hole,clipping,8,2,3,256,26,26585900,6356992,1
sample,long,hole,clipping,8,2,4,256,26,26852400,6356992,1
sample,long,hole,clipping,8,2,5,256,26,26208100,6356992,1
sample,long,hole,clipping,8,2,6,256,26,26008500,6356992,1
summary,long,hole,clipping,101595.703,103851.172,104892.188
sample,long,hole-reversed,relationship,8,2,0,4096,410,37746600,0,0
sample,long,hole-reversed,relationship,8,2,1,4096,410,37762300,0,0
sample,long,hole-reversed,relationship,8,2,2,4096,410,37206100,0,0
sample,long,hole-reversed,relationship,8,2,3,4096,410,38570000,0,0
sample,long,hole-reversed,relationship,8,2,4,4096,410,37624300,0,0
sample,long,hole-reversed,relationship,8,2,5,4096,410,37617000,0,0
sample,long,hole-reversed,relationship,8,2,6,4096,410,48955800,0,0
summary,long,hole-reversed,relationship,9083.521,9215.479,11952.100
sample,long,hole-reversed,clipping,8,2,0,256,26,26661700,6356992,1
sample,long,hole-reversed,clipping,8,2,1,256,26,26567700,6356992,1
sample,long,hole-reversed,clipping,8,2,2,256,26,26613900,6356992,1
sample,long,hole-reversed,clipping,8,2,3,256,26,26771000,6356992,1
sample,long,hole-reversed,clipping,8,2,4,256,26,27257800,6356992,1
sample,long,hole-reversed,clipping,8,2,5,256,26,26610000,6356992,1
sample,long,hole-reversed,clipping,8,2,6,256,26,26581500,6356992,1
summary,long,hole-reversed,clipping,103780.078,103960.547,106475.781
sample,long,rational-crossing,relationship,3,1,0,16384,1639,36394500,0,0
sample,long,rational-crossing,relationship,3,1,1,16384,1639,36515000,0,0
sample,long,rational-crossing,relationship,3,1,2,16384,1639,35939900,0,0
sample,long,rational-crossing,relationship,3,1,3,16384,1639,36815500,0,0
sample,long,rational-crossing,relationship,3,1,4,16384,1639,36389700,0,0
sample,long,rational-crossing,relationship,3,1,5,16384,1639,36260800,0,0
sample,long,rational-crossing,relationship,3,1,6,16384,1639,37029900,0,0
summary,long,rational-crossing,relationship,2193.597,2221.344,2260.126
sample,long,rational-crossing,clipping,3,1,0,512,52,22316300,8478720,2
sample,long,rational-crossing,clipping,3,1,1,512,52,22489200,8478720,2
sample,long,rational-crossing,clipping,3,1,2,512,52,22407800,8478720,2
sample,long,rational-crossing,clipping,3,1,3,512,52,22398800,8478720,2
sample,long,rational-crossing,clipping,3,1,4,512,52,22395200,8478720,2
sample,long,rational-crossing,clipping,3,1,5,512,52,22614700,8478720,2
sample,long,rational-crossing,clipping,3,1,6,512,52,23455700,8478720,2
summary,long,rational-crossing,clipping,43586.523,43765.234,45811.914
sample,long,sparse-1,relationship,4,1,0,8192,820,26604700,0,0
sample,long,sparse-1,relationship,4,1,1,8192,820,26801100,0,0
sample,long,sparse-1,relationship,4,1,2,8192,820,26760100,0,0
sample,long,sparse-1,relationship,4,1,3,8192,820,26380600,0,0
sample,long,sparse-1,relationship,4,1,4,8192,820,27689900,0,0
sample,long,sparse-1,relationship,4,1,5,8192,820,34396900,0,0
sample,long,sparse-1,relationship,4,1,6,8192,820,27287400,0,0
summary,long,sparse-1,relationship,3220.288,3271.619,4198.840
sample,long,sparse-1,clipping,4,1,0,512,52,22995000,8478720,2
sample,long,sparse-1,clipping,4,1,1,512,52,22619700,8478720,2
sample,long,sparse-1,clipping,4,1,2,512,52,22625200,8478720,2
sample,long,sparse-1,clipping,4,1,3,512,52,23388600,8478720,2
sample,long,sparse-1,clipping,4,1,4,512,52,22701400,8478720,2
sample,long,sparse-1,clipping,4,1,5,512,52,22714500,8478720,2
sample,long,sparse-1,clipping,4,1,6,512,52,22383200,8478720,2
summary,long,sparse-1,clipping,43717.188,44338.672,45680.859
sample,long,sparse-4,relationship,16,1,0,2048,205,30525100,0,0
sample,long,sparse-4,relationship,16,1,1,2048,205,31479500,0,0
sample,long,sparse-4,relationship,16,1,2,2048,205,30527000,0,0
sample,long,sparse-4,relationship,16,1,3,2048,205,30696000,0,0
sample,long,sparse-4,relationship,16,1,4,2048,205,30668300,0,0
sample,long,sparse-4,relationship,16,1,5,2048,205,30845400,0,0
sample,long,sparse-4,relationship,16,1,6,2048,205,30551900,0,0
summary,long,sparse-4,relationship,14904.834,14974.756,15370.850
sample,long,sparse-4,clipping,16,1,0,512,52,29621300,8478720,2
sample,long,sparse-4,clipping,16,1,1,512,52,29703000,8478720,2
sample,long,sparse-4,clipping,16,1,2,512,52,29802400,8478720,2
sample,long,sparse-4,clipping,16,1,3,512,52,29711100,8478720,2
sample,long,sparse-4,clipping,16,1,4,512,52,29661200,8478720,2
sample,long,sparse-4,clipping,16,1,5,512,52,29757300,8478720,2
sample,long,sparse-4,clipping,16,1,6,512,52,30505600,8478720,2
summary,long,sparse-4,clipping,57854.102,58029.492,59581.250
sample,long,sparse-16,relationship,64,1,0,512,52,34547200,0,0
sample,long,sparse-16,relationship,64,1,1,512,52,32460800,0,0
sample,long,sparse-16,relationship,64,1,2,512,52,32518300,0,0
sample,long,sparse-16,relationship,64,1,3,512,52,32917500,0,0
sample,long,sparse-16,relationship,64,1,4,512,52,41809500,0,0
sample,long,sparse-16,relationship,64,1,5,512,52,32421900,0,0
sample,long,sparse-16,relationship,64,1,6,512,52,32419300,0,0
summary,long,sparse-16,relationship,63318.945,63512.305,81659.180
sample,long,sparse-16,clipping,64,1,0,256,26,30686200,4239360,1
sample,long,sparse-16,clipping,64,1,1,256,26,29847100,4239360,1
sample,long,sparse-16,clipping,64,1,2,256,26,30234400,4239360,1
sample,long,sparse-16,clipping,64,1,3,256,26,30405200,4239360,1
sample,long,sparse-16,clipping,64,1,4,256,26,33217900,4239360,1
sample,long,sparse-16,clipping,64,1,5,256,26,30815900,4239360,1
sample,long,sparse-16,clipping,64,1,6,256,26,31327600,4239360,1
summary,long,sparse-16,clipping,116590.234,119867.969,129757.422
sample,long,sparse-64,relationship,256,1,0,128,13,32477900,0,0
sample,long,sparse-64,relationship,256,1,1,128,13,32034400,0,0
sample,long,sparse-64,relationship,256,1,2,128,13,32131000,0,0
sample,long,sparse-64,relationship,256,1,3,128,13,33472200,0,0
sample,long,sparse-64,relationship,256,1,4,128,13,32325600,0,0
sample,long,sparse-64,relationship,256,1,5,128,13,32498900,0,0
sample,long,sparse-64,relationship,256,1,6,128,13,32668900,0,0
summary,long,sparse-64,relationship,250268.750,253733.594,261501.562
sample,long,sparse-64,clipping,256,1,0,64,7,22224400,1059840,0
sample,long,sparse-64,clipping,256,1,1,64,7,23973600,1059840,0
sample,long,sparse-64,clipping,256,1,2,64,7,22450300,1059840,0
sample,long,sparse-64,clipping,256,1,3,64,7,22433100,1059840,0
sample,long,sparse-64,clipping,256,1,4,64,7,22733700,1059840,0
sample,long,sparse-64,clipping,256,1,5,64,7,22654300,1059840,0
sample,long,sparse-64,clipping,256,1,6,64,7,22859300,1059840,0
summary,long,sparse-64,clipping,347256.250,353973.438,374587.500
sample,long,dense-1,relationship,4,1,0,8192,820,27631000,0,0
sample,long,dense-1,relationship,4,1,1,8192,820,26109600,0,0
sample,long,dense-1,relationship,4,1,2,8192,820,26285300,0,0
sample,long,dense-1,relationship,4,1,3,8192,820,35856500,0,0
sample,long,dense-1,relationship,4,1,4,8192,820,26681100,0,0
sample,long,dense-1,relationship,4,1,5,8192,820,26549400,0,0
sample,long,dense-1,relationship,4,1,6,8192,820,26544400,0,0
summary,long,dense-1,relationship,3187.207,3240.894,4377.014
sample,long,dense-1,clipping,4,1,0,512,52,22174000,8478720,2
sample,long,dense-1,clipping,4,1,1,512,52,22114900,8478720,2
sample,long,dense-1,clipping,4,1,2,512,52,22364400,8478720,2
sample,long,dense-1,clipping,4,1,3,512,52,22201900,8478720,2
sample,long,dense-1,clipping,4,1,4,512,52,22373100,8478720,2
sample,long,dense-1,clipping,4,1,5,512,52,22599100,8478720,2
sample,long,dense-1,clipping,4,1,6,512,52,23624200,8478720,2
summary,long,dense-1,clipping,43193.164,43680.469,46141.016
sample,long,dense-4,relationship,16,4,0,1024,103,21652800,0,0
sample,long,dense-4,relationship,16,4,1,1024,103,21606300,0,0
sample,long,dense-4,relationship,16,4,2,1024,103,22143400,0,0
sample,long,dense-4,relationship,16,4,3,1024,103,22256700,0,0
sample,long,dense-4,relationship,16,4,4,1024,103,22133400,0,0
sample,long,dense-4,relationship,16,4,5,1024,103,22150900,0,0
sample,long,dense-4,relationship,16,4,6,1024,103,21262800,0,0
summary,long,dense-4,relationship,20764.453,21614.648,21735.059
sample,long,dense-4,clipping,16,4,0,128,13,29513900,5294080,1
sample,long,dense-4,clipping,16,4,1,128,13,29746300,5294080,1
sample,long,dense-4,clipping,16,4,2,128,13,29730700,5294080,1
sample,long,dense-4,clipping,16,4,3,128,13,29575100,5294080,1
sample,long,dense-4,clipping,16,4,4,128,13,29742000,5294080,1
sample,long,dense-4,clipping,16,4,5,128,13,30397000,5294080,1
sample,long,dense-4,clipping,16,4,6,128,13,29553100,5294080,1
summary,long,dense-4,clipping,230577.344,232271.094,237476.562
sample,long,dense-16,relationship,64,16,0,256,26,25512100,0,0
sample,long,dense-16,relationship,64,16,1,256,26,23961600,0,0
sample,long,dense-16,relationship,64,16,2,256,26,24195300,0,0
sample,long,dense-16,relationship,64,16,3,256,26,24859900,0,0
sample,long,dense-16,relationship,64,16,4,256,26,24342300,0,0
sample,long,dense-16,relationship,64,16,5,256,26,24296200,0,0
sample,long,dense-16,relationship,64,16,6,256,26,24958000,0,0
summary,long,dense-16,relationship,93600.000,95087.109,99656.641
sample,long,dense-16,clipping,64,16,0,32,4,35472500,4640256,1
sample,long,dense-16,clipping,64,16,1,32,4,35963700,4640256,1
sample,long,dense-16,clipping,64,16,2,32,4,35145500,4640256,1
sample,long,dense-16,clipping,64,16,3,32,4,35616200,4640256,1
sample,long,dense-16,clipping,64,16,4,32,4,35615100,4640256,1
sample,long,dense-16,clipping,64,16,5,32,4,35483400,4640256,1
sample,long,dense-16,clipping,64,16,6,32,4,36579300,4640256,1
summary,long,dense-16,clipping,1098296.875,1112971.875,1143103.125
sample,long,dense-64,relationship,256,64,0,64,7,24522600,0,0
sample,long,dense-64,relationship,256,64,1,64,7,24450400,0,0
sample,long,dense-64,relationship,256,64,2,64,7,24616600,0,0
sample,long,dense-64,relationship,256,64,3,64,7,24381900,0,0
sample,long,dense-64,relationship,256,64,4,64,7,24188200,0,0
sample,long,dense-64,relationship,256,64,5,64,7,25393100,0,0
sample,long,dense-64,relationship,256,64,6,64,7,24179600,0,0
summary,long,dense-64,relationship,377806.250,382037.500,396767.188
sample,long,dense-64,clipping,256,64,0,4,1,20777300,2224128,0
sample,long,dense-64,clipping,256,64,1,4,1,20787400,2224128,0
sample,long,dense-64,clipping,256,64,2,4,1,20745800,2224128,0
sample,long,dense-64,clipping,256,64,3,4,1,20769200,2224128,0
sample,long,dense-64,clipping,256,64,4,4,1,20496300,2224128,0
sample,long,dense-64,clipping,256,64,5,4,1,21595300,2224128,0
sample,long,dense-64,clipping,256,64,6,4,1,20952600,2224128,0
summary,long,dense-64,clipping,5124075.000,5194325.000,5398825.000
sample,long,wide-integral,relationship,4,1,0,8192,820,27079700,0,0
sample,long,wide-integral,relationship,4,1,1,8192,820,27991700,0,0
sample,long,wide-integral,relationship,4,1,2,8192,820,26828900,0,0
sample,long,wide-integral,relationship,4,1,3,8192,820,27144600,0,0
sample,long,wide-integral,relationship,4,1,4,8192,820,27514700,0,0
sample,long,wide-integral,relationship,4,1,5,8192,820,26796100,0,0
sample,long,wide-integral,relationship,4,1,6,8192,820,26885800,0,0
summary,long,wide-integral,relationship,3271.008,3305.627,3416.956
sample,long,wide-integral,clipping,4,1,0,512,52,25161400,8478720,2
sample,long,wide-integral,clipping,4,1,1,512,52,24781400,8478720,2
sample,long,wide-integral,clipping,4,1,2,512,52,25982300,8478720,2
sample,long,wide-integral,clipping,4,1,3,512,52,24902600,8478720,2
sample,long,wide-integral,clipping,4,1,4,512,52,24920000,8478720,2
sample,long,wide-integral,clipping,4,1,5,512,52,24786600,8478720,2
sample,long,wide-integral,clipping,4,1,6,512,52,24906200,8478720,2
summary,long,wide-integral,clipping,48401.172,48644.922,50746.680
sample,long,endpoint-collapse,relationship,4,0,0,8192,820,40614500,0,0
sample,long,endpoint-collapse,relationship,4,0,1,8192,820,39608200,0,0
sample,long,endpoint-collapse,relationship,4,0,2,8192,820,40033000,0,0
sample,long,endpoint-collapse,relationship,4,0,3,8192,820,40151000,0,0
sample,long,endpoint-collapse,relationship,4,0,4,8192,820,40017200,0,0
sample,long,endpoint-collapse,relationship,4,0,5,8192,820,40261900,0,0
sample,long,endpoint-collapse,relationship,4,0,6,8192,820,39614500,0,0
summary,long,endpoint-collapse,relationship,4834.985,4886.841,4957.825
sample,long,endpoint-collapse,clipping,4,0,0,1024,103,36285400,16924672,4
sample,long,endpoint-collapse,clipping,4,0,1,1024,103,37397100,16924672,4
sample,long,endpoint-collapse,clipping,4,0,2,1024,103,35894200,16924672,4
sample,long,endpoint-collapse,clipping,4,0,3,1024,103,36468600,16924672,4
sample,long,endpoint-collapse,clipping,4,0,4,1024,103,36600800,16924672,4
sample,long,endpoint-collapse,clipping,4,0,5,1024,103,36512900,16924672,4
sample,long,endpoint-collapse,clipping,4,0,6,1024,103,37513400,16924672,4
summary,long,endpoint-collapse,clipping,35052.930,35657.129,36634.180
sample,long,gap-collapse,relationship,8,0,0,2048,205,22218900,0,0
sample,long,gap-collapse,relationship,8,0,1,2048,205,22429200,0,0
sample,long,gap-collapse,relationship,8,0,2,2048,205,31471500,0,0
sample,long,gap-collapse,relationship,8,0,3,2048,205,22535800,0,0
sample,long,gap-collapse,relationship,8,0,4,2048,205,22256300,0,0
sample,long,gap-collapse,relationship,8,0,5,2048,205,23195100,0,0
sample,long,gap-collapse,relationship,8,0,6,2048,205,23011600,0,0
summary,long,gap-collapse,relationship,10849.072,11003.809,15366.943
sample,long,gap-collapse,clipping,8,0,0,256,26,25031100,6348800,1
sample,long,gap-collapse,clipping,8,0,1,256,26,25728300,6348800,1
sample,long,gap-collapse,clipping,8,0,2,256,26,24829600,6348800,1
sample,long,gap-collapse,clipping,8,0,3,256,26,24913600,6348800,1
sample,long,gap-collapse,clipping,8,0,4,256,26,26108200,6348800,1
sample,long,gap-collapse,clipping,8,0,5,256,26,25565700,6348800,1
sample,long,gap-collapse,clipping,8,0,6,256,26,24820300,6348800,1
summary,long,gap-collapse,clipping,96954.297,97777.734,101985.156
fixture,float,exterior,4,1,success,0
fixture,float,interior,4,4,success,1
fixture,float,crossing,4,7,success,1
fixture,float,boundary-only,4,10,success,1
fixture,float,boundary-overlap,4,11,success,1
fixture,float,isolated-tangent,4,3,success,0
fixture,float,degenerate-interior,4,4,success,0
fixture,float,degenerate-boundary,4,2,success,0
fixture,float,empty,0,1,success,0
fixture,float,concave-u,8,7,success,2
fixture,float,hole,8,7,success,2
fixture,float,hole-reversed,8,7,success,2
fixture,float,rational-crossing,3,7,success,1
fixture,float,sparse-1,4,7,success,1
fixture,float,sparse-4,16,7,success,1
fixture,float,sparse-16,64,7,success,1
fixture,float,sparse-64,256,7,success,1
fixture,float,dense-1,4,7,success,1
fixture,float,dense-4,16,7,success,4
fixture,float,dense-16,64,7,success,16
fixture,float,dense-64,256,7,success,64
fixture,float,subnormal,4,7,success,1
fixture,float,large-finite,4,7,success,1
preflight,float,23,PASS
sample,float,exterior,relationship,4,0,0,8192,820,25171500,0,0
sample,float,exterior,relationship,4,0,1,8192,820,25159900,0,0
sample,float,exterior,relationship,4,0,2,8192,820,26051300,0,0
sample,float,exterior,relationship,4,0,3,8192,820,25535800,0,0
sample,float,exterior,relationship,4,0,4,8192,820,24819600,0,0
sample,float,exterior,relationship,4,0,5,8192,820,24984600,0,0
sample,float,exterior,relationship,4,0,6,8192,820,25200000,0,0
summary,float,exterior,relationship,3029.736,3072.693,3180.090
sample,float,exterior,clipping,4,0,0,4096,410,32267600,33947648,8
sample,float,exterior,clipping,4,0,1,4096,410,31763900,33947648,8
sample,float,exterior,clipping,4,0,2,4096,410,30823800,33947648,8
sample,float,exterior,clipping,4,0,3,4096,410,31301900,33947648,8
sample,float,exterior,clipping,4,0,4,4096,410,31590900,33947648,8
sample,float,exterior,clipping,4,0,5,4096,410,31315400,33947648,8
sample,float,exterior,clipping,4,0,6,4096,410,31440100,33947648,8
summary,float,exterior,clipping,7525.342,7675.806,7877.832
sample,float,interior,relationship,4,1,0,8192,820,24766300,0,0
sample,float,interior,relationship,4,1,1,8192,820,25277300,0,0
sample,float,interior,relationship,4,1,2,8192,820,25260900,0,0
sample,float,interior,relationship,4,1,3,8192,820,34432000,0,0
sample,float,interior,relationship,4,1,4,8192,820,25059200,0,0
sample,float,interior,relationship,4,1,5,8192,820,26112500,0,0
sample,float,interior,relationship,4,1,6,8192,820,25508300,0,0
summary,float,interior,relationship,3023.230,3085.608,4203.125
sample,float,interior,clipping,4,1,0,2048,205,37114700,17072128,4
sample,float,interior,clipping,4,1,1,2048,205,37113000,17072128,4
sample,float,interior,clipping,4,1,2,2048,205,39292400,17072128,4
sample,float,interior,clipping,4,1,3,2048,205,36555700,17072128,4
sample,float,interior,clipping,4,1,4,2048,205,36428900,17072128,4
sample,float,interior,clipping,4,1,5,2048,205,36622300,17072128,4
sample,float,interior,clipping,4,1,6,2048,205,36320600,17072128,4
summary,float,interior,clipping,17734.668,17881.982,19185.742
sample,float,crossing,relationship,4,1,0,8192,820,24981600,0,0
sample,float,crossing,relationship,4,1,1,8192,820,24965900,0,0
sample,float,crossing,relationship,4,1,2,8192,820,25085400,0,0
sample,float,crossing,relationship,4,1,3,8192,820,24992300,0,0
sample,float,crossing,relationship,4,1,4,8192,820,25126100,0,0
sample,float,crossing,relationship,4,1,5,8192,820,24977100,0,0
sample,float,crossing,relationship,4,1,6,8192,820,25848300,0,0
summary,float,crossing,relationship,3047.595,3050.818,3155.310
sample,float,crossing,clipping,4,1,0,512,52,22773400,8478720,2
sample,float,crossing,clipping,4,1,1,512,52,23287600,8478720,2
sample,float,crossing,clipping,4,1,2,512,52,23279400,8478720,2
sample,float,crossing,clipping,4,1,3,512,52,23399700,8478720,2
sample,float,crossing,clipping,4,1,4,512,52,23312900,8478720,2
sample,float,crossing,clipping,4,1,5,512,52,23321300,8478720,2
sample,float,crossing,clipping,4,1,6,512,52,25076800,8478720,2
summary,float,crossing,clipping,44479.297,45533.008,48978.125
sample,float,boundary-only,relationship,4,1,0,8192,820,28055700,0,0
sample,float,boundary-only,relationship,4,1,1,8192,820,28169200,0,0
sample,float,boundary-only,relationship,4,1,2,8192,820,33722000,0,0
sample,float,boundary-only,relationship,4,1,3,8192,820,38971100,0,0
sample,float,boundary-only,relationship,4,1,4,8192,820,28547800,0,0
sample,float,boundary-only,relationship,4,1,5,8192,820,27875700,0,0
sample,float,boundary-only,relationship,4,1,6,8192,820,28285900,0,0
summary,float,boundary-only,relationship,3402.795,3452.869,4757.214
sample,float,boundary-only,clipping,4,1,0,1024,103,30194500,21118976,5
sample,float,boundary-only,clipping,4,1,1,1024,103,31838300,21118976,5
sample,float,boundary-only,clipping,4,1,2,1024,103,31458600,21118976,5
sample,float,boundary-only,clipping,4,1,3,1024,103,29897000,21118976,5
sample,float,boundary-only,clipping,4,1,4,1024,103,30660000,21118976,5
sample,float,boundary-only,clipping,4,1,5,1024,103,29647200,21118976,5
sample,float,boundary-only,clipping,4,1,6,1024,103,30137100,21118976,5
summary,float,boundary-only,clipping,28952.344,29486.816,31092.090
sample,float,boundary-overlap,relationship,4,1,0,8192,820,34193800,0,0
sample,float,boundary-overlap,relationship,4,1,1,8192,820,34654400,0,0
sample,float,boundary-overlap,relationship,4,1,2,8192,820,34318500,0,0
sample,float,boundary-overlap,relationship,4,1,3,8192,820,34484800,0,0
sample,float,boundary-overlap,relationship,4,1,4,8192,820,34739200,0,0
sample,float,boundary-overlap,relationship,4,1,5,8192,820,34816400,0,0
sample,float,boundary-overlap,relationship,4,1,6,8192,820,34301900,0,0
summary,float,boundary-overlap,relationship,4174.048,4209.570,4250.049
sample,float,boundary-overlap,clipping,4,1,0,1024,103,32206700,21151744,5
sample,float,boundary-overlap,clipping,4,1,1,1024,103,32977300,21151744,5
sample,float,boundary-overlap,clipping,4,1,2,1024,103,31830800,21151744,5
sample,float,boundary-overlap,clipping,4,1,3,1024,103,32167300,21151744,5
sample,float,boundary-overlap,clipping,4,1,4,1024,103,32398000,21151744,5
sample,float,boundary-overlap,clipping,4,1,5,1024,103,31993100,21151744,5
sample,float,boundary-overlap,clipping,4,1,6,1024,103,32366600,21151744,5
summary,float,boundary-overlap,clipping,31084.766,31451.855,32204.395
sample,float,isolated-tangent,relationship,4,0,0,4096,410,21436600,0,0
sample,float,isolated-tangent,relationship,4,0,1,4096,410,20877900,0,0
sample,float,isolated-tangent,relationship,4,0,2,4096,410,21482100,0,0
sample,float,isolated-tangent,relationship,4,0,3,4096,410,21109200,0,0
sample,float,isolated-tangent,relationship,4,0,4,4096,410,21228100,0,0
sample,float,isolated-tangent,relationship,4,0,5,4096,410,20876700,0,0
sample,float,isolated-tangent,relationship,4,0,6,4096,410,21291300,0,0
summary,float,isolated-tangent,relationship,5096.851,5182.642,5244.653
sample,float,isolated-tangent,clipping,4,0,0,2048,205,32350100,33751040,8
sample,float,isolated-tangent,clipping,4,0,1,2048,205,31322200,33751040,8
sample,float,isolated-tangent,clipping,4,0,2,2048,205,31925500,33751040,8
sample,float,isolated-tangent,clipping,4,0,3,2048,205,31352400,33751040,8
sample,float,isolated-tangent,clipping,4,0,4,2048,205,32201600,33751040,8
sample,float,isolated-tangent,clipping,4,0,5,2048,205,31936400,33751040,8
sample,float,isolated-tangent,clipping,4,0,6,2048,205,31325300,33751040,8
summary,float,isolated-tangent,clipping,15294.043,15588.623,15795.947
sample,float,degenerate-interior,relationship,4,0,0,65536,6554,5331100,0,0
sample,float,degenerate-interior,relationship,4,0,1,65536,6554,5310700,0,0
sample,float,degenerate-interior,relationship,4,0,2,65536,6554,5469500,0,0
sample,float,degenerate-interior,relationship,4,0,3,65536,6554,5333900,0,0
sample,float,degenerate-interior,relationship,4,0,4,65536,6554,5334800,0,0
sample,float,degenerate-interior,relationship,4,0,5,65536,6554,5357200,0,0
sample,float,degenerate-interior,relationship,4,0,6,65536,6554,5320300,0,0
summary,float,degenerate-interior,relationship,81.035,81.389,83.458
sample,float,degenerate-interior,clipping,4,0,0,65536,6554,755200,0,0
sample,float,degenerate-interior,clipping,4,0,1,65536,6554,805100,0,0
sample,float,degenerate-interior,clipping,4,0,2,65536,6554,757500,0,0
sample,float,degenerate-interior,clipping,4,0,3,65536,6554,804500,0,0
sample,float,degenerate-interior,clipping,4,0,4,65536,6554,760900,0,0
sample,float,degenerate-interior,clipping,4,0,5,65536,6554,841300,0,0
sample,float,degenerate-interior,clipping,4,0,6,65536,6554,958900,0,0
summary,float,degenerate-interior,clipping,11.523,12.276,14.632
sample,float,degenerate-boundary,relationship,4,0,0,65536,6554,5155000,0,0
sample,float,degenerate-boundary,relationship,4,0,1,65536,6554,5219100,0,0
sample,float,degenerate-boundary,relationship,4,0,2,65536,6554,5165900,0,0
sample,float,degenerate-boundary,relationship,4,0,3,65536,6554,5163600,0,0
sample,float,degenerate-boundary,relationship,4,0,4,65536,6554,5176500,0,0
sample,float,degenerate-boundary,relationship,4,0,5,65536,6554,5166700,0,0
sample,float,degenerate-boundary,relationship,4,0,6,65536,6554,5164400,0,0
summary,float,degenerate-boundary,relationship,78.659,78.825,79.637
sample,float,degenerate-boundary,clipping,4,0,0,65536,6554,1174500,0,0
sample,float,degenerate-boundary,clipping,4,0,1,65536,6554,748400,0,0
sample,float,degenerate-boundary,clipping,4,0,2,65536,6554,792500,0,0
sample,float,degenerate-boundary,clipping,4,0,3,65536,6554,745200,0,0
sample,float,degenerate-boundary,clipping,4,0,4,65536,6554,793800,0,0
sample,float,degenerate-boundary,clipping,4,0,5,65536,6554,751500,0,0
sample,float,degenerate-boundary,clipping,4,0,6,65536,6554,794300,0,0
summary,float,degenerate-boundary,clipping,11.371,12.093,17.921
sample,float,empty,relationship,0,0,0,65536,6554,1351200,0,0
sample,float,empty,relationship,0,0,1,65536,6554,1352500,0,0
sample,float,empty,relationship,0,0,2,65536,6554,1352700,0,0
sample,float,empty,relationship,0,0,3,65536,6554,1353200,0,0
sample,float,empty,relationship,0,0,4,65536,6554,1354000,0,0
sample,float,empty,relationship,0,0,5,65536,6554,1428400,0,0
sample,float,empty,relationship,0,0,6,65536,6554,1898000,0,0
summary,float,empty,relationship,20.618,20.648,28.961
sample,float,empty,clipping,0,0,0,65536,6554,886600,0,0
sample,float,empty,clipping,0,0,1,65536,6554,935000,0,0
sample,float,empty,clipping,0,0,2,65536,6554,888100,0,0
sample,float,empty,clipping,0,0,3,65536,6554,933300,0,0
sample,float,empty,clipping,0,0,4,65536,6554,887000,0,0
sample,float,empty,clipping,0,0,5,65536,6554,930500,0,0
sample,float,empty,clipping,0,0,6,65536,6554,884100,0,0
summary,float,empty,clipping,13.490,13.551,14.267
sample,float,concave-u,relationship,8,2,0,4096,410,37504000,0,0
sample,float,concave-u,relationship,8,2,1,4096,410,37245100,0,0
sample,float,concave-u,relationship,8,2,2,4096,410,38837200,0,0
sample,float,concave-u,relationship,8,2,3,4096,410,37951400,0,0
sample,float,concave-u,relationship,8,2,4,4096,410,37026800,0,0
sample,float,concave-u,relationship,8,2,5,4096,410,37740600,0,0
sample,float,concave-u,relationship,8,2,6,4096,410,37604400,0,0
summary,float,concave-u,relationship,9039.746,9180.762,9481.738
sample,float,concave-u,clipping,8,2,0,256,26,28825200,6356992,1
sample,float,concave-u,clipping,8,2,1,256,26,28233900,6356992,1
sample,float,concave-u,clipping,8,2,2,256,26,28333700,6356992,1
sample,float,concave-u,clipping,8,2,3,256,26,28519300,6356992,1
sample,float,concave-u,clipping,8,2,4,256,26,28080300,6356992,1
sample,float,concave-u,clipping,8,2,5,256,26,28329900,6356992,1
sample,float,concave-u,clipping,8,2,6,256,26,29983200,6356992,1
summary,float,concave-u,clipping,109688.672,110678.516,117121.875
sample,float,hole,relationship,8,2,0,4096,410,37955400,0,0
sample,float,hole,relationship,8,2,1,4096,410,37398300,0,0
sample,float,hole,relationship,8,2,2,4096,410,38703800,0,0
sample,float,hole,relationship,8,2,3,4096,410,37945100,0,0
sample,float,hole,relationship,8,2,4,4096,410,38166300,0,0
sample,float,hole,relationship,8,2,5,4096,410,37464400,0,0
sample,float,hole,relationship,8,2,6,4096,410,37786000,0,0
summary,float,hole,relationship,9130.444,9263.940,9449.170
sample,float,hole,clipping,8,2,0,256,26,28924300,6356992,1
sample,float,hole,clipping,8,2,1,256,26,28809800,6356992,1
sample,float,hole,clipping,8,2,2,256,26,28364200,6356992,1
sample,float,hole,clipping,8,2,3,256,26,28807100,6356992,1
sample,float,hole,clipping,8,2,4,256,26,28722400,6356992,1
sample,float,hole,clipping,8,2,5,256,26,30872800,6356992,1
sample,float,hole,clipping,8,2,6,256,26,28491600,6356992,1
summary,float,hole,clipping,110797.656,112527.734,120596.875
sample,float,hole-reversed,relationship,8,2,0,4096,410,37829400,0,0
sample,float,hole-reversed,relationship,8,2,1,4096,410,37965200,0,0
sample,float,hole-reversed,relationship,8,2,2,4096,410,48625400,0,0
sample,float,hole-reversed,relationship,8,2,3,4096,410,37993700,0,0
sample,float,hole-reversed,relationship,8,2,4,4096,410,37724400,0,0
sample,float,hole-reversed,relationship,8,2,5,4096,410,37935500,0,0
sample,float,hole-reversed,relationship,8,2,6,4096,410,37854000,0,0
summary,float,hole-reversed,relationship,9210.059,9261.597,11871.436
sample,float,hole-reversed,clipping,8,2,0,256,26,28556200,6356992,1
sample,float,hole-reversed,clipping,8,2,1,256,26,28450700,6356992,1
sample,float,hole-reversed,clipping,8,2,2,256,26,28323500,6356992,1
sample,float,hole-reversed,clipping,8,2,3,256,26,28652500,6356992,1
sample,float,hole-reversed,clipping,8,2,4,256,26,28437000,6356992,1
sample,float,hole-reversed,clipping,8,2,5,256,26,29645700,6356992,1
sample,float,hole-reversed,clipping,8,2,6,256,26,28496900,6356992,1
summary,float,hole-reversed,clipping,110638.672,111316.016,115803.516
sample,float,rational-crossing,relationship,3,1,0,16384,1639,34280300,0,0
sample,float,rational-crossing,relationship,3,1,1,16384,1639,35045500,0,0
sample,float,rational-crossing,relationship,3,1,2,16384,1639,36179900,0,0
sample,float,rational-crossing,relationship,3,1,3,16384,1639,35096300,0,0
sample,float,rational-crossing,relationship,3,1,4,16384,1639,34991900,0,0
sample,float,rational-crossing,relationship,3,1,5,16384,1639,34229300,0,0
sample,float,rational-crossing,relationship,3,1,6,16384,1639,34626600,0,0
summary,float,rational-crossing,relationship,2089.191,2135.736,2208.246
sample,float,rational-crossing,clipping,3,1,0,512,52,23969300,8478720,2
sample,float,rational-crossing,clipping,3,1,1,512,52,24753300,8478720,2
sample,float,rational-crossing,clipping,3,1,2,512,52,23997100,8478720,2
sample,float,rational-crossing,clipping,3,1,3,512,52,24503200,8478720,2
sample,float,rational-crossing,clipping,3,1,4,512,52,24019300,8478720,2
sample,float,rational-crossing,clipping,3,1,5,512,52,24599100,8478720,2
sample,float,rational-crossing,clipping,3,1,6,512,52,24048100,8478720,2
summary,float,rational-crossing,clipping,46815.039,46968.945,48346.289
sample,float,sparse-1,relationship,4,1,0,8192,820,25844000,0,0
sample,float,sparse-1,relationship,4,1,1,8192,820,26268800,0,0
sample,float,sparse-1,relationship,4,1,2,8192,820,26348400,0,0
sample,float,sparse-1,relationship,4,1,3,8192,820,25759900,0,0
sample,float,sparse-1,relationship,4,1,4,8192,820,26313900,0,0
sample,float,sparse-1,relationship,4,1,5,8192,820,26926700,0,0
sample,float,sparse-1,relationship,4,1,6,8192,820,27715700,0,0
summary,float,sparse-1,relationship,3144.519,3212.146,3383.264
sample,float,sparse-1,clipping,4,1,0,512,52,24132800,8478720,2
sample,float,sparse-1,clipping,4,1,1,512,52,24027500,8478720,2
sample,float,sparse-1,clipping,4,1,2,512,52,24135300,8478720,2
sample,float,sparse-1,clipping,4,1,3,512,52,23444700,8478720,2
sample,float,sparse-1,clipping,4,1,4,512,52,26342800,8478720,2
sample,float,sparse-1,clipping,4,1,5,512,52,24026100,8478720,2
sample,float,sparse-1,clipping,4,1,6,512,52,23488900,8478720,2
summary,float,sparse-1,clipping,45790.430,46928.711,51450.781
sample,float,sparse-4,relationship,16,1,0,2048,205,29741000,0,0
sample,float,sparse-4,relationship,16,1,1,2048,205,29465400,0,0
sample,float,sparse-4,relationship,16,1,2,2048,205,31631300,0,0
sample,float,sparse-4,relationship,16,1,3,2048,205,29702900,0,0
sample,float,sparse-4,relationship,16,1,4,2048,205,29952100,0,0
sample,float,sparse-4,relationship,16,1,5,2048,205,29709600,0,0
sample,float,sparse-4,relationship,16,1,6,2048,205,29766200,0,0
summary,float,sparse-4,relationship,14387.402,14521.973,15444.971
sample,float,sparse-4,clipping,16,1,0,512,52,30763700,8478720,2
sample,float,sparse-4,clipping,16,1,1,512,52,29975800,8478720,2
sample,float,sparse-4,clipping,16,1,2,512,52,30362100,8478720,2
sample,float,sparse-4,clipping,16,1,3,512,52,30398700,8478720,2
sample,float,sparse-4,clipping,16,1,4,512,52,30595500,8478720,2
sample,float,sparse-4,clipping,16,1,5,512,52,30222300,8478720,2
sample,float,sparse-4,clipping,16,1,6,512,52,31076000,8478720,2
summary,float,sparse-4,clipping,58546.484,59372.461,60695.312
sample,float,sparse-16,relationship,64,1,0,512,52,30634800,0,0
sample,float,sparse-16,relationship,64,1,1,512,52,30619900,0,0
sample,float,sparse-16,relationship,64,1,2,512,52,30475800,0,0
sample,float,sparse-16,relationship,64,1,3,512,52,31285800,0,0
sample,float,sparse-16,relationship,64,1,4,512,52,30406800,0,0
sample,float,sparse-16,relationship,64,1,5,512,52,32154000,0,0
sample,float,sparse-16,relationship,64,1,6,512,52,30543000,0,0
summary,float,sparse-16,relationship,59388.281,59804.492,62800.781
sample,float,sparse-16,clipping,64,1,0,256,26,28909900,4239360,1
sample,float,sparse-16,clipping,64,1,1,256,26,32578500,4239360,1
sample,float,sparse-16,clipping,64,1,2,256,26,28651000,4239360,1
sample,float,sparse-16,clipping,64,1,3,256,26,29389300,4239360,1
sample,float,sparse-16,clipping,64,1,4,256,26,29530700,4239360,1
sample,float,sparse-16,clipping,64,1,5,256,26,29422000,4239360,1
sample,float,sparse-16,clipping,64,1,6,256,26,29351000,4239360,1
summary,float,sparse-16,clipping,111917.969,114801.953,127259.766
sample,float,sparse-64,relationship,256,1,0,128,13,30332600,0,0
sample,float,sparse-64,relationship,256,1,1,128,13,30671200,0,0
sample,float,sparse-64,relationship,256,1,2,128,13,30742000,0,0
sample,float,sparse-64,relationship,256,1,3,128,13,30650600,0,0
sample,float,sparse-64,relationship,256,1,4,128,13,31718700,0,0
sample,float,sparse-64,relationship,256,1,5,128,13,32144500,0,0
sample,float,sparse-64,relationship,256,1,6,128,13,30477400,0,0
summary,float,sparse-64,relationship,236973.438,239618.750,251128.906
sample,float,sparse-64,clipping,256,1,0,64,7,20748900,1059840,0
sample,float,sparse-64,clipping,256,1,1,64,7,20895100,1059840,0
sample,float,sparse-64,clipping,256,1,2,64,7,20706900,1059840,0
sample,float,sparse-64,clipping,256,1,3,64,7,20476600,1059840,0
sample,float,sparse-64,clipping,256,1,4,64,7,20821200,1059840,0
sample,float,sparse-64,clipping,256,1,5,64,7,21183000,1059840,0
sample,float,sparse-64,clipping,256,1,6,64,7,20474600,1059840,0
summary,float,sparse-64,clipping,319915.625,324201.562,330984.375
sample,float,dense-1,relationship,4,1,0,8192,820,24579500,0,0
sample,float,dense-1,relationship,4,1,1,8192,820,24593500,0,0
sample,float,dense-1,relationship,4,1,2,8192,820,24641500,0,0
sample,float,dense-1,relationship,4,1,3,8192,820,24881500,0,0
sample,float,dense-1,relationship,4,1,4,8192,820,25362100,0,0
sample,float,dense-1,relationship,4,1,5,8192,820,24580600,0,0
sample,float,dense-1,relationship,4,1,6,8192,820,24682500,0,0
summary,float,dense-1,relationship,3000.427,3007.996,3095.959
sample,float,dense-1,clipping,4,1,0,512,52,22897200,8478720,2
sample,float,dense-1,clipping,4,1,1,512,52,23050700,8478720,2
sample,float,dense-1,clipping,4,1,2,512,52,23276100,8478720,2
sample,float,dense-1,clipping,4,1,3,512,52,23720000,8478720,2
sample,float,dense-1,clipping,4,1,4,512,52,23527600,8478720,2
sample,float,dense-1,clipping,4,1,5,512,52,22875300,8478720,2
sample,float,dense-1,clipping,4,1,6,512,52,23344200,8478720,2
summary,float,dense-1,clipping,44678.320,45461.133,46328.125
sample,float,dense-4,relationship,16,4,0,1024,103,20635200,0,0
sample,float,dense-4,relationship,16,4,1,1024,103,20643100,0,0
sample,float,dense-4,relationship,16,4,2,1024,103,20848200,0,0
sample,float,dense-4,relationship,16,4,3,1024,103,21146700,0,0
sample,float,dense-4,relationship,16,4,4,1024,103,20313500,0,0
sample,float,dense-4,relationship,16,4,5,1024,103,20560200,0,0
sample,float,dense-4,relationship,16,4,6,1024,103,20338000,0,0
summary,float,dense-4,relationship,19837.402,20151.562,20651.074
sample,float,dense-4,clipping,16,4,0,128,13,29863300,5294080,1
sample,float,dense-4,clipping,16,4,1,128,13,30694200,5294080,1
sample,float,dense-4,clipping,16,4,2,128,13,31044700,5294080,1
sample,float,dense-4,clipping,16,4,3,128,13,29889100,5294080,1
sample,float,dense-4,clipping,16,4,4,128,13,30298500,5294080,1
sample,float,dense-4,clipping,16,4,5,128,13,30401400,5294080,1
sample,float,dense-4,clipping,16,4,6,128,13,30373200,5294080,1
summary,float,dense-4,clipping,233307.031,237290.625,242536.719
sample,float,dense-16,relationship,64,16,0,256,26,23591700,0,0
sample,float,dense-16,relationship,64,16,1,256,26,22198300,0,0
sample,float,dense-16,relationship,64,16,2,256,26,22230900,0,0
sample,float,dense-16,relationship,64,16,3,256,26,31860100,0,0
sample,float,dense-16,relationship,64,16,4,256,26,22622000,0,0
sample,float,dense-16,relationship,64,16,5,256,26,22592800,0,0
sample,float,dense-16,relationship,64,16,6,256,26,22481900,0,0
summary,float,dense-16,relationship,86712.109,88253.125,124453.516
sample,float,dense-16,clipping,64,16,0,32,4,35541900,4640256,1
sample,float,dense-16,clipping,64,16,1,32,4,35626200,4640256,1
sample,float,dense-16,clipping,64,16,2,32,4,35583800,4640256,1
sample,float,dense-16,clipping,64,16,3,32,4,35894800,4640256,1
sample,float,dense-16,clipping,64,16,4,32,4,36855000,4640256,1
sample,float,dense-16,clipping,64,16,5,32,4,36553800,4640256,1
sample,float,dense-16,clipping,64,16,6,32,4,36062400,4640256,1
summary,float,dense-16,clipping,1110684.375,1121712.500,1151718.750
sample,float,dense-64,relationship,256,64,0,64,7,22913200,0,0
sample,float,dense-64,relationship,256,64,1,64,7,23050700,0,0
sample,float,dense-64,relationship,256,64,2,64,7,23328400,0,0
sample,float,dense-64,relationship,256,64,3,64,7,22838500,0,0
sample,float,dense-64,relationship,256,64,4,64,7,22602000,0,0
sample,float,dense-64,relationship,256,64,5,64,7,22620200,0,0
sample,float,dense-64,relationship,256,64,6,64,7,22775000,0,0
summary,float,dense-64,relationship,353156.250,356851.562,364506.250
sample,float,dense-64,clipping,256,64,0,4,1,20528700,2224128,0
sample,float,dense-64,clipping,256,64,1,4,1,21305700,2224128,0
sample,float,dense-64,clipping,256,64,2,4,1,21823100,2224128,0
sample,float,dense-64,clipping,256,64,3,4,1,20696600,2224128,0
sample,float,dense-64,clipping,256,64,4,4,1,20987700,2224128,0
sample,float,dense-64,clipping,256,64,5,4,1,20888800,2224128,0
sample,float,dense-64,clipping,256,64,6,4,1,20887000,2224128,0
summary,float,dense-64,clipping,5132175.000,5222200.000,5455775.000
sample,float,subnormal,relationship,4,1,0,8192,820,24996000,0,0
sample,float,subnormal,relationship,4,1,1,8192,820,24915800,0,0
sample,float,subnormal,relationship,4,1,2,8192,820,25466200,0,0
sample,float,subnormal,relationship,4,1,3,8192,820,24687800,0,0
sample,float,subnormal,relationship,4,1,4,8192,820,24798800,0,0
sample,float,subnormal,relationship,4,1,5,8192,820,31969300,0,0
sample,float,subnormal,relationship,4,1,6,8192,820,26889800,0,0
summary,float,subnormal,relationship,3013.647,3051.270,3902.502
sample,float,subnormal,clipping,4,1,0,512,52,23961800,8478720,2
sample,float,subnormal,clipping,4,1,1,512,52,22932200,8478720,2
sample,float,subnormal,clipping,4,1,2,512,52,22896900,8478720,2
sample,float,subnormal,clipping,4,1,3,512,52,22888400,8478720,2
sample,float,subnormal,clipping,4,1,4,512,52,22738600,8478720,2
sample,float,subnormal,clipping,4,1,5,512,52,22754800,8478720,2
sample,float,subnormal,clipping,4,1,6,512,52,22909400,8478720,2
summary,float,subnormal,clipping,44411.328,44720.508,46800.391
sample,float,large-finite,relationship,4,1,0,8192,820,25887400,0,0
sample,float,large-finite,relationship,4,1,1,8192,820,25185400,0,0
sample,float,large-finite,relationship,4,1,2,8192,820,25037600,0,0
sample,float,large-finite,relationship,4,1,3,8192,820,25046400,0,0
sample,float,large-finite,relationship,4,1,4,8192,820,25058400,0,0
sample,float,large-finite,relationship,4,1,5,8192,820,25082900,0,0
sample,float,large-finite,relationship,4,1,6,8192,820,25006900,0,0
summary,float,large-finite,relationship,3052.600,3058.887,3160.083
sample,float,large-finite,clipping,4,1,0,512,52,23964600,8478720,2
sample,float,large-finite,clipping,4,1,1,512,52,24003500,8478720,2
sample,float,large-finite,clipping,4,1,2,512,52,23847200,8478720,2
sample,float,large-finite,clipping,4,1,3,512,52,23910800,8478720,2
sample,float,large-finite,clipping,4,1,4,512,52,24278300,8478720,2
sample,float,large-finite,clipping,4,1,5,512,52,23844900,8478720,2
sample,float,large-finite,clipping,4,1,6,512,52,24386600,8478720,2
summary,float,large-finite,clipping,46572.070,46805.859,47630.078
fixture,double,exterior,4,1,success,0
fixture,double,interior,4,4,success,1
fixture,double,crossing,4,7,success,1
fixture,double,boundary-only,4,10,success,1
fixture,double,boundary-overlap,4,11,success,1
fixture,double,isolated-tangent,4,3,success,0
fixture,double,degenerate-interior,4,4,success,0
fixture,double,degenerate-boundary,4,2,success,0
fixture,double,empty,0,1,success,0
fixture,double,concave-u,8,7,success,2
fixture,double,hole,8,7,success,2
fixture,double,hole-reversed,8,7,success,2
fixture,double,rational-crossing,3,7,success,1
fixture,double,sparse-1,4,7,success,1
fixture,double,sparse-4,16,7,success,1
fixture,double,sparse-16,64,7,success,1
fixture,double,sparse-64,256,7,success,1
fixture,double,dense-1,4,7,success,1
fixture,double,dense-4,16,7,success,4
fixture,double,dense-16,64,7,success,16
fixture,double,dense-64,256,7,success,64
fixture,double,subnormal,4,7,success,1
fixture,double,large-finite,4,7,success,1
preflight,double,23,PASS
sample,double,exterior,relationship,4,0,0,8192,820,25167700,0,0
sample,double,exterior,relationship,4,0,1,8192,820,25045700,0,0
sample,double,exterior,relationship,4,0,2,8192,820,25286000,0,0
sample,double,exterior,relationship,4,0,3,8192,820,25051500,0,0
sample,double,exterior,relationship,4,0,4,8192,820,25069800,0,0
sample,double,exterior,relationship,4,0,5,8192,820,25374700,0,0
sample,double,exterior,relationship,4,0,6,8192,820,25241900,0,0
summary,double,exterior,relationship,3057.336,3072.229,3097.498
sample,double,exterior,clipping,4,0,0,4096,410,38425700,33947648,8
sample,double,exterior,clipping,4,0,1,4096,410,28405000,33947648,8
sample,double,exterior,clipping,4,0,2,4096,410,29022200,33947648,8
sample,double,exterior,clipping,4,0,3,4096,410,29452200,33947648,8
sample,double,exterior,clipping,4,0,4,4096,410,28684000,33947648,8
sample,double,exterior,clipping,4,0,5,4096,410,28320200,33947648,8
sample,double,exterior,clipping,4,0,6,4096,410,28591800,33947648,8
summary,double,exterior,clipping,6914.111,7002.930,9381.274
sample,double,interior,relationship,4,1,0,8192,820,25713200,0,0
sample,double,interior,relationship,4,1,1,8192,820,25829100,0,0
sample,double,interior,relationship,4,1,2,8192,820,25465200,0,0
sample,double,interior,relationship,4,1,3,8192,820,24956400,0,0
sample,double,interior,relationship,4,1,4,8192,820,25150300,0,0
sample,double,interior,relationship,4,1,5,8192,820,25130500,0,0
sample,double,interior,relationship,4,1,6,8192,820,25117100,0,0
summary,double,interior,relationship,3046.436,3070.105,3152.966
sample,double,interior,clipping,4,1,0,2048,205,34331600,17072128,4
sample,double,interior,clipping,4,1,1,2048,205,34360800,17072128,4
sample,double,interior,clipping,4,1,2,2048,205,34225700,17072128,4
sample,double,interior,clipping,4,1,3,2048,205,34256600,17072128,4
sample,double,interior,clipping,4,1,4,2048,205,34031800,17072128,4
sample,double,interior,clipping,4,1,5,2048,205,36500900,17072128,4
sample,double,interior,clipping,4,1,6,2048,205,34274300,17072128,4
summary,double,interior,clipping,16617.090,16735.498,17822.705
sample,double,crossing,relationship,4,1,0,8192,820,24876500,0,0
sample,double,crossing,relationship,4,1,1,8192,820,24758100,0,0
sample,double,crossing,relationship,4,1,2,8192,820,24812200,0,0
sample,double,crossing,relationship,4,1,3,8192,820,25430400,0,0
sample,double,crossing,relationship,4,1,4,8192,820,24814600,0,0
sample,double,crossing,relationship,4,1,5,8192,820,24833200,0,0
sample,double,crossing,relationship,4,1,6,8192,820,24517900,0,0
summary,double,crossing,relationship,2992.908,3029.126,3104.297
sample,double,crossing,clipping,4,1,0,512,52,22528000,8478720,2
sample,double,crossing,clipping,4,1,1,512,52,22862900,8478720,2
sample,double,crossing,clipping,4,1,2,512,52,23563500,8478720,2
sample,double,crossing,clipping,4,1,3,512,52,22660700,8478720,2
sample,double,crossing,clipping,4,1,4,512,52,23384500,8478720,2
sample,double,crossing,clipping,4,1,5,512,52,22850200,8478720,2
sample,double,crossing,clipping,4,1,6,512,52,22936500,8478720,2
summary,double,crossing,clipping,44000.000,44654.102,46022.461
sample,double,boundary-only,relationship,4,1,0,8192,820,28141700,0,0
sample,double,boundary-only,relationship,4,1,1,8192,820,28316600,0,0
sample,double,boundary-only,relationship,4,1,2,8192,820,27675200,0,0
sample,double,boundary-only,relationship,4,1,3,8192,820,28145400,0,0
sample,double,boundary-only,relationship,4,1,4,8192,820,28084200,0,0
sample,double,boundary-only,relationship,4,1,5,8192,820,28004800,0,0
sample,double,boundary-only,relationship,4,1,6,8192,820,28005500,0,0
summary,double,boundary-only,relationship,3378.320,3428.247,3456.616
sample,double,boundary-only,clipping,4,1,0,1024,103,27844700,21118976,5
sample,double,boundary-only,clipping,4,1,1,1024,103,27217600,21118976,5
sample,double,boundary-only,clipping,4,1,2,1024,103,27525700,21118976,5
sample,double,boundary-only,clipping,4,1,3,1024,103,27716400,21118976,5
sample,double,boundary-only,clipping,4,1,4,1024,103,27470000,21118976,5
sample,double,boundary-only,clipping,4,1,5,1024,103,27200900,21118976,5
sample,double,boundary-only,clipping,4,1,6,1024,103,29510000,21118976,5
summary,double,boundary-only,clipping,26563.379,26880.566,28818.359
sample,double,boundary-overlap,relationship,4,1,0,8192,820,33258600,0,0
sample,double,boundary-overlap,relationship,4,1,1,8192,820,33345000,0,0
sample,double,boundary-overlap,relationship,4,1,2,8192,820,33001800,0,0
sample,double,boundary-overlap,relationship,4,1,3,8192,820,33862600,0,0
sample,double,boundary-overlap,relationship,4,1,4,8192,820,33372800,0,0
sample,double,boundary-overlap,relationship,4,1,5,8192,820,33332900,0,0
sample,double,boundary-overlap,relationship,4,1,6,8192,820,33227300,0,0
summary,double,boundary-overlap,relationship,4028.540,4068.958,4133.618
sample,double,boundary-overlap,clipping,4,1,0,1024,103,30030100,21151744,5
sample,double,boundary-overlap,clipping,4,1,1,1024,103,29114700,21151744,5
sample,double,boundary-overlap,clipping,4,1,2,1024,103,29358400,21151744,5
sample,double,boundary-overlap,clipping,4,1,3,1024,103,29672600,21151744,5
sample,double,boundary-overlap,clipping,4,1,4,1024,103,29571300,21151744,5
sample,double,boundary-overlap,clipping,4,1,5,1024,103,29345800,21151744,5
sample,double,boundary-overlap,clipping,4,1,6,1024,103,30241800,21151744,5
summary,double,boundary-overlap,clipping,28432.324,28878.223,29533.008
sample,double,isolated-tangent,relationship,4,0,0,4096,410,20069300,0,0
sample,double,isolated-tangent,relationship,4,0,1,4096,410,20300700,0,0
sample,double,isolated-tangent,relationship,4,0,2,4096,410,20319600,0,0
sample,double,isolated-tangent,relationship,4,0,3,4096,410,20380700,0,0
sample,double,isolated-tangent,relationship,4,0,4,4096,410,20293600,0,0
sample,double,isolated-tangent,relationship,4,0,5,4096,410,20670300,0,0
sample,double,isolated-tangent,relationship,4,0,6,4096,410,21195900,0,0
summary,double,isolated-tangent,relationship,4899.731,4960.840,5174.780
sample,double,isolated-tangent,clipping,4,0,0,2048,205,29370000,33751040,8
sample,double,isolated-tangent,clipping,4,0,1,2048,205,29952400,33751040,8
sample,double,isolated-tangent,clipping,4,0,2,2048,205,29935500,33751040,8
sample,double,isolated-tangent,clipping,4,0,3,2048,205,29656200,33751040,8
sample,double,isolated-tangent,clipping,4,0,4,2048,205,29341400,33751040,8
sample,double,isolated-tangent,clipping,4,0,5,2048,205,30236900,33751040,8
sample,double,isolated-tangent,clipping,4,0,6,2048,205,30577900,33751040,8
summary,double,isolated-tangent,clipping,14326.855,14616.943,14930.615
sample,double,degenerate-interior,relationship,4,0,0,65536,6554,5117800,0,0
sample,double,degenerate-interior,relationship,4,0,1,65536,6554,5112000,0,0
sample,double,degenerate-interior,relationship,4,0,2,65536,6554,5178800,0,0
sample,double,degenerate-interior,relationship,4,0,3,65536,6554,5742600,0,0
sample,double,degenerate-interior,relationship,4,0,4,65536,6554,5312700,0,0
sample,double,degenerate-interior,relationship,4,0,5,65536,6554,5168500,0,0
sample,double,degenerate-interior,relationship,4,0,6,65536,6554,5229000,0,0
summary,double,degenerate-interior,relationship,78.003,79.022,87.625
sample,double,degenerate-interior,clipping,4,0,0,65536,6554,871000,0,0
sample,double,degenerate-interior,clipping,4,0,1,65536,6554,920600,0,0
sample,double,degenerate-interior,clipping,4,0,2,65536,6554,870400,0,0
sample,double,degenerate-interior,clipping,4,0,3,65536,6554,916500,0,0
sample,double,degenerate-interior,clipping,4,0,4,65536,6554,869500,0,0
sample,double,degenerate-interior,clipping,4,0,5,65536,6554,914400,0,0
sample,double,degenerate-interior,clipping,4,0,6,65536,6554,869500,0,0
summary,double,degenerate-interior,clipping,13.268,13.290,14.047
sample,double,degenerate-boundary,relationship,4,0,0,65536,6554,4914600,0,0
sample,double,degenerate-boundary,relationship,4,0,1,65536,6554,4908000,0,0
sample,double,degenerate-boundary,relationship,4,0,2,65536,6554,4904700,0,0
sample,double,degenerate-boundary,relationship,4,0,3,65536,6554,4902600,0,0
sample,double,degenerate-boundary,relationship,4,0,4,65536,6554,4885100,0,0
sample,double,degenerate-boundary,relationship,4,0,5,65536,6554,4903900,0,0
sample,double,degenerate-boundary,relationship,4,0,6,65536,6554,4886500,0,0
summary,double,degenerate-boundary,relationship,74.541,74.828,74.991
sample,double,degenerate-boundary,clipping,4,0,0,65536,6554,810900,0,0
sample,double,degenerate-boundary,clipping,4,0,1,65536,6554,854400,0,0
sample,double,degenerate-boundary,clipping,4,0,2,65536,6554,810900,0,0
sample,double,degenerate-boundary,clipping,4,0,3,65536,6554,859800,0,0
sample,double,degenerate-boundary,clipping,4,0,4,65536,6554,811900,0,0
sample,double,degenerate-boundary,clipping,4,0,5,65536,6554,851000,0,0
sample,double,degenerate-boundary,clipping,4,0,6,65536,6554,808800,0,0
summary,double,degenerate-boundary,clipping,12.341,12.389,13.120
sample,double,empty,relationship,0,0,0,65536,6554,1372100,0,0
sample,double,empty,relationship,0,0,1,65536,6554,1369100,0,0
sample,double,empty,relationship,0,0,2,65536,6554,1368300,0,0
sample,double,empty,relationship,0,0,3,65536,6554,1367800,0,0
sample,double,empty,relationship,0,0,4,65536,6554,1356300,0,0
sample,double,empty,relationship,0,0,5,65536,6554,1370700,0,0
sample,double,empty,relationship,0,0,6,65536,6554,1367100,0,0
summary,double,empty,relationship,20.695,20.879,20.937
sample,double,empty,clipping,0,0,0,65536,6554,1061400,0,0
sample,double,empty,clipping,0,0,1,65536,6554,981000,0,0
sample,double,empty,clipping,0,0,2,65536,6554,1027600,0,0
sample,double,empty,clipping,0,0,3,65536,6554,988700,0,0
sample,double,empty,clipping,0,0,4,65536,6554,990200,0,0
sample,double,empty,clipping,0,0,5,65536,6554,1030000,0,0
sample,double,empty,clipping,0,0,6,65536,6554,988500,0,0
summary,double,empty,clipping,14.969,15.109,16.196
sample,double,concave-u,relationship,8,2,0,4096,410,36157300,0,0
sample,double,concave-u,relationship,8,2,1,4096,410,36158000,0,0
sample,double,concave-u,relationship,8,2,2,4096,410,46082600,0,0
sample,double,concave-u,relationship,8,2,3,4096,410,36372100,0,0
sample,double,concave-u,relationship,8,2,4,4096,410,35792600,0,0
sample,double,concave-u,relationship,8,2,5,4096,410,36217700,0,0
sample,double,concave-u,relationship,8,2,6,4096,410,36102900,0,0
summary,double,concave-u,relationship,8738.428,8827.637,11250.635
sample,double,concave-u,clipping,8,2,0,256,26,27719700,6356992,1
sample,double,concave-u,clipping,8,2,1,256,26,26737500,6356992,1
sample,double,concave-u,clipping,8,2,2,256,26,26897200,6356992,1
sample,double,concave-u,clipping,8,2,3,256,26,27172800,6356992,1
sample,double,concave-u,clipping,8,2,4,256,26,27235500,6356992,1
sample,double,concave-u,clipping,8,2,5,256,26,27132300,6356992,1
sample,double,concave-u,clipping,8,2,6,256,26,26715300,6356992,1
summary,double,concave-u,clipping,104356.641,105985.547,108280.078
sample,double,hole,relationship,8,2,0,4096,410,36123900,0,0
sample,double,hole,relationship,8,2,1,4096,410,36222200,0,0
sample,double,hole,relationship,8,2,2,4096,410,36099900,0,0
sample,double,hole,relationship,8,2,3,4096,410,36846600,0,0
sample,double,hole,relationship,8,2,4,4096,410,36075700,0,0
sample,double,hole,relationship,8,2,5,4096,410,35818000,0,0
sample,double,hole,relationship,8,2,6,4096,410,36448900,0,0
summary,double,hole,relationship,8744.629,8819.312,8995.752
sample,double,hole,clipping,8,2,0,256,26,27462700,6356992,1
sample,double,hole,clipping,8,2,1,256,26,28417300,6356992,1
sample,double,hole,clipping,8,2,2,256,26,27960900,6356992,1
sample,double,hole,clipping,8,2,3,256,26,27160300,6356992,1
sample,double,hole,clipping,8,2,4,256,26,27292300,6356992,1
sample,double,hole,clipping,8,2,5,256,26,28445600,6356992,1
sample,double,hole,clipping,8,2,6,256,26,27192800,6356992,1
summary,double,hole,clipping,106094.922,107276.172,111115.625
sample,double,hole-reversed,relationship,8,2,0,4096,410,36262100,0,0
sample,double,hole-reversed,relationship,8,2,1,4096,410,36266700,0,0
sample,double,hole-reversed,relationship,8,2,2,4096,410,36253600,0,0
sample,double,hole-reversed,relationship,8,2,3,4096,410,36399500,0,0
sample,double,hole-reversed,relationship,8,2,4,4096,410,36534600,0,0
sample,double,hole-reversed,relationship,8,2,5,4096,410,36100900,0,0
sample,double,hole-reversed,relationship,8,2,6,4096,410,36257300,0,0
summary,double,hole-reversed,relationship,8813.696,8853.052,8919.580
sample,double,hole-reversed,clipping,8,2,0,256,26,27306600,6356992,1
sample,double,hole-reversed,clipping,8,2,1,256,26,27694600,6356992,1
sample,double,hole-reversed,clipping,8,2,2,256,26,26963000,6356992,1
sample,double,hole-reversed,clipping,8,2,3,256,26,26974200,6356992,1
sample,double,hole-reversed,clipping,8,2,4,256,26,27198700,6356992,1
sample,double,hole-reversed,clipping,8,2,5,256,26,27262300,6356992,1
sample,double,hole-reversed,clipping,8,2,6,256,26,27192300,6356992,1
summary,double,hole-reversed,clipping,105324.219,106244.922,108182.031
sample,double,rational-crossing,relationship,3,1,0,16384,1639,33102900,0,0
sample,double,rational-crossing,relationship,3,1,1,16384,1639,33669000,0,0
sample,double,rational-crossing,relationship,3,1,2,16384,1639,33873400,0,0
sample,double,rational-crossing,relationship,3,1,3,16384,1639,33775000,0,0
sample,double,rational-crossing,relationship,3,1,4,16384,1639,33210700,0,0
sample,double,rational-crossing,relationship,3,1,5,16384,1639,33313600,0,0
sample,double,rational-crossing,relationship,3,1,6,16384,1639,32868200,0,0
summary,double,rational-crossing,relationship,2006.116,2033.301,2067.468
sample,double,rational-crossing,clipping,3,1,0,512,52,22903300,8478720,2
sample,double,rational-crossing,clipping,3,1,1,512,52,22903900,8478720,2
sample,double,rational-crossing,clipping,3,1,2,512,52,22744300,8478720,2
sample,double,rational-crossing,clipping,3,1,3,512,52,33735100,8478720,2
sample,double,rational-crossing,clipping,3,1,4,512,52,22501900,8478720,2
sample,double,rational-crossing,clipping,3,1,5,512,52,22679100,8478720,2
sample,double,rational-crossing,clipping,3,1,6,512,52,22722100,8478720,2
summary,double,rational-crossing,clipping,43949.023,44422.461,65888.867
sample,double,sparse-1,relationship,4,1,0,8192,820,24875000,0,0
sample,double,sparse-1,relationship,4,1,1,8192,820,24438900,0,0
sample,double,sparse-1,relationship,4,1,2,8192,820,25901000,0,0
sample,double,sparse-1,relationship,4,1,3,8192,820,24656500,0,0
sample,double,sparse-1,relationship,4,1,4,8192,820,25156000,0,0
sample,double,sparse-1,relationship,4,1,5,8192,820,24789300,0,0
sample,double,sparse-1,relationship,4,1,6,8192,820,24938400,0,0
summary,double,sparse-1,relationship,2983.264,3036.499,3161.743
sample,double,sparse-1,clipping,4,1,0,512,52,23092300,8478720,2
sample,double,sparse-1,clipping,4,1,1,512,52,23643800,8478720,2
sample,double,sparse-1,clipping,4,1,2,512,52,22996400,8478720,2
sample,double,sparse-1,clipping,4,1,3,512,52,23097800,8478720,2
sample,double,sparse-1,clipping,4,1,4,512,52,22885500,8478720,2
sample,double,sparse-1,clipping,4,1,5,512,52,23077200,8478720,2
sample,double,sparse-1,clipping,4,1,6,512,52,23057100,8478720,2
summary,double,sparse-1,clipping,44698.242,45072.656,46179.297
sample,double,sparse-4,relationship,16,1,0,2048,205,30908300,0,0
sample,double,sparse-4,relationship,16,1,1,2048,205,29556900,0,0
sample,double,sparse-4,relationship,16,1,2,2048,205,29578300,0,0
sample,double,sparse-4,relationship,16,1,3,2048,205,29744400,0,0
sample,double,sparse-4,relationship,16,1,4,2048,205,29850400,0,0
sample,double,sparse-4,relationship,16,1,5,2048,205,29783000,0,0
sample,double,sparse-4,relationship,16,1,6,2048,205,29752500,0,0
summary,double,sparse-4,relationship,14432.080,14527.588,15091.943
sample,double,sparse-4,clipping,16,1,0,512,52,29482400,8478720,2
sample,double,sparse-4,clipping,16,1,1,512,52,29706100,8478720,2
sample,double,sparse-4,clipping,16,1,2,512,52,29831100,8478720,2
sample,double,sparse-4,clipping,16,1,3,512,52,29564500,8478720,2
sample,double,sparse-4,clipping,16,1,4,512,52,30688800,8478720,2
sample,double,sparse-4,clipping,16,1,5,512,52,41196200,8478720,2
sample,double,sparse-4,clipping,16,1,6,512,52,30064000,8478720,2
summary,double,sparse-4,clipping,57582.812,58263.867,80461.328
sample,double,sparse-16,relationship,64,1,0,512,52,30777300,0,0
sample,double,sparse-16,relationship,64,1,1,512,52,30990700,0,0
sample,double,sparse-16,relationship,64,1,2,512,52,31351300,0,0
sample,double,sparse-16,relationship,64,1,3,512,52,30901600,0,0
sample,double,sparse-16,relationship,64,1,4,512,52,30944200,0,0
sample,double,sparse-16,relationship,64,1,5,512,52,30928000,0,0
sample,double,sparse-16,relationship,64,1,6,512,52,30878300,0,0
summary,double,sparse-16,relationship,60111.914,60406.250,61233.008
sample,double,sparse-16,clipping,64,1,0,256,26,28757000,4239360,1
sample,double,sparse-16,clipping,64,1,1,256,26,28944400,4239360,1
sample,double,sparse-16,clipping,64,1,2,256,26,28872800,4239360,1
sample,double,sparse-16,clipping,64,1,3,256,26,28914700,4239360,1
sample,double,sparse-16,clipping,64,1,4,256,26,28850000,4239360,1
sample,double,sparse-16,clipping,64,1,5,256,26,29123100,4239360,1
sample,double,sparse-16,clipping,64,1,6,256,26,29984400,4239360,1
summary,double,sparse-16,clipping,112332.031,112948.047,117126.562
sample,double,sparse-64,relationship,256,1,0,128,13,31091500,0,0
sample,double,sparse-64,relationship,256,1,1,128,13,31193200,0,0
sample,double,sparse-64,relationship,256,1,2,128,13,30811200,0,0
sample,double,sparse-64,relationship,256,1,3,128,13,31855200,0,0
sample,double,sparse-64,relationship,256,1,4,128,13,30665800,0,0
sample,double,sparse-64,relationship,256,1,5,128,13,31073000,0,0
sample,double,sparse-64,relationship,256,1,6,128,13,31011500,0,0
summary,double,sparse-64,relationship,239576.562,242757.812,248868.750
sample,double,sparse-64,clipping,256,1,0,64,7,20899200,1059840,0
sample,double,sparse-64,clipping,256,1,1,64,7,21256900,1059840,0
sample,double,sparse-64,clipping,256,1,2,64,7,21381300,1059840,0
sample,double,sparse-64,clipping,256,1,3,64,7,31497800,1059840,0
sample,double,sparse-64,clipping,256,1,4,64,7,20780200,1059840,0
sample,double,sparse-64,clipping,256,1,5,64,7,21096100,1059840,0
sample,double,sparse-64,clipping,256,1,6,64,7,21021000,1059840,0
summary,double,sparse-64,clipping,324690.625,329626.562,492153.125
sample,double,dense-1,relationship,4,1,0,8192,820,24470600,0,0
sample,double,dense-1,relationship,4,1,1,8192,820,25636800,0,0
sample,double,dense-1,relationship,4,1,2,8192,820,24405700,0,0
sample,double,dense-1,relationship,4,1,3,8192,820,24608500,0,0
sample,double,dense-1,relationship,4,1,4,8192,820,24440300,0,0
sample,double,dense-1,relationship,4,1,5,8192,820,24560800,0,0
sample,double,dense-1,relationship,4,1,6,8192,820,24461300,0,0
summary,double,dense-1,relationship,2979.211,2987.134,3129.492
sample,double,dense-1,clipping,4,1,0,512,52,25599700,8478720,2
sample,double,dense-1,clipping,4,1,1,512,52,22784800,8478720,2
sample,double,dense-1,clipping,4,1,2,512,52,23044200,8478720,2
sample,double,dense-1,clipping,4,1,3,512,52,22937700,8478720,2
sample,double,dense-1,clipping,4,1,4,512,52,23111300,8478720,2
sample,double,dense-1,clipping,4,1,5,512,52,23093200,8478720,2
sample,double,dense-1,clipping,4,1,6,512,52,23106300,8478720,2
summary,double,dense-1,clipping,44501.562,45103.906,49999.414
sample,double,dense-4,relationship,16,4,0,1024,103,21448600,0,0
sample,double,dense-4,relationship,16,4,1,1024,103,20541800,0,0
sample,double,dense-4,relationship,16,4,2,1024,103,20721700,0,0
sample,double,dense-4,relationship,16,4,3,1024,103,20780700,0,0
sample,double,dense-4,relationship,16,4,4,1024,103,20858100,0,0
sample,double,dense-4,relationship,16,4,5,1024,103,20866300,0,0
sample,double,dense-4,relationship,16,4,6,1024,103,21220500,0,0
summary,double,dense-4,relationship,20060.352,20369.238,20945.898
sample,double,dense-4,clipping,16,4,0,128,13,30946700,5294080,1
sample,double,dense-4,clipping,16,4,1,128,13,30219600,5294080,1
sample,double,dense-4,clipping,16,4,2,128,13,30416100,5294080,1
sample,double,dense-4,clipping,16,4,3,128,13,30374300,5294080,1
sample,double,dense-4,clipping,16,4,4,128,13,30236800,5294080,1
sample,double,dense-4,clipping,16,4,5,128,13,29968500,5294080,1
sample,double,dense-4,clipping,16,4,6,128,13,31170800,5294080,1
summary,double,dense-4,clipping,234128.906,237299.219,243521.875
sample,double,dense-16,relationship,64,16,0,256,26,22547000,0,0
sample,double,dense-16,relationship,64,16,1,256,26,22667200,0,0
sample,double,dense-16,relationship,64,16,2,256,26,22700600,0,0
sample,double,dense-16,relationship,64,16,3,256,26,22591600,0,0
sample,double,dense-16,relationship,64,16,4,256,26,22582900,0,0
sample,double,dense-16,relationship,64,16,5,256,26,24041400,0,0
sample,double,dense-16,relationship,64,16,6,256,26,22530700,0,0
summary,double,dense-16,relationship,88010.547,88248.438,93911.719
sample,double,dense-16,clipping,64,16,0,32,4,35584800,4640256,1
sample,double,dense-16,clipping,64,16,1,32,4,35796800,4640256,1
sample,double,dense-16,clipping,64,16,2,32,4,36900100,4640256,1
sample,double,dense-16,clipping,64,16,3,32,4,37091400,4640256,1
sample,double,dense-16,clipping,64,16,4,32,4,35893800,4640256,1
sample,double,dense-16,clipping,64,16,5,32,4,36279700,4640256,1
sample,double,dense-16,clipping,64,16,6,32,4,36088200,4640256,1
summary,double,dense-16,clipping,1112025.000,1127756.250,1159106.250
sample,double,dense-64,relationship,256,64,0,64,7,23046300,0,0
sample,double,dense-64,relationship,256,64,1,64,7,23287300,0,0
sample,double,dense-64,relationship,256,64,2,64,7,23307300,0,0
sample,double,dense-64,relationship,256,64,3,64,7,23588800,0,0
sample,double,dense-64,relationship,256,64,4,64,7,23483000,0,0
sample,double,dense-64,relationship,256,64,5,64,7,23549000,0,0
sample,double,dense-64,relationship,256,64,6,64,7,23596500,0,0
summary,double,dense-64,relationship,360098.438,366921.875,368695.312
sample,double,dense-64,clipping,256,64,0,4,1,20846600,2224128,0
sample,double,dense-64,clipping,256,64,1,4,1,20673200,2224128,0
sample,double,dense-64,clipping,256,64,2,4,1,20593500,2224128,0
sample,double,dense-64,clipping,256,64,3,4,1,20913600,2224128,0
sample,double,dense-64,clipping,256,64,4,4,1,21334400,2224128,0
sample,double,dense-64,clipping,256,64,5,4,1,20780100,2224128,0
sample,double,dense-64,clipping,256,64,6,4,1,20711800,2224128,0
summary,double,dense-64,clipping,5148375.000,5195025.000,5333600.000
sample,double,subnormal,relationship,4,1,0,1024,103,24097500,0,0
sample,double,subnormal,relationship,4,1,1,1024,103,31012400,0,0
sample,double,subnormal,relationship,4,1,2,1024,103,26327100,0,0
sample,double,subnormal,relationship,4,1,3,1024,103,24272300,0,0
sample,double,subnormal,relationship,4,1,4,1024,103,24216100,0,0
sample,double,subnormal,relationship,4,1,5,1024,103,24054500,0,0
sample,double,subnormal,relationship,4,1,6,1024,103,24065200,0,0
summary,double,subnormal,relationship,23490.723,23648.535,30285.547
sample,double,subnormal,clipping,4,1,0,512,52,38380900,8478720,2
sample,double,subnormal,clipping,4,1,1,512,52,38248100,8478720,2
sample,double,subnormal,clipping,4,1,2,512,52,38653000,8478720,2
sample,double,subnormal,clipping,4,1,3,512,52,38910000,8478720,2
sample,double,subnormal,clipping,4,1,4,512,52,38699100,8478720,2
sample,double,subnormal,clipping,4,1,5,512,52,38667200,8478720,2
sample,double,subnormal,clipping,4,1,6,512,52,38639800,8478720,2
summary,double,subnormal,clipping,74703.320,75494.141,75996.094
sample,double,large-finite,relationship,4,1,0,1024,103,21920300,0,0
sample,double,large-finite,relationship,4,1,1,1024,103,21208400,0,0
sample,double,large-finite,relationship,4,1,2,1024,103,21404600,0,0
sample,double,large-finite,relationship,4,1,3,1024,103,21220200,0,0
sample,double,large-finite,relationship,4,1,4,1024,103,21415900,0,0
sample,double,large-finite,relationship,4,1,5,1024,103,21414700,0,0
sample,double,large-finite,relationship,4,1,6,1024,103,21510900,0,0
summary,double,large-finite,relationship,20711.328,20912.793,21406.543
sample,double,large-finite,clipping,4,1,0,256,26,22160900,4239360,1
sample,double,large-finite,clipping,4,1,1,256,26,20884400,4239360,1
sample,double,large-finite,clipping,4,1,2,256,26,21098600,4239360,1
sample,double,large-finite,clipping,4,1,3,256,26,21098100,4239360,1
sample,double,large-finite,clipping,4,1,4,256,26,21203800,4239360,1
sample,double,large-finite,clipping,4,1,5,256,26,21200500,4239360,1
sample,double,large-finite,clipping,4,1,6,256,26,21316500,4239360,1
summary,double,large-finite,clipping,81579.688,82814.453,86566.016
sink,9300511083376999383
