fixture_header,scalar,case,edges,expected_fact_bits,expected_status,expected_components
sample_header,scalar,case,operation,edges,expected_components,round,iterations,warmup,elapsed_ns,gc_bytes,gc_collections
summary_header,scalar,case,operation,min_ns_per_op,median_ns_per_op,max_ns_per_op
fixture,int,exterior,4,1,success,0
fixture,int,interior,4,4,success,1
fixture,int,crossing,4,7,success,1
fixture,int,boundary-only,4,10,success,1
fixture,int,boundary-overlap,4,11,success,1
fixture,int,isolated-tangent,4,3,success,0
fixture,int,degenerate-interior,4,4,success,0
fixture,int,degenerate-boundary,4,2,success,0
fixture,int,empty,0,1,success,0
fixture,int,concave-u,8,7,success,2
fixture,int,hole,8,7,success,2
fixture,int,hole-reversed,8,7,success,2
fixture,int,rational-crossing,3,7,success,1
fixture,int,sparse-1,4,7,success,1
fixture,int,sparse-4,16,7,success,1
fixture,int,sparse-16,64,7,success,1
fixture,int,sparse-64,256,7,success,1
fixture,int,dense-1,4,7,success,1
fixture,int,dense-4,16,7,success,4
fixture,int,dense-16,64,7,success,16
fixture,int,dense-64,256,7,success,64
fixture,int,wide-integral,4,7,success,1
preflight,int,22,PASS
sample,int,exterior,relationship,4,0,0,8192,820,27755500,0,0
sample,int,exterior,relationship,4,0,1,8192,820,27539700,0,0
sample,int,exterior,relationship,4,0,2,8192,820,27416900,0,0
sample,int,exterior,relationship,4,0,3,8192,820,27537600,0,0
sample,int,exterior,relationship,4,0,4,8192,820,27623300,0,0
sample,int,exterior,relationship,4,0,5,8192,820,27405100,0,0
sample,int,exterior,relationship,4,0,6,8192,820,27790300,0,0
summary,int,exterior,relationship,3345.349,3361.780,3392.371
sample,int,exterior,clipping,4,0,0,4096,410,31160700,33947648,8
sample,int,exterior,clipping,4,0,1,4096,410,31160300,33947648,8
sample,int,exterior,clipping,4,0,2,4096,410,31191800,33947648,8
sample,int,exterior,clipping,4,0,3,4096,410,30991300,33947648,8
sample,int,exterior,clipping,4,0,4,4096,410,31254200,33947648,8
sample,int,exterior,clipping,4,0,5,4096,410,31346700,33947648,8
sample,int,exterior,clipping,4,0,6,4096,410,31381300,33947648,8
summary,int,exterior,clipping,7566.235,7615.186,7661.450
sample,int,interior,relationship,4,1,0,8192,820,38010100,0,0
sample,int,interior,relationship,4,1,1,8192,820,28180600,0,0
sample,int,interior,relationship,4,1,2,8192,820,28037900,0,0
sample,int,interior,relationship,4,1,3,8192,820,27835300,0,0
sample,int,interior,relationship,4,1,4,8192,820,27614900,0,0
sample,int,interior,relationship,4,1,5,8192,820,27461700,0,0
sample,int,interior,relationship,4,1,6,8192,820,27560400,0,0
summary,int,interior,relationship,3352.258,3397.864,4639.905
sample,int,interior,clipping,4,1,0,2048,205,36252700,17072128,4
sample,int,interior,clipping,4,1,1,2048,205,36213600,17072128,4
sample,int,interior,clipping,4,1,2,2048,205,36246100,17072128,4
sample,int,interior,clipping,4,1,3,2048,205,36058800,17072128,4
sample,int,interior,clipping,4,1,4,2048,205,36054300,17072128,4
sample,int,interior,clipping,4,1,5,2048,205,36809800,17072128,4
sample,int,interior,clipping,4,1,6,2048,205,36429000,17072128,4
summary,int,interior,clipping,17604.639,17698.291,17973.535
sample,int,crossing,relationship,4,1,0,8192,820,27354300,0,0
sample,int,crossing,relationship,4,1,1,8192,820,27194500,0,0
sample,int,crossing,relationship,4,1,2,8192,820,27373000,0,0
sample,int,crossing,relationship,4,1,3,8192,820,27968200,0,0
sample,int,crossing,relationship,4,1,4,8192,820,27672900,0,0
sample,int,crossing,relationship,4,1,5,8192,820,27346600,0,0
sample,int,crossing,relationship,4,1,6,8192,820,27548900,0,0
summary,int,crossing,relationship,3319.641,3341.431,3414.087
sample,int,crossing,clipping,4,1,0,512,52,23450600,8478720,2
sample,int,crossing,clipping,4,1,1,512,52,23822000,8478720,2
sample,int,crossing,clipping,4,1,2,512,52,23451400,8478720,2
sample,int,crossing,clipping,4,1,3,512,52,23437600,8478720,2
sample,int,crossing,clipping,4,1,4,512,52,24086400,8478720,2
sample,int,crossing,clipping,4,1,5,512,52,23294300,8478720,2
sample,int,crossing,clipping,4,1,6,512,52,23797600,8478720,2
summary,int,crossing,clipping,45496.680,45803.516,47043.750
sample,int,boundary-only,relationship,4,1,0,4096,410,18520300,0,0
sample,int,boundary-only,relationship,4,1,1,4096,410,17920800,0,0
sample,int,boundary-only,relationship,4,1,2,4096,410,17871400,0,0
sample,int,boundary-only,relationship,4,1,3,4096,410,17768100,0,0
sample,int,boundary-only,relationship,4,1,4,4096,410,17883800,0,0
sample,int,boundary-only,relationship,4,1,5,4096,410,17943000,0,0
sample,int,boundary-only,relationship,4,1,6,4096,410,17931100,0,0
summary,int,boundary-only,relationship,4337.915,4375.195,4521.558
sample,int,boundary-only,clipping,4,1,0,1024,103,30110000,21118976,5
sample,int,boundary-only,clipping,4,1,1,1024,103,29821300,21118976,5
sample,int,boundary-only,clipping,4,1,2,1024,103,29920500,21118976,5
sample,int,boundary-only,clipping,4,1,3,1024,103,30001200,21118976,5
sample,int,boundary-only,clipping,4,1,4,1024,103,29945200,21118976,5
sample,int,boundary-only,clipping,4,1,5,1024,103,30059600,21118976,5
sample,int,boundary-only,clipping,4,1,6,1024,103,29805000,21118976,5
summary,int,boundary-only,clipping,29106.445,29243.359,29404.297
sample,int,boundary-overlap,relationship,4,1,0,4096,410,22184700,0,0
sample,int,boundary-overlap,relationship,4,1,1,4096,410,22297700,0,0
sample,int,boundary-overlap,relationship,4,1,2,4096,410,21724900,0,0
sample,int,boundary-overlap,relationship,4,1,3,4096,410,21439300,0,0
sample,int,boundary-overlap,relationship,4,1,4,4096,410,21313600,0,0
sample,int,boundary-overlap,relationship,4,1,5,4096,410,21262300,0,0
sample,int,boundary-overlap,relationship,4,1,6,4096,410,21227100,0,0
summary,int,boundary-overlap,relationship,5182.397,5234.204,5443.774
sample,int,boundary-overlap,clipping,4,1,0,1024,103,30286300,21151744,5
sample,int,boundary-overlap,clipping,4,1,1,1024,103,30366800,21151744,5
sample,int,boundary-overlap,clipping,4,1,2,1024,103,30430600,21151744,5
sample,int,boundary-overlap,clipping,4,1,3,1024,103,31250000,21151744,5
sample,int,boundary-overlap,clipping,4,1,4,1024,103,30399400,21151744,5
sample,int,boundary-overlap,clipping,4,1,5,1024,103,30359500,21151744,5
sample,int,boundary-overlap,clipping,4,1,6,1024,103,30308200,21151744,5
summary,int,boundary-overlap,clipping,29576.465,29655.078,30517.578
sample,int,isolated-tangent,relationship,4,0,0,8192,820,47416900,0,0
sample,int,isolated-tangent,relationship,4,0,1,8192,820,37912400,0,0
sample,int,isolated-tangent,relationship,4,0,2,8192,820,38274500,0,0
sample,int,isolated-tangent,relationship,4,0,3,8192,820,38113800,0,0
sample,int,isolated-tangent,relationship,4,0,4,8192,820,38011900,0,0
sample,int,isolated-tangent,relationship,4,0,5,8192,820,37981100,0,0
sample,int,isolated-tangent,relationship,4,0,6,8192,820,38253600,0,0
summary,int,isolated-tangent,relationship,4627.979,4652.563,5788.196
sample,int,isolated-tangent,clipping,4,0,0,2048,205,27356500,33751040,8
sample,int,isolated-tangent,clipping,4,0,1,2048,205,27991900,33751040,8
sample,int,isolated-tangent,clipping,4,0,2,2048,205,27285300,33751040,8
sample,int,isolated-tangent,clipping,4,0,3,2048,205,28120000,33751040,8
sample,int,isolated-tangent,clipping,4,0,4,2048,205,27669100,33751040,8
sample,int,isolated-tangent,clipping,4,0,5,2048,205,27985900,33751040,8
sample,int,isolated-tangent,clipping,4,0,6,2048,205,28233100,33751040,8
summary,int,isolated-tangent,clipping,13322.900,13664.990,13785.693
sample,int,degenerate-interior,relationship,4,0,0,65536,6554,7579600,0,0
sample,int,degenerate-interior,relationship,4,0,1,65536,6554,7896700,0,0
sample,int,degenerate-interior,relationship,4,0,2,65536,6554,7717900,0,0
sample,int,degenerate-interior,relationship,4,0,3,65536,6554,7929700,0,0
sample,int,degenerate-interior,relationship,4,0,4,65536,6554,7653500,0,0
sample,int,degenerate-interior,relationship,4,0,5,65536,6554,7665900,0,0
sample,int,degenerate-interior,relationship,4,0,6,65536,6554,7891100,0,0
summary,int,degenerate-interior,relationship,115.656,117.766,120.998
sample,int,degenerate-interior,clipping,4,0,0,65536,6554,1879700,0,0
sample,int,degenerate-interior,clipping,4,0,1,65536,6554,1877900,0,0
sample,int,degenerate-interior,clipping,4,0,2,65536,6554,2223800,0,0
sample,int,degenerate-interior,clipping,4,0,3,65536,6554,1985000,0,0
sample,int,degenerate-interior,clipping,4,0,4,65536,6554,1951400,0,0
sample,int,degenerate-interior,clipping,4,0,5,65536,6554,1955900,0,0
sample,int,degenerate-interior,clipping,4,0,6,65536,6554,1924400,0,0
summary,int,degenerate-interior,clipping,28.654,29.776,33.932
sample,int,degenerate-boundary,relationship,4,0,0,65536,6554,7837200,0,0
sample,int,degenerate-boundary,relationship,4,0,1,65536,6554,7766100,0,0
sample,int,degenerate-boundary,relationship,4,0,2,65536,6554,7593700,0,0
sample,int,degenerate-boundary,relationship,4,0,3,65536,6554,8039900,0,0
sample,int,degenerate-boundary,relationship,4,0,4,65536,6554,7699200,0,0
sample,int,degenerate-boundary,relationship,4,0,5,65536,6554,7803400,0,0
sample,int,degenerate-boundary,relationship,4,0,6,65536,6554,7529100,0,0
summary,int,degenerate-boundary,relationship,114.885,118.501,122.679
sample,int,degenerate-boundary,clipping,4,0,0,65536,6554,2054900,0,0
sample,int,degenerate-boundary,clipping,4,0,1,65536,6554,1888200,0,0
sample,int,degenerate-boundary,clipping,4,0,2,65536,6554,1876500,0,0
sample,int,degenerate-boundary,clipping,4,0,3,65536,6554,1938200,0,0
sample,int,degenerate-boundary,clipping,4,0,4,65536,6554,1925900,0,0
sample,int,degenerate-boundary,clipping,4,0,5,65536,6554,1903400,0,0
sample,int,degenerate-boundary,clipping,4,0,6,65536,6554,2085500,0,0
summary,int,degenerate-boundary,clipping,28.633,29.387,31.822
sample,int,empty,relationship,0,0,0,65536,6554,1987100,0,0
sample,int,empty,relationship,0,0,1,65536,6554,2018000,0,0
sample,int,empty,relationship,0,0,2,65536,6554,2015100,0,0
sample,int,empty,relationship,0,0,3,65536,6554,2018900,0,0
sample,int,empty,relationship,0,0,4,65536,6554,2017200,0,0
sample,int,empty,relationship,0,0,5,65536,6554,2243500,0,0
sample,int,empty,relationship,0,0,6,65536,6554,2196400,0,0
summary,int,empty,relationship,30.321,30.792,34.233
sample,int,empty,clipping,0,0,0,65536,6554,1806000,0,0
sample,int,empty,clipping,0,0,1,65536,6554,1779000,0,0
sample,int,empty,clipping,0,0,2,65536,6554,1763500,0,0
sample,int,empty,clipping,0,0,3,65536,6554,1757900,0,0
sample,int,empty,clipping,0,0,4,65536,6554,1740800,0,0
sample,int,empty,clipping,0,0,5,65536,6554,2332600,0,0
sample,int,empty,clipping,0,0,6,65536,6554,1856500,0,0
summary,int,empty,clipping,26.562,27.145,35.593
sample,int,concave-u,relationship,8,2,0,4096,410,38692700,0,0
sample,int,concave-u,relationship,8,2,1,4096,410,38522700,0,0
sample,int,concave-u,relationship,8,2,2,4096,410,38994200,0,0
sample,int,concave-u,relationship,8,2,3,4096,410,38749200,0,0
sample,int,concave-u,relationship,8,2,4,4096,410,38566900,0,0
sample,int,concave-u,relationship,8,2,5,4096,410,48433400,0,0
sample,int,concave-u,relationship,8,2,6,4096,410,38473300,0,0
summary,int,concave-u,relationship,9392.896,9446.460,11824.561
sample,int,concave-u,clipping,8,2,0,256,26,27544600,6356992,1
sample,int,concave-u,clipping,8,2,1,256,26,27483700,6356992,1
sample,int,concave-u,clipping,8,2,2,256,26,27658200,6356992,1
sample,int,concave-u,clipping,8,2,3,256,26,27605300,6356992,1
sample,int,concave-u,clipping,8,2,4,256,26,27383000,6356992,1
sample,int,concave-u,clipping,8,2,5,256,26,27736900,6356992,1
sample,int,concave-u,clipping,8,2,6,256,26,27685800,6356992,1
summary,int,concave-u,clipping,106964.844,107833.203,108347.266
sample,int,hole,relationship,8,2,0,4096,410,39167200,0,0
sample,int,hole,relationship,8,2,1,4096,410,38759900,0,0
sample,int,hole,relationship,8,2,2,4096,410,38935400,0,0
sample,int,hole,relationship,8,2,3,4096,410,39220400,0,0
sample,int,hole,relationship,8,2,4,4096,410,38811100,0,0
sample,int,hole,relationship,8,2,5,4096,410,38929800,0,0
sample,int,hole,relationship,8,2,6,4096,410,38707000,0,0
summary,int,hole,relationship,9449.951,9504.346,9575.293
sample,int,hole,clipping,8,2,0,256,26,27525900,6356992,1
sample,int,hole,clipping,8,2,1,256,26,27900900,6356992,1
sample,int,hole,clipping,8,2,2,256,26,27684700,6356992,1
sample,int,hole,clipping,8,2,3,256,26,27644400,6356992,1
sample,int,hole,clipping,8,2,4,256,26,27418600,6356992,1
sample,int,hole,clipping,8,2,5,256,26,27654500,6356992,1
sample,int,hole,clipping,8,2,6,256,26,27692600,6356992,1
summary,int,hole,clipping,107103.906,108025.391,108987.891
sample,int,hole-reversed,relationship,8,2,0,4096,410,47809100,0,0
sample,int,hole-reversed,relationship,8,2,1,4096,410,38990500,0,0
sample,int,hole-reversed,relationship,8,2,2,4096,410,38552600,0,0
sample,int,hole-reversed,relationship,8,2,3,4096,410,38673600,0,0
sample,int,hole-reversed,relationship,8,2,4,4096,410,38894000,0,0
sample,int,hole-reversed,relationship,8,2,5,4096,410,38577200,0,0
sample,int,hole-reversed,relationship,8,2,6,4096,410,38674400,0,0
summary,int,hole-reversed,relationship,9412.256,9441.992,11672.144
sample,int,hole-reversed,clipping,8,2,0,256,26,27711500,6356992,1
sample,int,hole-reversed,clipping,8,2,1,256,26,27612000,6356992,1
sample,int,hole-reversed,clipping,8,2,2,256,26,27434200,6356992,1
sample,int,hole-reversed,clipping,8,2,3,256,26,27034900,6356992,1
sample,int,hole-reversed,clipping,8,2,4,256,26,27022300,6356992,1
sample,int,hole-reversed,clipping,8,2,5,256,26,26738900,6356992,1
sample,int,hole-reversed,clipping,8,2,6,256,26,26386900,6356992,1
summary,int,hole-reversed,clipping,103073.828,105605.078,108248.047
sample,int,rational-crossing,relationship,3,1,0,16384,1639,35169700,0,0
sample,int,rational-crossing,relationship,3,1,1,16384,1639,35553400,0,0
sample,int,rational-crossing,relationship,3,1,2,16384,1639,35112700,0,0
sample,int,rational-crossing,relationship,3,1,3,16384,1639,35245100,0,0
sample,int,rational-crossing,relationship,3,1,4,16384,1639,36520600,0,0
sample,int,rational-crossing,relationship,3,1,5,16384,1639,35586900,0,0
sample,int,rational-crossing,relationship,3,1,6,16384,1639,35918500,0,0
summary,int,rational-crossing,relationship,2143.109,2170.007,2229.041
sample,int,rational-crossing,clipping,3,1,0,512,52,21922000,8478720,2
sample,int,rational-crossing,clipping,3,1,1,512,52,22101200,8478720,2
sample,int,rational-crossing,clipping,3,1,2,512,52,21904000,8478720,2
sample,int,rational-crossing,clipping,3,1,3,512,52,22142800,8478720,2
sample,int,rational-crossing,clipping,3,1,4,512,52,22260600,8478720,2
sample,int,rational-crossing,clipping,3,1,5,512,52,28074100,8478720,2
sample,int,rational-crossing,clipping,3,1,6,512,52,26159900,8478720,2
summary,int,rational-crossing,clipping,42781.250,43247.656,54832.227
sample,int,sparse-1,relationship,4,1,0,8192,820,26288000,0,0
sample,int,sparse-1,relationship,4,1,1,8192,820,26130500,0,0
sample,int,sparse-1,relationship,4,1,2,8192,820,26025000,0,0
sample,int,sparse-1,relationship,4,1,3,8192,820,25688600,0,0
sample,int,sparse-1,relationship,4,1,4,8192,820,26086200,0,0
sample,int,sparse-1,relationship,4,1,5,8192,820,26354700,0,0
sample,int,sparse-1,relationship,4,1,6,8192,820,27633400,0,0
summary,int,sparse-1,relationship,3135.815,3189.758,3373.218
sample,int,sparse-1,clipping,4,1,0,512,52,24028300,8478720,2
sample,int,sparse-1,clipping,4,1,1,512,52,24323100,8478720,2
sample,int,sparse-1,clipping,4,1,2,512,52,23369900,8478720,2
sample,int,sparse-1,clipping,4,1,3,512,52,23340600,8478720,2
sample,int,sparse-1,clipping,4,1,4,512,52,23630000,8478720,2
sample,int,sparse-1,clipping,4,1,5,512,52,23514500,8478720,2
sample,int,sparse-1,clipping,4,1,6,512,52,23765000,8478720,2
summary,int,sparse-1,clipping,45587.109,46152.344,47506.055
sample,int,sparse-4,relationship,16,1,0,2048,205,31718500,0,0
sample,int,sparse-4,relationship,16,1,1,2048,205,31839200,0,0
sample,int,sparse-4,relationship,16,1,2,2048,205,31758300,0,0
sample,int,sparse-4,relationship,16,1,3,2048,205,31610500,0,0
sample,int,sparse-4,relationship,16,1,4,2048,205,32083400,0,0
sample,int,sparse-4,relationship,16,1,5,2048,205,32290400,0,0
sample,int,sparse-4,relationship,16,1,6,2048,205,31628900,0,0
summary,int,sparse-4,relationship,15434.814,15506.982,15766.797
sample,int,sparse-4,clipping,16,1,0,512,52,31408700,8478720,2
sample,int,sparse-4,clipping,16,1,1,512,52,31453900,8478720,2
sample,int,sparse-4,clipping,16,1,2,512,52,31266300,8478720,2
sample,int,sparse-4,clipping,16,1,3,512,52,31327100,8478720,2
sample,int,sparse-4,clipping,16,1,4,512,52,31510700,8478720,2
sample,int,sparse-4,clipping,16,1,5,512,52,40705300,8478720,2
sample,int,sparse-4,clipping,16,1,6,512,52,31312100,8478720,2
summary,int,sparse-4,clipping,61066.992,61345.117,79502.539
sample,int,sparse-16,relationship,64,1,0,512,52,32672100,0,0
sample,int,sparse-16,relationship,64,1,1,512,52,32618600,0,0
sample,int,sparse-16,relationship,64,1,2,512,52,32734600,0,0
sample,int,sparse-16,relationship,64,1,3,512,52,32836300,0,0
sample,int,sparse-16,relationship,64,1,4,512,52,32735500,0,0
sample,int,sparse-16,relationship,64,1,5,512,52,32650500,0,0
sample,int,sparse-16,relationship,64,1,6,512,52,32796400,0,0
summary,int,sparse-16,relationship,63708.203,63934.766,64133.398
sample,int,sparse-16,clipping,64,1,0,256,26,30855000,4239360,1
sample,int,sparse-16,clipping,64,1,1,256,26,30885700,4239360,1
sample,int,sparse-16,clipping,64,1,2,256,26,30765100,4239360,1
sample,int,sparse-16,clipping,64,1,3,256,26,31016300,4239360,1
sample,int,sparse-16,clipping,64,1,4,256,26,31002500,4239360,1
sample,int,sparse-16,clipping,64,1,5,256,26,31010100,4239360,1
sample,int,sparse-16,clipping,64,1,6,256,26,30994700,4239360,1
summary,int,sparse-16,clipping,120176.172,121073.047,121157.422
sample,int,sparse-64,relationship,256,1,0,128,13,33370500,0,0
sample,int,sparse-64,relationship,256,1,1,128,13,33469100,0,0
sample,int,sparse-64,relationship,256,1,2,128,13,32910500,0,0
sample,int,sparse-64,relationship,256,1,3,128,13,32925800,0,0
sample,int,sparse-64,relationship,256,1,4,128,13,33011900,0,0
sample,int,sparse-64,relationship,256,1,5,128,13,32952400,0,0
sample,int,sparse-64,relationship,256,1,6,128,13,32995900,0,0
summary,int,sparse-64,relationship,257113.281,257780.469,261477.344
sample,int,sparse-64,clipping,256,1,0,64,7,22825400,1059840,0
sample,int,sparse-64,clipping,256,1,1,64,7,32291000,1059840,0
sample,int,sparse-64,clipping,256,1,2,64,7,22971800,1059840,0
sample,int,sparse-64,clipping,256,1,3,64,7,23146000,1059840,0
sample,int,sparse-64,clipping,256,1,4,64,7,22748200,1059840,0
sample,int,sparse-64,clipping,256,1,5,64,7,23203800,1059840,0
sample,int,sparse-64,clipping,256,1,6,64,7,23013900,1059840,0
summary,int,sparse-64,clipping,355440.625,359592.188,504546.875
sample,int,dense-1,relationship,4,1,0,8192,820,27292600,0,0
sample,int,dense-1,relationship,4,1,1,8192,820,27527800,0,0
sample,int,dense-1,relationship,4,1,2,8192,820,27165300,0,0
sample,int,dense-1,relationship,4,1,3,8192,820,27518400,0,0
sample,int,dense-1,relationship,4,1,4,8192,820,27545200,0,0
sample,int,dense-1,relationship,4,1,5,8192,820,26829300,0,0
sample,int,dense-1,relationship,4,1,6,8192,820,26739200,0,0
summary,int,dense-1,relationship,3264.062,3331.616,3362.451
sample,int,dense-1,clipping,4,1,0,512,52,22046100,8478720,2
sample,int,dense-1,clipping,4,1,1,512,52,22235700,8478720,2
sample,int,dense-1,clipping,4,1,2,512,52,22541700,8478720,2
sample,int,dense-1,clipping,4,1,3,512,52,22937500,8478720,2
sample,int,dense-1,clipping,4,1,4,512,52,22247900,8478720,2
sample,int,dense-1,clipping,4,1,5,512,52,22249100,8478720,2
sample,int,dense-1,clipping,4,1,6,512,52,22292800,8478720,2
summary,int,dense-1,clipping,43058.789,43455.273,44799.805
sample,int,dense-4,relationship,16,4,0,1024,103,21225500,0,0
sample,int,dense-4,relationship,16,4,1,1024,103,21056100,0,0
sample,int,dense-4,relationship,16,4,2,1024,103,22695800,0,0
sample,int,dense-4,relationship,16,4,3,1024,103,21703700,0,0
sample,int,dense-4,relationship,16,4,4,1024,103,21016300,0,0
sample,int,dense-4,relationship,16,4,5,1024,103,21007300,0,0
sample,int,dense-4,relationship,16,4,6,1024,103,21011800,0,0
summary,int,dense-4,relationship,20514.941,20562.598,22163.867
sample,int,dense-4,clipping,16,4,0,128,13,29745400,5294080,1
sample,int,dense-4,clipping,16,4,1,128,13,29479500,5294080,1
sample,int,dense-4,clipping,16,4,2,128,13,29515300,5294080,1
sample,int,dense-4,clipping,16,4,3,128,13,29763900,5294080,1
sample,int,dense-4,clipping,16,4,4,128,13,29810700,5294080,1
sample,int,dense-4,clipping,16,4,5,128,13,38586300,5294080,1
sample,int,dense-4,clipping,16,4,6,128,13,29332700,5294080,1
summary,int,dense-4,clipping,229161.719,232385.938,301455.469
sample,int,dense-16,relationship,64,16,0,256,26,23010200,0,0
sample,int,dense-16,relationship,64,16,1,256,26,22840100,0,0
sample,int,dense-16,relationship,64,16,2,256,26,22744800,0,0
sample,int,dense-16,relationship,64,16,3,256,26,22795300,0,0
sample,int,dense-16,relationship,64,16,4,256,26,24657600,0,0
sample,int,dense-16,relationship,64,16,5,256,26,23655700,0,0
sample,int,dense-16,relationship,64,16,6,256,26,25099700,0,0
summary,int,dense-16,relationship,88846.875,89883.594,98045.703
sample,int,dense-16,clipping,64,16,0,32,4,37110900,4640256,1
sample,int,dense-16,clipping,64,16,1,32,4,37091600,4640256,1
sample,int,dense-16,clipping,64,16,2,32,4,37563100,4640256,1
sample,int,dense-16,clipping,64,16,3,32,4,37500000,4640256,1
sample,int,dense-16,clipping,64,16,4,32,4,37219600,4640256,1
sample,int,dense-16,clipping,64,16,5,32,4,37141000,4640256,1
sample,int,dense-16,clipping,64,16,6,32,4,41858600,4640256,1
summary,int,dense-16,clipping,1159112.500,1163112.500,1308081.250
sample,int,dense-64,relationship,256,64,0,64,7,25358300,0,0
sample,int,dense-64,relationship,256,64,1,64,7,25209500,0,0
sample,int,dense-64,relationship,256,64,2,64,7,25175700,0,0
sample,int,dense-64,relationship,256,64,3,64,7,24771700,0,0
sample,int,dense-64,relationship,256,64,4,64,7,24979000,0,0
sample,int,dense-64,relationship,256,64,5,64,7,24832900,0,0
sample,int,dense-64,relationship,256,64,6,64,7,24968000,0,0
summary,int,dense-64,relationship,387057.812,390296.875,396223.438
sample,int,dense-64,clipping,256,64,0,4,1,22070700,2224128,0
sample,int,dense-64,clipping,256,64,1,4,1,21761800,2224128,0
sample,int,dense-64,clipping,256,64,2,4,1,21598000,2224128,0
sample,int,dense-64,clipping,256,64,3,4,1,21981200,2224128,0
sample,int,dense-64,clipping,256,64,4,4,1,21807500,2224128,0
sample,int,dense-64,clipping,256,64,5,4,1,21555800,2224128,0
sample,int,dense-64,clipping,256,64,6,4,1,31565500,2224128,0
summary,int,dense-64,clipping,5388950.000,5451875.000,7891375.000
sample,int,wide-integral,relationship,4,1,0,8192,820,27336200,0,0
sample,int,wide-integral,relationship,4,1,1,8192,820,27650500,0,0
sample,int,wide-integral,relationship,4,1,2,8192,820,27560300,0,0
sample,int,wide-integral,relationship,4,1,3,8192,820,27301600,0,0
sample,int,wide-integral,relationship,4,1,4,8192,820,27649700,0,0
sample,int,wide-integral,relationship,4,1,5,8192,820,27542800,0,0
sample,int,wide-integral,relationship,4,1,6,8192,820,27350500,0,0
summary,int,wide-integral,relationship,3332.715,3362.158,3375.305
sample,int,wide-integral,clipping,4,1,0,512,52,24888300,8478720,2
sample,int,wide-integral,clipping,4,1,1,512,52,24649800,8478720,2
sample,int,wide-integral,clipping,4,1,2,512,52,24874100,8478720,2
sample,int,wide-integral,clipping,4,1,3,512,52,24442900,8478720,2
sample,int,wide-integral,clipping,4,1,4,512,52,24985300,8478720,2
sample,int,wide-integral,clipping,4,1,5,512,52,24380600,8478720,2
sample,int,wide-integral,clipping,4,1,6,512,52,25041600,8478720,2
summary,int,wide-integral,clipping,47618.359,48582.227,48909.375
fixture,long,exterior,4,1,success,0
fixture,long,interior,4,4,success,1
fixture,long,crossing,4,7,success,1
fixture,long,boundary-only,4,10,success,1
fixture,long,boundary-overlap,4,11,success,1
fixture,long,isolated-tangent,4,3,success,0
fixture,long,degenerate-interior,4,4,success,0
fixture,long,degenerate-boundary,4,2,success,0
fixture,long,empty,0,1,success,0
fixture,long,concave-u,8,7,success,2
fixture,long,hole,8,7,success,2
fixture,long,hole-reversed,8,7,success,2
fixture,long,rational-crossing,3,7,success,1
fixture,long,sparse-1,4,7,success,1
fixture,long,sparse-4,16,7,success,1
fixture,long,sparse-16,64,7,success,1
fixture,long,sparse-64,256,7,success,1
fixture,long,dense-1,4,7,success,1
fixture,long,dense-4,16,7,success,4
fixture,long,dense-16,64,7,success,16
fixture,long,dense-64,256,7,success,64
fixture,long,wide-integral,4,7,success,1
fixture,long,endpoint-collapse,4,6,unrepresentableConstruction,0
fixture,long,gap-collapse,8,7,unrepresentableConstruction,0
preflight,long,24,PASS
sample,long,exterior,relationship,4,0,0,8192,820,27508800,0,0
sample,long,exterior,relationship,4,0,1,8192,820,27512400,0,0
sample,long,exterior,relationship,4,0,2,8192,820,27327400,0,0
sample,long,exterior,relationship,4,0,3,8192,820,27793100,0,0
sample,long,exterior,relationship,4,0,4,8192,820,27640900,0,0
sample,long,exterior,relationship,4,0,5,8192,820,27264800,0,0
sample,long,exterior,relationship,4,0,6,8192,820,27561800,0,0
summary,long,exterior,relationship,3328.223,3358.447,3392.712
sample,long,exterior,clipping,4,0,0,4096,410,33510400,33947648,8
sample,long,exterior,clipping,4,0,1,4096,410,33668400,33947648,8
sample,long,exterior,clipping,4,0,2,4096,410,33723100,33947648,8
sample,long,exterior,clipping,4,0,3,4096,410,33610600,33947648,8
sample,long,exterior,clipping,4,0,4,4096,410,33649800,33947648,8
sample,long,exterior,clipping,4,0,5,4096,410,43469700,33947648,8
sample,long,exterior,clipping,4,0,6,4096,410,33808900,33947648,8
summary,long,exterior,clipping,8181.250,8219.824,10612.720
sample,long,interior,relationship,4,1,0,8192,820,27649700,0,0
sample,long,interior,relationship,4,1,1,8192,820,27753000,0,0
sample,long,interior,relationship,4,1,2,8192,820,27263600,0,0
sample,long,interior,relationship,4,1,3,8192,820,27644000,0,0
sample,long,interior,relationship,4,1,4,8192,820,27464900,0,0
sample,long,interior,relationship,4,1,5,8192,820,26852600,0,0
sample,long,interior,relationship,4,1,6,8192,820,26559900,0,0
summary,long,interior,relationship,3242.175,3352.649,3387.817
sample,long,interior,clipping,4,1,0,2048,205,34945900,17072128,4
sample,long,interior,clipping,4,1,1,2048,205,35466800,17072128,4
sample,long,interior,clipping,4,1,2,2048,205,35961800,17072128,4
sample,long,interior,clipping,4,1,3,2048,205,35953800,17072128,4
sample,long,interior,clipping,4,1,4,2048,205,35510300,17072128,4
sample,long,interior,clipping,4,1,5,2048,205,35456500,17072128,4
sample,long,interior,clipping,4,1,6,2048,205,36695900,17072128,4
summary,long,interior,clipping,17063.428,17339.014,17917.920
sample,long,crossing,relationship,4,1,0,8192,820,26126100,0,0
sample,long,crossing,relationship,4,1,1,8192,820,26095600,0,0
sample,long,crossing,relationship,4,1,2,8192,820,26001000,0,0
sample,long,crossing,relationship,4,1,3,8192,820,26657100,0,0
sample,long,crossing,relationship,4,1,4,8192,820,26023800,0,0
sample,long,crossing,relationship,4,1,5,8192,820,26020400,0,0
sample,long,crossing,relationship,4,1,6,8192,820,25915300,0,0
summary,long,crossing,relationship,3163.489,3176.733,3254.041
sample,long,crossing,clipping,4,1,0,512,52,22286900,8478720,2
sample,long,crossing,clipping,4,1,1,512,52,22163400,8478720,2
sample,long,crossing,clipping,4,1,2,512,52,22140700,8478720,2
sample,long,crossing,clipping,4,1,3,512,52,32454600,8478720,2
sample,long,crossing,clipping,4,1,4,512,52,22544900,8478720,2
sample,long,crossing,clipping,4,1,5,512,52,22257300,8478720,2
sample,long,crossing,clipping,4,1,6,512,52,22282600,8478720,2
summary,long,crossing,clipping,43243.555,43520.703,63387.891
sample,long,boundary-only,relationship,4,1,0,8192,820,37213100,0,0
sample,long,boundary-only,relationship,4,1,1,8192,820,35436800,0,0
sample,long,boundary-only,relationship,4,1,2,8192,820,36930100,0,0
sample,long,boundary-only,relationship,4,1,3,8192,820,35840300,0,0
sample,long,boundary-only,relationship,4,1,4,8192,820,36172300,0,0
sample,long,boundary-only,relationship,4,1,5,8192,820,36571000,0,0
sample,long,boundary-only,relationship,4,1,6,8192,820,36196600,0,0
summary,long,boundary-only,relationship,4325.781,4418.530,4542.615
sample,long,boundary-only,clipping,4,1,0,1024,103,30385700,21118976,5
sample,long,boundary-only,clipping,4,1,1,1024,103,30388200,21118976,5
sample,long,boundary-only,clipping,4,1,2,1024,103,30059200,21118976,5
sample,long,boundary-only,clipping,4,1,3,1024,103,29842300,21118976,5
sample,long,boundary-only,clipping,4,1,4,1024,103,30031500,21118976,5
sample,long,boundary-only,clipping,4,1,5,1024,103,29966500,21118976,5
sample,long,boundary-only,clipping,4,1,6,1024,103,29915500,21118976,5
summary,long,boundary-only,clipping,29142.871,29327.637,29675.977
sample,long,boundary-overlap,relationship,4,1,0,4096,410,23211200,0,0
sample,long,boundary-overlap,relationship,4,1,1,4096,410,22808200,0,0
sample,long,boundary-overlap,relationship,4,1,2,4096,410,23408200,0,0
sample,long,boundary-overlap,relationship,4,1,3,4096,410,22929700,0,0
sample,long,boundary-overlap,relationship,4,1,4,4096,410,23106200,0,0
sample,long,boundary-overlap,relationship,4,1,5,4096,410,23108600,0,0
sample,long,boundary-overlap,relationship,4,1,6,4096,410,22890600,0,0
summary,long,boundary-overlap,relationship,5568.408,5641.162,5714.893
sample,long,boundary-overlap,clipping,4,1,0,1024,103,32416000,21151744,5
sample,long,boundary-overlap,clipping,4,1,1,1024,103,41749800,21151744,5
sample,long,boundary-overlap,clipping,4,1,2,1024,103,32216700,21151744,5
sample,long,boundary-overlap,clipping,4,1,3,1024,103,32186800,21151744,5
sample,long,boundary-overlap,clipping,4,1,4,1024,103,31865600,21151744,5
sample,long,boundary-overlap,clipping,4,1,5,1024,103,32259200,21151744,5
sample,long,boundary-overlap,clipping,4,1,6,1024,103,32204200,21151744,5
summary,long,boundary-overlap,clipping,31118.750,31461.621,40771.289
sample,long,isolated-tangent,relationship,4,0,0,4096,410,20566100,0,0
sample,long,isolated-tangent,relationship,4,0,1,4096,410,20416400,0,0
sample,long,isolated-tangent,relationship,4,0,2,4096,410,20685400,0,0
sample,long,isolated-tangent,relationship,4,0,3,4096,410,20331900,0,0
sample,long,isolated-tangent,relationship,4,0,4,4096,410,20493600,0,0
sample,long,isolated-tangent,relationship,4,0,5,4096,410,20489300,0,0
sample,long,isolated-tangent,relationship,4,0,6,4096,410,20613900,0,0
summary,long,isolated-tangent,relationship,4963.843,5003.320,5050.146
sample,long,isolated-tangent,clipping,4,0,0,2048,205,28460400,33751040,8
sample,long,isolated-tangent,clipping,4,0,1,2048,205,28363000,33751040,8
sample,long,isolated-tangent,clipping,4,0,2,2048,205,28336200,33751040,8
sample,long,isolated-tangent,clipping,4,0,3,2048,205,28563100,33751040,8
sample,long,isolated-tangent,clipping,4,0,4,2048,205,28415500,33751040,8
sample,long,isolated-tangent,clipping,4,0,5,2048,205,28114000,33751040,8
sample,long,isolated-tangent,clipping,4,0,6,2048,205,28716400,33751040,8
summary,long,isolated-tangent,clipping,13727.539,13874.756,14021.680
sample,long,degenerate-interior,relationship,4,0,0,65536,6554,7038600,0,0
sample,long,degenerate-interior,relationship,4,0,1,65536,6554,7399000,0,0
sample,long,degenerate-interior,relationship,4,0,2,65536,6554,7027300,0,0
sample,long,degenerate-interior,relationship,4,0,3,65536,6554,7301700,0,0
sample,long,degenerate-interior,relationship,4,0,4,65536,6554,7031300,0,0
sample,long,degenerate-interior,relationship,4,0,5,65536,6554,7208500,0,0
sample,long,degenerate-interior,relationship,4,0,6,65536,6554,7090600,0,0
summary,long,degenerate-interior,relationship,107.228,108.194,112.900
sample,long,degenerate-interior,clipping,4,0,0,65536,6554,2302000,0,0
sample,long,degenerate-interior,clipping,4,0,1,65536,6554,2402100,0,0
sample,long,degenerate-interior,clipping,4,0,2,65536,6554,2321400,0,0
sample,long,degenerate-interior,clipping,4,0,3,65536,6554,2267100,0,0
sample,long,degenerate-interior,clipping,4,0,4,65536,6554,2268900,0,0
sample,long,degenerate-interior,clipping,4,0,5,65536,6554,2301000,0,0
sample,long,degenerate-interior,clipping,4,0,6,65536,6554,2283600,0,0
summary,long,degenerate-interior,clipping,34.593,35.110,36.653
sample,long,degenerate-boundary,relationship,4,0,0,65536,6554,7418700,0,0
sample,long,degenerate-boundary,relationship,4,0,1,65536,6554,7007000,0,0
sample,long,degenerate-boundary,relationship,4,0,2,65536,6554,7244800,0,0
sample,long,degenerate-boundary,relationship,4,0,3,65536,6554,7121000,0,0
sample,long,degenerate-boundary,relationship,4,0,4,65536,6554,7084500,0,0
sample,long,degenerate-boundary,relationship,4,0,5,65536,6554,7244600,0,0
sample,long,degenerate-boundary,relationship,4,0,6,65536,6554,7009500,0,0
summary,long,degenerate-boundary,relationship,106.918,108.658,113.200
sample,long,degenerate-boundary,clipping,4,0,0,65536,6554,2273800,0,0
sample,long,degenerate-boundary,clipping,4,0,1,65536,6554,2266300,0,0
sample,long,degenerate-boundary,clipping,4,0,2,65536,6554,2255400,0,0
sample,long,degenerate-boundary,clipping,4,0,3,65536,6554,2281800,0,0
sample,long,degenerate-boundary,clipping,4,0,4,65536,6554,2269600,0,0
sample,long,degenerate-boundary,clipping,4,0,5,65536,6554,2263900,0,0
sample,long,degenerate-boundary,clipping,4,0,6,65536,6554,2546400,0,0
summary,long,degenerate-boundary,clipping,34.415,34.631,38.855
sample,long,empty,relationship,0,0,0,65536,6554,2098200,0,0
sample,long,empty,relationship,0,0,1,65536,6554,2095800,0,0
sample,long,empty,relationship,0,0,2,65536,6554,2099100,0,0
sample,long,empty,relationship,0,0,3,65536,6554,2100400,0,0
sample,long,empty,relationship,0,0,4,65536,6554,2309200,0,0
sample,long,empty,relationship,0,0,5,65536,6554,2170300,0,0
sample,long,empty,relationship,0,0,6,65536,6554,2104600,0,0
summary,long,empty,relationship,31.979,32.050,35.236
sample,long,empty,clipping,0,0,0,65536,6554,2186400,0,0
sample,long,empty,clipping,0,0,1,65536,6554,2183200,0,0
sample,long,empty,clipping,0,0,2,65536,6554,2333700,0,0
sample,long,empty,clipping,0,0,3,65536,6554,2168300,0,0
sample,long,empty,clipping,0,0,4,65536,6554,2168300,0,0
sample,long,empty,clipping,0,0,5,65536,6554,2183800,0,0
sample,long,empty,clipping,0,0,6,65536,6554,2225600,0,0
summary,long,empty,clipping,33.086,33.322,35.609
sample,long,concave-u,relationship,8,2,0,4096,410,39468300,0,0
sample,long,concave-u,relationship,8,2,1,4096,410,39149200,0,0
sample,long,concave-u,relationship,8,2,2,4096,410,48526100,0,0
sample,long,concave-u,relationship,8,2,3,4096,410,38746200,0,0
sample,long,concave-u,relationship,8,2,4,4096,410,38528800,0,0
sample,long,concave-u,relationship,8,2,5,4096,410,39023400,0,0
sample,long,concave-u,relationship,8,2,6,4096,410,39027900,0,0
summary,long,concave-u,relationship,9406.445,9528.296,11847.192
sample,long,concave-u,clipping,8,2,0,256,26,27034500,6356992,1
sample,long,concave-u,clipping,8,2,1,256,26,26899300,6356992,1
sample,long,concave-u,clipping,8,2,2,256,26,26545000,6356992,1
sample,long,concave-u,clipping,8,2,3,256,26,26361200,6356992,1
sample,long,concave-u,clipping,8,2,4,256,26,26199300,6356992,1
sample,long,concave-u,clipping,8,2,5,256,26,26260800,6356992,1
sample,long,concave-u,clipping,8,2,6,256,26,26624400,6356992,1
summary,long,concave-u,clipping,102341.016,103691.406,105603.516
sample,long,hole,relationship,8,2,0,4096,410,38075700,0,0
sample,long,hole,relationship,8,2,1,4096,410,40059800,0,0
sample,long,hole,relationship,8,2,2,4096,410,37783700,0,0
sample,long,hole,relationship,8,2,3,4096,410,37188700,0,0
sample,long,hole,relationship,8,2,4,4096,410,37333400,0,0
sample,long,hole,relationship,8,2,5,4096,410,36812200,0,0
sample,long,hole,relationship,8,2,6,4096,410,36989600,0,0
summary,long,hole,relationship,8987.354,9114.600,9780.225
sample,long,hole,clipping,8,2,0,256,26,26364500,6356992,1
sample,long,hole,clipping,8,2,1,256,26,26574300,6356992,1
sample,long,hole,clipping,8,2,2,256,26,26272800,6356992,1
sample,long,hole,clipping,8,2,3,256,26,26426600,6356992,1
sample,long,hole,clipping,8,2,4,256,26,26302800,6356992,1
sample,long,hole,clipping,8,2,5,256,26,26527700,6356992,1
sample,long,hole,clipping,8,2,6,256,26,36202800,6356992,1
summary,long,hole,clipping,102628.125,103228.906,141417.188
sample,long,hole-reversed,relationship,8,2,0,4096,410,38935900,0,0
sample,long,hole-reversed,relationship,8,2,1,4096,410,39575600,0,0
sample,long,hole-reversed,relationship,8,2,2,4096,410,39839000,0,0
sample,long,hole-reversed,relationship,8,2,3,4096,410,39076600,0,0
sample,long,hole-reversed,relationship,8,2,4,4096,410,38940000,0,0
sample,long,hole-reversed,relationship,8,2,5,4096,410,39553700,0,0
sample,long,hole-reversed,relationship,8,2,6,4096,410,38830300,0,0
summary,long,hole-reversed,relationship,9480.054,9540.186,9726.318
sample,long,hole-reversed,clipping,8,2,0,256,26,27937200,6356992,1
sample,long,hole-reversed,clipping,8,2,1,256,26,27882300,6356992,1
sample,long,hole-reversed,clipping,8,2,2,256,26,27544900,6356992,1
sample,long,hole-reversed,clipping,8,2,3,256,26,27978600,6356992,1
sample,long,hole-reversed,clipping,8,2,4,256,26,27884000,6356992,1
sample,long,hole-reversed,clipping,8,2,5,256,26,27473900,6356992,1
sample,long,hole-reversed,clipping,8,2,6,256,26,27977100,6356992,1
summary,long,hole-reversed,clipping,107319.922,108921.875,109291.406
sample,long,rational-crossing,relationship,3,1,0,16384,1639,37234800,0,0
sample,long,rational-crossing,relationship,3,1,1,16384,1639,37165600,0,0
sample,long,rational-crossing,relationship,3,1,2,16384,1639,37459300,0,0
sample,long,rational-crossing,relationship,3,1,3,16384,1639,37397000,0,0
sample,long,rational-crossing,relationship,3,1,4,16384,1639,37301900,0,0
sample,long,rational-crossing,relationship,3,1,5,16384,1639,37252200,0,0
sample,long,rational-crossing,relationship,3,1,6,16384,1639,37728100,0,0
summary,long,rational-crossing,relationship,2268.408,2276.727,2302.740
sample,long,rational-crossing,clipping,3,1,0,512,52,32869900,8478720,2
sample,long,rational-crossing,clipping,3,1,1,512,52,23623100,8478720,2
sample,long,rational-crossing,clipping,3,1,2,512,52,23423200,8478720,2
sample,long,rational-crossing,clipping,3,1,3,512,52,23718000,8478720,2
sample,long,rational-crossing,clipping,3,1,4,512,52,23284400,8478720,2
sample,long,rational-crossing,clipping,3,1,5,512,52,23679400,8478720,2
sample,long,rational-crossing,clipping,3,1,6,512,52,23498900,8478720,2
summary,long,rational-crossing,clipping,45477.344,46138.867,64199.023
sample,long,sparse-1,relationship,4,1,0,8192,820,27379000,0,0
sample,long,sparse-1,relationship,4,1,1,8192,820,27766300,0,0
sample,long,sparse-1,relationship,4,1,2,8192,820,26994900,0,0
sample,long,sparse-1,relationship,4,1,3,8192,820,27457900,0,0
sample,long,sparse-1,relationship,4,1,4,8192,820,27390700,0,0
sample,long,sparse-1,relationship,4,1,5,8192,820,27214300,0,0
sample,long,sparse-1,relationship,4,1,6,8192,820,27417500,0,0
summary,long,sparse-1,relationship,3295.276,3343.591,3389.441
sample,long,sparse-1,clipping,4,1,0,512,52,23533500,8478720,2
sample,long,sparse-1,clipping,4,1,1,512,52,24065400,8478720,2
sample,long,sparse-1,clipping,4,1,2,512,52,23511600,8478720,2
sample,long,sparse-1,clipping,4,1,3,512,52,23958000,8478720,2
sample,long,sparse-1,clipping,4,1,4,512,52,23429600,8478720,2
sample,long,sparse-1,clipping,4,1,5,512,52,23543000,8478720,2
sample,long,sparse-1,clipping,4,1,6,512,52,23833400,8478720,2
summary,long,sparse-1,clipping,45760.938,45982.422,47002.734
sample,long,sparse-4,relationship,16,1,0,2048,205,31919600,0,0
sample,long,sparse-4,relationship,16,1,1,2048,205,31917100,0,0
sample,long,sparse-4,relationship,16,1,2,2048,205,31901000,0,0
sample,long,sparse-4,relationship,16,1,3,2048,205,31864000,0,0
sample,long,sparse-4,relationship,16,1,4,2048,205,31785600,0,0
sample,long,sparse-4,relationship,16,1,5,2048,205,31735200,0,0
sample,long,sparse-4,relationship,16,1,6,2048,205,31980200,0,0
summary,long,sparse-4,relationship,15495.703,15576.660,15615.332
sample,long,sparse-4,clipping,16,1,0,512,52,41429000,8478720,2
sample,long,sparse-4,clipping,16,1,1,512,52,31666100,8478720,2
sample,long,sparse-4,clipping,16,1,2,512,52,31871200,8478720,2
sample,long,sparse-4,clipping,16,1,3,512,52,31337600,8478720,2
sample,long,sparse-4,clipping,16,1,4,512,52,31318200,8478720,2
sample,long,sparse-4,clipping,16,1,5,512,52,31537900,8478720,2
sample,long,sparse-4,clipping,16,1,6,512,52,30832300,8478720,2
summary,long,sparse-4,clipping,60219.336,61597.461,80916.016
sample,long,sparse-16,relationship,64,1,0,512,52,31458500,0,0
sample,long,sparse-16,relationship,64,1,1,512,52,31786900,0,0
sample,long,sparse-16,relationship,64,1,2,512,52,31908000,0,0
sample,long,sparse-16,relationship,64,1,3,512,52,31843500,0,0
sample,long,sparse-16,relationship,64,1,4,512,52,31633600,0,0
sample,long,sparse-16,relationship,64,1,5,512,52,38813900,0,0
sample,long,sparse-16,relationship,64,1,6,512,52,31672500,0,0
summary,long,sparse-16,relationship,61442.383,62083.789,75808.398
sample,long,sparse-16,clipping,64,1,0,256,26,29942600,4239360,1
sample,long,sparse-16,clipping,64,1,1,256,26,29311900,4239360,1
sample,long,sparse-16,clipping,64,1,2,256,26,29505800,4239360,1
sample,long,sparse-16,clipping,64,1,3,256,26,29737600,4239360,1
sample,long,sparse-16,clipping,64,1,4,256,26,29760600,4239360,1
sample,long,sparse-16,clipping,64,1,5,256,26,29382800,4239360,1
sample,long,sparse-16,clipping,64,1,6,256,26,29708700,4239360,1
summary,long,sparse-16,clipping,114499.609,116049.609,116963.281
sample,long,sparse-64,relationship,256,1,0,128,13,32036300,0,0
sample,long,sparse-64,relationship,256,1,1,128,13,32199400,0,0
sample,long,sparse-64,relationship,256,1,2,128,13,32265700,0,0
sample,long,sparse-64,relationship,256,1,3,128,13,32077900,0,0
sample,long,sparse-64,relationship,256,1,4,128,13,32194700,0,0
sample,long,sparse-64,relationship,256,1,5,128,13,42025000,0,0
sample,long,sparse-64,relationship,256,1,6,128,13,34412600,0,0
summary,long,sparse-64,relationship,250283.594,251557.812,328320.312
sample,long,sparse-64,clipping,256,1,0,64,7,23920400,1059840,0
sample,long,sparse-64,clipping,256,1,1,64,7,25261300,1059840,0
sample,long,sparse-64,clipping,256,1,2,64,7,23714400,1059840,0
sample,long,sparse-64,clipping,256,1,3,64,7,24989400,1059840,0
sample,long,sparse-64,clipping,256,1,4,64,7,23827800,1059840,0
sample,long,sparse-64,clipping,256,1,5,64,7,24804000,1059840,0
sample,long,sparse-64,clipping,256,1,6,64,7,23793800,1059840,0
summary,long,sparse-64,clipping,370537.500,373756.250,394707.812
sample,long,dense-1,relationship,4,1,0,8192,820,27738700,0,0
sample,long,dense-1,relationship,4,1,1,8192,820,28828800,0,0
sample,long,dense-1,relationship,4,1,2,8192,820,31250700,0,0
sample,long,dense-1,relationship,4,1,3,8192,820,28518900,0,0
sample,long,dense-1,relationship,4,1,4,8192,820,27563700,0,0
sample,long,dense-1,relationship,4,1,5,8192,820,29811700,0,0
sample,long,dense-1,relationship,4,1,6,8192,820,28362500,0,0
summary,long,dense-1,relationship,3364.709,3481.311,3814.783
sample,long,dense-1,clipping,4,1,0,512,52,24216900,8478720,2
sample,long,dense-1,clipping,4,1,1,512,52,25582900,8478720,2
sample,long,dense-1,clipping,4,1,2,512,52,24184700,8478720,2
sample,long,dense-1,clipping,4,1,3,512,52,25292600,8478720,2
sample,long,dense-1,clipping,4,1,4,512,52,24247700,8478720,2
sample,long,dense-1,clipping,4,1,5,512,52,25390800,8478720,2
sample,long,dense-1,clipping,4,1,6,512,52,24166900,8478720,2
summary,long,dense-1,clipping,47200.977,47358.789,49966.602
sample,long,dense-4,relationship,16,4,0,1024,103,22164600,0,0
sample,long,dense-4,relationship,16,4,1,1024,103,22230900,0,0
sample,long,dense-4,relationship,16,4,2,1024,103,22087900,0,0
sample,long,dense-4,relationship,16,4,3,1024,103,22407500,0,0
sample,long,dense-4,relationship,16,4,4,1024,103,22157800,0,0
sample,long,dense-4,relationship,16,4,5,1024,103,22159400,0,0
sample,long,dense-4,relationship,16,4,6,1024,103,22563100,0,0
summary,long,dense-4,relationship,21570.215,21645.117,22034.277
sample,long,dense-4,clipping,16,4,0,128,13,31217200,5294080,1
sample,long,dense-4,clipping,16,4,1,128,13,31517200,5294080,1
sample,long,dense-4,clipping,16,4,2,128,13,31342400,5294080,1
sample,long,dense-4,clipping,16,4,3,128,13,31173400,5294080,1
sample,long,dense-4,clipping,16,4,4,128,13,31046200,5294080,1
sample,long,dense-4,clipping,16,4,5,128,13,30885200,5294080,1
sample,long,dense-4,clipping,16,4,6,128,13,31318800,5294080,1
summary,long,dense-4,clipping,241290.625,243884.375,246228.125
sample,long,dense-16,relationship,64,16,0,256,26,24957700,0,0
sample,long,dense-16,relationship,64,16,1,256,26,24371500,0,0
sample,long,dense-16,relationship,64,16,2,256,26,24809900,0,0
sample,long,dense-16,relationship,64,16,3,256,26,24529700,0,0
sample,long,dense-16,relationship,64,16,4,256,26,24773200,0,0
sample,long,dense-16,relationship,64,16,5,256,26,24346000,0,0
sample,long,dense-16,relationship,64,16,6,256,26,24875200,0,0
summary,long,dense-16,relationship,95101.562,96770.312,97491.016
sample,long,dense-16,clipping,64,16,0,32,4,38127700,4640256,1
sample,long,dense-16,clipping,64,16,1,32,4,37307700,4640256,1
sample,long,dense-16,clipping,64,16,2,32,4,37204600,4640256,1
sample,long,dense-16,clipping,64,16,3,32,4,37370000,4640256,1
sample,long,dense-16,clipping,64,16,4,32,4,37412200,4640256,1
sample,long,dense-16,clipping,64,16,5,32,4,37005800,4640256,1
sample,long,dense-16,clipping,64,16,6,32,4,37320800,4640256,1
summary,long,dense-16,clipping,1156431.250,1166275.000,1191490.625
sample,long,dense-64,relationship,256,64,0,64,7,25619900,0,0
sample,long,dense-64,relationship,256,64,1,64,7,25413700,0,0
sample,long,dense-64,relationship,256,64,2,64,7,25435800,0,0
sample,long,dense-64,relationship,256,64,3,64,7,25360700,0,0
sample,long,dense-64,relationship,256,64,4,64,7,25443200,0,0
sample,long,dense-64,relationship,256,64,5,64,7,34473500,0,0
sample,long,dense-64,relationship,256,64,6,64,7,25562600,0,0
summary,long,dense-64,relationship,396260.938,397550.000,538648.438
sample,long,dense-64,clipping,256,64,0,4,1,21848600,2224128,0
sample,long,dense-64,clipping,256,64,1,4,1,21453100,2224128,0
sample,long,dense-64,clipping,256,64,2,4,1,21173900,2224128,0
sample,long,dense-64,clipping,256,64,3,4,1,21033100,2224128,0
sample,long,dense-64,clipping,256,64,4,4,1,21056600,2224128,0
sample,long,dense-64,clipping,256,64,5,4,1,20974800,2224128,0
sample,long,dense-64,clipping,256,64,6,4,1,20507200,2224128,0
summary,long,dense-64,clipping,5126800.000,5264150.000,5462150.000
sample,long,wide-integral,relationship,4,1,0,8192,820,26259700,0,0
sample,long,wide-integral,relationship,4,1,1,8192,820,26115900,0,0
sample,long,wide-integral,relationship,4,1,2,8192,820,26564600,0,0
sample,long,wide-integral,relationship,4,1,3,8192,820,26542400,0,0
sample,long,wide-integral,relationship,4,1,4,8192,820,26345400,0,0
sample,long,wide-integral,relationship,4,1,5,8192,820,26337500,0,0
sample,long,wide-integral,relationship,4,1,6,8192,820,26369300,0,0
summary,long,wide-integral,relationship,3187.976,3215.991,3242.749
sample,long,wide-integral,clipping,4,1,0,512,52,24631200,8478720,2
sample,long,wide-integral,clipping,4,1,1,512,52,24676600,8478720,2
sample,long,wide-integral,clipping,4,1,2,512,52,24579200,8478720,2
sample,long,wide-integral,clipping,4,1,3,512,52,24674200,8478720,2
sample,long,wide-integral,clipping,4,1,4,512,52,24397900,8478720,2
sample,long,wide-integral,clipping,4,1,5,512,52,24794100,8478720,2
sample,long,wide-integral,clipping,4,1,6,512,52,24615100,8478720,2
summary,long,wide-integral,clipping,47652.148,48107.812,48425.977
sample,long,endpoint-collapse,relationship,4,0,0,8192,820,39026300,0,0
sample,long,endpoint-collapse,relationship,4,0,1,8192,820,39821900,0,0
sample,long,endpoint-collapse,relationship,4,0,2,8192,820,39157800,0,0
sample,long,endpoint-collapse,relationship,4,0,3,8192,820,39301500,0,0
sample,long,endpoint-collapse,relationship,4,0,4,8192,820,39354300,0,0
sample,long,endpoint-collapse,relationship,4,0,5,8192,820,51329500,0,0
sample,long,endpoint-collapse,relationship,4,0,6,8192,820,42614800,0,0
summary,long,endpoint-collapse,relationship,4763.953,4803.992,6265.808
sample,long,endpoint-collapse,clipping,4,0,0,512,52,20202100,8462336,2
sample,long,endpoint-collapse,clipping,4,0,1,512,52,21428900,8462336,2
sample,long,endpoint-collapse,clipping,4,0,2,512,52,20300900,8462336,2
sample,long,endpoint-collapse,clipping,4,0,3,512,52,20227000,8462336,2
sample,long,endpoint-collapse,clipping,4,0,4,512,52,20183800,8462336,2
sample,long,endpoint-collapse,clipping,4,0,5,512,52,21131300,8462336,2
sample,long,endpoint-collapse,clipping,4,0,6,512,52,19902500,8462336,2
summary,long,endpoint-collapse,clipping,38872.070,39505.859,41853.320
sample,long,gap-collapse,relationship,8,0,0,2048,205,23150100,0,0
sample,long,gap-collapse,relationship,8,0,1,2048,205,23566800,0,0
sample,long,gap-collapse,relationship,8,0,2,2048,205,23538700,0,0
sample,long,gap-collapse,relationship,8,0,3,2048,205,23204700,0,0
sample,long,gap-collapse,relationship,8,0,4,2048,205,23414400,0,0
sample,long,gap-collapse,relationship,8,0,5,2048,205,22998900,0,0
sample,long,gap-collapse,relationship,8,0,6,2048,205,23433900,0,0
summary,long,gap-collapse,relationship,11229.932,11432.812,11507.227
sample,long,gap-collapse,clipping,8,0,0,256,26,25913800,6348800,1
sample,long,gap-collapse,clipping,8,0,1,256,26,25904600,6348800,1
sample,long,gap-collapse,clipping,8,0,2,256,26,26058400,6348800,1
sample,long,gap-collapse,clipping,8,0,3,256,26,25559700,6348800,1
sample,long,gap-collapse,clipping,8,0,4,256,26,26201600,6348800,1
sample,long,gap-collapse,clipping,8,0,5,256,26,25606400,6348800,1
sample,long,gap-collapse,clipping,8,0,6,256,26,26060200,6348800,1
summary,long,gap-collapse,clipping,99842.578,101225.781,102350.000
fixture,float,exterior,4,1,success,0
fixture,float,interior,4,4,success,1
fixture,float,crossing,4,7,success,1
fixture,float,boundary-only,4,10,success,1
fixture,float,boundary-overlap,4,11,success,1
fixture,float,isolated-tangent,4,3,success,0
fixture,float,degenerate-interior,4,4,success,0
fixture,float,degenerate-boundary,4,2,success,0
fixture,float,empty,0,1,success,0
fixture,float,concave-u,8,7,success,2
fixture,float,hole,8,7,success,2
fixture,float,hole-reversed,8,7,success,2
fixture,float,rational-crossing,3,7,success,1
fixture,float,sparse-1,4,7,success,1
fixture,float,sparse-4,16,7,success,1
fixture,float,sparse-16,64,7,success,1
fixture,float,sparse-64,256,7,success,1
fixture,float,dense-1,4,7,success,1
fixture,float,dense-4,16,7,success,4
fixture,float,dense-16,64,7,success,16
fixture,float,dense-64,256,7,success,64
fixture,float,subnormal,4,7,success,1
fixture,float,large-finite,4,7,success,1
preflight,float,23,PASS
sample,float,exterior,relationship,4,0,0,8192,820,26707900,0,0
sample,float,exterior,relationship,4,0,1,8192,820,26805700,0,0
sample,float,exterior,relationship,4,0,2,8192,820,26398700,0,0
sample,float,exterior,relationship,4,0,3,8192,820,26727100,0,0
sample,float,exterior,relationship,4,0,4,8192,820,26294000,0,0
sample,float,exterior,relationship,4,0,5,8192,820,26744100,0,0
sample,float,exterior,relationship,4,0,6,8192,820,26795700,0,0
summary,float,exterior,relationship,3209.717,3262.585,3272.180
sample,float,exterior,clipping,4,0,0,4096,410,34242100,33947648,8
sample,float,exterior,clipping,4,0,1,4096,410,34606500,33947648,8
sample,float,exterior,clipping,4,0,2,4096,410,35610900,33947648,8
sample,float,exterior,clipping,4,0,3,4096,410,34311000,33947648,8
sample,float,exterior,clipping,4,0,4,4096,410,34342900,33947648,8
sample,float,exterior,clipping,4,0,5,4096,410,34205300,33947648,8
sample,float,exterior,clipping,4,0,6,4096,410,34209700,33947648,8
summary,float,exterior,clipping,8350.903,8376.709,8694.067
sample,float,interior,relationship,4,1,0,8192,820,28211200,0,0
sample,float,interior,relationship,4,1,1,8192,820,27971100,0,0
sample,float,interior,relationship,4,1,2,8192,820,27034600,0,0
sample,float,interior,relationship,4,1,3,8192,820,28521600,0,0
sample,float,interior,relationship,4,1,4,8192,820,28962400,0,0
sample,float,interior,relationship,4,1,5,8192,820,26970000,0,0
sample,float,interior,relationship,4,1,6,8192,820,28135600,0,0
summary,float,interior,relationship,3292.236,3434.521,3535.449
sample,float,interior,clipping,4,1,0,2048,205,38874500,17072128,4
sample,float,interior,clipping,4,1,1,2048,205,40358000,17072128,4
sample,float,interior,clipping,4,1,2,2048,205,38849300,17072128,4
sample,float,interior,clipping,4,1,3,2048,205,39628500,17072128,4
sample,float,interior,clipping,4,1,4,2048,205,37837800,17072128,4
sample,float,interior,clipping,4,1,5,2048,205,37285800,17072128,4
sample,float,interior,clipping,4,1,6,2048,205,37178700,17072128,4
summary,float,interior,clipping,18153.662,18969.385,19706.055
sample,float,crossing,relationship,4,1,0,8192,820,25981500,0,0
sample,float,crossing,relationship,4,1,1,8192,820,26510100,0,0
sample,float,crossing,relationship,4,1,2,8192,820,25982800,0,0
sample,float,crossing,relationship,4,1,3,8192,820,36061900,0,0
sample,float,crossing,relationship,4,1,4,8192,820,26201100,0,0
sample,float,crossing,relationship,4,1,5,8192,820,26459200,0,0
sample,float,crossing,relationship,4,1,6,8192,820,25710100,0,0
summary,float,crossing,relationship,3138.440,3198.376,4402.087
sample,float,crossing,clipping,4,1,0,512,52,23085500,8478720,2
sample,float,crossing,clipping,4,1,1,512,52,23101800,8478720,2
sample,float,crossing,clipping,4,1,2,512,52,23402600,8478720,2
sample,float,crossing,clipping,4,1,3,512,52,23166800,8478720,2
sample,float,crossing,clipping,4,1,4,512,52,23027700,8478720,2
sample,float,crossing,clipping,4,1,5,512,52,23045300,8478720,2
sample,float,crossing,clipping,4,1,6,512,52,23112100,8478720,2
summary,float,crossing,clipping,44975.977,45120.703,45708.203
sample,float,boundary-only,relationship,4,1,0,8192,820,28306700,0,0
sample,float,boundary-only,relationship,4,1,1,8192,820,29650600,0,0
sample,float,boundary-only,relationship,4,1,2,8192,820,28109800,0,0
sample,float,boundary-only,relationship,4,1,3,8192,820,28176800,0,0
sample,float,boundary-only,relationship,4,1,4,8192,820,28265200,0,0
sample,float,boundary-only,relationship,4,1,5,8192,820,28200200,0,0
sample,float,boundary-only,relationship,4,1,6,8192,820,28044200,0,0
summary,float,boundary-only,relationship,3423.364,3442.407,3619.458
sample,float,boundary-only,clipping,4,1,0,1024,103,28327700,21118976,5
sample,float,boundary-only,clipping,4,1,1,1024,103,27941000,21118976,5
sample,float,boundary-only,clipping,4,1,2,1024,103,28024600,21118976,5
sample,float,boundary-only,clipping,4,1,3,1024,103,28353500,21118976,5
sample,float,boundary-only,clipping,4,1,4,1024,103,28191800,21118976,5
sample,float,boundary-only,clipping,4,1,5,1024,103,27988200,21118976,5
sample,float,boundary-only,clipping,4,1,6,1024,103,28595800,21118976,5
summary,float,boundary-only,clipping,27286.133,27531.055,27925.586
sample,float,boundary-overlap,relationship,4,1,0,8192,820,33593800,0,0
sample,float,boundary-overlap,relationship,4,1,1,8192,820,34464900,0,0
sample,float,boundary-overlap,relationship,4,1,2,8192,820,35525000,0,0
sample,float,boundary-overlap,relationship,4,1,3,8192,820,44853400,0,0
sample,float,boundary-overlap,relationship,4,1,4,8192,820,35737000,0,0
sample,float,boundary-overlap,relationship,4,1,5,8192,820,34967800,0,0
sample,float,boundary-overlap,relationship,4,1,6,8192,820,35319100,0,0
summary,float,boundary-overlap,relationship,4100.806,4311.414,5475.269
sample,float,boundary-overlap,clipping,4,1,0,1024,103,32443600,21151744,5
sample,float,boundary-overlap,clipping,4,1,1,1024,103,32493800,21151744,5
sample,float,boundary-overlap,clipping,4,1,2,1024,103,32101600,21151744,5
sample,float,boundary-overlap,clipping,4,1,3,1024,103,32458700,21151744,5
sample,float,boundary-overlap,clipping,4,1,4,1024,103,32026900,21151744,5
sample,float,boundary-overlap,clipping,4,1,5,1024,103,32247500,21151744,5
sample,float,boundary-overlap,clipping,4,1,6,1024,103,32326200,21151744,5
summary,float,boundary-overlap,clipping,31276.270,31568.555,31732.227
sample,float,isolated-tangent,relationship,4,0,0,4096,410,21201500,0,0
sample,float,isolated-tangent,relationship,4,0,1,4096,410,21312600,0,0
sample,float,isolated-tangent,relationship,4,0,2,4096,410,21854000,0,0
sample,float,isolated-tangent,relationship,4,0,3,4096,410,21590700,0,0
sample,float,isolated-tangent,relationship,4,0,4,4096,410,21529300,0,0
sample,float,isolated-tangent,relationship,4,0,5,4096,410,21574700,0,0
sample,float,isolated-tangent,relationship,4,0,6,4096,410,21517200,0,0
summary,float,isolated-tangent,relationship,5176.147,5256.177,5335.449
sample,float,isolated-tangent,clipping,4,0,0,2048,205,31682100,33751040,8
sample,float,isolated-tangent,clipping,4,0,1,2048,205,31688600,33751040,8
sample,float,isolated-tangent,clipping,4,0,2,2048,205,31648300,33751040,8
sample,float,isolated-tangent,clipping,4,0,3,2048,205,31698900,33751040,8
sample,float,isolated-tangent,clipping,4,0,4,2048,205,31284800,33751040,8
sample,float,isolated-tangent,clipping,4,0,5,2048,205,31655500,33751040,8
sample,float,isolated-tangent,clipping,4,0,6,2048,205,31464900,33751040,8
summary,float,isolated-tangent,clipping,15275.781,15456.787,15477.979
sample,float,degenerate-interior,relationship,4,0,0,65536,6554,5332400,0,0
sample,float,degenerate-interior,relationship,4,0,1,65536,6554,5967800,0,0
sample,float,degenerate-interior,relationship,4,0,2,65536,6554,5327800,0,0
sample,float,degenerate-interior,relationship,4,0,3,65536,6554,5319600,0,0
sample,float,degenerate-interior,relationship,4,0,4,65536,6554,5984800,0,0
sample,float,degenerate-interior,relationship,4,0,5,65536,6554,5337600,0,0
sample,float,degenerate-interior,relationship,4,0,6,65536,6554,5316000,0,0
summary,float,degenerate-interior,relationship,81.116,81.366,91.321
sample,float,degenerate-interior,clipping,4,0,0,65536,6554,843100,0,0
sample,float,degenerate-interior,clipping,4,0,1,65536,6554,1025000,0,0
sample,float,degenerate-interior,clipping,4,0,2,65536,6554,828600,0,0
sample,float,degenerate-interior,clipping,4,0,3,65536,6554,980700,0,0
sample,float,degenerate-interior,clipping,4,0,4,65536,6554,747700,0,0
sample,float,degenerate-interior,clipping,4,0,5,65536,6554,789600,0,0
sample,float,degenerate-interior,clipping,4,0,6,65536,6554,748500,0,0
summary,float,degenerate-interior,clipping,11.409,12.643,15.640
sample,float,degenerate-boundary,relationship,4,0,0,65536,6554,5891600,0,0
sample,float,degenerate-boundary,relationship,4,0,1,65536,6554,5156800,0,0
sample,float,degenerate-boundary,relationship,4,0,2,65536,6554,5152800,0,0
sample,float,degenerate-boundary,relationship,4,0,3,65536,6554,8204800,0,0
sample,float,degenerate-boundary,relationship,4,0,4,65536,6554,12425800,0,0
sample,float,degenerate-boundary,relationship,4,0,5,65536,6554,5167900,0,0
sample,float,degenerate-boundary,relationship,4,0,6,65536,6554,5152700,0,0
summary,float,degenerate-boundary,relationship,78.624,78.856,189.603
sample,float,degenerate-boundary,clipping,4,0,0,65536,6554,822000,0,0
sample,float,degenerate-boundary,clipping,4,0,1,65536,6554,1012100,0,0
sample,float,degenerate-boundary,clipping,4,0,2,65536,6554,795500,0,0
sample,float,degenerate-boundary,clipping,4,0,3,65536,6554,1001400,0,0
sample,float,degenerate-boundary,clipping,4,0,4,65536,6554,738100,0,0
sample,float,degenerate-boundary,clipping,4,0,5,65536,6554,794800,0,0
sample,float,degenerate-boundary,clipping,4,0,6,65536,6554,738800,0,0
summary,float,degenerate-boundary,clipping,11.263,12.138,15.443
sample,float,empty,relationship,0,0,0,65536,6554,1351800,0,0
sample,float,empty,relationship,0,0,1,65536,6554,1365200,0,0
sample,float,empty,relationship,0,0,2,65536,6554,1350700,0,0
sample,float,empty,relationship,0,0,3,65536,6554,1349300,0,0
sample,float,empty,relationship,0,0,4,65536,6554,1350200,0,0
sample,float,empty,relationship,0,0,5,65536,6554,1639100,0,0
sample,float,empty,relationship,0,0,6,65536,6554,1435400,0,0
summary,float,empty,relationship,20.589,20.627,25.011
sample,float,empty,clipping,0,0,0,65536,6554,885800,0,0
sample,float,empty,clipping,0,0,1,65536,6554,935600,0,0
sample,float,empty,clipping,0,0,2,65536,6554,886400,0,0
sample,float,empty,clipping,0,0,3,65536,6554,929900,0,0
sample,float,empty,clipping,0,0,4,65536,6554,886500,0,0
sample,float,empty,clipping,0,0,5,65536,6554,930500,0,0
sample,float,empty,clipping,0,0,6,65536,6554,883300,0,0
summary,float,empty,clipping,13.478,13.527,14.276
sample,float,concave-u,relationship,8,2,0,4096,410,37528800,0,0
sample,float,concave-u,relationship,8,2,1,4096,410,37448000,0,0
sample,float,concave-u,relationship,8,2,2,4096,410,38087000,0,0
sample,float,concave-u,relationship,8,2,3,4096,410,37535200,0,0
sample,float,concave-u,relationship,8,2,4,4096,410,37444200,0,0
sample,float,concave-u,relationship,8,2,5,4096,410,37844500,0,0
sample,float,concave-u,relationship,8,2,6,4096,410,38014400,0,0
summary,float,concave-u,relationship,9141.650,9163.867,9298.584
sample,float,concave-u,clipping,8,2,0,256,26,29158200,6356992,1
sample,float,concave-u,clipping,8,2,1,256,26,28995800,6356992,1
sample,float,concave-u,clipping,8,2,2,256,26,28690200,6356992,1
sample,float,concave-u,clipping,8,2,3,256,26,28320600,6356992,1
sample,float,concave-u,clipping,8,2,4,256,26,28695400,6356992,1
sample,float,concave-u,clipping,8,2,5,256,26,28769900,6356992,1
sample,float,concave-u,clipping,8,2,6,256,26,28413400,6356992,1
summary,float,concave-u,clipping,110627.344,112091.406,113899.219
sample,float,hole,relationship,8,2,0,4096,410,38905200,0,0
sample,float,hole,relationship,8,2,1,4096,410,38083300,0,0
sample,float,hole,relationship,8,2,2,4096,410,37880700,0,0
sample,float,hole,relationship,8,2,3,4096,410,37926500,0,0
sample,float,hole,relationship,8,2,4,4096,410,38663800,0,0
sample,float,hole,relationship,8,2,5,4096,410,38150500,0,0
sample,float,hole,relationship,8,2,6,4096,410,37856400,0,0
summary,float,hole,relationship,9242.285,9297.681,9498.340
sample,float,hole,clipping,8,2,0,256,26,27852600,6356992,1
sample,float,hole,clipping,8,2,1,256,26,27763400,6356992,1
sample,float,hole,clipping,8,2,2,256,26,27173200,6356992,1
sample,float,hole,clipping,8,2,3,256,26,27230800,6356992,1
sample,float,hole,clipping,8,2,4,256,26,27259600,6356992,1
sample,float,hole,clipping,8,2,5,256,26,26869400,6356992,1
sample,float,hole,clipping,8,2,6,256,26,27401000,6356992,1
summary,float,hole,clipping,104958.594,106482.812,108799.219
sample,float,hole-reversed,relationship,8,2,0,4096,410,36300300,0,0
sample,float,hole-reversed,relationship,8,2,1,4096,410,37089900,0,0
sample,float,hole-reversed,relationship,8,2,2,4096,410,36324000,0,0
sample,float,hole-reversed,relationship,8,2,3,4096,410,36343100,0,0
sample,float,hole-reversed,relationship,8,2,4,4096,410,36394800,0,0
sample,float,hole-reversed,relationship,8,2,5,4096,410,36203800,0,0
sample,float,hole-reversed,relationship,8,2,6,4096,410,36721600,0,0
summary,float,hole-reversed,relationship,8838.818,8872.827,9055.151
sample,float,hole-reversed,clipping,8,2,0,256,26,27233000,6356992,1
sample,float,hole-reversed,clipping,8,2,1,256,26,27372300,6356992,1
sample,float,hole-reversed,clipping,8,2,2,256,26,27128000,6356992,1
sample,float,hole-reversed,clipping,8,2,3,256,26,27141500,6356992,1
sample,float,hole-reversed,clipping,8,2,4,256,26,27049300,6356992,1
sample,float,hole-reversed,clipping,8,2,5,256,26,27024800,6356992,1
sample,float,hole-reversed,clipping,8,2,6,256,26,26971900,6356992,1
summary,float,hole-reversed,clipping,105358.984,105968.750,106923.047
sample,float,rational-crossing,relationship,3,1,0,16384,1639,34725900,0,0
sample,float,rational-crossing,relationship,3,1,1,16384,1639,35790300,0,0
sample,float,rational-crossing,relationship,3,1,2,16384,1639,37678800,0,0
sample,float,rational-crossing,relationship,3,1,3,16384,1639,44385800,0,0
sample,float,rational-crossing,relationship,3,1,4,16384,1639,35616600,0,0
sample,float,rational-crossing,relationship,3,1,5,16384,1639,35783600,0,0
sample,float,rational-crossing,relationship,3,1,6,16384,1639,35622100,0,0
summary,float,rational-crossing,relationship,2119.501,2184.058,2709.094
sample,float,rational-crossing,clipping,3,1,0,512,52,24203700,8478720,2
sample,float,rational-crossing,clipping,3,1,1,512,52,25415500,8478720,2
sample,float,rational-crossing,clipping,3,1,2,512,52,24074600,8478720,2
sample,float,rational-crossing,clipping,3,1,3,512,52,24568600,8478720,2
sample,float,rational-crossing,clipping,3,1,4,512,52,24007800,8478720,2
sample,float,rational-crossing,clipping,3,1,5,512,52,24353700,8478720,2
sample,float,rational-crossing,clipping,3,1,6,512,52,24038000,8478720,2
summary,float,rational-crossing,clipping,46890.234,47272.852,49639.648
sample,float,sparse-1,relationship,4,1,0,8192,820,26143200,0,0
sample,float,sparse-1,relationship,4,1,1,8192,820,26891900,0,0
sample,float,sparse-1,relationship,4,1,2,8192,820,26058400,0,0
sample,float,sparse-1,relationship,4,1,3,8192,820,26613700,0,0
sample,float,sparse-1,relationship,4,1,4,8192,820,26347100,0,0
sample,float,sparse-1,relationship,4,1,5,8192,820,26480400,0,0
sample,float,sparse-1,relationship,4,1,6,8192,820,26535900,0,0
summary,float,sparse-1,relationship,3180.957,3232.471,3282.703
sample,float,sparse-1,clipping,4,1,0,512,52,24210000,8478720,2
sample,float,sparse-1,clipping,4,1,1,512,52,24763900,8478720,2
sample,float,sparse-1,clipping,4,1,2,512,52,24243800,8478720,2
sample,float,sparse-1,clipping,4,1,3,512,52,24841200,8478720,2
sample,float,sparse-1,clipping,4,1,4,512,52,24462400,8478720,2
sample,float,sparse-1,clipping,4,1,5,512,52,24701300,8478720,2
sample,float,sparse-1,clipping,4,1,6,512,52,24226300,8478720,2
summary,float,sparse-1,clipping,47285.156,47778.125,48517.969
sample,float,sparse-4,relationship,16,1,0,2048,205,31406100,0,0
sample,float,sparse-4,relationship,16,1,1,2048,205,31013000,0,0
sample,float,sparse-4,relationship,16,1,2,2048,205,31177200,0,0
sample,float,sparse-4,relationship,16,1,3,2048,205,40669900,0,0
sample,float,sparse-4,relationship,16,1,4,2048,205,31256300,0,0
sample,float,sparse-4,relationship,16,1,5,2048,205,31096900,0,0
sample,float,sparse-4,relationship,16,1,6,2048,205,31315400,0,0
summary,float,sparse-4,relationship,15143.066,15261.865,19858.350
sample,float,sparse-4,clipping,16,1,0,512,52,31625700,8478720,2
sample,float,sparse-4,clipping,16,1,1,512,52,31733100,8478720,2
sample,float,sparse-4,clipping,16,1,2,512,52,31550100,8478720,2
sample,float,sparse-4,clipping,16,1,3,512,52,31708500,8478720,2
sample,float,sparse-4,clipping,16,1,4,512,52,31680600,8478720,2
sample,float,sparse-4,clipping,16,1,5,512,52,32142000,8478720,2
sample,float,sparse-4,clipping,16,1,6,512,52,31875700,8478720,2
summary,float,sparse-4,clipping,61621.289,61930.664,62777.344
sample,float,sparse-16,relationship,64,1,0,512,52,31894300,0,0
sample,float,sparse-16,relationship,64,1,1,512,52,31839600,0,0
sample,float,sparse-16,relationship,64,1,2,512,52,31898300,0,0
sample,float,sparse-16,relationship,64,1,3,512,52,32187500,0,0
sample,float,sparse-16,relationship,64,1,4,512,52,31936700,0,0
sample,float,sparse-16,relationship,64,1,5,512,52,31950300,0,0
sample,float,sparse-16,relationship,64,1,6,512,52,31805800,0,0
summary,float,sparse-16,relationship,62120.703,62301.367,62866.211
sample,float,sparse-16,clipping,64,1,0,256,26,29736400,4239360,1
sample,float,sparse-16,clipping,64,1,1,256,26,30114700,4239360,1
sample,float,sparse-16,clipping,64,1,2,256,26,29763600,4239360,1
sample,float,sparse-16,clipping,64,1,3,256,26,29376000,4239360,1
sample,float,sparse-16,clipping,64,1,4,256,26,29834700,4239360,1
sample,float,sparse-16,clipping,64,1,5,256,26,29844000,4239360,1
sample,float,sparse-16,clipping,64,1,6,256,26,29960000,4239360,1
summary,float,sparse-16,clipping,114750.000,116541.797,117635.547
sample,float,sparse-64,relationship,256,1,0,128,13,31282400,0,0
sample,float,sparse-64,relationship,256,1,1,128,13,30713900,0,0
sample,float,sparse-64,relationship,256,1,2,128,13,30876700,0,0
sample,float,sparse-64,relationship,256,1,3,128,13,30805400,0,0
sample,float,sparse-64,relationship,256,1,4,128,13,31192000,0,0
sample,float,sparse-64,relationship,256,1,5,128,13,30805100,0,0
sample,float,sparse-64,relationship,256,1,6,128,13,30632700,0,0
summary,float,sparse-64,relationship,239317.969,240667.188,244393.750
sample,float,sparse-64,clipping,256,1,0,64,7,20284600,1059840,0
sample,float,sparse-64,clipping,256,1,1,64,7,20552000,1059840,0
sample,float,sparse-64,clipping,256,1,2,64,7,21897000,1059840,0
sample,float,sparse-64,clipping,256,1,3,64,7,20212600,1059840,0
sample,float,sparse-64,clipping,256,1,4,64,7,20426900,1059840,0
sample,float,sparse-64,clipping,256,1,5,64,7,20314100,1059840,0
sample,float,sparse-64,clipping,256,1,6,64,7,20320500,1059840,0
summary,float,sparse-64,clipping,315821.875,317507.812,342140.625
sample,float,dense-1,relationship,4,1,0,8192,820,25042200,0,0
sample,float,dense-1,relationship,4,1,1,8192,820,25795400,0,0
sample,float,dense-1,relationship,4,1,2,8192,820,25299700,0,0
sample,float,dense-1,relationship,4,1,3,8192,820,25639700,0,0
sample,float,dense-1,relationship,4,1,4,8192,820,25047200,0,0
sample,float,dense-1,relationship,4,1,5,8192,820,25142100,0,0
sample,float,dense-1,relationship,4,1,6,8192,820,25136400,0,0
summary,float,dense-1,relationship,3056.909,3069.104,3148.853
sample,float,dense-1,clipping,4,1,0,512,52,23190300,8478720,2
sample,float,dense-1,clipping,4,1,1,512,52,23181400,8478720,2
sample,float,dense-1,clipping,4,1,2,512,52,23315800,8478720,2
sample,float,dense-1,clipping,4,1,3,512,52,23527400,8478720,2
sample,float,dense-1,clipping,4,1,4,512,52,23279200,8478720,2
sample,float,dense-1,clipping,4,1,5,512,52,23362700,8478720,2
sample,float,dense-1,clipping,4,1,6,512,52,24482800,8478720,2
summary,float,dense-1,clipping,45276.172,45538.672,47817.969
sample,float,dense-4,relationship,16,4,0,1024,103,21487000,0,0
sample,float,dense-4,relationship,16,4,1,1024,103,22099900,0,0
sample,float,dense-4,relationship,16,4,2,1024,103,21696700,0,0
sample,float,dense-4,relationship,16,4,3,1024,103,21291300,0,0
sample,float,dense-4,relationship,16,4,4,1024,103,31314500,0,0
sample,float,dense-4,relationship,16,4,5,1024,103,21491500,0,0
sample,float,dense-4,relationship,16,4,6,1024,103,21864500,0,0
summary,float,dense-4,relationship,20792.285,21188.184,30580.566
sample,float,dense-4,clipping,16,4,0,128,13,31918600,5294080,1
sample,float,dense-4,clipping,16,4,1,128,13,31971800,5294080,1
sample,float,dense-4,clipping,16,4,2,128,13,32096900,5294080,1
sample,float,dense-4,clipping,16,4,3,128,13,31835800,5294080,1
sample,float,dense-4,clipping,16,4,4,128,13,31857700,5294080,1
sample,float,dense-4,clipping,16,4,5,128,13,32108800,5294080,1
sample,float,dense-4,clipping,16,4,6,128,13,32280200,5294080,1
summary,float,dense-4,clipping,248717.188,249779.688,252189.062
sample,float,dense-16,relationship,64,16,0,256,26,23726400,0,0
sample,float,dense-16,relationship,64,16,1,256,26,23699900,0,0
sample,float,dense-16,relationship,64,16,2,256,26,23852500,0,0
sample,float,dense-16,relationship,64,16,3,256,26,23713000,0,0
sample,float,dense-16,relationship,64,16,4,256,26,23736800,0,0
sample,float,dense-16,relationship,64,16,5,256,26,23828200,0,0
sample,float,dense-16,relationship,64,16,6,256,26,23475800,0,0
summary,float,dense-16,relationship,91702.344,92681.250,93173.828
sample,float,dense-16,clipping,64,16,0,32,4,38048200,4640256,1
sample,float,dense-16,clipping,64,16,1,32,4,37970500,4640256,1
sample,float,dense-16,clipping,64,16,2,32,4,38177700,4640256,1
sample,float,dense-16,clipping,64,16,3,32,4,38096300,4640256,1
sample,float,dense-16,clipping,64,16,4,32,4,38060600,4640256,1
sample,float,dense-16,clipping,64,16,5,32,4,38265500,4640256,1
sample,float,dense-16,clipping,64,16,6,32,4,38228300,4640256,1
summary,float,dense-16,clipping,1186578.125,1190509.375,1195796.875
sample,float,dense-64,relationship,256,64,0,64,7,23882900,0,0
sample,float,dense-64,relationship,256,64,1,64,7,30429000,0,0
sample,float,dense-64,relationship,256,64,2,64,7,27656600,0,0
sample,float,dense-64,relationship,256,64,3,64,7,24082000,0,0
sample,float,dense-64,relationship,256,64,4,64,7,24353700,0,0
sample,float,dense-64,relationship,256,64,5,64,7,24023400,0,0
sample,float,dense-64,relationship,256,64,6,64,7,24153500,0,0
summary,float,dense-64,relationship,373170.312,377398.438,475453.125
sample,float,dense-64,clipping,256,64,0,4,1,22202000,2224128,0
sample,float,dense-64,clipping,256,64,1,4,1,21658900,2224128,0
sample,float,dense-64,clipping,256,64,2,4,1,21801900,2224128,0
sample,float,dense-64,clipping,256,64,3,4,1,22031500,2224128,0
sample,float,dense-64,clipping,256,64,4,4,1,21873700,2224128,0
sample,float,dense-64,clipping,256,64,5,4,1,21839900,2224128,0
sample,float,dense-64,clipping,256,64,6,4,1,22587100,2224128,0
summary,float,dense-64,clipping,5414725.000,5468425.000,5646775.000
sample,float,subnormal,relationship,4,1,0,8192,820,26679200,0,0
sample,float,subnormal,relationship,4,1,1,8192,820,26104100,0,0
sample,float,subnormal,relationship,4,1,2,8192,820,26718400,0,0
sample,float,subnormal,relationship,4,1,3,8192,820,26084600,0,0
sample,float,subnormal,relationship,4,1,4,8192,820,26510800,0,0
sample,float,subnormal,relationship,4,1,5,8192,820,26670000,0,0
sample,float,subnormal,relationship,4,1,6,8192,820,26308700,0,0
summary,float,subnormal,relationship,3184.155,3236.182,3261.523
sample,float,subnormal,clipping,4,1,0,512,52,24586700,8478720,2
sample,float,subnormal,clipping,4,1,1,512,52,24201900,8478720,2
sample,float,subnormal,clipping,4,1,2,512,52,24520100,8478720,2
sample,float,subnormal,clipping,4,1,3,512,52,24116200,8478720,2
sample,float,subnormal,clipping,4,1,4,512,52,24531900,8478720,2
sample,float,subnormal,clipping,4,1,5,512,52,24216000,8478720,2
sample,float,subnormal,clipping,4,1,6,512,52,24679900,8478720,2
summary,float,subnormal,clipping,47101.953,47890.820,48202.930
sample,float,large-finite,relationship,4,1,0,8192,820,26247300,0,0
sample,float,large-finite,relationship,4,1,1,8192,820,26602000,0,0
sample,float,large-finite,relationship,4,1,2,8192,820,26428800,0,0
sample,float,large-finite,relationship,4,1,3,8192,820,26130300,0,0
sample,float,large-finite,relationship,4,1,4,8192,820,25867700,0,0
sample,float,large-finite,relationship,4,1,5,8192,820,25843600,0,0
sample,float,large-finite,relationship,4,1,6,8192,820,34742800,0,0
summary,float,large-finite,relationship,3154.736,3204.016,4241.064
sample,float,large-finite,clipping,4,1,0,512,52,24351900,8478720,2
sample,float,large-finite,clipping,4,1,1,512,52,24166700,8478720,2
sample,float,large-finite,clipping,4,1,2,512,52,24819300,8478720,2
sample,float,large-finite,clipping,4,1,3,512,52,24706100,8478720,2
sample,float,large-finite,clipping,4,1,4,512,52,24067700,8478720,2
sample,float,large-finite,clipping,4,1,5,512,52,24245300,8478720,2
sample,float,large-finite,clipping,4,1,6,512,52,24290900,8478720,2
summary,float,large-finite,clipping,47007.227,47443.164,48475.195
fixture,double,exterior,4,1,success,0
fixture,double,interior,4,4,success,1
fixture,double,crossing,4,7,success,1
fixture,double,boundary-only,4,10,success,1
fixture,double,boundary-overlap,4,11,success,1
fixture,double,isolated-tangent,4,3,success,0
fixture,double,degenerate-interior,4,4,success,0
fixture,double,degenerate-boundary,4,2,success,0
fixture,double,empty,0,1,success,0
fixture,double,concave-u,8,7,success,2
fixture,double,hole,8,7,success,2
fixture,double,hole-reversed,8,7,success,2
fixture,double,rational-crossing,3,7,success,1
fixture,double,sparse-1,4,7,success,1
fixture,double,sparse-4,16,7,success,1
fixture,double,sparse-16,64,7,success,1
fixture,double,sparse-64,256,7,success,1
fixture,double,dense-1,4,7,success,1
fixture,double,dense-4,16,7,success,4
fixture,double,dense-16,64,7,success,16
fixture,double,dense-64,256,7,success,64
fixture,double,subnormal,4,7,success,1
fixture,double,large-finite,4,7,success,1
preflight,double,23,PASS
sample,double,exterior,relationship,4,0,0,8192,820,25184700,0,0
sample,double,exterior,relationship,4,0,1,8192,820,25125100,0,0
sample,double,exterior,relationship,4,0,2,8192,820,25226900,0,0
sample,double,exterior,relationship,4,0,3,8192,820,25249500,0,0
sample,double,exterior,relationship,4,0,4,8192,820,25031300,0,0
sample,double,exterior,relationship,4,0,5,8192,820,25204200,0,0
sample,double,exterior,relationship,4,0,6,8192,820,25696900,0,0
summary,double,exterior,relationship,3055.579,3076.685,3136.829
sample,double,exterior,clipping,4,0,0,4096,410,28491200,33947648,8
sample,double,exterior,clipping,4,0,1,4096,410,28358900,33947648,8
sample,double,exterior,clipping,4,0,2,4096,410,28257500,33947648,8
sample,double,exterior,clipping,4,0,3,4096,410,28734000,33947648,8
sample,double,exterior,clipping,4,0,4,4096,410,28520200,33947648,8
sample,double,exterior,clipping,4,0,5,4096,410,28647200,33947648,8
sample,double,exterior,clipping,4,0,6,4096,410,28519500,33947648,8
summary,double,exterior,clipping,6898.804,6962.769,7015.137
sample,double,interior,relationship,4,1,0,8192,820,26336400,0,0
sample,double,interior,relationship,4,1,1,8192,820,26567900,0,0
sample,double,interior,relationship,4,1,2,8192,820,26008800,0,0
sample,double,interior,relationship,4,1,3,8192,820,27028000,0,0
sample,double,interior,relationship,4,1,4,8192,820,26346100,0,0
sample,double,interior,relationship,4,1,5,8192,820,26185900,0,0
sample,double,interior,relationship,4,1,6,8192,820,26514900,0,0
summary,double,interior,relationship,3174.902,3216.077,3299.316
sample,double,interior,clipping,4,1,0,1024,103,18307400,8536064,2
sample,double,interior,clipping,4,1,1,1024,103,17949400,8536064,2
sample,double,interior,clipping,4,1,2,1024,103,17809200,8536064,2
sample,double,interior,clipping,4,1,3,1024,103,18270100,8536064,2
sample,double,interior,clipping,4,1,4,1024,103,18136100,8536064,2
sample,double,interior,clipping,4,1,5,1024,103,18345700,8536064,2
sample,double,interior,clipping,4,1,6,1024,103,17867200,8536064,2
summary,double,interior,clipping,17391.797,17711.035,17915.723
sample,double,crossing,relationship,4,1,0,8192,820,25990900,0,0
sample,double,crossing,relationship,4,1,1,8192,820,26313100,0,0
sample,double,crossing,relationship,4,1,2,8192,820,25851200,0,0
sample,double,crossing,relationship,4,1,3,8192,820,26127300,0,0
sample,double,crossing,relationship,4,1,4,8192,820,25796300,0,0
sample,double,crossing,relationship,4,1,5,8192,820,26299600,0,0
sample,double,crossing,relationship,4,1,6,8192,820,25924100,0,0
summary,double,crossing,relationship,3148.962,3172.717,3212.048
sample,double,crossing,clipping,4,1,0,512,52,24057200,8478720,2
sample,double,crossing,clipping,4,1,1,512,52,23811800,8478720,2
sample,double,crossing,clipping,4,1,2,512,52,24352900,8478720,2
sample,double,crossing,clipping,4,1,3,512,52,23921300,8478720,2
sample,double,crossing,clipping,4,1,4,512,52,24270000,8478720,2
sample,double,crossing,clipping,4,1,5,512,52,23863400,8478720,2
sample,double,crossing,clipping,4,1,6,512,52,24347500,8478720,2
summary,double,crossing,clipping,46507.422,46986.719,47564.258
sample,double,boundary-only,relationship,4,1,0,8192,820,29519500,0,0
sample,double,boundary-only,relationship,4,1,1,8192,820,29397900,0,0
sample,double,boundary-only,relationship,4,1,2,8192,820,29551300,0,0
sample,double,boundary-only,relationship,4,1,3,8192,820,29121800,0,0
sample,double,boundary-only,relationship,4,1,4,8192,820,29380200,0,0
sample,double,boundary-only,relationship,4,1,5,8192,820,29591500,0,0
sample,double,boundary-only,relationship,4,1,6,8192,820,29314400,0,0
summary,double,boundary-only,relationship,3554.907,3588.611,3612.244
sample,double,boundary-only,clipping,4,1,0,1024,103,28806800,21118976,5
sample,double,boundary-only,clipping,4,1,1,1024,103,28896000,21118976,5
sample,double,boundary-only,clipping,4,1,2,1024,103,38245400,21118976,5
sample,double,boundary-only,clipping,4,1,3,1024,103,29077700,21118976,5
sample,double,boundary-only,clipping,4,1,4,1024,103,28617300,21118976,5
sample,double,boundary-only,clipping,4,1,5,1024,103,31594600,21118976,5
sample,double,boundary-only,clipping,4,1,6,1024,103,28966800,21118976,5
summary,double,boundary-only,clipping,27946.582,28287.891,37349.023
sample,double,boundary-overlap,relationship,4,1,0,8192,820,35389500,0,0
sample,double,boundary-overlap,relationship,4,1,1,8192,820,35016600,0,0
sample,double,boundary-overlap,relationship,4,1,2,8192,820,34753800,0,0
sample,double,boundary-overlap,relationship,4,1,3,8192,820,34600600,0,0
sample,double,boundary-overlap,relationship,4,1,4,8192,820,34638200,0,0
sample,double,boundary-overlap,relationship,4,1,5,8192,820,34715300,0,0
sample,double,boundary-overlap,relationship,4,1,6,8192,820,34676100,0,0
summary,double,boundary-overlap,relationship,4223.706,4237.708,4320.007
sample,double,boundary-overlap,clipping,4,1,0,1024,103,31204600,21151744,5
sample,double,boundary-overlap,clipping,4,1,1,1024,103,30957000,21151744,5
sample,double,boundary-overlap,clipping,4,1,2,1024,103,31288600,21151744,5
sample,double,boundary-overlap,clipping,4,1,3,1024,103,31011700,21151744,5
sample,double,boundary-overlap,clipping,4,1,4,1024,103,30882800,21151744,5
sample,double,boundary-overlap,clipping,4,1,5,1024,103,30668000,21151744,5
sample,double,boundary-overlap,clipping,4,1,6,1024,103,31141100,21151744,5
summary,double,boundary-overlap,clipping,29949.219,30284.863,30555.273
sample,double,isolated-tangent,relationship,4,0,0,4096,410,21280400,0,0
sample,double,isolated-tangent,relationship,4,0,1,4096,410,21410200,0,0
sample,double,isolated-tangent,relationship,4,0,2,4096,410,21514800,0,0
sample,double,isolated-tangent,relationship,4,0,3,4096,410,21181500,0,0
sample,double,isolated-tangent,relationship,4,0,4,4096,410,21206300,0,0
sample,double,isolated-tangent,relationship,4,0,5,4096,410,21433300,0,0
sample,double,isolated-tangent,relationship,4,0,6,4096,410,20797300,0,0
summary,double,isolated-tangent,relationship,5077.466,5195.410,5252.637
sample,double,isolated-tangent,clipping,4,0,0,2048,205,37627100,33751040,8
sample,double,isolated-tangent,clipping,4,0,1,2048,205,27630900,33751040,8
sample,double,isolated-tangent,clipping,4,0,2,2048,205,27754400,33751040,8
sample,double,isolated-tangent,clipping,4,0,3,2048,205,28306700,33751040,8
sample,double,isolated-tangent,clipping,4,0,4,2048,205,28030700,33751040,8
sample,double,isolated-tangent,clipping,4,0,5,2048,205,28388300,33751040,8
sample,double,isolated-tangent,clipping,4,0,6,2048,205,28602700,33751040,8
summary,double,isolated-tangent,clipping,13491.650,13821.631,18372.607
sample,double,degenerate-interior,relationship,4,0,0,65536,6554,4709800,0,0
sample,double,degenerate-interior,relationship,4,0,1,65536,6554,4661500,0,0
sample,double,degenerate-interior,relationship,4,0,2,65536,6554,4628100,0,0
sample,double,degenerate-interior,relationship,4,0,3,65536,6554,4768800,0,0
sample,double,degenerate-interior,relationship,4,0,4,65536,6554,4680900,0,0
sample,double,degenerate-interior,relationship,4,0,5,65536,6554,4692900,0,0
sample,double,degenerate-interior,relationship,4,0,6,65536,6554,4715200,0,0
summary,double,degenerate-interior,relationship,70.619,71.608,72.766
sample,double,degenerate-interior,clipping,4,0,0,65536,6554,829300,0,0
sample,double,degenerate-interior,clipping,4,0,1,65536,6554,1024800,0,0
sample,double,degenerate-interior,clipping,4,0,2,65536,6554,1202400,0,0
sample,double,degenerate-interior,clipping,4,0,3,65536,6554,919500,0,0
sample,double,degenerate-interior,clipping,4,0,4,65536,6554,1178900,0,0
sample,double,degenerate-interior,clipping,4,0,5,65536,6554,881000,0,0
sample,double,degenerate-interior,clipping,4,0,6,65536,6554,890600,0,0
summary,double,degenerate-interior,clipping,12.654,14.030,18.347
sample,double,degenerate-boundary,relationship,4,0,0,65536,6554,4500100,0,0
sample,double,degenerate-boundary,relationship,4,0,1,65536,6554,4509000,0,0
sample,double,degenerate-boundary,relationship,4,0,2,65536,6554,4581500,0,0
sample,double,degenerate-boundary,relationship,4,0,3,65536,6554,4748100,0,0
sample,double,degenerate-boundary,relationship,4,0,4,65536,6554,4525600,0,0
sample,double,degenerate-boundary,relationship,4,0,5,65536,6554,4479300,0,0
sample,double,degenerate-boundary,relationship,4,0,6,65536,6554,4613300,0,0
summary,double,degenerate-boundary,relationship,68.349,69.055,72.450
sample,double,degenerate-boundary,clipping,4,0,0,65536,6554,855800,0,0
sample,double,degenerate-boundary,clipping,4,0,1,65536,6554,950300,0,0
sample,double,degenerate-boundary,clipping,4,0,2,65536,6554,814800,0,0
sample,double,degenerate-boundary,clipping,4,0,3,65536,6554,879700,0,0
sample,double,degenerate-boundary,clipping,4,0,4,65536,6554,882300,0,0
sample,double,degenerate-boundary,clipping,4,0,5,65536,6554,859900,0,0
sample,double,degenerate-boundary,clipping,4,0,6,65536,6554,812300,0,0
summary,double,degenerate-boundary,clipping,12.395,13.121,14.500
sample,double,empty,relationship,0,0,0,65536,6554,1372800,0,0
sample,double,empty,relationship,0,0,1,65536,6554,1370700,0,0
sample,double,empty,relationship,0,0,2,65536,6554,1365500,0,0
sample,double,empty,relationship,0,0,3,65536,6554,1479600,0,0
sample,double,empty,relationship,0,0,4,65536,6554,1367100,0,0
sample,double,empty,relationship,0,0,5,65536,6554,1370200,0,0
sample,double,empty,relationship,0,0,6,65536,6554,1373500,0,0
summary,double,empty,relationship,20.836,20.915,22.577
sample,double,empty,clipping,0,0,0,65536,6554,996000,0,0
sample,double,empty,clipping,0,0,1,65536,6554,995800,0,0
sample,double,empty,clipping,0,0,2,65536,6554,995400,0,0
sample,double,empty,clipping,0,0,3,65536,6554,995700,0,0
sample,double,empty,clipping,0,0,4,65536,6554,995400,0,0
sample,double,empty,clipping,0,0,5,65536,6554,995600,0,0
sample,double,empty,clipping,0,0,6,65536,6554,998100,0,0
summary,double,empty,clipping,15.189,15.193,15.230
sample,double,concave-u,relationship,8,2,0,4096,410,37582800,0,0
sample,double,concave-u,relationship,8,2,1,4096,410,37719800,0,0
sample,double,concave-u,relationship,8,2,2,4096,410,36580300,0,0
sample,double,concave-u,relationship,8,2,3,4096,410,36207200,0,0
sample,double,concave-u,relationship,8,2,4,4096,410,35858700,0,0
sample,double,concave-u,relationship,8,2,5,4096,410,35990200,0,0
sample,double,concave-u,relationship,8,2,6,4096,410,36122300,0,0
summary,double,concave-u,relationship,8754.565,8839.648,9208.936
sample,double,concave-u,clipping,8,2,0,256,26,30529600,6356992,1
sample,double,concave-u,clipping,8,2,1,256,26,27397600,6356992,1
sample,double,concave-u,clipping,8,2,2,256,26,28101600,6356992,1
sample,double,concave-u,clipping,8,2,3,256,26,28398400,6356992,1
sample,double,concave-u,clipping,8,2,4,256,26,28367200,6356992,1
sample,double,concave-u,clipping,8,2,5,256,26,28319000,6356992,1
sample,double,concave-u,clipping,8,2,6,256,26,28533500,6356992,1
summary,double,concave-u,clipping,107021.875,110809.375,119256.250
sample,double,hole,relationship,8,2,0,4096,410,41697400,0,0
sample,double,hole,relationship,8,2,1,4096,410,43457000,0,0
sample,double,hole,relationship,8,2,2,4096,410,37973300,0,0
sample,double,hole,relationship,8,2,3,4096,410,37798800,0,0
sample,double,hole,relationship,8,2,4,4096,410,38319600,0,0
sample,double,hole,relationship,8,2,5,4096,410,38050800,0,0
sample,double,hole,relationship,8,2,6,4096,410,38139900,0,0
summary,double,hole,relationship,9228.223,9311.499,10609.619
sample,double,hole,clipping,8,2,0,256,26,28432100,6356992,1
sample,double,hole,clipping,8,2,1,256,26,28267900,6356992,1
sample,double,hole,clipping,8,2,2,256,26,28699400,6356992,1
sample,double,hole,clipping,8,2,3,256,26,28655100,6356992,1
sample,double,hole,clipping,8,2,4,256,26,28363000,6356992,1
sample,double,hole,clipping,8,2,5,256,26,28400200,6356992,1
sample,double,hole,clipping,8,2,6,256,26,28586200,6356992,1
summary,double,hole,clipping,110421.484,111062.891,112107.031
sample,double,hole-reversed,relationship,8,2,0,4096,410,37814200,0,0
sample,double,hole-reversed,relationship,8,2,1,4096,410,37940000,0,0
sample,double,hole-reversed,relationship,8,2,2,4096,410,37978500,0,0
sample,double,hole-reversed,relationship,8,2,3,4096,410,37727800,0,0
sample,double,hole-reversed,relationship,8,2,4,4096,410,37766600,0,0
sample,double,hole-reversed,relationship,8,2,5,4096,410,37827200,0,0
sample,double,hole-reversed,relationship,8,2,6,4096,410,38232900,0,0
summary,double,hole-reversed,relationship,9210.889,9235.156,9334.204
sample,double,hole-reversed,clipping,8,2,0,256,26,28636300,6356992,1
sample,double,hole-reversed,clipping,8,2,1,256,26,28537100,6356992,1
sample,double,hole-reversed,clipping,8,2,2,256,26,28186300,6356992,1
sample,double,hole-reversed,clipping,8,2,3,256,26,30089000,6356992,1
sample,double,hole-reversed,clipping,8,2,4,256,26,36494000,6356992,1
sample,double,hole-reversed,clipping,8,2,5,256,26,28813000,6356992,1
sample,double,hole-reversed,clipping,8,2,6,256,26,28771500,6356992,1
summary,double,hole-reversed,clipping,110102.734,112388.672,142554.688
sample,double,rational-crossing,relationship,3,1,0,16384,1639,34834900,0,0
sample,double,rational-crossing,relationship,3,1,1,16384,1639,34867400,0,0
sample,double,rational-crossing,relationship,3,1,2,16384,1639,35015400,0,0
sample,double,rational-crossing,relationship,3,1,3,16384,1639,34933200,0,0
sample,double,rational-crossing,relationship,3,1,4,16384,1639,34725800,0,0
sample,double,rational-crossing,relationship,3,1,5,16384,1639,34638600,0,0
sample,double,rational-crossing,relationship,3,1,6,16384,1639,34601300,0,0
summary,double,rational-crossing,relationship,2111.896,2126.154,2137.170
sample,double,rational-crossing,clipping,3,1,0,512,52,23701800,8478720,2
sample,double,rational-crossing,clipping,3,1,1,512,52,24179600,8478720,2
sample,double,rational-crossing,clipping,3,1,2,512,52,23836600,8478720,2
sample,double,rational-crossing,clipping,3,1,3,512,52,24154900,8478720,2
sample,double,rational-crossing,clipping,3,1,4,512,52,23690800,8478720,2
sample,double,rational-crossing,clipping,3,1,5,512,52,24221700,8478720,2
sample,double,rational-crossing,clipping,3,1,6,512,52,23757800,8478720,2
summary,double,rational-crossing,clipping,46271.094,46555.859,47308.008
sample,double,sparse-1,relationship,4,1,0,8192,820,26417400,0,0
sample,double,sparse-1,relationship,4,1,1,8192,820,26170800,0,0
sample,double,sparse-1,relationship,4,1,2,8192,820,26001300,0,0
sample,double,sparse-1,relationship,4,1,3,8192,820,26363000,0,0
sample,double,sparse-1,relationship,4,1,4,8192,820,25937200,0,0
sample,double,sparse-1,relationship,4,1,5,8192,820,26242600,0,0
sample,double,sparse-1,relationship,4,1,6,8192,820,25619300,0,0
summary,double,sparse-1,relationship,3127.356,3194.678,3224.780
sample,double,sparse-1,clipping,4,1,0,512,52,22980200,8478720,2
sample,double,sparse-1,clipping,4,1,1,512,52,22984100,8478720,2
sample,double,sparse-1,clipping,4,1,2,512,52,22836100,8478720,2
sample,double,sparse-1,clipping,4,1,3,512,52,22763100,8478720,2
sample,double,sparse-1,clipping,4,1,4,512,52,32745900,8478720,2
sample,double,sparse-1,clipping,4,1,5,512,52,23211900,8478720,2
sample,double,sparse-1,clipping,4,1,6,512,52,23124900,8478720,2
summary,double,sparse-1,clipping,44459.180,44890.820,63956.836
sample,double,sparse-4,relationship,16,1,0,2048,205,29663900,0,0
sample,double,sparse-4,relationship,16,1,1,2048,205,30676500,0,0
sample,double,sparse-4,relationship,16,1,2,2048,205,29687400,0,0
sample,double,sparse-4,relationship,16,1,3,2048,205,29710200,0,0
sample,double,sparse-4,relationship,16,1,4,2048,205,29581500,0,0
sample,double,sparse-4,relationship,16,1,5,2048,205,29760300,0,0
sample,double,sparse-4,relationship,16,1,6,2048,205,29738400,0,0
summary,double,sparse-4,relationship,14444.092,14506.934,14978.760
sample,double,sparse-4,clipping,16,1,0,512,52,30159200,8478720,2
sample,double,sparse-4,clipping,16,1,1,512,52,29812200,8478720,2
sample,double,sparse-4,clipping,16,1,2,512,52,30071300,8478720,2
sample,double,sparse-4,clipping,16,1,3,512,52,30284800,8478720,2
sample,double,sparse-4,clipping,16,1,4,512,52,30237500,8478720,2
sample,double,sparse-4,clipping,16,1,5,512,52,30203300,8478720,2
sample,double,sparse-4,clipping,16,1,6,512,52,29876000,8478720,2
summary,double,sparse-4,clipping,58226.953,58904.688,59150.000
sample,double,sparse-16,relationship,64,1,0,512,52,32998400,0,0
sample,double,sparse-16,relationship,64,1,1,512,52,32798900,0,0
sample,double,sparse-16,relationship,64,1,2,512,52,32109400,0,0
sample,double,sparse-16,relationship,64,1,3,512,52,33736900,0,0
sample,double,sparse-16,relationship,64,1,4,512,52,32246300,0,0
sample,double,sparse-16,relationship,64,1,5,512,52,32177800,0,0
sample,double,sparse-16,relationship,64,1,6,512,52,32269600,0,0
summary,double,sparse-16,relationship,62713.672,63026.562,65892.383
sample,double,sparse-16,clipping,64,1,0,256,26,29938800,4239360,1
sample,double,sparse-16,clipping,64,1,1,256,26,39168300,4239360,1
sample,double,sparse-16,clipping,64,1,2,256,26,29997800,4239360,1
sample,double,sparse-16,clipping,64,1,3,256,26,30034900,4239360,1
sample,double,sparse-16,clipping,64,1,4,256,26,30511000,4239360,1
sample,double,sparse-16,clipping,64,1,5,256,26,29792700,4239360,1
sample,double,sparse-16,clipping,64,1,6,256,26,30095100,4239360,1
summary,double,sparse-16,clipping,116377.734,117323.828,153001.172
sample,double,sparse-64,relationship,256,1,0,128,13,32498300,0,0
sample,double,sparse-64,relationship,256,1,1,128,13,32638700,0,0
sample,double,sparse-64,relationship,256,1,2,128,13,32562900,0,0
sample,double,sparse-64,relationship,256,1,3,128,13,32570300,0,0
sample,double,sparse-64,relationship,256,1,4,128,13,32644100,0,0
sample,double,sparse-64,relationship,256,1,5,128,13,32464200,0,0
sample,double,sparse-64,relationship,256,1,6,128,13,32642400,0,0
summary,double,sparse-64,relationship,253626.562,254455.469,255032.031
sample,double,sparse-64,clipping,256,1,0,64,7,21501200,1059840,0
sample,double,sparse-64,clipping,256,1,1,64,7,21484900,1059840,0
sample,double,sparse-64,clipping,256,1,2,64,7,21736400,1059840,0
sample,double,sparse-64,clipping,256,1,3,64,7,21444000,1059840,0
sample,double,sparse-64,clipping,256,1,4,64,7,21497800,1059840,0
sample,double,sparse-64,clipping,256,1,5,64,7,21430200,1059840,0
sample,double,sparse-64,clipping,256,1,6,64,7,22167700,1059840,0
summary,double,sparse-64,clipping,334846.875,335903.125,346370.312
sample,double,dense-1,relationship,4,1,0,8192,820,26500200,0,0
sample,double,dense-1,relationship,4,1,1,8192,820,26140900,0,0
sample,double,dense-1,relationship,4,1,2,8192,820,26419000,0,0
sample,double,dense-1,relationship,4,1,3,8192,820,25929300,0,0
sample,double,dense-1,relationship,4,1,4,8192,820,26298800,0,0
sample,double,dense-1,relationship,4,1,5,8192,820,26336800,0,0
sample,double,dense-1,relationship,4,1,6,8192,820,25984700,0,0
summary,double,dense-1,relationship,3165.198,3210.303,3234.888
sample,double,dense-1,clipping,4,1,0,512,52,24530100,8478720,2
sample,double,dense-1,clipping,4,1,1,512,52,24066900,8478720,2
sample,double,dense-1,clipping,4,1,2,512,52,33925100,8478720,2
sample,double,dense-1,clipping,4,1,3,512,52,24680700,8478720,2
sample,double,dense-1,clipping,4,1,4,512,52,24138400,8478720,2
sample,double,dense-1,clipping,4,1,5,512,52,24574800,8478720,2
sample,double,dense-1,clipping,4,1,6,512,52,24015200,8478720,2
summary,double,dense-1,clipping,46904.688,47910.352,66259.961
sample,double,dense-4,relationship,16,4,0,1024,103,21907100,0,0
sample,double,dense-4,relationship,16,4,1,1024,103,21716800,0,0
sample,double,dense-4,relationship,16,4,2,1024,103,22002400,0,0
sample,double,dense-4,relationship,16,4,3,1024,103,21693500,0,0
sample,double,dense-4,relationship,16,4,4,1024,103,21639000,0,0
sample,double,dense-4,relationship,16,4,5,1024,103,22195700,0,0
sample,double,dense-4,relationship,16,4,6,1024,103,21559100,0,0
summary,double,dense-4,relationship,21053.809,21207.812,21675.488
sample,double,dense-4,clipping,16,4,0,128,13,31907600,5294080,1
sample,double,dense-4,clipping,16,4,1,128,13,31830800,5294080,1
sample,double,dense-4,clipping,16,4,2,128,13,31784800,5294080,1
sample,double,dense-4,clipping,16,4,3,128,13,31744900,5294080,1
sample,double,dense-4,clipping,16,4,4,128,13,31740200,5294080,1
sample,double,dense-4,clipping,16,4,5,128,13,31781100,5294080,1
sample,double,dense-4,clipping,16,4,6,128,13,31560400,5294080,1
summary,double,dense-4,clipping,246565.625,248289.844,249278.125
sample,double,dense-16,relationship,64,16,0,256,26,24142200,0,0
sample,double,dense-16,relationship,64,16,1,256,26,23813200,0,0
sample,double,dense-16,relationship,64,16,2,256,26,24140900,0,0
sample,double,dense-16,relationship,64,16,3,256,26,23847000,0,0
sample,double,dense-16,relationship,64,16,4,256,26,23922400,0,0
sample,double,dense-16,relationship,64,16,5,256,26,23338700,0,0
sample,double,dense-16,relationship,64,16,6,256,26,23325500,0,0
summary,double,dense-16,relationship,91115.234,93152.344,94305.469
sample,double,dense-16,clipping,64,16,0,32,4,35508600,4640256,1
sample,double,dense-16,clipping,64,16,1,32,4,36701400,4640256,1
sample,double,dense-16,clipping,64,16,2,32,4,41974300,4640256,1
sample,double,dense-16,clipping,64,16,3,32,4,41003000,4640256,1
sample,double,dense-16,clipping,64,16,4,32,4,36581400,4640256,1
sample,double,dense-16,clipping,64,16,5,32,4,36122200,4640256,1
sample,double,dense-16,clipping,64,16,6,32,4,36750100,4640256,1
summary,double,dense-16,clipping,1109643.750,1146918.750,1311696.875
sample,double,dense-64,relationship,256,64,0,64,7,23543000,0,0
sample,double,dense-64,relationship,256,64,1,64,7,23519200,0,0
sample,double,dense-64,relationship,256,64,2,64,7,23291100,0,0
sample,double,dense-64,relationship,256,64,3,64,7,23288200,0,0
sample,double,dense-64,relationship,256,64,4,64,7,23620300,0,0
sample,double,dense-64,relationship,256,64,5,64,7,23338700,0,0
sample,double,dense-64,relationship,256,64,6,64,7,23736300,0,0
summary,double,dense-64,relationship,363878.125,367487.500,370879.688
sample,double,dense-64,clipping,256,64,0,4,1,21205300,2224128,0
sample,double,dense-64,clipping,256,64,1,4,1,21284600,2224128,0
sample,double,dense-64,clipping,256,64,2,4,1,20962800,2224128,0
sample,double,dense-64,clipping,256,64,3,4,1,21014700,2224128,0
sample,double,dense-64,clipping,256,64,4,4,1,21002600,2224128,0
sample,double,dense-64,clipping,256,64,5,4,1,20996300,2224128,0
sample,double,dense-64,clipping,256,64,6,4,1,20922900,2224128,0
summary,double,dense-64,clipping,5230725.000,5250650.000,5321150.000
sample,double,subnormal,relationship,4,1,0,1024,103,24520200,0,0
sample,double,subnormal,relationship,4,1,1,1024,103,25976100,0,0
sample,double,subnormal,relationship,4,1,2,1024,103,25831100,0,0
sample,double,subnormal,relationship,4,1,3,1024,103,24744000,0,0
sample,double,subnormal,relationship,4,1,4,1024,103,26329700,0,0
sample,double,subnormal,relationship,4,1,5,1024,103,25995100,0,0
sample,double,subnormal,relationship,4,1,6,1024,103,25252900,0,0
summary,double,subnormal,relationship,23945.508,25225.684,25712.598
sample,double,subnormal,clipping,4,1,0,256,26,20155900,4239360,1
sample,double,subnormal,clipping,4,1,1,256,26,20205800,4239360,1
sample,double,subnormal,clipping,4,1,2,256,26,20454800,4239360,1
sample,double,subnormal,clipping,4,1,3,256,26,20315500,4239360,1
sample,double,subnormal,clipping,4,1,4,256,26,20289500,4239360,1
sample,double,subnormal,clipping,4,1,5,256,26,20061800,4239360,1
sample,double,subnormal,clipping,4,1,6,256,26,20037700,4239360,1
summary,double,subnormal,clipping,78272.266,78928.906,79901.562
sample,double,large-finite,relationship,4,1,0,1024,103,22743900,0,0
sample,double,large-finite,relationship,4,1,1,1024,103,23087700,0,0
sample,double,large-finite,relationship,4,1,2,1024,103,22933100,0,0
sample,double,large-finite,relationship,4,1,3,1024,103,23499100,0,0
sample,double,large-finite,relationship,4,1,4,1024,103,22978800,0,0
sample,double,large-finite,relationship,4,1,5,1024,103,22965100,0,0
sample,double,large-finite,relationship,4,1,6,1024,103,22726900,0,0
summary,double,large-finite,relationship,22194.238,22426.855,22948.340
sample,double,large-finite,clipping,4,1,0,256,26,22169200,4239360,1
sample,double,large-finite,clipping,4,1,1,256,26,22080800,4239360,1
sample,double,large-finite,clipping,4,1,2,256,26,22823100,4239360,1
sample,double,large-finite,clipping,4,1,3,256,26,22108500,4239360,1
sample,double,large-finite,clipping,4,1,4,256,26,22214700,4239360,1
sample,double,large-finite,clipping,4,1,5,256,26,22683300,4239360,1
sample,double,large-finite,clipping,4,1,6,256,26,22197100,4239360,1
summary,double,large-finite,clipping,86253.125,86707.422,89152.734
sink,12128565141334536739
