fixture_header,scalar,case,edges,expected_fact_bits,expected_status,expected_components
sample_header,scalar,case,operation,edges,expected_components,round,iterations,warmup,elapsed_ns,gc_bytes,gc_collections
summary_header,scalar,case,operation,min_ns_per_op,median_ns_per_op,max_ns_per_op
fixture,int,exterior,4,1,success,0
fixture,int,interior,4,4,success,1
fixture,int,crossing,4,7,success,1
fixture,int,boundary-only,4,10,success,1
fixture,int,boundary-overlap,4,11,success,1
fixture,int,isolated-tangent,4,3,success,0
fixture,int,degenerate-interior,4,4,success,0
fixture,int,degenerate-boundary,4,2,success,0
fixture,int,empty,0,1,success,0
fixture,int,concave-u,8,7,success,2
fixture,int,hole,8,7,success,2
fixture,int,hole-reversed,8,7,success,2
fixture,int,rational-crossing,3,7,success,1
fixture,int,sparse-1,4,7,success,1
fixture,int,sparse-4,16,7,success,1
fixture,int,sparse-16,64,7,success,1
fixture,int,sparse-64,256,7,success,1
fixture,int,dense-1,4,7,success,1
fixture,int,dense-4,16,7,success,4
fixture,int,dense-16,64,7,success,16
fixture,int,dense-64,256,7,success,64
fixture,int,wide-integral,4,7,success,1
preflight,int,22,PASS
sample,int,exterior,relationship,4,0,0,32768,3277,27580600,0,0
sample,int,exterior,relationship,4,0,1,32768,3277,27117600,0,0
sample,int,exterior,relationship,4,0,2,32768,3277,25652700,0,0
sample,int,exterior,relationship,4,0,3,32768,3277,25403700,0,0
sample,int,exterior,relationship,4,0,4,32768,3277,25831000,0,0
sample,int,exterior,relationship,4,0,5,32768,3277,25264900,0,0
sample,int,exterior,relationship,4,0,6,32768,3277,26536500,0,0
summary,int,exterior,relationship,771.024,788.300,841.693
sample,int,exterior,clipping,4,0,0,8192,820,22508200,67895296,16
sample,int,exterior,clipping,4,0,1,8192,820,24645800,67895296,16
sample,int,exterior,clipping,4,0,2,8192,820,23201200,67895296,16
sample,int,exterior,clipping,4,0,3,8192,820,23147900,67895296,16
sample,int,exterior,clipping,4,0,4,8192,820,22221900,67895296,16
sample,int,exterior,clipping,4,0,5,8192,820,23262800,67895296,16
sample,int,exterior,clipping,4,0,6,8192,820,22356800,67895296,16
summary,int,exterior,clipping,2712.634,2825.671,3008.521
sample,int,interior,relationship,4,1,0,32768,3277,25269200,0,0
sample,int,interior,relationship,4,1,1,32768,3277,24295600,0,0
sample,int,interior,relationship,4,1,2,32768,3277,24553000,0,0
sample,int,interior,relationship,4,1,3,32768,3277,24705000,0,0
sample,int,interior,relationship,4,1,4,32768,3277,24978000,0,0
sample,int,interior,relationship,4,1,5,32768,3277,24529700,0,0
sample,int,interior,relationship,4,1,6,32768,3277,24901200,0,0
summary,int,interior,relationship,741.443,753.937,771.155
sample,int,interior,clipping,4,1,0,4096,410,30335200,34144256,8
sample,int,interior,clipping,4,1,1,4096,410,30686700,34144256,8
sample,int,interior,clipping,4,1,2,4096,410,30464100,34144256,8
sample,int,interior,clipping,4,1,3,4096,410,30007900,34144256,8
sample,int,interior,clipping,4,1,4,4096,410,30344600,34144256,8
sample,int,interior,clipping,4,1,5,4096,410,30391000,34144256,8
sample,int,interior,clipping,4,1,6,4096,410,29757500,34144256,8
summary,int,interior,clipping,7265.015,7408.350,7491.870
sample,int,crossing,relationship,4,1,0,32768,3277,26532900,0,0
sample,int,crossing,relationship,4,1,1,32768,3277,27023500,0,0
sample,int,crossing,relationship,4,1,2,32768,3277,26743800,0,0
sample,int,crossing,relationship,4,1,3,32768,3277,26247900,0,0
sample,int,crossing,relationship,4,1,4,32768,3277,26294100,0,0
sample,int,crossing,relationship,4,1,5,32768,3277,26076900,0,0
sample,int,crossing,relationship,4,1,6,32768,3277,26351800,0,0
summary,int,crossing,relationship,795.804,804.193,824.692
sample,int,crossing,clipping,4,1,0,2048,205,36627700,33914880,8
sample,int,crossing,clipping,4,1,1,2048,205,36158700,33914880,8
sample,int,crossing,clipping,4,1,2,2048,205,36940000,33914880,8
sample,int,crossing,clipping,4,1,3,2048,205,36754600,33914880,8
sample,int,crossing,clipping,4,1,4,2048,205,37211000,33914880,8
sample,int,crossing,clipping,4,1,5,2048,205,36256400,33914880,8
sample,int,crossing,clipping,4,1,6,2048,205,35943300,33914880,8
summary,int,crossing,clipping,17550.439,17884.619,18169.434
sample,int,boundary-only,relationship,4,1,0,32768,3277,28640700,0,0
sample,int,boundary-only,relationship,4,1,1,32768,3277,29683000,0,0
sample,int,boundary-only,relationship,4,1,2,32768,3277,29688100,0,0
sample,int,boundary-only,relationship,4,1,3,32768,3277,29365900,0,0
sample,int,boundary-only,relationship,4,1,4,32768,3277,28719500,0,0
sample,int,boundary-only,relationship,4,1,5,32768,3277,40539300,0,0
sample,int,boundary-only,relationship,4,1,6,32768,3277,30576300,0,0
summary,int,boundary-only,relationship,874.045,905.853,1237.161
sample,int,boundary-only,clipping,4,1,0,2048,205,24216800,42237952,10
sample,int,boundary-only,clipping,4,1,1,2048,205,23395400,42237952,10
sample,int,boundary-only,clipping,4,1,2,2048,205,23501400,42237952,10
sample,int,boundary-only,clipping,4,1,3,2048,205,22949000,42237952,10
sample,int,boundary-only,clipping,4,1,4,2048,205,23018900,42237952,10
sample,int,boundary-only,clipping,4,1,5,2048,205,23583500,42237952,10
sample,int,boundary-only,clipping,4,1,6,2048,205,23193500,42237952,10
summary,int,boundary-only,clipping,11205.566,11423.535,11824.609
sample,int,boundary-overlap,relationship,4,1,0,32768,3277,36081200,0,0
sample,int,boundary-overlap,relationship,4,1,1,32768,3277,35897100,0,0
sample,int,boundary-overlap,relationship,4,1,2,32768,3277,35610700,0,0
sample,int,boundary-overlap,relationship,4,1,3,32768,3277,35621000,0,0
sample,int,boundary-overlap,relationship,4,1,4,32768,3277,36247000,0,0
sample,int,boundary-overlap,relationship,4,1,5,32768,3277,35870100,0,0
sample,int,boundary-overlap,relationship,4,1,6,32768,3277,35867900,0,0
summary,int,boundary-overlap,relationship,1086.752,1094.669,1106.171
sample,int,boundary-overlap,clipping,4,1,0,2048,205,23942900,42303488,10
sample,int,boundary-overlap,clipping,4,1,1,2048,205,24416000,42303488,10
sample,int,boundary-overlap,clipping,4,1,2,2048,205,23798300,42303488,10
sample,int,boundary-overlap,clipping,4,1,3,2048,205,24551600,42303488,10
sample,int,boundary-overlap,clipping,4,1,4,2048,205,23839300,42303488,10
sample,int,boundary-overlap,clipping,4,1,5,2048,205,24692000,42303488,10
sample,int,boundary-overlap,clipping,4,1,6,2048,205,24004100,42303488,10
summary,int,boundary-overlap,clipping,11620.264,11720.752,12056.641
sample,int,isolated-tangent,relationship,4,0,0,32768,3277,35211300,0,0
sample,int,isolated-tangent,relationship,4,0,1,32768,3277,34852900,0,0
sample,int,isolated-tangent,relationship,4,0,2,32768,3277,35471500,0,0
sample,int,isolated-tangent,relationship,4,0,3,32768,3277,45197000,0,0
sample,int,isolated-tangent,relationship,4,0,4,32768,3277,35483400,0,0
sample,int,isolated-tangent,relationship,4,0,5,32768,3277,35346600,0,0
sample,int,isolated-tangent,relationship,4,0,6,32768,3277,35596700,0,0
summary,int,isolated-tangent,relationship,1063.626,1082.504,1379.303
sample,int,isolated-tangent,clipping,4,0,0,8192,820,40234200,135004160,32
sample,int,isolated-tangent,clipping,4,0,1,8192,820,40665300,135004160,32
sample,int,isolated-tangent,clipping,4,0,2,8192,820,39819400,135004160,32
sample,int,isolated-tangent,clipping,4,0,3,8192,820,38278800,135004160,32
sample,int,isolated-tangent,clipping,4,0,4,8192,820,38397700,135004160,32
sample,int,isolated-tangent,clipping,4,0,5,8192,820,38197600,135004160,32
sample,int,isolated-tangent,clipping,4,0,6,8192,820,37198100,135004160,32
summary,int,isolated-tangent,clipping,4540.784,4687.219,4964.026
sample,int,degenerate-interior,relationship,4,0,0,65536,6554,1712900,0,0
sample,int,degenerate-interior,relationship,4,0,1,65536,6554,2137200,0,0
sample,int,degenerate-interior,relationship,4,0,2,65536,6554,1964700,0,0
sample,int,degenerate-interior,relationship,4,0,3,65536,6554,1874700,0,0
sample,int,degenerate-interior,relationship,4,0,4,65536,6554,1741600,0,0
sample,int,degenerate-interior,relationship,4,0,5,65536,6554,1736100,0,0
sample,int,degenerate-interior,relationship,4,0,6,65536,6554,1721200,0,0
summary,int,degenerate-interior,relationship,26.137,26.575,32.611
sample,int,degenerate-interior,clipping,4,0,0,65536,6554,229200,0,0
sample,int,degenerate-interior,clipping,4,0,1,65536,6554,232100,0,0
sample,int,degenerate-interior,clipping,4,0,2,65536,6554,259700,0,0
sample,int,degenerate-interior,clipping,4,0,3,65536,6554,272600,0,0
sample,int,degenerate-interior,clipping,4,0,4,65536,6554,231500,0,0
sample,int,degenerate-interior,clipping,4,0,5,65536,6554,229100,0,0
sample,int,degenerate-interior,clipping,4,0,6,65536,6554,229100,0,0
summary,int,degenerate-interior,clipping,3.496,3.532,4.160
sample,int,degenerate-boundary,relationship,4,0,0,65536,6554,1794000,0,0
sample,int,degenerate-boundary,relationship,4,0,1,65536,6554,1703600,0,0
sample,int,degenerate-boundary,relationship,4,0,2,65536,6554,1715500,0,0
sample,int,degenerate-boundary,relationship,4,0,3,65536,6554,1703200,0,0
sample,int,degenerate-boundary,relationship,4,0,4,65536,6554,1768600,0,0
sample,int,degenerate-boundary,relationship,4,0,5,65536,6554,1739500,0,0
sample,int,degenerate-boundary,relationship,4,0,6,65536,6554,1767100,0,0
summary,int,degenerate-boundary,relationship,25.989,26.543,27.374
sample,int,degenerate-boundary,clipping,4,0,0,65536,6554,231700,0,0
sample,int,degenerate-boundary,clipping,4,0,1,65536,6554,229100,0,0
sample,int,degenerate-boundary,clipping,4,0,2,65536,6554,229100,0,0
sample,int,degenerate-boundary,clipping,4,0,3,65536,6554,337100,0,0
sample,int,degenerate-boundary,clipping,4,0,4,65536,6554,229100,0,0
sample,int,degenerate-boundary,clipping,4,0,5,65536,6554,229200,0,0
sample,int,degenerate-boundary,clipping,4,0,6,65536,6554,268100,0,0
summary,int,degenerate-boundary,clipping,3.496,3.497,5.144
sample,int,empty,relationship,0,0,0,65536,6554,309700,0,0
sample,int,empty,relationship,0,0,1,65536,6554,306300,0,0
sample,int,empty,relationship,0,0,2,65536,6554,378100,0,0
sample,int,empty,relationship,0,0,3,65536,6554,637900,0,0
sample,int,empty,relationship,0,0,4,65536,6554,333100,0,0
sample,int,empty,relationship,0,0,5,65536,6554,321100,0,0
sample,int,empty,relationship,0,0,6,65536,6554,353600,0,0
summary,int,empty,relationship,4.674,5.083,9.734
sample,int,empty,clipping,0,0,0,65536,6554,229200,0,0
sample,int,empty,clipping,0,0,1,65536,6554,229100,0,0
sample,int,empty,clipping,0,0,2,65536,6554,232100,0,0
sample,int,empty,clipping,0,0,3,65536,6554,229100,0,0
sample,int,empty,clipping,0,0,4,65536,6554,271600,0,0
sample,int,empty,clipping,0,0,5,65536,6554,229300,0,0
sample,int,empty,clipping,0,0,6,65536,6554,232200,0,0
summary,int,empty,clipping,3.496,3.499,4.144
sample,int,concave-u,relationship,8,2,0,16384,1639,39557400,0,0
sample,int,concave-u,relationship,8,2,1,16384,1639,39895000,0,0
sample,int,concave-u,relationship,8,2,2,16384,1639,39430400,0,0
sample,int,concave-u,relationship,8,2,3,16384,1639,40062400,0,0
sample,int,concave-u,relationship,8,2,4,16384,1639,38964100,0,0
sample,int,concave-u,relationship,8,2,5,16384,1639,38790800,0,0
sample,int,concave-u,relationship,8,2,6,16384,1639,38549600,0,0
summary,int,concave-u,relationship,2352.881,2406.641,2445.215
sample,int,concave-u,clipping,8,2,0,512,52,19842800,12713984,3
sample,int,concave-u,clipping,8,2,1,512,52,19796600,12713984,3
sample,int,concave-u,clipping,8,2,2,512,52,21471000,12713984,3
sample,int,concave-u,clipping,8,2,3,512,52,30092100,12713984,3
sample,int,concave-u,clipping,8,2,4,512,52,21157200,12713984,3
sample,int,concave-u,clipping,8,2,5,512,52,20000400,12713984,3
sample,int,concave-u,clipping,8,2,6,512,52,20731400,12713984,3
summary,int,concave-u,clipping,38665.234,40491.016,58773.633
sample,int,hole,relationship,8,2,0,16384,1639,41298100,0,0
sample,int,hole,relationship,8,2,1,16384,1639,42708300,0,0
sample,int,hole,relationship,8,2,2,16384,1639,41244000,0,0
sample,int,hole,relationship,8,2,3,16384,1639,41687400,0,0
sample,int,hole,relationship,8,2,4,16384,1639,41985000,0,0
sample,int,hole,relationship,8,2,5,16384,1639,41510400,0,0
sample,int,hole,relationship,8,2,6,16384,1639,41757600,0,0
summary,int,hole,relationship,2517.334,2544.397,2606.708
sample,int,hole,clipping,8,2,0,512,52,21212700,12713984,3
sample,int,hole,clipping,8,2,1,512,52,21463800,12713984,3
sample,int,hole,clipping,8,2,2,512,52,21559500,12713984,3
sample,int,hole,clipping,8,2,3,512,52,21524400,12713984,3
sample,int,hole,clipping,8,2,4,512,52,21213200,12713984,3
sample,int,hole,clipping,8,2,5,512,52,22355300,12713984,3
sample,int,hole,clipping,8,2,6,512,52,21775500,12713984,3
summary,int,hole,clipping,41431.055,42039.844,43662.695
sample,int,hole-reversed,relationship,8,2,0,8192,820,21577700,0,0
sample,int,hole-reversed,relationship,8,2,1,8192,820,21043100,0,0
sample,int,hole-reversed,relationship,8,2,2,8192,820,20766500,0,0
sample,int,hole-reversed,relationship,8,2,3,8192,820,21037400,0,0
sample,int,hole-reversed,relationship,8,2,4,8192,820,20648100,0,0
sample,int,hole-reversed,relationship,8,2,5,8192,820,20639800,0,0
sample,int,hole-reversed,relationship,8,2,6,8192,820,20716500,0,0
summary,int,hole-reversed,relationship,2519.507,2534.973,2633.997
sample,int,hole-reversed,clipping,8,2,0,512,52,21182000,12713984,3
sample,int,hole-reversed,clipping,8,2,1,512,52,21656800,12713984,3
sample,int,hole-reversed,clipping,8,2,2,512,52,22479900,12713984,3
sample,int,hole-reversed,clipping,8,2,3,512,52,22418400,12713984,3
sample,int,hole-reversed,clipping,8,2,4,512,52,22777600,12713984,3
sample,int,hole-reversed,clipping,8,2,5,512,52,32987500,12713984,3
sample,int,hole-reversed,clipping,8,2,6,512,52,22518500,12713984,3
summary,int,hole-reversed,clipping,41371.094,43906.055,64428.711
sample,int,rational-crossing,relationship,3,1,0,65536,6554,37639700,0,0
sample,int,rational-crossing,relationship,3,1,1,65536,6554,38031900,0,0
sample,int,rational-crossing,relationship,3,1,2,65536,6554,37435500,0,0
sample,int,rational-crossing,relationship,3,1,3,65536,6554,36202400,0,0
sample,int,rational-crossing,relationship,3,1,4,65536,6554,36558400,0,0
sample,int,rational-crossing,relationship,3,1,5,65536,6554,36897200,0,0
sample,int,rational-crossing,relationship,3,1,6,65536,6554,36781800,0,0
summary,int,rational-crossing,relationship,552.405,563.007,580.321
sample,int,rational-crossing,clipping,3,1,0,2048,205,36225100,33914880,8
sample,int,rational-crossing,clipping,3,1,1,2048,205,36563800,33914880,8
sample,int,rational-crossing,clipping,3,1,2,2048,205,36520100,33914880,8
sample,int,rational-crossing,clipping,3,1,3,2048,205,37311500,33914880,8
sample,int,rational-crossing,clipping,3,1,4,2048,205,38606600,33914880,8
sample,int,rational-crossing,clipping,3,1,5,2048,205,40417700,33914880,8
sample,int,rational-crossing,clipping,3,1,6,2048,205,38148700,33914880,8
summary,int,rational-crossing,clipping,17688.037,18218.506,19735.205
sample,int,sparse-1,relationship,4,1,0,32768,3277,27515800,0,0
sample,int,sparse-1,relationship,4,1,1,32768,3277,27218500,0,0
sample,int,sparse-1,relationship,4,1,2,32768,3277,26508900,0,0
sample,int,sparse-1,relationship,4,1,3,32768,3277,31480100,0,0
sample,int,sparse-1,relationship,4,1,4,32768,3277,26634600,0,0
sample,int,sparse-1,relationship,4,1,5,32768,3277,26372600,0,0
sample,int,sparse-1,relationship,4,1,6,32768,3277,27599800,0,0
summary,int,sparse-1,relationship,804.828,830.643,960.696
sample,int,sparse-1,clipping,4,1,0,2048,205,37013000,33914880,8
sample,int,sparse-1,clipping,4,1,1,2048,205,37434700,33914880,8
sample,int,sparse-1,clipping,4,1,2,2048,205,36925400,33914880,8
sample,int,sparse-1,clipping,4,1,3,2048,205,36843400,33914880,8
sample,int,sparse-1,clipping,4,1,4,2048,205,36764400,33914880,8
sample,int,sparse-1,clipping,4,1,5,2048,205,36671000,33914880,8
sample,int,sparse-1,clipping,4,1,6,2048,205,35870300,33914880,8
summary,int,sparse-1,clipping,17514.795,17989.941,18278.662
sample,int,sparse-4,relationship,16,1,0,8192,820,32945000,0,0
sample,int,sparse-4,relationship,16,1,1,8192,820,31983900,0,0
sample,int,sparse-4,relationship,16,1,2,8192,820,32607500,0,0
sample,int,sparse-4,relationship,16,1,3,8192,820,32815800,0,0
sample,int,sparse-4,relationship,16,1,4,8192,820,32694000,0,0
sample,int,sparse-4,relationship,16,1,5,8192,820,33840100,0,0
sample,int,sparse-4,relationship,16,1,6,8192,820,32975000,0,0
summary,int,sparse-4,relationship,3904.285,4005.835,4130.872
sample,int,sparse-4,clipping,16,1,0,1024,103,22979300,16957440,4
sample,int,sparse-4,clipping,16,1,1,1024,103,22485800,16957440,4
sample,int,sparse-4,clipping,16,1,2,1024,103,22442500,16957440,4
sample,int,sparse-4,clipping,16,1,3,1024,103,21515200,16957440,4
sample,int,sparse-4,clipping,16,1,4,1024,103,21426300,16957440,4
sample,int,sparse-4,clipping,16,1,5,1024,103,21419300,16957440,4
sample,int,sparse-4,clipping,16,1,6,1024,103,21748000,16957440,4
summary,int,sparse-4,clipping,20917.285,21238.281,22440.723
sample,int,sparse-16,relationship,64,1,0,2048,205,33098900,0,0
sample,int,sparse-16,relationship,64,1,1,2048,205,34341100,0,0
sample,int,sparse-16,relationship,64,1,2,2048,205,34202400,0,0
sample,int,sparse-16,relationship,64,1,3,2048,205,34863200,0,0
sample,int,sparse-16,relationship,64,1,4,2048,205,44077200,0,0
sample,int,sparse-16,relationship,64,1,5,2048,205,33870000,0,0
sample,int,sparse-16,relationship,64,1,6,2048,205,33301100,0,0
summary,int,sparse-16,relationship,16161.572,16700.391,21522.070
sample,int,sparse-16,clipping,64,1,0,512,52,20811100,8478720,2
sample,int,sparse-16,clipping,64,1,1,512,52,22934400,8478720,2
sample,int,sparse-16,clipping,64,1,2,512,52,19429100,8478720,2
sample,int,sparse-16,clipping,64,1,3,512,52,22821800,8478720,2
sample,int,sparse-16,clipping,64,1,4,512,52,20994100,8478720,2
sample,int,sparse-16,clipping,64,1,5,512,52,21018900,8478720,2
sample,int,sparse-16,clipping,64,1,6,512,52,22411500,8478720,2
summary,int,sparse-16,clipping,37947.461,41052.539,44793.750
sample,int,sparse-64,relationship,256,1,0,512,52,36258800,0,0
sample,int,sparse-64,relationship,256,1,1,512,52,38050800,0,0
sample,int,sparse-64,relationship,256,1,2,512,52,37088900,0,0
sample,int,sparse-64,relationship,256,1,3,512,52,37179700,0,0
sample,int,sparse-64,relationship,256,1,4,512,52,37203100,0,0
sample,int,sparse-64,relationship,256,1,5,512,52,38955700,0,0
sample,int,sparse-64,relationship,256,1,6,512,52,36865400,0,0
summary,int,sparse-64,relationship,70817.969,72616.602,76085.352
sample,int,sparse-64,clipping,256,1,0,256,26,29429600,4239360,1
sample,int,sparse-64,clipping,256,1,1,256,26,29198400,4239360,1
sample,int,sparse-64,clipping,256,1,2,256,26,30496700,4239360,1
sample,int,sparse-64,clipping,256,1,3,256,26,30411900,4239360,1
sample,int,sparse-64,clipping,256,1,4,256,26,32205700,4239360,1
sample,int,sparse-64,clipping,256,1,5,256,26,30416200,4239360,1
sample,int,sparse-64,clipping,256,1,6,256,26,29381800,4239360,1
summary,int,sparse-64,clipping,114056.250,118796.484,125803.516
sample,int,dense-1,relationship,4,1,0,32768,3277,28910900,0,0
sample,int,dense-1,relationship,4,1,1,32768,3277,38251700,0,0
sample,int,dense-1,relationship,4,1,2,32768,3277,29218800,0,0
sample,int,dense-1,relationship,4,1,3,32768,3277,26082400,0,0
sample,int,dense-1,relationship,4,1,4,32768,3277,27847400,0,0
sample,int,dense-1,relationship,4,1,5,32768,3277,26459100,0,0
sample,int,dense-1,relationship,4,1,6,32768,3277,26444000,0,0
summary,int,dense-1,relationship,795.972,849.835,1167.349
sample,int,dense-1,clipping,4,1,0,2048,205,36456400,33914880,8
sample,int,dense-1,clipping,4,1,1,2048,205,36324100,33914880,8
sample,int,dense-1,clipping,4,1,2,2048,205,36190100,33914880,8
sample,int,dense-1,clipping,4,1,3,2048,205,36246800,33914880,8
sample,int,dense-1,clipping,4,1,4,2048,205,36475100,33914880,8
sample,int,dense-1,clipping,4,1,5,2048,205,36167300,33914880,8
sample,int,dense-1,clipping,4,1,6,2048,205,36442400,33914880,8
summary,int,dense-1,clipping,17659.814,17736.377,17810.107
sample,int,dense-4,relationship,16,4,0,4096,410,24047100,0,0
sample,int,dense-4,relationship,16,4,1,4096,410,24176300,0,0
sample,int,dense-4,relationship,16,4,2,4096,410,24350600,0,0
sample,int,dense-4,relationship,16,4,3,4096,410,23709700,0,0
sample,int,dense-4,relationship,16,4,4,4096,410,24278400,0,0
sample,int,dense-4,relationship,16,4,5,4096,410,24058100,0,0
sample,int,dense-4,relationship,16,4,6,4096,410,24663000,0,0
summary,int,dense-4,relationship,5788.501,5902.417,6021.240
sample,int,dense-4,clipping,16,4,0,256,26,23674100,10588160,2
sample,int,dense-4,clipping,16,4,1,256,26,24100000,10588160,2
sample,int,dense-4,clipping,16,4,2,256,26,23784700,10588160,2
sample,int,dense-4,clipping,16,4,3,256,26,23819300,10588160,2
sample,int,dense-4,clipping,16,4,4,256,26,24217400,10588160,2
sample,int,dense-4,clipping,16,4,5,256,26,23863600,10588160,2
sample,int,dense-4,clipping,16,4,6,256,26,24223400,10588160,2
summary,int,dense-4,clipping,92476.953,93217.188,94622.656
sample,int,dense-16,relationship,64,16,0,1024,103,27279100,0,0
sample,int,dense-16,relationship,64,16,1,1024,103,36755200,0,0
sample,int,dense-16,relationship,64,16,2,1024,103,26885900,0,0
sample,int,dense-16,relationship,64,16,3,1024,103,26245500,0,0
sample,int,dense-16,relationship,64,16,4,1024,103,27065500,0,0
sample,int,dense-16,relationship,64,16,5,1024,103,26644100,0,0
sample,int,dense-16,relationship,64,16,6,1024,103,26224100,0,0
summary,int,dense-16,relationship,25609.473,26255.762,35893.750
sample,int,dense-16,clipping,64,16,0,64,7,27516700,9280512,2
sample,int,dense-16,clipping,64,16,1,64,7,27338900,9280512,2
sample,int,dense-16,clipping,64,16,2,64,7,27375900,9280512,2
sample,int,dense-16,clipping,64,16,3,64,7,27212800,9280512,2
sample,int,dense-16,clipping,64,16,4,64,7,26872700,9280512,2
sample,int,dense-16,clipping,64,16,5,64,7,26159100,9280512,2
sample,int,dense-16,clipping,64,16,6,64,7,27140700,9280512,2
summary,int,dense-16,clipping,408735.938,425200.000,429948.438
sample,int,dense-64,relationship,256,64,0,256,26,25610400,0,0
sample,int,dense-64,relationship,256,64,1,256,26,26325000,0,0
sample,int,dense-64,relationship,256,64,2,256,26,25710100,0,0
sample,int,dense-64,relationship,256,64,3,256,26,25989200,0,0
sample,int,dense-64,relationship,256,64,4,256,26,26683600,0,0
sample,int,dense-64,relationship,256,64,5,256,26,25750200,0,0
sample,int,dense-64,relationship,256,64,6,256,26,26283700,0,0
summary,int,dense-64,relationship,100040.625,101520.312,104232.812
sample,int,dense-64,clipping,256,64,0,16,2,31271900,8896512,2
sample,int,dense-64,clipping,256,64,1,16,2,30775500,8896512,2
sample,int,dense-64,clipping,256,64,2,16,2,31280800,8896512,2
sample,int,dense-64,clipping,256,64,3,16,2,31388600,8896512,2
sample,int,dense-64,clipping,256,64,4,16,2,31556800,8896512,2
sample,int,dense-64,clipping,256,64,5,16,2,32278100,8896512,2
sample,int,dense-64,clipping,256,64,6,16,2,31384600,8896512,2
summary,int,dense-64,clipping,1923468.750,1961537.500,2017381.250
sample,int,wide-integral,relationship,4,1,0,32768,3277,31734000,0,0
sample,int,wide-integral,relationship,4,1,1,32768,3277,28629300,0,0
sample,int,wide-integral,relationship,4,1,2,32768,3277,24885900,0,0
sample,int,wide-integral,relationship,4,1,3,32768,3277,25673400,0,0
sample,int,wide-integral,relationship,4,1,4,32768,3277,25253000,0,0
sample,int,wide-integral,relationship,4,1,5,32768,3277,27794000,0,0
sample,int,wide-integral,relationship,4,1,6,32768,3277,26561700,0,0
summary,int,wide-integral,relationship,759.457,810.599,968.445
sample,int,wide-integral,clipping,4,1,0,2048,205,39116100,33914880,8
sample,int,wide-integral,clipping,4,1,1,2048,205,39906700,33914880,8
sample,int,wide-integral,clipping,4,1,2,2048,205,39682800,33914880,8
sample,int,wide-integral,clipping,4,1,3,2048,205,39976800,33914880,8
sample,int,wide-integral,clipping,4,1,4,2048,205,40193300,33914880,8
sample,int,wide-integral,clipping,4,1,5,2048,205,39733700,33914880,8
sample,int,wide-integral,clipping,4,1,6,2048,205,40738400,33914880,8
summary,int,wide-integral,clipping,19099.658,19485.693,19891.797
fixture,long,exterior,4,1,success,0
fixture,long,interior,4,4,success,1
fixture,long,crossing,4,7,success,1
fixture,long,boundary-only,4,10,success,1
fixture,long,boundary-overlap,4,11,success,1
fixture,long,isolated-tangent,4,3,success,0
fixture,long,degenerate-interior,4,4,success,0
fixture,long,degenerate-boundary,4,2,success,0
fixture,long,empty,0,1,success,0
fixture,long,concave-u,8,7,success,2
fixture,long,hole,8,7,success,2
fixture,long,hole-reversed,8,7,success,2
fixture,long,rational-crossing,3,7,success,1
fixture,long,sparse-1,4,7,success,1
fixture,long,sparse-4,16,7,success,1
fixture,long,sparse-16,64,7,success,1
fixture,long,sparse-64,256,7,success,1
fixture,long,dense-1,4,7,success,1
fixture,long,dense-4,16,7,success,4
fixture,long,dense-16,64,7,success,16
fixture,long,dense-64,256,7,success,64
fixture,long,wide-integral,4,7,success,1
fixture,long,endpoint-collapse,4,6,unrepresentableConstruction,0
fixture,long,gap-collapse,8,7,unrepresentableConstruction,0
preflight,long,24,PASS
sample,long,exterior,relationship,4,0,0,32768,3277,31846100,0,0
sample,long,exterior,relationship,4,0,1,32768,3277,31653200,0,0
sample,long,exterior,relationship,4,0,2,32768,3277,31863300,0,0
sample,long,exterior,relationship,4,0,3,32768,3277,31695800,0,0
sample,long,exterior,relationship,4,0,4,32768,3277,31804200,0,0
sample,long,exterior,relationship,4,0,5,32768,3277,31807400,0,0
sample,long,exterior,relationship,4,0,6,32768,3277,31554500,0,0
summary,long,exterior,relationship,962.967,970.587,972.391
sample,long,exterior,clipping,4,0,0,8192,820,28182700,67895296,16
sample,long,exterior,clipping,4,0,1,8192,820,27807900,67895296,16
sample,long,exterior,clipping,4,0,2,8192,820,27819200,67895296,16
sample,long,exterior,clipping,4,0,3,8192,820,28213500,67895296,16
sample,long,exterior,clipping,4,0,4,8192,820,37376100,67895296,16
sample,long,exterior,clipping,4,0,5,8192,820,28163000,67895296,16
sample,long,exterior,clipping,4,0,6,8192,820,34317700,67895296,16
summary,long,exterior,clipping,3394.519,3440.271,4562.512
sample,long,interior,relationship,4,1,0,32768,3277,31798800,0,0
sample,long,interior,relationship,4,1,1,32768,3277,30817200,0,0
sample,long,interior,relationship,4,1,2,32768,3277,31675500,0,0
sample,long,interior,relationship,4,1,3,32768,3277,32307900,0,0
sample,long,interior,relationship,4,1,4,32768,3277,32560900,0,0
sample,long,interior,relationship,4,1,5,32768,3277,32197200,0,0
sample,long,interior,relationship,4,1,6,32768,3277,31423000,0,0
summary,long,interior,relationship,940.466,970.422,993.680
sample,long,interior,clipping,4,1,0,4096,410,33857100,34144256,8
sample,long,interior,clipping,4,1,1,4096,410,33527000,34144256,8
sample,long,interior,clipping,4,1,2,4096,410,33784500,34144256,8
sample,long,interior,clipping,4,1,3,4096,410,33772200,34144256,8
sample,long,interior,clipping,4,1,4,4096,410,33623600,34144256,8
sample,long,interior,clipping,4,1,5,4096,410,33795800,34144256,8
sample,long,interior,clipping,4,1,6,4096,410,33736300,34144256,8
summary,long,interior,clipping,8185.303,8245.166,8265.894
sample,long,crossing,relationship,4,1,0,32768,3277,30760600,0,0
sample,long,crossing,relationship,4,1,1,32768,3277,30881700,0,0
sample,long,crossing,relationship,4,1,2,32768,3277,30898900,0,0
sample,long,crossing,relationship,4,1,3,32768,3277,30716400,0,0
sample,long,crossing,relationship,4,1,4,32768,3277,31006200,0,0
sample,long,crossing,relationship,4,1,5,32768,3277,30547700,0,0
sample,long,crossing,relationship,4,1,6,32768,3277,30825000,0,0
summary,long,crossing,relationship,932.242,940.704,946.234
sample,long,crossing,clipping,4,1,0,2048,205,37131300,33914880,8
sample,long,crossing,clipping,4,1,1,2048,205,37581100,33914880,8
sample,long,crossing,clipping,4,1,2,2048,205,37353900,33914880,8
sample,long,crossing,clipping,4,1,3,2048,205,37032100,33914880,8
sample,long,crossing,clipping,4,1,4,2048,205,36501700,33914880,8
sample,long,crossing,clipping,4,1,5,2048,205,36464600,33914880,8
sample,long,crossing,clipping,4,1,6,2048,205,36460300,33914880,8
summary,long,crossing,clipping,17802.881,18082.080,18350.146
sample,long,boundary-only,relationship,4,1,0,32768,3277,36379000,0,0
sample,long,boundary-only,relationship,4,1,1,32768,3277,35577100,0,0
sample,long,boundary-only,relationship,4,1,2,32768,3277,36200900,0,0
sample,long,boundary-only,relationship,4,1,3,32768,3277,36472700,0,0
sample,long,boundary-only,relationship,4,1,4,32768,3277,35620800,0,0
sample,long,boundary-only,relationship,4,1,5,32768,3277,36661700,0,0
sample,long,boundary-only,relationship,4,1,6,32768,3277,36885000,0,0
summary,long,boundary-only,relationship,1085.727,1110.199,1125.641
sample,long,boundary-only,clipping,4,1,0,2048,205,22550300,42237952,10
sample,long,boundary-only,clipping,4,1,1,2048,205,22533900,42237952,10
sample,long,boundary-only,clipping,4,1,2,2048,205,22608600,42237952,10
sample,long,boundary-only,clipping,4,1,3,2048,205,23272800,42237952,10
sample,long,boundary-only,clipping,4,1,4,2048,205,23728800,42237952,10
sample,long,boundary-only,clipping,4,1,5,2048,205,22730600,42237952,10
sample,long,boundary-only,clipping,4,1,6,2048,205,22914000,42237952,10
summary,long,boundary-only,clipping,11002.881,11098.926,11586.328
sample,long,boundary-overlap,relationship,4,1,0,16384,1639,23435000,0,0
sample,long,boundary-overlap,relationship,4,1,1,16384,1639,22417800,0,0
sample,long,boundary-overlap,relationship,4,1,2,16384,1639,22655500,0,0
sample,long,boundary-overlap,relationship,4,1,3,16384,1639,23150800,0,0
sample,long,boundary-overlap,relationship,4,1,4,16384,1639,22631300,0,0
sample,long,boundary-overlap,relationship,4,1,5,16384,1639,23107200,0,0
sample,long,boundary-overlap,relationship,4,1,6,16384,1639,31982100,0,0
summary,long,boundary-overlap,relationship,1368.274,1410.352,1952.032
sample,long,boundary-overlap,clipping,4,1,0,2048,205,26162700,42303488,10
sample,long,boundary-overlap,clipping,4,1,1,2048,205,25765800,42303488,10
sample,long,boundary-overlap,clipping,4,1,2,2048,205,26366800,42303488,10
sample,long,boundary-overlap,clipping,4,1,3,2048,205,25595500,42303488,10
sample,long,boundary-overlap,clipping,4,1,4,2048,205,26212600,42303488,10
sample,long,boundary-overlap,clipping,4,1,5,2048,205,25758400,42303488,10
sample,long,boundary-overlap,clipping,4,1,6,2048,205,26202900,42303488,10
summary,long,boundary-overlap,clipping,12497.803,12774.756,12874.414
sample,long,isolated-tangent,relationship,4,0,0,16384,1639,22392800,0,0
sample,long,isolated-tangent,relationship,4,0,1,16384,1639,22465600,0,0
sample,long,isolated-tangent,relationship,4,0,2,16384,1639,22216200,0,0
sample,long,isolated-tangent,relationship,4,0,3,16384,1639,22306800,0,0
sample,long,isolated-tangent,relationship,4,0,4,16384,1639,22269100,0,0
sample,long,isolated-tangent,relationship,4,0,5,16384,1639,22926500,0,0
sample,long,isolated-tangent,relationship,4,0,6,16384,1639,22276800,0,0
summary,long,isolated-tangent,relationship,1355.969,1361.499,1399.323
sample,long,isolated-tangent,clipping,4,0,0,4096,410,22212500,67502080,16
sample,long,isolated-tangent,clipping,4,0,1,4096,410,22208800,67502080,16
sample,long,isolated-tangent,clipping,4,0,2,4096,410,21893400,67502080,16
sample,long,isolated-tangent,clipping,4,0,3,4096,410,22041600,67502080,16
sample,long,isolated-tangent,clipping,4,0,4,4096,410,22395200,67502080,16
sample,long,isolated-tangent,clipping,4,0,5,4096,410,22017500,67502080,16
sample,long,isolated-tangent,clipping,4,0,6,4096,410,22102500,67502080,16
summary,long,isolated-tangent,clipping,5345.068,5396.118,5467.578
sample,long,degenerate-interior,relationship,4,0,0,65536,6554,2231600,0,0
sample,long,degenerate-interior,relationship,4,0,1,65536,6554,2131300,0,0
sample,long,degenerate-interior,relationship,4,0,2,65536,6554,2094200,0,0
sample,long,degenerate-interior,relationship,4,0,3,65536,6554,2143900,0,0
sample,long,degenerate-interior,relationship,4,0,4,65536,6554,2155900,0,0
sample,long,degenerate-interior,relationship,4,0,5,65536,6554,2367600,0,0
sample,long,degenerate-interior,relationship,4,0,6,65536,6554,2278200,0,0
summary,long,degenerate-interior,relationship,31.955,32.896,36.127
sample,long,degenerate-interior,clipping,4,0,0,65536,6554,292300,0,0
sample,long,degenerate-interior,clipping,4,0,1,65536,6554,298300,0,0
sample,long,degenerate-interior,clipping,4,0,2,65536,6554,291800,0,0
sample,long,degenerate-interior,clipping,4,0,3,65536,6554,339900,0,0
sample,long,degenerate-interior,clipping,4,0,4,65536,6554,292000,0,0
sample,long,degenerate-interior,clipping,4,0,5,65536,6554,295800,0,0
sample,long,degenerate-interior,clipping,4,0,6,65536,6554,292500,0,0
summary,long,degenerate-interior,clipping,4.453,4.463,5.186
sample,long,degenerate-boundary,relationship,4,0,0,65536,6554,2046300,0,0
sample,long,degenerate-boundary,relationship,4,0,1,65536,6554,2032200,0,0
sample,long,degenerate-boundary,relationship,4,0,2,65536,6554,2166700,0,0
sample,long,degenerate-boundary,relationship,4,0,3,65536,6554,2315000,0,0
sample,long,degenerate-boundary,relationship,4,0,4,65536,6554,2088500,0,0
sample,long,degenerate-boundary,relationship,4,0,5,65536,6554,2101900,0,0
sample,long,degenerate-boundary,relationship,4,0,6,65536,6554,2028000,0,0
summary,long,degenerate-boundary,relationship,30.945,31.868,35.324
sample,long,degenerate-boundary,clipping,4,0,0,65536,6554,292400,0,0
sample,long,degenerate-boundary,clipping,4,0,1,65536,6554,295100,0,0
sample,long,degenerate-boundary,clipping,4,0,2,65536,6554,292100,0,0
sample,long,degenerate-boundary,clipping,4,0,3,65536,6554,337700,0,0
sample,long,degenerate-boundary,clipping,4,0,4,65536,6554,295500,0,0
sample,long,degenerate-boundary,clipping,4,0,5,65536,6554,292000,0,0
sample,long,degenerate-boundary,clipping,4,0,6,65536,6554,291600,0,0
summary,long,degenerate-boundary,clipping,4.449,4.462,5.153
sample,long,empty,relationship,0,0,0,65536,6554,854200,0,0
sample,long,empty,relationship,0,0,1,65536,6554,905700,0,0
sample,long,empty,relationship,0,0,2,65536,6554,978200,0,0
sample,long,empty,relationship,0,0,3,65536,6554,938500,0,0
sample,long,empty,relationship,0,0,4,65536,6554,877800,0,0
sample,long,empty,relationship,0,0,5,65536,6554,914000,0,0
sample,long,empty,relationship,0,0,6,65536,6554,855100,0,0
summary,long,empty,relationship,13.034,13.820,14.926
sample,long,empty,clipping,0,0,0,65536,6554,292100,0,0
sample,long,empty,clipping,0,0,1,65536,6554,292000,0,0
sample,long,empty,clipping,0,0,2,65536,6554,296100,0,0
sample,long,empty,clipping,0,0,3,65536,6554,338400,0,0
sample,long,empty,clipping,0,0,4,65536,6554,291600,0,0
sample,long,empty,clipping,0,0,5,65536,6554,295100,0,0
sample,long,empty,clipping,0,0,6,65536,6554,292200,0,0
summary,long,empty,clipping,4.449,4.459,5.164
sample,long,concave-u,relationship,8,2,0,8192,820,22551300,0,0
sample,long,concave-u,relationship,8,2,1,8192,820,22721000,0,0
sample,long,concave-u,relationship,8,2,2,8192,820,23028900,0,0
sample,long,concave-u,relationship,8,2,3,8192,820,22594200,0,0
sample,long,concave-u,relationship,8,2,4,8192,820,23107700,0,0
sample,long,concave-u,relationship,8,2,5,8192,820,22983000,0,0
sample,long,concave-u,relationship,8,2,6,8192,820,22917600,0,0
summary,long,concave-u,relationship,2752.844,2797.559,2820.764
sample,long,concave-u,clipping,8,2,0,512,52,21743700,12713984,3
sample,long,concave-u,clipping,8,2,1,512,52,31304400,12713984,3
sample,long,concave-u,clipping,8,2,2,512,52,21764500,12713984,3
sample,long,concave-u,clipping,8,2,3,512,52,21853600,12713984,3
sample,long,concave-u,clipping,8,2,4,512,52,22636700,12713984,3
sample,long,concave-u,clipping,8,2,5,512,52,21872700,12713984,3
sample,long,concave-u,clipping,8,2,6,512,52,21941100,12713984,3
summary,long,concave-u,clipping,42468.164,42720.117,61141.406
sample,long,hole,relationship,8,2,0,8192,820,23360500,0,0
sample,long,hole,relationship,8,2,1,8192,820,22619700,0,0
sample,long,hole,relationship,8,2,2,8192,820,22804900,0,0
sample,long,hole,relationship,8,2,3,8192,820,22640600,0,0
sample,long,hole,relationship,8,2,4,8192,820,22865600,0,0
sample,long,hole,relationship,8,2,5,8192,820,22787700,0,0
sample,long,hole,relationship,8,2,6,8192,820,22700000,0,0
summary,long,hole,relationship,2761.194,2781.702,2851.624
sample,long,hole,clipping,8,2,0,512,52,21058000,12713984,3
sample,long,hole,clipping,8,2,1,512,52,21715300,12713984,3
sample,long,hole,clipping,8,2,2,512,52,21129800,12713984,3
sample,long,hole,clipping,8,2,3,512,52,21223900,12713984,3
sample,long,hole,clipping,8,2,4,512,52,21319700,12713984,3
sample,long,hole,clipping,8,2,5,512,52,21190700,12713984,3
sample,long,hole,clipping,8,2,6,512,52,21132400,12713984,3
summary,long,hole,clipping,41128.906,41388.086,42412.695
sample,long,hole-reversed,relationship,8,2,0,8192,820,22565900,0,0
sample,long,hole-reversed,relationship,8,2,1,8192,820,22840000,0,0
sample,long,hole-reversed,relationship,8,2,2,8192,820,22574200,0,0
sample,long,hole-reversed,relationship,8,2,3,8192,820,22540300,0,0
sample,long,hole-reversed,relationship,8,2,4,8192,820,22878700,0,0
sample,long,hole-reversed,relationship,8,2,5,8192,820,22528900,0,0
sample,long,hole-reversed,relationship,8,2,6,8192,820,22835200,0,0
summary,long,hole-reversed,relationship,2750.110,2755.640,2792.810
sample,long,hole-reversed,clipping,8,2,0,512,52,21749200,12713984,3
sample,long,hole-reversed,clipping,8,2,1,512,52,21165900,12713984,3
sample,long,hole-reversed,clipping,8,2,2,512,52,22221800,12713984,3
sample,long,hole-reversed,clipping,8,2,3,512,52,21508100,12713984,3
sample,long,hole-reversed,clipping,8,2,4,512,52,22568100,12713984,3
sample,long,hole-reversed,clipping,8,2,5,512,52,21624800,12713984,3
sample,long,hole-reversed,clipping,8,2,6,512,52,22184400,12713984,3
summary,long,hole-reversed,clipping,41339.648,42478.906,44078.320
sample,long,rational-crossing,relationship,3,1,0,32768,3277,21450700,0,0
sample,long,rational-crossing,relationship,3,1,1,32768,3277,30846300,0,0
sample,long,rational-crossing,relationship,3,1,2,32768,3277,21886300,0,0
sample,long,rational-crossing,relationship,3,1,3,32768,3277,21846400,0,0
sample,long,rational-crossing,relationship,3,1,4,32768,3277,21484500,0,0
sample,long,rational-crossing,relationship,3,1,5,32768,3277,21595700,0,0
sample,long,rational-crossing,relationship,3,1,6,32768,3277,21899500,0,0
summary,long,rational-crossing,relationship,654.623,666.699,941.354
sample,long,rational-crossing,clipping,3,1,0,2048,205,36558900,33914880,8
sample,long,rational-crossing,clipping,3,1,1,2048,205,35353200,33914880,8
sample,long,rational-crossing,clipping,3,1,2,2048,205,36107600,33914880,8
sample,long,rational-crossing,clipping,3,1,3,2048,205,38130600,33914880,8
sample,long,rational-crossing,clipping,3,1,4,2048,205,36870000,33914880,8
sample,long,rational-crossing,clipping,3,1,5,2048,205,38674200,33914880,8
sample,long,rational-crossing,clipping,3,1,6,2048,205,37598800,33914880,8
summary,long,rational-crossing,clipping,17262.305,18002.930,18883.887
sample,long,sparse-1,relationship,4,1,0,32768,3277,30017200,0,0
sample,long,sparse-1,relationship,4,1,1,32768,3277,29023800,0,0
sample,long,sparse-1,relationship,4,1,2,32768,3277,29242000,0,0
sample,long,sparse-1,relationship,4,1,3,32768,3277,29437000,0,0
sample,long,sparse-1,relationship,4,1,4,32768,3277,29642900,0,0
sample,long,sparse-1,relationship,4,1,5,32768,3277,29779400,0,0
sample,long,sparse-1,relationship,4,1,6,32768,3277,30322100,0,0
summary,long,sparse-1,relationship,885.736,904.630,925.357
sample,long,sparse-1,clipping,4,1,0,2048,205,36671000,33914880,8
sample,long,sparse-1,clipping,4,1,1,2048,205,36111100,33914880,8
sample,long,sparse-1,clipping,4,1,2,2048,205,36437100,33914880,8
sample,long,sparse-1,clipping,4,1,3,2048,205,35953600,33914880,8
sample,long,sparse-1,clipping,4,1,4,2048,205,36108700,33914880,8
sample,long,sparse-1,clipping,4,1,5,2048,205,45907900,33914880,8
sample,long,sparse-1,clipping,4,1,6,2048,205,38232600,33914880,8
summary,long,sparse-1,clipping,17555.469,17791.553,22415.967
sample,long,sparse-4,relationship,16,1,0,8192,820,38726200,0,0
sample,long,sparse-4,relationship,16,1,1,8192,820,38544900,0,0
sample,long,sparse-4,relationship,16,1,2,8192,820,39019000,0,0
sample,long,sparse-4,relationship,16,1,3,8192,820,39043500,0,0
sample,long,sparse-4,relationship,16,1,4,8192,820,39053200,0,0
sample,long,sparse-4,relationship,16,1,5,8192,820,39204600,0,0
sample,long,sparse-4,relationship,16,1,6,8192,820,38807700,0,0
summary,long,sparse-4,relationship,4705.188,4763.062,4785.718
sample,long,sparse-4,clipping,16,1,0,1024,103,24548600,16957440,4
sample,long,sparse-4,clipping,16,1,1,1024,103,24418100,16957440,4
sample,long,sparse-4,clipping,16,1,2,1024,103,24346800,16957440,4
sample,long,sparse-4,clipping,16,1,3,1024,103,24434800,16957440,4
sample,long,sparse-4,clipping,16,1,4,1024,103,24260000,16957440,4
sample,long,sparse-4,clipping,16,1,5,1024,103,24357400,16957440,4
sample,long,sparse-4,clipping,16,1,6,1024,103,23888600,16957440,4
summary,long,sparse-4,clipping,23328.711,23786.523,23973.242
sample,long,sparse-16,relationship,64,1,0,1024,103,19977800,0,0
sample,long,sparse-16,relationship,64,1,1,1024,103,20029400,0,0
sample,long,sparse-16,relationship,64,1,2,1024,103,20974000,0,0
sample,long,sparse-16,relationship,64,1,3,1024,103,20242700,0,0
sample,long,sparse-16,relationship,64,1,4,1024,103,20356300,0,0
sample,long,sparse-16,relationship,64,1,5,1024,103,20247400,0,0
sample,long,sparse-16,relationship,64,1,6,1024,103,20335500,0,0
summary,long,sparse-16,relationship,19509.570,19772.852,20482.422
sample,long,sparse-16,clipping,64,1,0,512,52,23144500,8478720,2
sample,long,sparse-16,clipping,64,1,1,512,52,22216100,8478720,2
sample,long,sparse-16,clipping,64,1,2,512,52,22789000,8478720,2
sample,long,sparse-16,clipping,64,1,3,512,52,23879400,8478720,2
sample,long,sparse-16,clipping,64,1,4,512,52,22791100,8478720,2
sample,long,sparse-16,clipping,64,1,5,512,52,23500000,8478720,2
sample,long,sparse-16,clipping,64,1,6,512,52,32189300,8478720,2
summary,long,sparse-16,clipping,43390.820,45204.102,62869.727
sample,long,sparse-64,relationship,256,1,0,256,26,21681100,0,0
sample,long,sparse-64,relationship,256,1,1,256,26,20734400,0,0
sample,long,sparse-64,relationship,256,1,2,256,26,20243000,0,0
sample,long,sparse-64,relationship,256,1,3,256,26,20745300,0,0
sample,long,sparse-64,relationship,256,1,4,256,26,21483600,0,0
sample,long,sparse-64,relationship,256,1,5,256,26,20743500,0,0
sample,long,sparse-64,relationship,256,1,6,256,26,20028000,0,0
summary,long,sparse-64,relationship,78234.375,81029.297,84691.797
sample,long,sparse-64,clipping,256,1,0,256,26,31539000,4239360,1
sample,long,sparse-64,clipping,256,1,1,256,26,31809600,4239360,1
sample,long,sparse-64,clipping,256,1,2,256,26,31325500,4239360,1
sample,long,sparse-64,clipping,256,1,3,256,26,31290700,4239360,1
sample,long,sparse-64,clipping,256,1,4,256,26,31147300,4239360,1
sample,long,sparse-64,clipping,256,1,5,256,26,31282000,4239360,1
sample,long,sparse-64,clipping,256,1,6,256,26,31927400,4239360,1
summary,long,sparse-64,clipping,121669.141,122365.234,124716.406
sample,long,dense-1,relationship,4,1,0,32768,3277,31092300,0,0
sample,long,dense-1,relationship,4,1,1,32768,3277,31016100,0,0
sample,long,dense-1,relationship,4,1,2,32768,3277,34409000,0,0
sample,long,dense-1,relationship,4,1,3,32768,3277,33006100,0,0
sample,long,dense-1,relationship,4,1,4,32768,3277,35957100,0,0
sample,long,dense-1,relationship,4,1,5,32768,3277,33666300,0,0
sample,long,dense-1,relationship,4,1,6,32768,3277,33085800,0,0
summary,long,dense-1,relationship,946.536,1009.698,1097.324
sample,long,dense-1,clipping,4,1,0,1024,103,20788700,16957440,4
sample,long,dense-1,clipping,4,1,1,1024,103,21447600,16957440,4
sample,long,dense-1,clipping,4,1,2,1024,103,19857700,16957440,4
sample,long,dense-1,clipping,4,1,3,1024,103,22140700,16957440,4
sample,long,dense-1,clipping,4,1,4,1024,103,21224500,16957440,4
sample,long,dense-1,clipping,4,1,5,1024,103,21296200,16957440,4
sample,long,dense-1,clipping,4,1,6,1024,103,20180100,16957440,4
summary,long,dense-1,clipping,19392.285,20727.051,21621.777
sample,long,dense-4,relationship,16,4,0,2048,205,14525900,0,0
sample,long,dense-4,relationship,16,4,1,2048,205,14627600,0,0
sample,long,dense-4,relationship,16,4,2,2048,205,14247000,0,0
sample,long,dense-4,relationship,16,4,3,2048,205,13544800,0,0
sample,long,dense-4,relationship,16,4,4,2048,205,13347600,0,0
sample,long,dense-4,relationship,16,4,5,2048,205,13138800,0,0
sample,long,dense-4,relationship,16,4,6,2048,205,13024600,0,0
summary,long,dense-4,relationship,6359.668,6613.672,7142.383
sample,long,dense-4,clipping,16,4,0,256,26,23230100,10588160,2
sample,long,dense-4,clipping,16,4,1,256,26,23338000,10588160,2
sample,long,dense-4,clipping,16,4,2,256,26,22711800,10588160,2
sample,long,dense-4,clipping,16,4,3,256,26,23185800,10588160,2
sample,long,dense-4,clipping,16,4,4,256,26,22694300,10588160,2
sample,long,dense-4,clipping,16,4,5,256,26,23473400,10588160,2
sample,long,dense-4,clipping,16,4,6,256,26,22368800,10588160,2
summary,long,dense-4,clipping,87378.125,90569.531,91692.969
sample,long,dense-16,relationship,64,16,0,1024,103,28613900,0,0
sample,long,dense-16,relationship,64,16,1,1024,103,27816900,0,0
sample,long,dense-16,relationship,64,16,2,1024,103,28030300,0,0
sample,long,dense-16,relationship,64,16,3,1024,103,28009700,0,0
sample,long,dense-16,relationship,64,16,4,1024,103,28034700,0,0
sample,long,dense-16,relationship,64,16,5,1024,103,28210600,0,0
sample,long,dense-16,relationship,64,16,6,1024,103,28210800,0,0
summary,long,dense-16,relationship,27164.941,27377.637,27943.262
sample,long,dense-16,clipping,64,16,0,64,7,27651900,9280512,2
sample,long,dense-16,clipping,64,16,1,64,7,27004000,9280512,2
sample,long,dense-16,clipping,64,16,2,64,7,26887300,9280512,2
sample,long,dense-16,clipping,64,16,3,64,7,28539200,9280512,2
sample,long,dense-16,clipping,64,16,4,64,7,27384700,9280512,2
sample,long,dense-16,clipping,64,16,5,64,7,28419200,9280512,2
sample,long,dense-16,clipping,64,16,6,64,7,27644900,9280512,2
summary,long,dense-16,clipping,420114.062,431951.562,445925.000
sample,long,dense-64,relationship,256,64,0,256,26,28173300,0,0
sample,long,dense-64,relationship,256,64,1,256,26,29350600,0,0
sample,long,dense-64,relationship,256,64,2,256,26,28833000,0,0
sample,long,dense-64,relationship,256,64,3,256,26,29896500,0,0
sample,long,dense-64,relationship,256,64,4,256,26,38857100,0,0
sample,long,dense-64,relationship,256,64,5,256,26,29890200,0,0
sample,long,dense-64,relationship,256,64,6,256,26,30357700,0,0
summary,long,dense-64,relationship,110051.953,116758.594,151785.547
sample,long,dense-64,clipping,256,64,0,16,2,33177600,8896512,3
sample,long,dense-64,clipping,256,64,1,16,2,33374200,8896512,3
sample,long,dense-64,clipping,256,64,2,16,2,33231600,8896512,3
sample,long,dense-64,clipping,256,64,3,16,2,33340500,8896512,3
sample,long,dense-64,clipping,256,64,4,16,2,33700600,8896512,3
sample,long,dense-64,clipping,256,64,5,16,2,33497000,8896512,3
sample,long,dense-64,clipping,256,64,6,16,2,34089000,8896512,3
summary,long,dense-64,clipping,2073600.000,2085887.500,2130562.500
sample,long,wide-integral,relationship,4,1,0,32768,3277,32801300,0,0
sample,long,wide-integral,relationship,4,1,1,32768,3277,32818300,0,0
sample,long,wide-integral,relationship,4,1,2,32768,3277,32701700,0,0
sample,long,wide-integral,relationship,4,1,3,32768,3277,33033000,0,0
sample,long,wide-integral,relationship,4,1,4,32768,3277,33221900,0,0
sample,long,wide-integral,relationship,4,1,5,32768,3277,32448300,0,0
sample,long,wide-integral,relationship,4,1,6,32768,3277,32490100,0,0
summary,long,wide-integral,relationship,990.244,1001.016,1013.852
sample,long,wide-integral,clipping,4,1,0,1024,103,22078200,16957440,4
sample,long,wide-integral,clipping,4,1,1,1024,103,22084100,16957440,4
sample,long,wide-integral,clipping,4,1,2,1024,103,22420600,16957440,4
sample,long,wide-integral,clipping,4,1,3,1024,103,22171500,16957440,4
sample,long,wide-integral,clipping,4,1,4,1024,103,22240100,16957440,4
sample,long,wide-integral,clipping,4,1,5,1024,103,22282500,16957440,4
sample,long,wide-integral,clipping,4,1,6,1024,103,22423700,16957440,4
summary,long,wide-integral,clipping,21560.742,21718.848,21898.145
sample,long,endpoint-collapse,relationship,4,0,0,16384,1639,22740500,0,0
sample,long,endpoint-collapse,relationship,4,0,1,16384,1639,23126100,0,0
sample,long,endpoint-collapse,relationship,4,0,2,16384,1639,27289800,0,0
sample,long,endpoint-collapse,relationship,4,0,3,16384,1639,27832300,0,0
sample,long,endpoint-collapse,relationship,4,0,4,16384,1639,22651700,0,0
sample,long,endpoint-collapse,relationship,4,0,5,16384,1639,23139900,0,0
sample,long,endpoint-collapse,relationship,4,0,6,16384,1639,22609800,0,0
summary,long,endpoint-collapse,relationship,1379.993,1411.505,1698.749
sample,long,endpoint-collapse,clipping,4,0,0,2048,205,32341600,33849344,8
sample,long,endpoint-collapse,clipping,4,0,1,2048,205,32563500,33849344,8
sample,long,endpoint-collapse,clipping,4,0,2,2048,205,32302500,33849344,8
sample,long,endpoint-collapse,clipping,4,0,3,2048,205,32168500,33849344,8
sample,long,endpoint-collapse,clipping,4,0,4,2048,205,33095900,33849344,8
sample,long,endpoint-collapse,clipping,4,0,5,2048,205,32589500,33849344,8
sample,long,endpoint-collapse,clipping,4,0,6,2048,205,32396600,33849344,8
summary,long,endpoint-collapse,clipping,15707.275,15818.652,16160.107
sample,long,gap-collapse,relationship,8,0,0,8192,820,26888100,0,0
sample,long,gap-collapse,relationship,8,0,1,8192,820,26781400,0,0
sample,long,gap-collapse,relationship,8,0,2,8192,820,26767900,0,0
sample,long,gap-collapse,relationship,8,0,3,8192,820,26787300,0,0
sample,long,gap-collapse,relationship,8,0,4,8192,820,26607100,0,0
sample,long,gap-collapse,relationship,8,0,5,8192,820,26916900,0,0
sample,long,gap-collapse,relationship,8,0,6,8192,820,26899500,0,0
summary,long,gap-collapse,relationship,3247.937,3269.934,3285.754
sample,long,gap-collapse,clipping,8,0,0,512,52,21055300,12697600,3
sample,long,gap-collapse,clipping,8,0,1,512,52,21154100,12697600,3
sample,long,gap-collapse,clipping,8,0,2,512,52,20737700,12697600,3
sample,long,gap-collapse,clipping,8,0,3,512,52,21007500,12697600,3
sample,long,gap-collapse,clipping,8,0,4,512,52,20754600,12697600,3
sample,long,gap-collapse,clipping,8,0,5,512,52,20895600,12697600,3
sample,long,gap-collapse,clipping,8,0,6,512,52,20822200,12697600,3
summary,long,gap-collapse,clipping,40503.320,40811.719,41316.602
fixture,float,exterior,4,1,success,0
fixture,float,interior,4,4,success,1
fixture,float,crossing,4,7,success,1
fixture,float,boundary-only,4,10,success,1
fixture,float,boundary-overlap,4,11,success,1
fixture,float,isolated-tangent,4,3,success,0
fixture,float,degenerate-interior,4,4,success,0
fixture,float,degenerate-boundary,4,2,success,0
fixture,float,empty,0,1,success,0
fixture,float,concave-u,8,7,success,2
fixture,float,hole,8,7,success,2
fixture,float,hole-reversed,8,7,success,2
fixture,float,rational-crossing,3,7,success,1
fixture,float,sparse-1,4,7,success,1
fixture,float,sparse-4,16,7,success,1
fixture,float,sparse-16,64,7,success,1
fixture,float,sparse-64,256,7,success,1
fixture,float,dense-1,4,7,success,1
fixture,float,dense-4,16,7,success,4
fixture,float,dense-16,64,7,success,16
fixture,float,dense-64,256,7,success,64
fixture,float,subnormal,4,7,success,1
fixture,float,large-finite,4,7,success,1
preflight,float,23,PASS
sample,float,exterior,relationship,4,0,0,32768,3277,38315600,0,0
sample,float,exterior,relationship,4,0,1,32768,3277,37832400,0,0
sample,float,exterior,relationship,4,0,2,32768,3277,47647400,0,0
sample,float,exterior,relationship,4,0,3,32768,3277,36758800,0,0
sample,float,exterior,relationship,4,0,4,32768,3277,36929500,0,0
sample,float,exterior,relationship,4,0,5,32768,3277,37155900,0,0
sample,float,exterior,relationship,4,0,6,32768,3277,37325900,0,0
summary,float,exterior,relationship,1121.790,1139.096,1454.083
sample,float,exterior,clipping,4,0,0,8192,820,25886700,67895296,16
sample,float,exterior,clipping,4,0,1,8192,820,26213100,67895296,16
sample,float,exterior,clipping,4,0,2,8192,820,25660100,67895296,16
sample,float,exterior,clipping,4,0,3,8192,820,26691800,67895296,16
sample,float,exterior,clipping,4,0,4,8192,820,25851100,67895296,16
sample,float,exterior,clipping,4,0,5,8192,820,26084500,67895296,16
sample,float,exterior,clipping,4,0,6,8192,820,25772000,67895296,16
summary,float,exterior,clipping,3132.336,3159.998,3258.276
sample,float,interior,relationship,4,1,0,32768,3277,36526300,0,0
sample,float,interior,relationship,4,1,1,32768,3277,36657800,0,0
sample,float,interior,relationship,4,1,2,32768,3277,36321000,0,0
sample,float,interior,relationship,4,1,3,32768,3277,37289600,0,0
sample,float,interior,relationship,4,1,4,32768,3277,36380700,0,0
sample,float,interior,relationship,4,1,5,32768,3277,36262200,0,0
sample,float,interior,relationship,4,1,6,32768,3277,36821100,0,0
summary,float,interior,relationship,1106.635,1114.694,1137.988
sample,float,interior,clipping,4,1,0,4096,410,31863800,34144256,8
sample,float,interior,clipping,4,1,1,4096,410,31206100,34144256,8
sample,float,interior,clipping,4,1,2,4096,410,31578100,34144256,8
sample,float,interior,clipping,4,1,3,4096,410,33437000,34144256,8
sample,float,interior,clipping,4,1,4,4096,410,34603500,34144256,8
sample,float,interior,clipping,4,1,5,4096,410,34208700,34144256,8
sample,float,interior,clipping,4,1,6,4096,410,43165600,34144256,8
summary,float,interior,clipping,7618.677,8163.330,10538.477
sample,float,crossing,relationship,4,1,0,32768,3277,37747900,0,0
sample,float,crossing,relationship,4,1,1,32768,3277,37244600,0,0
sample,float,crossing,relationship,4,1,2,32768,3277,38177200,0,0
sample,float,crossing,relationship,4,1,3,32768,3277,37182000,0,0
sample,float,crossing,relationship,4,1,4,32768,3277,37712100,0,0
sample,float,crossing,relationship,4,1,5,32768,3277,37453800,0,0
sample,float,crossing,relationship,4,1,6,32768,3277,37226700,0,0
summary,float,crossing,relationship,1134.705,1142.999,1165.076
sample,float,crossing,clipping,4,1,0,2048,205,38583100,33914880,8
sample,float,crossing,clipping,4,1,1,2048,205,38430200,33914880,8
sample,float,crossing,clipping,4,1,2,2048,205,39871300,33914880,8
sample,float,crossing,clipping,4,1,3,2048,205,38675600,33914880,8
sample,float,crossing,clipping,4,1,4,2048,205,38887200,33914880,8
sample,float,crossing,clipping,4,1,5,2048,205,39171500,33914880,8
sample,float,crossing,clipping,4,1,6,2048,205,38666800,33914880,8
summary,float,crossing,clipping,18764.746,18884.570,19468.408
sample,float,boundary-only,relationship,4,1,0,16384,1639,22598400,0,0
sample,float,boundary-only,relationship,4,1,1,16384,1639,22933600,0,0
sample,float,boundary-only,relationship,4,1,2,16384,1639,22557000,0,0
sample,float,boundary-only,relationship,4,1,3,16384,1639,22626700,0,0
sample,float,boundary-only,relationship,4,1,4,16384,1639,23045100,0,0
sample,float,boundary-only,relationship,4,1,5,16384,1639,22469400,0,0
sample,float,boundary-only,relationship,4,1,6,16384,1639,22731800,0,0
summary,float,boundary-only,relationship,1371.423,1381.024,1406.561
sample,float,boundary-only,clipping,4,1,0,2048,205,30150600,42237952,10
sample,float,boundary-only,clipping,4,1,1,2048,205,28891100,42237952,10
sample,float,boundary-only,clipping,4,1,2,2048,205,25420900,42237952,10
sample,float,boundary-only,clipping,4,1,3,2048,205,24609500,42237952,10
sample,float,boundary-only,clipping,4,1,4,2048,205,25487700,42237952,10
sample,float,boundary-only,clipping,4,1,5,2048,205,24545700,42237952,10
sample,float,boundary-only,clipping,4,1,6,2048,205,25787200,42237952,10
summary,float,boundary-only,clipping,11985.205,12445.166,14721.973
sample,float,boundary-overlap,relationship,4,1,0,16384,1639,30384000,0,0
sample,float,boundary-overlap,relationship,4,1,1,16384,1639,30723800,0,0
sample,float,boundary-overlap,relationship,4,1,2,16384,1639,30963700,0,0
sample,float,boundary-overlap,relationship,4,1,3,16384,1639,31072200,0,0
sample,float,boundary-overlap,relationship,4,1,4,16384,1639,30884600,0,0
sample,float,boundary-overlap,relationship,4,1,5,16384,1639,31500200,0,0
sample,float,boundary-overlap,relationship,4,1,6,16384,1639,32588800,0,0
summary,float,boundary-overlap,relationship,1854.492,1889.874,1989.062
sample,float,boundary-overlap,clipping,4,1,0,2048,205,27664200,42303488,10
sample,float,boundary-overlap,clipping,4,1,1,2048,205,26638900,42303488,10
sample,float,boundary-overlap,clipping,4,1,2,2048,205,27240900,42303488,10
sample,float,boundary-overlap,clipping,4,1,3,2048,205,27554200,42303488,10
sample,float,boundary-overlap,clipping,4,1,4,2048,205,26640300,42303488,10
sample,float,boundary-overlap,clipping,4,1,5,2048,205,27383600,42303488,10
sample,float,boundary-overlap,clipping,4,1,6,2048,205,27560700,42303488,10
summary,float,boundary-overlap,clipping,13007.275,13370.898,13507.910
sample,float,isolated-tangent,relationship,4,0,0,16384,1639,36850100,0,0
sample,float,isolated-tangent,relationship,4,0,1,16384,1639,36236700,0,0
sample,float,isolated-tangent,relationship,4,0,2,16384,1639,36027200,0,0
sample,float,isolated-tangent,relationship,4,0,3,16384,1639,36274700,0,0
sample,float,isolated-tangent,relationship,4,0,4,16384,1639,35778900,0,0
sample,float,isolated-tangent,relationship,4,0,5,16384,1639,36494400,0,0
sample,float,isolated-tangent,relationship,4,0,6,16384,1639,44094600,0,0
summary,float,isolated-tangent,relationship,2183.771,2214.032,2691.321
sample,float,isolated-tangent,clipping,4,0,0,4096,410,25800700,67502080,16
sample,float,isolated-tangent,clipping,4,0,1,4096,410,24939700,67502080,16
sample,float,isolated-tangent,clipping,4,0,2,4096,410,25588400,67502080,16
sample,float,isolated-tangent,clipping,4,0,3,4096,410,25478500,67502080,16
sample,float,isolated-tangent,clipping,4,0,4,4096,410,25422200,67502080,16
sample,float,isolated-tangent,clipping,4,0,5,4096,410,25604600,67502080,16
sample,float,isolated-tangent,clipping,4,0,6,4096,410,25300700,67502080,16
summary,float,isolated-tangent,clipping,6088.794,6220.337,6298.999
sample,float,degenerate-interior,relationship,4,0,0,65536,6554,3154800,0,0
sample,float,degenerate-interior,relationship,4,0,1,65536,6554,3306800,0,0
sample,float,degenerate-interior,relationship,4,0,2,65536,6554,3229300,0,0
sample,float,degenerate-interior,relationship,4,0,3,65536,6554,3166200,0,0
sample,float,degenerate-interior,relationship,4,0,4,65536,6554,3119500,0,0
sample,float,degenerate-interior,relationship,4,0,5,65536,6554,3175100,0,0
sample,float,degenerate-interior,relationship,4,0,6,65536,6554,3174300,0,0
summary,float,degenerate-interior,relationship,47.600,48.436,50.458
sample,float,degenerate-interior,clipping,4,0,0,65536,6554,308000,0,0
sample,float,degenerate-interior,clipping,4,0,1,65536,6554,320700,0,0
sample,float,degenerate-interior,clipping,4,0,2,65536,6554,312800,0,0
sample,float,degenerate-interior,clipping,4,0,3,65536,6554,355800,0,0
sample,float,degenerate-interior,clipping,4,0,4,65536,6554,312900,0,0
sample,float,degenerate-interior,clipping,4,0,5,65536,6554,315900,0,0
sample,float,degenerate-interior,clipping,4,0,6,65536,6554,312900,0,0
summary,float,degenerate-interior,clipping,4.700,4.774,5.429
sample,float,degenerate-boundary,relationship,4,0,0,65536,6554,3234900,0,0
sample,float,degenerate-boundary,relationship,4,0,1,65536,6554,3256400,0,0
sample,float,degenerate-boundary,relationship,4,0,2,65536,6554,3334200,0,0
sample,float,degenerate-boundary,relationship,4,0,3,65536,6554,3198500,0,0
sample,float,degenerate-boundary,relationship,4,0,4,65536,6554,3194100,0,0
sample,float,degenerate-boundary,relationship,4,0,5,65536,6554,3234400,0,0
sample,float,degenerate-boundary,relationship,4,0,6,65536,6554,3421200,0,0
summary,float,degenerate-boundary,relationship,48.738,49.361,52.203
sample,float,degenerate-boundary,clipping,4,0,0,65536,6554,306000,0,0
sample,float,degenerate-boundary,clipping,4,0,1,65536,6554,308300,0,0
sample,float,degenerate-boundary,clipping,4,0,2,65536,6554,305800,0,0
sample,float,degenerate-boundary,clipping,4,0,3,65536,6554,367100,0,0
sample,float,degenerate-boundary,clipping,4,0,4,65536,6554,315300,0,0
sample,float,degenerate-boundary,clipping,4,0,5,65536,6554,313000,0,0
sample,float,degenerate-boundary,clipping,4,0,6,65536,6554,313000,0,0
summary,float,degenerate-boundary,clipping,4.666,4.776,5.602
sample,float,empty,relationship,0,0,0,65536,6554,920300,0,0
sample,float,empty,relationship,0,0,1,65536,6554,967000,0,0
sample,float,empty,relationship,0,0,2,65536,6554,920900,0,0
sample,float,empty,relationship,0,0,3,65536,6554,968000,0,0
sample,float,empty,relationship,0,0,4,65536,6554,985400,0,0
sample,float,empty,relationship,0,0,5,65536,6554,1023600,0,0
sample,float,empty,relationship,0,0,6,65536,6554,928000,0,0
summary,float,empty,relationship,14.043,14.755,15.619
sample,float,empty,clipping,0,0,0,65536,6554,301400,0,0
sample,float,empty,clipping,0,0,1,65536,6554,367500,0,0
sample,float,empty,clipping,0,0,2,65536,6554,305500,0,0
sample,float,empty,clipping,0,0,3,65536,6554,305600,0,0
sample,float,empty,clipping,0,0,4,65536,6554,343800,0,0
sample,float,empty,clipping,0,0,5,65536,6554,452300,0,0
sample,float,empty,clipping,0,0,6,65536,6554,305500,0,0
summary,float,empty,clipping,4.599,4.663,6.902
sample,float,concave-u,relationship,8,2,0,8192,820,24898900,0,0
sample,float,concave-u,relationship,8,2,1,8192,820,24742900,0,0
sample,float,concave-u,relationship,8,2,2,8192,820,25188600,0,0
sample,float,concave-u,relationship,8,2,3,8192,820,24840300,0,0
sample,float,concave-u,relationship,8,2,4,8192,820,26374600,0,0
sample,float,concave-u,relationship,8,2,5,8192,820,25492400,0,0
sample,float,concave-u,relationship,8,2,6,8192,820,25391100,0,0
summary,float,concave-u,relationship,3020.374,3074.780,3219.556
sample,float,concave-u,clipping,8,2,0,512,52,21285300,12713984,3
sample,float,concave-u,clipping,8,2,1,512,52,21335600,12713984,3
sample,float,concave-u,clipping,8,2,2,512,52,21358300,12713984,3
sample,float,concave-u,clipping,8,2,3,512,52,21235200,12713984,3
sample,float,concave-u,clipping,8,2,4,512,52,20827800,12713984,3
sample,float,concave-u,clipping,8,2,5,512,52,21015600,12713984,3
sample,float,concave-u,clipping,8,2,6,512,52,21014200,12713984,3
summary,float,concave-u,clipping,40679.297,41475.000,41715.430
sample,float,hole,relationship,8,2,0,8192,820,25650300,0,0
sample,float,hole,relationship,8,2,1,8192,820,25735900,0,0
sample,float,hole,relationship,8,2,2,8192,820,30968800,0,0
sample,float,hole,relationship,8,2,3,8192,820,26007300,0,0
sample,float,hole,relationship,8,2,4,8192,820,27458000,0,0
sample,float,hole,relationship,8,2,5,8192,820,26874100,0,0
sample,float,hole,relationship,8,2,6,8192,820,26934800,0,0
summary,float,hole,relationship,3131.140,3280.530,3780.371
sample,float,hole,clipping,8,2,0,512,52,22623600,12713984,3
sample,float,hole,clipping,8,2,1,512,52,22995000,12713984,3
sample,float,hole,clipping,8,2,2,512,52,22689000,12713984,3
sample,float,hole,clipping,8,2,3,512,52,23109700,12713984,3
sample,float,hole,clipping,8,2,4,512,52,22304800,12713984,3
sample,float,hole,clipping,8,2,5,512,52,22250300,12713984,3
sample,float,hole,clipping,8,2,6,512,52,23056300,12713984,3
summary,float,hole,clipping,43457.617,44314.453,45136.133
sample,float,hole-reversed,relationship,8,2,0,8192,820,27234200,0,0
sample,float,hole-reversed,relationship,8,2,1,8192,820,26618000,0,0
sample,float,hole-reversed,relationship,8,2,2,8192,820,27388700,0,0
sample,float,hole-reversed,relationship,8,2,3,8192,820,27630100,0,0
sample,float,hole-reversed,relationship,8,2,4,8192,820,27545000,0,0
sample,float,hole-reversed,relationship,8,2,5,8192,820,27303000,0,0
sample,float,hole-reversed,relationship,8,2,6,8192,820,26965300,0,0
summary,float,hole-reversed,relationship,3249.268,3332.886,3372.815
sample,float,hole-reversed,clipping,8,2,0,512,52,22711500,12713984,3
sample,float,hole-reversed,clipping,8,2,1,512,52,22388100,12713984,3
sample,float,hole-reversed,clipping,8,2,2,512,52,22486800,12713984,3
sample,float,hole-reversed,clipping,8,2,3,512,52,22884800,12713984,3
sample,float,hole-reversed,clipping,8,2,4,512,52,22376900,12713984,3
sample,float,hole-reversed,clipping,8,2,5,512,52,22560700,12713984,3
sample,float,hole-reversed,clipping,8,2,6,512,52,22783000,12713984,3
summary,float,hole-reversed,clipping,43704.883,44063.867,44696.875
sample,float,rational-crossing,relationship,3,1,0,32768,3277,28153100,0,0
sample,float,rational-crossing,relationship,3,1,1,32768,3277,28135100,0,0
sample,float,rational-crossing,relationship,3,1,2,32768,3277,26725800,0,0
sample,float,rational-crossing,relationship,3,1,3,32768,3277,26943900,0,0
sample,float,rational-crossing,relationship,3,1,4,32768,3277,26352400,0,0
sample,float,rational-crossing,relationship,3,1,5,32768,3277,27070300,0,0
sample,float,rational-crossing,relationship,3,1,6,32768,3277,26511900,0,0
summary,float,rational-crossing,relationship,804.211,822.263,859.164
sample,float,rational-crossing,clipping,3,1,0,2048,205,40365300,33914880,8
sample,float,rational-crossing,clipping,3,1,1,2048,205,46533900,33914880,8
sample,float,rational-crossing,clipping,3,1,2,2048,205,38506500,33914880,8
sample,float,rational-crossing,clipping,3,1,3,2048,205,38925000,33914880,8
sample,float,rational-crossing,clipping,3,1,4,2048,205,38534400,33914880,8
sample,float,rational-crossing,clipping,3,1,5,2048,205,38506200,33914880,8
sample,float,rational-crossing,clipping,3,1,6,2048,205,38862200,33914880,8
summary,float,rational-crossing,clipping,18801.855,18975.684,22721.631
sample,float,sparse-1,relationship,4,1,0,32768,3277,38422600,0,0
sample,float,sparse-1,relationship,4,1,1,32768,3277,37994900,0,0
sample,float,sparse-1,relationship,4,1,2,32768,3277,37042800,0,0
sample,float,sparse-1,relationship,4,1,3,32768,3277,37031000,0,0
sample,float,sparse-1,relationship,4,1,4,32768,3277,37865800,0,0
sample,float,sparse-1,relationship,4,1,5,32768,3277,38440800,0,0
sample,float,sparse-1,relationship,4,1,6,32768,3277,37634200,0,0
summary,float,sparse-1,relationship,1130.096,1155.573,1173.120
sample,float,sparse-1,clipping,4,1,0,1024,103,19686300,16957440,4
sample,float,sparse-1,clipping,4,1,1,1024,103,19585300,16957440,4
sample,float,sparse-1,clipping,4,1,2,1024,103,19716900,16957440,4
sample,float,sparse-1,clipping,4,1,3,1024,103,19833600,16957440,4
sample,float,sparse-1,clipping,4,1,4,1024,103,20417900,16957440,4
sample,float,sparse-1,clipping,4,1,5,1024,103,19806700,16957440,4
sample,float,sparse-1,clipping,4,1,6,1024,103,19772600,16957440,4
summary,float,sparse-1,clipping,19126.270,19309.180,19939.355
sample,float,sparse-4,relationship,16,1,0,4096,410,22468900,0,0
sample,float,sparse-4,relationship,16,1,1,4096,410,22636600,0,0
sample,float,sparse-4,relationship,16,1,2,4096,410,21750400,0,0
sample,float,sparse-4,relationship,16,1,3,4096,410,21954300,0,0
sample,float,sparse-4,relationship,16,1,4,4096,410,22665000,0,0
sample,float,sparse-4,relationship,16,1,5,4096,410,21804600,0,0
sample,float,sparse-4,relationship,16,1,6,4096,410,21439500,0,0
summary,float,sparse-4,relationship,5234.253,5359.937,5533.447
sample,float,sparse-4,clipping,16,1,0,1024,103,33002000,16957440,4
sample,float,sparse-4,clipping,16,1,1,1024,103,23503200,16957440,4
sample,float,sparse-4,clipping,16,1,2,1024,103,23529600,16957440,4
sample,float,sparse-4,clipping,16,1,3,1024,103,23941700,16957440,4
sample,float,sparse-4,clipping,16,1,4,1024,103,23903700,16957440,4
sample,float,sparse-4,clipping,16,1,5,1024,103,23596900,16957440,4
sample,float,sparse-4,clipping,16,1,6,1024,103,23622400,16957440,4
summary,float,sparse-4,clipping,22952.344,23068.750,32228.516
sample,float,sparse-16,relationship,64,1,0,1024,103,21563800,0,0
sample,float,sparse-16,relationship,64,1,1,1024,103,20834800,0,0
sample,float,sparse-16,relationship,64,1,2,1024,103,20822900,0,0
sample,float,sparse-16,relationship,64,1,3,1024,103,21136900,0,0
sample,float,sparse-16,relationship,64,1,4,1024,103,21144800,0,0
sample,float,sparse-16,relationship,64,1,5,1024,103,21114900,0,0
sample,float,sparse-16,relationship,64,1,6,1024,103,21830300,0,0
summary,float,sparse-16,relationship,20334.863,20641.504,21318.652
sample,float,sparse-16,clipping,64,1,0,512,52,25242000,8478720,2
sample,float,sparse-16,clipping,64,1,1,512,52,24275600,8478720,2
sample,float,sparse-16,clipping,64,1,2,512,52,24030500,8478720,2
sample,float,sparse-16,clipping,64,1,3,512,52,24231000,8478720,2
sample,float,sparse-16,clipping,64,1,4,512,52,24523300,8478720,2
sample,float,sparse-16,clipping,64,1,5,512,52,24547100,8478720,2
sample,float,sparse-16,clipping,64,1,6,512,52,24327200,8478720,2
summary,float,sparse-16,clipping,46934.570,47514.062,49300.781
sample,float,sparse-64,relationship,256,1,0,256,26,21543400,0,0
sample,float,sparse-64,relationship,256,1,1,256,26,22293600,0,0
sample,float,sparse-64,relationship,256,1,2,256,26,22264000,0,0
sample,float,sparse-64,relationship,256,1,3,256,26,25106500,0,0
sample,float,sparse-64,relationship,256,1,4,256,26,22183100,0,0
sample,float,sparse-64,relationship,256,1,5,256,26,23212900,0,0
sample,float,sparse-64,relationship,256,1,6,256,26,22460800,0,0
summary,float,sparse-64,relationship,84153.906,87084.375,98072.266
sample,float,sparse-64,clipping,256,1,0,256,26,35327800,4239360,1
sample,float,sparse-64,clipping,256,1,1,256,26,35224700,4239360,1
sample,float,sparse-64,clipping,256,1,2,256,26,35439000,4239360,1
sample,float,sparse-64,clipping,256,1,3,256,26,35120200,4239360,1
sample,float,sparse-64,clipping,256,1,4,256,26,46101400,4239360,1
sample,float,sparse-64,clipping,256,1,5,256,26,56016300,4239360,1
sample,float,sparse-64,clipping,256,1,6,256,26,46984600,4239360,1
summary,float,sparse-64,clipping,137188.281,138433.594,218813.672
sample,float,dense-1,relationship,4,1,0,32768,3277,40269900,0,0
sample,float,dense-1,relationship,4,1,1,32768,3277,40513400,0,0
sample,float,dense-1,relationship,4,1,2,32768,3277,39724900,0,0
sample,float,dense-1,relationship,4,1,3,32768,3277,39682900,0,0
sample,float,dense-1,relationship,4,1,4,32768,3277,40197500,0,0
sample,float,dense-1,relationship,4,1,5,32768,3277,41070200,0,0
sample,float,dense-1,relationship,4,1,6,32768,3277,40969900,0,0
summary,float,dense-1,relationship,1211.026,1228.940,1253.363
sample,float,dense-1,clipping,4,1,0,1024,103,24833500,16957440,4
sample,float,dense-1,clipping,4,1,1,1024,103,21796100,16957440,4
sample,float,dense-1,clipping,4,1,2,1024,103,21286800,16957440,4
sample,float,dense-1,clipping,4,1,3,1024,103,22271400,16957440,4
sample,float,dense-1,clipping,4,1,4,1024,103,21217100,16957440,4
sample,float,dense-1,clipping,4,1,5,1024,103,23036800,16957440,4
sample,float,dense-1,clipping,4,1,6,1024,103,23369200,16957440,4
summary,float,dense-1,clipping,20719.824,21749.414,24251.465
sample,float,dense-4,relationship,16,4,0,4096,410,31672200,0,0
sample,float,dense-4,relationship,16,4,1,4096,410,35576700,0,0
sample,float,dense-4,relationship,16,4,2,4096,410,34625000,0,0
sample,float,dense-4,relationship,16,4,3,4096,410,35456600,0,0
sample,float,dense-4,relationship,16,4,4,4096,410,35913700,0,0
sample,float,dense-4,relationship,16,4,5,4096,410,33975900,0,0
sample,float,dense-4,relationship,16,4,6,4096,410,45722600,0,0
summary,float,dense-4,relationship,7732.471,8656.396,11162.744
sample,float,dense-4,clipping,16,4,0,256,26,27373800,10588160,2
sample,float,dense-4,clipping,16,4,1,256,26,27677700,10588160,2
sample,float,dense-4,clipping,16,4,2,256,26,26987300,10588160,2
sample,float,dense-4,clipping,16,4,3,256,26,26137300,10588160,2
sample,float,dense-4,clipping,16,4,4,256,26,25614900,10588160,2
sample,float,dense-4,clipping,16,4,5,256,26,25206900,10588160,2
sample,float,dense-4,clipping,16,4,6,256,26,24787600,10588160,2
summary,float,dense-4,clipping,96826.562,102098.828,108116.016
sample,float,dense-16,relationship,64,16,0,1024,103,32972000,0,0
sample,float,dense-16,relationship,64,16,1,1024,103,32964200,0,0
sample,float,dense-16,relationship,64,16,2,1024,103,33230200,0,0
sample,float,dense-16,relationship,64,16,3,1024,103,32575000,0,0
sample,float,dense-16,relationship,64,16,4,1024,103,31892200,0,0
sample,float,dense-16,relationship,64,16,5,1024,103,33460300,0,0
sample,float,dense-16,relationship,64,16,6,1024,103,32308200,0,0
summary,float,dense-16,relationship,31144.727,32191.602,32676.074
sample,float,dense-16,clipping,64,16,0,64,7,29939300,9280512,2
sample,float,dense-16,clipping,64,16,1,64,7,29753100,9280512,2
sample,float,dense-16,clipping,64,16,2,64,7,29795500,9280512,2
sample,float,dense-16,clipping,64,16,3,64,7,29827600,9280512,2
sample,float,dense-16,clipping,64,16,4,64,7,30684200,9280512,2
sample,float,dense-16,clipping,64,16,5,64,7,29884100,9280512,2
sample,float,dense-16,clipping,64,16,6,64,7,29482100,9280512,2
summary,float,dense-16,clipping,460657.812,466056.250,479440.625
sample,float,dense-64,relationship,256,64,0,256,26,32394600,0,0
sample,float,dense-64,relationship,256,64,1,256,26,31873500,0,0
sample,float,dense-64,relationship,256,64,2,256,26,33449900,0,0
sample,float,dense-64,relationship,256,64,3,256,26,40042800,0,0
sample,float,dense-64,relationship,256,64,4,256,26,32456200,0,0
sample,float,dense-64,relationship,256,64,5,256,26,31813000,0,0
sample,float,dense-64,relationship,256,64,6,256,26,32775000,0,0
summary,float,dense-64,relationship,124269.531,126782.031,156417.188
sample,float,dense-64,clipping,256,64,0,16,2,34507700,8896512,2
sample,float,dense-64,clipping,256,64,1,16,2,33519200,8896512,2
sample,float,dense-64,clipping,256,64,2,16,2,32884300,8896512,2
sample,float,dense-64,clipping,256,64,3,16,2,32678800,8896512,2
sample,float,dense-64,clipping,256,64,4,16,2,34291900,8896512,2
sample,float,dense-64,clipping,256,64,5,16,2,32657400,8896512,2
sample,float,dense-64,clipping,256,64,6,16,2,32382100,8896512,2
summary,float,dense-64,clipping,2023881.250,2055268.750,2156731.250
sample,float,subnormal,relationship,4,1,0,32768,3277,36329200,0,0
sample,float,subnormal,relationship,4,1,1,32768,3277,35923700,0,0
sample,float,subnormal,relationship,4,1,2,32768,3277,35821800,0,0
sample,float,subnormal,relationship,4,1,3,32768,3277,35783600,0,0
sample,float,subnormal,relationship,4,1,4,32768,3277,35885100,0,0
sample,float,subnormal,relationship,4,1,5,32768,3277,35898400,0,0
sample,float,subnormal,relationship,4,1,6,32768,3277,38490100,0,0
summary,float,subnormal,relationship,1092.029,1095.532,1174.625
sample,float,subnormal,clipping,4,1,0,2048,205,40208700,33914880,8
sample,float,subnormal,clipping,4,1,1,2048,205,39133700,33914880,8
sample,float,subnormal,clipping,4,1,2,2048,205,40679200,33914880,8
sample,float,subnormal,clipping,4,1,3,2048,205,52876700,33914880,8
sample,float,subnormal,clipping,4,1,4,2048,205,39992600,33914880,8
sample,float,subnormal,clipping,4,1,5,2048,205,40164200,33914880,8
sample,float,subnormal,clipping,4,1,6,2048,205,39051300,33914880,8
summary,float,subnormal,clipping,19068.018,19611.426,25818.701
sample,float,large-finite,relationship,4,1,0,16384,1639,19780400,0,0
sample,float,large-finite,relationship,4,1,1,16384,1639,19765800,0,0
sample,float,large-finite,relationship,4,1,2,16384,1639,19095900,0,0
sample,float,large-finite,relationship,4,1,3,16384,1639,20578400,0,0
sample,float,large-finite,relationship,4,1,4,16384,1639,19821700,0,0
sample,float,large-finite,relationship,4,1,5,16384,1639,19153800,0,0
sample,float,large-finite,relationship,4,1,6,16384,1639,19726300,0,0
summary,float,large-finite,relationship,1165.521,1206.409,1256.006
sample,float,large-finite,clipping,4,1,0,1024,103,22258800,16957440,4
sample,float,large-finite,clipping,4,1,1,1024,103,23458600,16957440,4
sample,float,large-finite,clipping,4,1,2,1024,103,21611100,16957440,4
sample,float,large-finite,clipping,4,1,3,1024,103,21071300,16957440,4
sample,float,large-finite,clipping,4,1,4,1024,103,21134600,16957440,4
sample,float,large-finite,clipping,4,1,5,1024,103,20755500,16957440,4
sample,float,large-finite,clipping,4,1,6,1024,103,24269400,16957440,4
summary,float,large-finite,clipping,20269.043,21104.590,23700.586
fixture,double,exterior,4,1,success,0
fixture,double,interior,4,4,success,1
fixture,double,crossing,4,7,success,1
fixture,double,boundary-only,4,10,success,1
fixture,double,boundary-overlap,4,11,success,1
fixture,double,isolated-tangent,4,3,success,0
fixture,double,degenerate-interior,4,4,success,0
fixture,double,degenerate-boundary,4,2,success,0
fixture,double,empty,0,1,success,0
fixture,double,concave-u,8,7,success,2
fixture,double,hole,8,7,success,2
fixture,double,hole-reversed,8,7,success,2
fixture,double,rational-crossing,3,7,success,1
fixture,double,sparse-1,4,7,success,1
fixture,double,sparse-4,16,7,success,1
fixture,double,sparse-16,64,7,success,1
fixture,double,sparse-64,256,7,success,1
fixture,double,dense-1,4,7,success,1
fixture,double,dense-4,16,7,success,4
fixture,double,dense-16,64,7,success,16
fixture,double,dense-64,256,7,success,64
fixture,double,subnormal,4,7,success,1
fixture,double,large-finite,4,7,success,1
preflight,double,23,PASS
sample,double,exterior,relationship,4,0,0,16384,1639,19922100,0,0
sample,double,exterior,relationship,4,0,1,16384,1639,19362100,0,0
sample,double,exterior,relationship,4,0,2,16384,1639,19759700,0,0
sample,double,exterior,relationship,4,0,3,16384,1639,19579200,0,0
sample,double,exterior,relationship,4,0,4,16384,1639,19674400,0,0
sample,double,exterior,relationship,4,0,5,16384,1639,19034200,0,0
sample,double,exterior,relationship,4,0,6,16384,1639,19123600,0,0
summary,double,exterior,relationship,1161.755,1195.020,1215.948
sample,double,exterior,clipping,4,0,0,8192,820,33779100,67895296,16
sample,double,exterior,clipping,4,0,1,8192,820,31926600,67895296,16
sample,double,exterior,clipping,4,0,2,8192,820,31492200,67895296,16
sample,double,exterior,clipping,4,0,3,8192,820,32051400,67895296,16
sample,double,exterior,clipping,4,0,4,8192,820,31298500,67895296,16
sample,double,exterior,clipping,4,0,5,8192,820,32149300,67895296,16
sample,double,exterior,clipping,4,0,6,8192,820,34172000,67895296,16
summary,double,exterior,clipping,3820.618,3912.524,4171.387
sample,double,interior,relationship,4,1,0,32768,3277,39206700,0,0
sample,double,interior,relationship,4,1,1,32768,3277,40644500,0,0
sample,double,interior,relationship,4,1,2,32768,3277,38474500,0,0
sample,double,interior,relationship,4,1,3,32768,3277,37861600,0,0
sample,double,interior,relationship,4,1,4,32768,3277,38606900,0,0
sample,double,interior,relationship,4,1,5,32768,3277,38468800,0,0
sample,double,interior,relationship,4,1,6,32768,3277,37208300,0,0
summary,double,interior,relationship,1135.507,1174.149,1240.372
sample,double,interior,clipping,4,1,0,2048,205,21667200,17072128,4
sample,double,interior,clipping,4,1,1,2048,205,20830600,17072128,4
sample,double,interior,clipping,4,1,2,2048,205,19878100,17072128,4
sample,double,interior,clipping,4,1,3,2048,205,19369200,17072128,4
sample,double,interior,clipping,4,1,4,2048,205,19542300,17072128,4
sample,double,interior,clipping,4,1,5,2048,205,19649500,17072128,4
sample,double,interior,clipping,4,1,6,2048,205,25530400,17072128,4
summary,double,interior,clipping,9457.617,9706.104,12466.016
sample,double,crossing,relationship,4,1,0,16384,1639,19428200,0,0
sample,double,crossing,relationship,4,1,1,16384,1639,19502700,0,0
sample,double,crossing,relationship,4,1,2,16384,1639,21257900,0,0
sample,double,crossing,relationship,4,1,3,16384,1639,20911100,0,0
sample,double,crossing,relationship,4,1,4,16384,1639,20477600,0,0
sample,double,crossing,relationship,4,1,5,16384,1639,19355200,0,0
sample,double,crossing,relationship,4,1,6,16384,1639,19378600,0,0
summary,double,crossing,relationship,1181.348,1190.350,1297.479
sample,double,crossing,clipping,4,1,0,1024,103,23686800,16957440,4
sample,double,crossing,clipping,4,1,1,1024,103,21731900,16957440,4
sample,double,crossing,clipping,4,1,2,1024,103,21058800,16957440,4
sample,double,crossing,clipping,4,1,3,1024,103,20407400,16957440,4
sample,double,crossing,clipping,4,1,4,1024,103,19226200,16957440,4
sample,double,crossing,clipping,4,1,5,1024,103,19187300,16957440,4
sample,double,crossing,clipping,4,1,6,1024,103,19269600,16957440,4
summary,double,crossing,clipping,18737.598,19929.102,23131.641
sample,double,boundary-only,relationship,4,1,0,16384,1639,20675000,0,0
sample,double,boundary-only,relationship,4,1,1,16384,1639,21852800,0,0
sample,double,boundary-only,relationship,4,1,2,16384,1639,33266500,0,0
sample,double,boundary-only,relationship,4,1,3,16384,1639,21903200,0,0
sample,double,boundary-only,relationship,4,1,4,16384,1639,21654800,0,0
sample,double,boundary-only,relationship,4,1,5,16384,1639,21641700,0,0
sample,double,boundary-only,relationship,4,1,6,16384,1639,21677900,0,0
summary,double,boundary-only,relationship,1261.902,1323.114,2030.426
sample,double,boundary-only,clipping,4,1,0,2048,205,25683600,42237952,10
sample,double,boundary-only,clipping,4,1,1,2048,205,24521600,42237952,10
sample,double,boundary-only,clipping,4,1,2,2048,205,24171600,42237952,10
sample,double,boundary-only,clipping,4,1,3,2048,205,24061600,42237952,10
sample,double,boundary-only,clipping,4,1,4,2048,205,24054300,42237952,10
sample,double,boundary-only,clipping,4,1,5,2048,205,23982400,42237952,10
sample,double,boundary-only,clipping,4,1,6,2048,205,23879900,42237952,10
summary,double,boundary-only,clipping,11660.107,11748.828,12540.820
sample,double,boundary-overlap,relationship,4,1,0,16384,1639,28536000,0,0
sample,double,boundary-overlap,relationship,4,1,1,16384,1639,27779200,0,0
sample,double,boundary-overlap,relationship,4,1,2,16384,1639,27768300,0,0
sample,double,boundary-overlap,relationship,4,1,3,16384,1639,28163500,0,0
sample,double,boundary-overlap,relationship,4,1,4,16384,1639,27515200,0,0
sample,double,boundary-overlap,relationship,4,1,5,16384,1639,27221200,0,0
sample,double,boundary-overlap,relationship,4,1,6,16384,1639,27923700,0,0
summary,double,boundary-overlap,relationship,1661.450,1695.508,1741.699
sample,double,boundary-overlap,clipping,4,1,0,2048,205,25383500,42303488,10
sample,double,boundary-overlap,clipping,4,1,1,2048,205,25692600,42303488,10
sample,double,boundary-overlap,clipping,4,1,2,2048,205,33173000,42303488,10
sample,double,boundary-overlap,clipping,4,1,3,2048,205,30388300,42303488,10
sample,double,boundary-overlap,clipping,4,1,4,2048,205,31896900,42303488,10
sample,double,boundary-overlap,clipping,4,1,5,2048,205,31232900,42303488,10
sample,double,boundary-overlap,clipping,4,1,6,2048,205,30947700,42303488,10
summary,double,boundary-overlap,clipping,12394.287,15111.182,16197.754
sample,double,isolated-tangent,relationship,4,0,0,16384,1639,36066400,0,0
sample,double,isolated-tangent,relationship,4,0,1,16384,1639,36601500,0,0
sample,double,isolated-tangent,relationship,4,0,2,16384,1639,46171700,0,0
sample,double,isolated-tangent,relationship,4,0,3,16384,1639,36461700,0,0
sample,double,isolated-tangent,relationship,4,0,4,16384,1639,36253600,0,0
sample,double,isolated-tangent,relationship,4,0,5,16384,1639,35857300,0,0
sample,double,isolated-tangent,relationship,4,0,6,16384,1639,36523000,0,0
summary,double,isolated-tangent,relationship,2188.556,2225.446,2818.097
sample,double,isolated-tangent,clipping,4,0,0,4096,410,31968900,67502080,16
sample,double,isolated-tangent,clipping,4,0,1,4096,410,32069800,67502080,16
sample,double,isolated-tangent,clipping,4,0,2,4096,410,32044700,67502080,16
sample,double,isolated-tangent,clipping,4,0,3,4096,410,32508700,67502080,16
sample,double,isolated-tangent,clipping,4,0,4,4096,410,33134900,67502080,16
sample,double,isolated-tangent,clipping,4,0,5,4096,410,33131600,67502080,16
sample,double,isolated-tangent,clipping,4,0,6,4096,410,31955400,67502080,16
summary,double,isolated-tangent,clipping,7801.611,7829.541,8089.575
sample,double,degenerate-interior,relationship,4,0,0,65536,6554,3677300,0,0
sample,double,degenerate-interior,relationship,4,0,1,65536,6554,3480700,0,0
sample,double,degenerate-interior,relationship,4,0,2,65536,6554,3221000,0,0
sample,double,degenerate-interior,relationship,4,0,3,65536,6554,3476000,0,0
sample,double,degenerate-interior,relationship,4,0,4,65536,6554,3859300,0,0
sample,double,degenerate-interior,relationship,4,0,5,65536,6554,3613000,0,0
sample,double,degenerate-interior,relationship,4,0,6,65536,6554,3367700,0,0
summary,double,degenerate-interior,relationship,49.149,53.111,58.888
sample,double,degenerate-interior,clipping,4,0,0,65536,6554,295500,0,0
sample,double,degenerate-interior,clipping,4,0,1,65536,6554,288400,0,0
sample,double,degenerate-interior,clipping,4,0,2,65536,6554,336500,0,0
sample,double,degenerate-interior,clipping,4,0,3,65536,6554,367500,0,0
sample,double,degenerate-interior,clipping,4,0,4,65536,6554,336500,0,0
sample,double,degenerate-interior,clipping,4,0,5,65536,6554,336500,0,0
sample,double,degenerate-interior,clipping,4,0,6,65536,6554,294200,0,0
summary,double,degenerate-interior,clipping,4.401,5.135,5.608
sample,double,degenerate-boundary,relationship,4,0,0,65536,6554,3180500,0,0
sample,double,degenerate-boundary,relationship,4,0,1,65536,6554,3407700,0,0
sample,double,degenerate-boundary,relationship,4,0,2,65536,6554,3152300,0,0
sample,double,degenerate-boundary,relationship,4,0,3,65536,6554,3294200,0,0
sample,double,degenerate-boundary,relationship,4,0,4,65536,6554,3606100,0,0
sample,double,degenerate-boundary,relationship,4,0,5,65536,6554,3443600,0,0
sample,double,degenerate-boundary,relationship,4,0,6,65536,6554,3161400,0,0
summary,double,degenerate-boundary,relationship,48.100,50.266,55.025
sample,double,degenerate-boundary,clipping,4,0,0,65536,6554,288400,0,0
sample,double,degenerate-boundary,clipping,4,0,1,65536,6554,300400,0,0
sample,double,degenerate-boundary,clipping,4,0,2,65536,6554,288400,0,0
sample,double,degenerate-boundary,clipping,4,0,3,65536,6554,336000,0,0
sample,double,degenerate-boundary,clipping,4,0,4,65536,6554,322600,0,0
sample,double,degenerate-boundary,clipping,4,0,5,65536,6554,288400,0,0
sample,double,degenerate-boundary,clipping,4,0,6,65536,6554,336400,0,0
summary,double,degenerate-boundary,clipping,4.401,4.584,5.133
sample,double,empty,relationship,0,0,0,65536,6554,1163600,0,0
sample,double,empty,relationship,0,0,1,65536,6554,1276600,0,0
sample,double,empty,relationship,0,0,2,65536,6554,1173300,0,0
sample,double,empty,relationship,0,0,3,65536,6554,1115700,0,0
sample,double,empty,relationship,0,0,4,65536,6554,1101900,0,0
sample,double,empty,relationship,0,0,5,65536,6554,1345000,0,0
sample,double,empty,relationship,0,0,6,65536,6554,1106300,0,0
summary,double,empty,relationship,16.814,17.755,20.523
sample,double,empty,clipping,0,0,0,65536,6554,336500,0,0
sample,double,empty,clipping,0,0,1,65536,6554,288400,0,0
sample,double,empty,clipping,0,0,2,65536,6554,292500,0,0
sample,double,empty,clipping,0,0,3,65536,6554,335200,0,0
sample,double,empty,clipping,0,0,4,65536,6554,291300,0,0
sample,double,empty,clipping,0,0,5,65536,6554,288400,0,0
sample,double,empty,clipping,0,0,6,65536,6554,288400,0,0
summary,double,empty,clipping,4.401,4.445,5.135
sample,double,concave-u,relationship,8,2,0,8192,820,27047200,0,0
sample,double,concave-u,relationship,8,2,1,8192,820,27804200,0,0
sample,double,concave-u,relationship,8,2,2,8192,820,26563800,0,0
sample,double,concave-u,relationship,8,2,3,8192,820,26652400,0,0
sample,double,concave-u,relationship,8,2,4,8192,820,26561800,0,0
sample,double,concave-u,relationship,8,2,5,8192,820,26584500,0,0
sample,double,concave-u,relationship,8,2,6,8192,820,26656200,0,0
summary,double,concave-u,relationship,3242.407,3253.467,3394.067
sample,double,concave-u,clipping,8,2,0,512,52,24817800,12713984,3
sample,double,concave-u,clipping,8,2,1,512,52,24476200,12713984,3
sample,double,concave-u,clipping,8,2,2,512,52,24799400,12713984,3
sample,double,concave-u,clipping,8,2,3,512,52,24745000,12713984,3
sample,double,concave-u,clipping,8,2,4,512,52,25688200,12713984,3
sample,double,concave-u,clipping,8,2,5,512,52,25513000,12713984,3
sample,double,concave-u,clipping,8,2,6,512,52,25017700,12713984,3
summary,double,concave-u,clipping,47805.078,48472.266,50172.266
sample,double,hole,relationship,8,2,0,8192,820,27176200,0,0
sample,double,hole,relationship,8,2,1,8192,820,26839500,0,0
sample,double,hole,relationship,8,2,2,8192,820,27029200,0,0
sample,double,hole,relationship,8,2,3,8192,820,26291200,0,0
sample,double,hole,relationship,8,2,4,8192,820,26500500,0,0
sample,double,hole,relationship,8,2,5,8192,820,26910900,0,0
sample,double,hole,relationship,8,2,6,8192,820,26784900,0,0
summary,double,hole,relationship,3209.375,3276.306,3317.407
sample,double,hole,clipping,8,2,0,512,52,24669500,12713984,3
sample,double,hole,clipping,8,2,1,512,52,24413300,12713984,3
sample,double,hole,clipping,8,2,2,512,52,26394700,12713984,3
sample,double,hole,clipping,8,2,3,512,52,24665600,12713984,3
sample,double,hole,clipping,8,2,4,512,52,25655800,12713984,3
sample,double,hole,clipping,8,2,5,512,52,23947900,12713984,3
sample,double,hole,clipping,8,2,6,512,52,27147300,12713984,3
summary,double,hole,clipping,46773.242,48182.617,53022.070
sample,double,hole-reversed,relationship,8,2,0,8192,820,27439300,0,0
sample,double,hole-reversed,relationship,8,2,1,8192,820,26580700,0,0
sample,double,hole-reversed,relationship,8,2,2,8192,820,27267600,0,0
sample,double,hole-reversed,relationship,8,2,3,8192,820,27287800,0,0
sample,double,hole-reversed,relationship,8,2,4,8192,820,26630300,0,0
sample,double,hole-reversed,relationship,8,2,5,8192,820,27365800,0,0
sample,double,hole-reversed,relationship,8,2,6,8192,820,27120900,0,0
summary,double,hole-reversed,relationship,3244.714,3328.564,3349.524
sample,double,hole-reversed,clipping,8,2,0,512,52,22547700,12713984,3
sample,double,hole-reversed,clipping,8,2,1,512,52,22355600,12713984,3
sample,double,hole-reversed,clipping,8,2,2,512,52,22493000,12713984,3
sample,double,hole-reversed,clipping,8,2,3,512,52,22341700,12713984,3
sample,double,hole-reversed,clipping,8,2,4,512,52,21892200,12713984,3
sample,double,hole-reversed,clipping,8,2,5,512,52,21564600,12713984,3
sample,double,hole-reversed,clipping,8,2,6,512,52,21615800,12713984,3
summary,double,hole-reversed,clipping,42118.359,43636.133,44038.477
sample,double,rational-crossing,relationship,3,1,0,32768,3277,24096000,0,0
sample,double,rational-crossing,relationship,3,1,1,32768,3277,33154200,0,0
sample,double,rational-crossing,relationship,3,1,2,32768,3277,23994700,0,0
sample,double,rational-crossing,relationship,3,1,3,32768,3277,23945600,0,0
sample,double,rational-crossing,relationship,3,1,4,32768,3277,23959600,0,0
sample,double,rational-crossing,relationship,3,1,5,32768,3277,23805700,0,0
sample,double,rational-crossing,relationship,3,1,6,32768,3277,24725100,0,0
summary,double,rational-crossing,relationship,726.492,732.260,1011.786
sample,double,rational-crossing,clipping,3,1,0,2048,205,37672400,33914880,8
sample,double,rational-crossing,clipping,3,1,1,2048,205,37763800,33914880,8
sample,double,rational-crossing,clipping,3,1,2,2048,205,42076800,33914880,8
sample,double,rational-crossing,clipping,3,1,3,2048,205,38447900,33914880,8
sample,double,rational-crossing,clipping,3,1,4,2048,205,37755200,33914880,8
sample,double,rational-crossing,clipping,3,1,5,2048,205,37711700,33914880,8
sample,double,rational-crossing,clipping,3,1,6,2048,205,37479600,33914880,8
summary,double,rational-crossing,clipping,18300.586,18435.156,20545.312
sample,double,sparse-1,relationship,4,1,0,32768,3277,34470800,0,0
sample,double,sparse-1,relationship,4,1,1,32768,3277,36526200,0,0
sample,double,sparse-1,relationship,4,1,2,32768,3277,39886000,0,0
sample,double,sparse-1,relationship,4,1,3,32768,3277,36729400,0,0
sample,double,sparse-1,relationship,4,1,4,32768,3277,36753500,0,0
sample,double,sparse-1,relationship,4,1,5,32768,3277,37010700,0,0
sample,double,sparse-1,relationship,4,1,6,32768,3277,37324200,0,0
summary,double,sparse-1,relationship,1051.965,1121.628,1217.224
sample,double,sparse-1,clipping,4,1,0,1024,103,21869300,16957440,4
sample,double,sparse-1,clipping,4,1,1,1024,103,21157300,16957440,4
sample,double,sparse-1,clipping,4,1,2,1024,103,21196000,16957440,4
sample,double,sparse-1,clipping,4,1,3,1024,103,21773600,16957440,4
sample,double,sparse-1,clipping,4,1,4,1024,103,22172800,16957440,4
sample,double,sparse-1,clipping,4,1,5,1024,103,21522700,16957440,4
sample,double,sparse-1,clipping,4,1,6,1024,103,32910500,16957440,4
summary,double,sparse-1,clipping,20661.426,21263.281,32139.160
sample,double,sparse-4,relationship,16,1,0,4096,410,22968600,0,0
sample,double,sparse-4,relationship,16,1,1,4096,410,25298100,0,0
sample,double,sparse-4,relationship,16,1,2,4096,410,23307600,0,0
sample,double,sparse-4,relationship,16,1,3,4096,410,24809700,0,0
sample,double,sparse-4,relationship,16,1,4,4096,410,22629200,0,0
sample,double,sparse-4,relationship,16,1,5,4096,410,23823900,0,0
sample,double,sparse-4,relationship,16,1,6,4096,410,24835900,0,0
summary,double,sparse-4,relationship,5524.707,5816.382,6176.294
sample,double,sparse-4,clipping,16,1,0,1024,103,30043600,16957440,4
sample,double,sparse-4,clipping,16,1,1,1024,103,31556500,16957440,4
sample,double,sparse-4,clipping,16,1,2,1024,103,32347600,16957440,4
sample,double,sparse-4,clipping,16,1,3,1024,103,32470700,16957440,4
sample,double,sparse-4,clipping,16,1,4,1024,103,38893800,16957440,4
sample,double,sparse-4,clipping,16,1,5,1024,103,36995100,16957440,4
sample,double,sparse-4,clipping,16,1,6,1024,103,29584500,16957440,4
summary,double,sparse-4,clipping,28891.113,31589.453,37982.227
sample,double,sparse-16,relationship,64,1,0,1024,103,23942400,0,0
sample,double,sparse-16,relationship,64,1,1,1024,103,25206500,0,0
sample,double,sparse-16,relationship,64,1,2,1024,103,23046200,0,0
sample,double,sparse-16,relationship,64,1,3,1024,103,21813300,0,0
sample,double,sparse-16,relationship,64,1,4,1024,103,22391400,0,0
sample,double,sparse-16,relationship,64,1,5,1024,103,21873200,0,0
sample,double,sparse-16,relationship,64,1,6,1024,103,22147800,0,0
summary,double,sparse-16,relationship,21302.051,21866.602,24615.723
sample,double,sparse-16,clipping,64,1,0,512,52,24773500,8478720,2
sample,double,sparse-16,clipping,64,1,1,512,52,24468100,8478720,2
sample,double,sparse-16,clipping,64,1,2,512,52,24960700,8478720,2
sample,double,sparse-16,clipping,64,1,3,512,52,24727700,8478720,2
sample,double,sparse-16,clipping,64,1,4,512,52,25411800,8478720,2
sample,double,sparse-16,clipping,64,1,5,512,52,27954000,8478720,2
sample,double,sparse-16,clipping,64,1,6,512,52,25905200,8478720,2
summary,double,sparse-16,clipping,47789.258,48751.367,54597.656
sample,double,sparse-64,relationship,256,1,0,256,26,25049000,0,0
sample,double,sparse-64,relationship,256,1,1,256,26,24503200,0,0
sample,double,sparse-64,relationship,256,1,2,256,26,22426900,0,0
sample,double,sparse-64,relationship,256,1,3,256,26,23022700,0,0
sample,double,sparse-64,relationship,256,1,4,256,26,23178600,0,0
sample,double,sparse-64,relationship,256,1,5,256,26,22515300,0,0
sample,double,sparse-64,relationship,256,1,6,256,26,23720900,0,0
summary,double,sparse-64,relationship,87605.078,90541.406,97847.656
sample,double,sparse-64,clipping,256,1,0,256,26,39697900,4239360,1
sample,double,sparse-64,clipping,256,1,1,256,26,37678200,4239360,1
sample,double,sparse-64,clipping,256,1,2,256,26,37811000,4239360,1
sample,double,sparse-64,clipping,256,1,3,256,26,38084700,4239360,1
sample,double,sparse-64,clipping,256,1,4,256,26,37835700,4239360,1
sample,double,sparse-64,clipping,256,1,5,256,26,36102300,4239360,1
sample,double,sparse-64,clipping,256,1,6,256,26,35994300,4239360,1
summary,double,sparse-64,clipping,140602.734,147699.219,155069.922
sample,double,dense-1,relationship,4,1,0,32768,3277,37070800,0,0
sample,double,dense-1,relationship,4,1,1,32768,3277,37912900,0,0
sample,double,dense-1,relationship,4,1,2,32768,3277,37981900,0,0
sample,double,dense-1,relationship,4,1,3,32768,3277,34937600,0,0
sample,double,dense-1,relationship,4,1,4,32768,3277,34467400,0,0
sample,double,dense-1,relationship,4,1,5,32768,3277,35379300,0,0
sample,double,dense-1,relationship,4,1,6,32768,3277,34721900,0,0
summary,double,dense-1,relationship,1051.862,1079.691,1159.116
sample,double,dense-1,clipping,4,1,0,2048,205,38949400,33914880,8
sample,double,dense-1,clipping,4,1,1,2048,205,39354900,33914880,8
sample,double,dense-1,clipping,4,1,2,2048,205,47243700,33914880,8
sample,double,dense-1,clipping,4,1,3,2048,205,37612000,33914880,8
sample,double,dense-1,clipping,4,1,4,2048,205,37446600,33914880,8
sample,double,dense-1,clipping,4,1,5,2048,205,38150800,33914880,8
sample,double,dense-1,clipping,4,1,6,2048,205,38015700,33914880,8
summary,double,dense-1,clipping,18284.473,18628.320,23068.213
sample,double,dense-4,relationship,16,4,0,4096,410,30718900,0,0
sample,double,dense-4,relationship,16,4,1,4096,410,28399200,0,0
sample,double,dense-4,relationship,16,4,2,4096,410,28401500,0,0
sample,double,dense-4,relationship,16,4,3,4096,410,28215100,0,0
sample,double,dense-4,relationship,16,4,4,4096,410,28384500,0,0
sample,double,dense-4,relationship,16,4,5,4096,410,28450100,0,0
sample,double,dense-4,relationship,16,4,6,4096,410,28617500,0,0
summary,double,dense-4,relationship,6888.452,6933.960,7499.731
sample,double,dense-4,clipping,16,4,0,256,26,24198300,10588160,2
sample,double,dense-4,clipping,16,4,1,256,26,24615300,10588160,2
sample,double,dense-4,clipping,16,4,2,256,26,27753700,10588160,2
sample,double,dense-4,clipping,16,4,3,256,26,30727600,10588160,2
sample,double,dense-4,clipping,16,4,4,256,26,30064800,10588160,2
sample,double,dense-4,clipping,16,4,5,256,26,27211100,10588160,2
sample,double,dense-4,clipping,16,4,6,256,26,26037100,10588160,2
summary,double,dense-4,clipping,94524.609,106293.359,120029.688
sample,double,dense-16,relationship,64,16,0,1024,103,31389400,0,0
sample,double,dense-16,relationship,64,16,1,1024,103,31439200,0,0
sample,double,dense-16,relationship,64,16,2,1024,103,31593900,0,0
sample,double,dense-16,relationship,64,16,3,1024,103,31629900,0,0
sample,double,dense-16,relationship,64,16,4,1024,103,31560800,0,0
sample,double,dense-16,relationship,64,16,5,1024,103,32250000,0,0
sample,double,dense-16,relationship,64,16,6,1024,103,31942300,0,0
summary,double,dense-16,relationship,30653.711,30853.418,31494.141
sample,double,dense-16,clipping,64,16,0,32,4,15147600,4640256,1
sample,double,dense-16,clipping,64,16,1,32,4,15200200,4640256,1
sample,double,dense-16,clipping,64,16,2,32,4,15267100,4640256,1
sample,double,dense-16,clipping,64,16,3,32,4,15458100,4640256,1
sample,double,dense-16,clipping,64,16,4,32,4,15378800,4640256,1
sample,double,dense-16,clipping,64,16,5,32,4,15244200,4640256,1
sample,double,dense-16,clipping,64,16,6,32,4,15461800,4640256,1
summary,double,dense-16,clipping,473362.500,477096.875,483181.250
sample,double,dense-64,relationship,256,64,0,256,26,32284300,0,0
sample,double,dense-64,relationship,256,64,1,256,26,32184500,0,0
sample,double,dense-64,relationship,256,64,2,256,26,32734400,0,0
sample,double,dense-64,relationship,256,64,3,256,26,32150900,0,0
sample,double,dense-64,relationship,256,64,4,256,26,31707600,0,0
sample,double,dense-64,relationship,256,64,5,256,26,31818500,0,0
sample,double,dense-64,relationship,256,64,6,256,26,31820400,0,0
summary,double,dense-64,relationship,123857.812,125589.453,127868.750
sample,double,dense-64,clipping,256,64,0,16,2,34680300,8896512,2
sample,double,dense-64,clipping,256,64,1,16,2,34404900,8896512,2
sample,double,dense-64,clipping,256,64,2,16,2,41276600,8896512,2
sample,double,dense-64,clipping,256,64,3,16,2,36881900,8896512,2
sample,double,dense-64,clipping,256,64,4,16,2,35806300,8896512,2
sample,double,dense-64,clipping,256,64,5,16,2,37143100,8896512,2
sample,double,dense-64,clipping,256,64,6,16,2,36553600,8896512,2
summary,double,dense-64,clipping,2150306.250,2284600.000,2579787.500
sample,double,subnormal,relationship,4,1,0,4096,410,33093700,0,0
sample,double,subnormal,relationship,4,1,1,4096,410,33015800,0,0
sample,double,subnormal,relationship,4,1,2,4096,410,32608000,0,0
sample,double,subnormal,relationship,4,1,3,4096,410,32635000,0,0
sample,double,subnormal,relationship,4,1,4,4096,410,32516100,0,0
sample,double,subnormal,relationship,4,1,5,4096,410,32540300,0,0
sample,double,subnormal,relationship,4,1,6,4096,410,41628400,0,0
summary,double,subnormal,relationship,7938.501,7967.529,10163.184
sample,double,subnormal,clipping,4,1,0,1024,103,29260400,16957440,4
sample,double,subnormal,clipping,4,1,1,1024,103,28999700,16957440,4
sample,double,subnormal,clipping,4,1,2,1024,103,28995500,16957440,4
sample,double,subnormal,clipping,4,1,3,1024,103,29518300,16957440,4
sample,double,subnormal,clipping,4,1,4,1024,103,29376700,16957440,4
sample,double,subnormal,clipping,4,1,5,1024,103,29270400,16957440,4
sample,double,subnormal,clipping,4,1,6,1024,103,29101800,16957440,4
summary,double,subnormal,clipping,28315.918,28574.609,28826.465
sample,double,large-finite,relationship,4,1,0,4096,410,31913200,0,0
sample,double,large-finite,relationship,4,1,1,4096,410,32229000,0,0
sample,double,large-finite,relationship,4,1,2,4096,410,32241300,0,0
sample,double,large-finite,relationship,4,1,3,4096,410,31734100,0,0
sample,double,large-finite,relationship,4,1,4,4096,410,31948900,0,0
sample,double,large-finite,relationship,4,1,5,4096,410,31940300,0,0
sample,double,large-finite,relationship,4,1,6,4096,410,31914500,0,0
summary,double,large-finite,relationship,7747.583,7797.925,7871.411
sample,double,large-finite,clipping,4,1,0,1024,103,35415700,16957440,4
sample,double,large-finite,clipping,4,1,1,1024,103,35269500,16957440,4
sample,double,large-finite,clipping,4,1,2,1024,103,34720300,16957440,4
sample,double,large-finite,clipping,4,1,3,1024,103,34077600,16957440,4
sample,double,large-finite,clipping,4,1,4,1024,103,34580000,16957440,4
sample,double,large-finite,clipping,4,1,5,1024,103,35219000,16957440,4
sample,double,large-finite,clipping,4,1,6,1024,103,34460100,16957440,4
summary,double,large-finite,clipping,33278.906,33906.543,34585.645
sink,11674851467941243292
