------------------
	    1	_Dmain
_D21segment_polygon_bench__T6corpusTdZQkFZASQBq__T4CaseTdZQi	1	321698	160160
	   23	_D21segment_polygon_bench__T8makeCaseTdZQmFNaNbNfAyaAAS3geo5point__T6Point2TdZQkSQBa7segment__T8Segment2TdZQmkAQBfEQCi20segment_polygon_clip24SegmentPolygonClipStatusZSQGk__T4CaseTdZQi
	   23	_D4core8internal5array9appending__T17_d_arrayappendcTXHTAS21segment_polygon_bench__T4CaseTdZQiTQBmZQCmFNaNbNcNeMNkKQChmZQCm
	    1	_D4core8internal5array11duplication__T4_dupTxS3geo5point__T6Point2TdZQkTSQBbQBa__TQxTdZQBcZQCbFNaNbNeMAxQChZAQBl
	  344	_D4core8internal5array9appending__T17_d_arrayappendcTXHTAS3geo5point__T6Point2TdZQkTQBbZQCbFNaNbNcNeMNkKQBwmZQCb
	    8	_D4core8internal6string__T18signedToTempStringVii10Vbi0TaZQBgFNaNbNiNflNkMAaZQd
	    8	_D4core8internal5array11duplication__T4_dupTxaTaZQlFNaNbNeMAxaZAa
	    8	_D4core8internal5array13concatenation__T14_d_arraycatnTXTAyaTQeTQhZQBbFNaNbNeQuQwZQz
	   85	_D4core8internal5array9appending__T17_d_arrayappendcTXHTAS3geo7segment__T8Segment2TdZQmTQBfZQCfFNaNbNcNeMNkKQCamZQCf
	   81	_D4core8internal5array9appending__T15_d_arrayappendTHTAS3geo5point__T6Point2TdZQkTQBbZQBzFNaNbNcNeMNkKQBwMQCaZQCe
------------------
	  100	_Dmain
_D21segment_polygon_bench__T8clippingTdZQmFKSQBr__T4CaseTdZQimZm	100	9743261357	783172
	  100	_D3geo20segment_polygon_clip__T20clipSegmentToPolygonTdZQzFNfSQCi7segment__T8Segment2TdZQmMSQDm12polygon_view__T12Polygon2ViewTdZQrZSQFbQFa24SegmentPolygonClipResult
------------------
	   23	_D21segment_polygon_bench__T6corpusTdZQkFZASQBq__T4CaseTdZQi
_D21segment_polygon_bench__T8makeCaseTdZQmFNaNbNfAyaAAS3geo5point__T6Point2TdZQkSQBa7segment__T8Segment2TdZQmkAQBfEQCi20segment_polygon_clip24SegmentPolygonClipStatusZSQGk__T4CaseTdZQi	23	7956	4810
	   23	_D4core8internal5array12construction__T12_d_newarrayTTS3geo16linear_ring_view__T15LinearRing2ViewTdZQuZQCmFNaNbNembZAQCl
------------------
	    1	_Dmain
_D21segment_polygon_bench__T9preflightTdZQnFNfKSQBu__T4CaseTdZQiZv	1	261986400	74360
	    1	_D3geo19topology_validation__T32validatePolygonConnectedInteriorTdZQBlFNaNbNfMSQCz12polygon_view__T12Polygon2ViewTdZQrZSQEoQEn23PolygonValidationResult
	  137	_D3std9exception__T7enforceZ__TQmTbZQrFNaNfbLAxaAyamZb
	    8	_D3std4math6traits__T8isFiniteTxdZQnFNaNbNiNexdZb
	    2	_D3geo28segment_polygon_relationship__T34classifySegmentPolygonRelationshipTdZQBnFNaNbNiNfSQDl7segment__T8Segment2TdZQmMSQEp12polygon_view__T12Polygon2ViewTdZQrZSQGeQGd26SegmentPolygonRelationship
	    2	_D3geo20segment_polygon_clip__T20clipSegmentToPolygonTdZQzFNfSQCi7segment__T8Segment2TdZQmMSQDm12polygon_view__T12Polygon2ViewTdZQrZSQFbQFa24SegmentPolygonClipResult
------------------
	211968	_D3geo12intersection__T18segmentContactKindTdZQxFNaNbNiNfSQCe7segment__T8Segment2TdZQmQBdZEQDlQDk18SegmentContactKind
	13568	_D3geo8internal25ring_point_classification__T22tryClassifyPointInRingTdZQBbFNaNbNiNfMxSQDh16linear_ring_view__T15LinearRing2ViewTdZQuSQFc5point__T6Point2TdZQkJEQGcQGbQFv17RingPointLocationZb
	26624	_D3geo12intersection__T14pointOnSegmentTdZQtFNaNbNiNfSQCa5point__T6Point2TdZQkSQCz7segment__T8Segment2TdZQmZb
	13056	_D3geo8internal23segment_polygon_clip_p1__T31trySegmentPolygonClipP1InternalTdZQBkFNfSQDg7segment__T8Segment2TdZQmMSQEk12polygon_view__T12Polygon2ViewTdZQrJSQFzQFy27segment_polygon_clip_result37SegmentPolygonClipOwnedResultInternalZEQIxQIwQIq32SegmentPolygonClipInternalStatus
_D3geo11orientationQnFNaNbNiNfSQBd5point__T6Point2TdZQkQzQBbZEQCiQCh12Orientation2	265216	1895320595	113325524
	265216	_D3geo8internal18orientation_filter17orientationFilterFNaNbNiNfddddddZEQCrQCqQCk23OrientationFilterResult
------------------
	  408	_D3geo12bounding_box__T9tryBoundsTdZQnFNaNbNiNfSQBu7segment__T8Segment2TdZQmJSQCy6bounds__T7Bounds2TdZQlZb
_D3geo12bounding_box__T17BoundsAccumulatorTdZQw6tryAddMFNaNbNiNfSQCl5point__T6Point2TdZQkZb	408	13572	13572
------------------
	  102	_D3geo8internal23segment_polygon_clip_p1__T22polygonBoundsSeparatedTdZQBbFNaNbNiNfSQDd7segment__T8Segment2TdZQmMSQEh12polygon_view__T12Polygon2ViewTdZQrZb
	  102	_D3geo8internal23segment_polygon_clip_p1__T26queryBoundaryEventCapacityTdZQBfFNaNbNiNfSQDh7segment__T8Segment2TdZQmMSQEl12polygon_view__T12Polygon2ViewTdZQrZm
_D3geo12bounding_box__T9tryBoundsTdZQnFNaNbNiNfSQBu7segment__T8Segment2TdZQmJSQCy6bounds__T7Bounds2TdZQlZb	204	446056	418236
	  408	_D3geo12bounding_box__T17BoundsAccumulatorTdZQw6tryAddMFNaNbNiNfSQCl5point__T6Point2TdZQkZb
	  204	_D3geo6bounds__T7Bounds2TdZQl13tryFromMinMaxFNaNbNiNfSQCa5point__T6Point2TdZQkQzJSQDcQDb__TQCxTdZQDdZb
------------------
	  768	_D3geo12intersection__T18segmentContactKindTdZQxFNaNbNiNfSQCe7segment__T8Segment2TdZQmQBdZEQDlQDk18SegmentContactKind
_D3geo12intersection__T13comparePointsTdZQsFNaNbNiNfSQBz5point__T6Point2TdZQkQzZi	768	8710	8710
------------------
	26624	_D3geo12intersection__T18segmentContactKindTdZQxFNaNbNiNfSQCe7segment__T8Segment2TdZQmQBdZEQDlQDk18SegmentContactKind
_D3geo12intersection__T14pointOnSegmentTdZQtFNaNbNiNfSQCa5point__T6Point2TdZQkSQCz7segment__T8Segment2TdZQmZb	26624	199501510	4450992
	26624	_D3geo11orientationQnFNaNbNiNfSQBd5point__T6Point2TdZQkQzQBbZEQCiQCh12Orientation2
------------------
	  256	_D3geo12intersection__T23segmentIntersectionKindTdZQBcFNaNbNiNfSQCk7segment__T8Segment2TdZQmQBdZE11euclid_coreQEa23SegmentIntersectionKind
	 1024	_D3geo28segment_polygon_relationship__T34classifySegmentPolygonRelationshipTdZQBnFNaNbNiNfSQDl7segment__T8Segment2TdZQmMSQEp12polygon_view__T12Polygon2ViewTdZQrZSQGeQGd26SegmentPolygonRelationship
	26112	_D3geo8internal19polygon_union_exact__T29appendSegmentPairNodingEventsTdZQBiFNaNbNiNfSQDg7segment__T8Segment2TdZQmQBdMASQEoQEnQEh17ExactOverlayPointKmMQBhKmZb
	52224	_D3geo8internal23segment_polygon_clip_p1__T31trySegmentPolygonClipP1InternalTdZQBkFNfSQDg7segment__T8Segment2TdZQmMSQEk12polygon_view__T12Polygon2ViewTdZQrJSQFzQFy27segment_polygon_clip_result37SegmentPolygonClipOwnedResultInternalZEQIxQIwQIq32SegmentPolygonClipInternalStatus
_D3geo12intersection__T18segmentContactKindTdZQxFNaNbNiNfSQCe7segment__T8Segment2TdZQmQBdZEQDlQDk18SegmentContactKind	79616	1801233851	84101758
	211968	_D3geo11orientationQnFNaNbNiNfSQBd5point__T6Point2TdZQkQzQBbZEQCiQCh12Orientation2
	  768	_D3geo12intersection__T13comparePointsTdZQsFNaNbNiNfSQBz5point__T6Point2TdZQkQzZi
	26624	_D3geo12intersection__T14pointOnSegmentTdZQtFNaNbNiNfSQCa5point__T6Point2TdZQkSQCz7segment__T8Segment2TdZQmZb
------------------
	  256	_D3geo19topology_validation__T12validateRingTdZQrFNaNbNiNfMSQCg16linear_ring_view__T15LinearRing2ViewTdZQuZS11euclid_core15ring_validation20RingValidationResult
_D3geo12intersection__T23segmentIntersectionKindTdZQBcFNaNbNiNfSQCk7segment__T8Segment2TdZQmQBdZE11euclid_coreQEa23SegmentIntersectionKind	256	1654146	28392
	  256	_D3geo12intersection__T18segmentContactKindTdZQxFNaNbNiNfSQCe7segment__T8Segment2TdZQmQBdZEQDlQDk18SegmentContactKind
------------------
	    4	_D3geo28segment_polygon_relationship__T34classifySegmentPolygonRelationshipTdZQBnFNaNbNiNfSQDl7segment__T8Segment2TdZQmMSQEp12polygon_view__T12Polygon2ViewTdZQrZSQGeQGd26SegmentPolygonRelationship
	  102	_D3geo8internal23segment_polygon_clip_p1__T31trySegmentPolygonClipP1InternalTdZQBkFNfSQDg7segment__T8Segment2TdZQmMSQEk12polygon_view__T12Polygon2ViewTdZQrJSQFzQFy27segment_polygon_clip_result37SegmentPolygonClipOwnedResultInternalZEQIxQIwQIq32SegmentPolygonClipInternalStatus
_D3geo16point_in_polygon__T25tryClassifyPointInPolygonTdZQBeFNaNbNiNfMSQCr12polygon_view__T12Polygon2ViewTdZQrSQEf5point__T6Point2TdZQkJEQFfQFe20PointPolygonLocationZb	106	64371749	359918
	  212	_D3std4math6traits__T8isFiniteTxdZQnFNaNbNiNexdZb
	  106	_D3geo8internal25ring_point_classification__T22tryClassifyPointInRingTdZQBbFNaNbNiNfMxSQDh16linear_ring_view__T15LinearRing2ViewTdZQuSQFc5point__T6Point2TdZQkJEQGcQGbQFv17RingPointLocationZb
------------------
	    1	_D3geo19topology_validation__T20validatePolygonRingsTdZQzFNaNbNiNfMSQCo12polygon_view__T12Polygon2ViewTdZQrZSQEdQEc23PolygonValidationResult
_D3geo19topology_validation__T12validateRingTdZQrFNaNbNiNfMSQCg16linear_ring_view__T15LinearRing2ViewTdZQuZS11euclid_core15ring_validation20RingValidationResult	1	3302156	1641198
	  512	_D3std4math6traits__T8isFiniteTxdZQnFNaNbNiNexdZb
	  256	_D3geo12intersection__T23segmentIntersectionKindTdZQBcFNaNbNiNfSQCk7segment__T8Segment2TdZQmQBdZE11euclid_coreQEa23SegmentIntersectionKind
------------------
	    1	_D3geo19topology_validation__T27validatePolygonPairContactsTdZQBgFNaNbNiNfMSQCw12polygon_view__T12Polygon2ViewTdZQrZSQElQEk23PolygonValidationResult
_D3geo19topology_validation__T20validatePolygonRingsTdZQzFNaNbNiNfMSQCo12polygon_view__T12Polygon2ViewTdZQrZSQEdQEc23PolygonValidationResult	1	3303300	1144
	    1	_D3geo19topology_validation__T12validateRingTdZQrFNaNbNiNfMSQCg16linear_ring_view__T15LinearRing2ViewTdZQuZS11euclid_core15ring_validation20RingValidationResult
------------------
	    1	_D3geo19topology_validation__T32validatePolygonConnectedInteriorTdZQBlFNaNbNfMSQCz12polygon_view__T12Polygon2ViewTdZQrZSQEoQEn23PolygonValidationResult
_D3geo19topology_validation__T26validatePolygonContainmentTdZQBfFNaNbNiNfMSQCv12polygon_view__T12Polygon2ViewTdZQrZSQEkQEj23PolygonValidationResult	1	3306472	1170
	    1	_D3geo19topology_validation__T27validatePolygonPairContactsTdZQBgFNaNbNiNfMSQCw12polygon_view__T12Polygon2ViewTdZQrZSQElQEk23PolygonValidationResult
------------------
	    1	_D3geo19topology_validation__T26validatePolygonContainmentTdZQBfFNaNbNiNfMSQCv12polygon_view__T12Polygon2ViewTdZQrZSQEkQEj23PolygonValidationResult
_D3geo19topology_validation__T27validatePolygonPairContactsTdZQBgFNaNbNiNfMSQCw12polygon_view__T12Polygon2ViewTdZQrZSQElQEk23PolygonValidationResult	1	3305302	2002
	    1	_D3geo19topology_validation__T20validatePolygonRingsTdZQzFNaNbNiNfMSQCo12polygon_view__T12Polygon2ViewTdZQrZSQEdQEc23PolygonValidationResult
------------------
	    1	_D21segment_polygon_bench__T9preflightTdZQnFNfKSQBu__T4CaseTdZQiZv
_D3geo19topology_validation__T32validatePolygonConnectedInteriorTdZQBlFNaNbNfMSQCz12polygon_view__T12Polygon2ViewTdZQrZSQEoQEn23PolygonValidationResult	1	3308058	1586
	    1	_D3geo19topology_validation__T26validatePolygonContainmentTdZQBfFNaNbNiNfMSQCv12polygon_view__T12Polygon2ViewTdZQrZSQEkQEj23PolygonValidationResult
------------------
	    2	_D21segment_polygon_bench__T9preflightTdZQnFNfKSQBu__T4CaseTdZQiZv
	  100	_D21segment_polygon_bench__T8clippingTdZQmFKSQBr__T4CaseTdZQimZm
_D3geo20segment_polygon_clip__T20clipSegmentToPolygonTdZQzFNfSQCi7segment__T8Segment2TdZQmMSQDm12polygon_view__T12Polygon2ViewTdZQrZSQFbQFa24SegmentPolygonClipResult	102	9956365001	198562
	  102	_D3geo8internal23segment_polygon_clip_p1__T31trySegmentPolygonClipP1InternalTdZQBkFNfSQDg7segment__T8Segment2TdZQmMSQEk12polygon_view__T12Polygon2ViewTdZQrJSQFzQFy27segment_polygon_clip_result37SegmentPolygonClipOwnedResultInternalZEQIxQIwQIq32SegmentPolygonClipInternalStatus
------------------
	    4	_D3geo28segment_polygon_relationship__T34classifySegmentPolygonRelationshipTdZQBnFNaNbNiNfSQDl7segment__T8Segment2TdZQmMSQEp12polygon_view__T12Polygon2ViewTdZQrZSQGeQGd26SegmentPolygonRelationship
_D3geo28segment_polygon_relationship17markPointLocationFNaNbNiNfKSQCmQCl26SegmentPolygonRelationshipEQDv16point_in_polygon20PointPolygonLocationZv	4	390	390
------------------
	    2	_D21segment_polygon_bench__T9preflightTdZQnFNfKSQBu__T4CaseTdZQiZv
_D3geo28segment_polygon_relationship__T34classifySegmentPolygonRelationshipTdZQBnFNaNbNiNfSQDl7segment__T8Segment2TdZQmMSQEp12polygon_view__T12Polygon2ViewTdZQrZSQGeQGd26SegmentPolygonRelationship	2	44712044	533806
	    4	_D3geo16point_in_polygon__T25tryClassifyPointInPolygonTdZQBeFNaNbNiNfMSQCr12polygon_view__T12Polygon2ViewTdZQrSQEf5point__T6Point2TdZQkJEQFfQFe20PointPolygonLocationZb
	    4	_D3geo28segment_polygon_relationship17markPointLocationFNaNbNiNfKSQCmQCl26SegmentPolygonRelationshipEQDv16point_in_polygon20PointPolygonLocationZv
	    2	_D3geo8internal19polygon_union_input__T24exactRingOrientationSignTdZQBdFNaNbNiNfMxSQDd16linear_ring_view__T15LinearRing2ViewTdZQuZi
	 1024	_D3geo12intersection__T18segmentContactKindTdZQxFNaNbNiNfSQCe7segment__T8Segment2TdZQmQBdZEQDlQDk18SegmentContactKind
------------------
	  204	_D3geo12bounding_box__T9tryBoundsTdZQnFNaNbNiNfSQBu7segment__T8Segment2TdZQmJSQCy6bounds__T7Bounds2TdZQlZb
_D3geo6bounds__T7Bounds2TdZQl13tryFromMinMaxFNaNbNiNfSQCa5point__T6Point2TdZQkQzJSQDcQDb__TQCxTdZQDdZb	204	14248	14248
------------------
	26624	_D3geo8internal19polygon_union_input__T24exactRingOrientationSignTdZQBdFNaNbNiNfMxSQDd16linear_ring_view__T15LinearRing2ViewTdZQuZi
_D3geo8internal10area_exact18addAreaDeterminantFNaNbNiNfKSQCeQCdQBx21SignedAreaAccumulatorKxSQDnQDm6dyadic19SignedDyadicProductZv	26624	50225682	7272304
	26416	_D3geo8internal10area_exact21widenProductMagnitudeFNaNbNiNfKxSQCiQCh10fixed_uint__T9UIntFixedVmi132ZQrZSQDyQDxQBq__TQBhVmi134ZQBr
	19760	_D3geo8internal10fixed_uint__T11addUnsignedVmi134ZQuFNaNbNiNfKxSQCkQCjQCd__T9UIntFixedVmi134ZQrKxQBiZSQDwQDvQDp__TQBmVmi134ZQBw
	 6552	_D3geo8internal10fixed_uint__T15compareUnsignedVmi134ZQyFNaNbNiNfKxSQCoQCnQCh__T9UIntFixedVmi134ZQrKxQBiZi
	 6552	_D3geo8internal10fixed_uint__T16subtractUnsignedVmi134ZQzFNaNbNiNfKxSQCpQCoQCi__T9UIntFixedVmi134ZQrKxQBiZSQEbQEaQDu__TQBmVmi134ZQBw
------------------
	26416	_D3geo8internal10area_exact18addAreaDeterminantFNaNbNiNfKSQCeQCdQBx21SignedAreaAccumulatorKxSQDnQDm6dyadic19SignedDyadicProductZv
_D3geo8internal10area_exact21widenProductMagnitudeFNaNbNiNfKxSQCiQCh10fixed_uint__T9UIntFixedVmi132ZQrZSQDyQDxQBq__TQBhVmi134ZQBr	26416	6911060	6911060
------------------
	26112	_D3geo8internal18intersection_exact__T26tryProperIntersectionExactTdZQBfFNaNbNiNfSQDc7segment__T8Segment2TdZQmQBdJSQEjQEiQEc23ExactProperIntersectionZb
_D3geo8internal10fixed_uint__T11addUnsignedVmi132ZQuFNaNbNiNfKxSQCkQCjQCd__T9UIntFixedVmi132ZQrKxQBiZSQDwQDvQDp__TQBmVmi132ZQBw	26112	46046962	28016196
	26112	_D3geo8internal10fixed_uint__T16firstNonZeroLimbVmi132ZQzFNaNbNiNfKxSQCpQCoQCi__T9UIntFixedVmi132ZQrZm
	26112	_D3geo8internal10fixed_uint__T19pastLastNonZeroLimbVmi132ZQBcFNaNbNiNfKxSQCtQCsQCm__T9UIntFixedVmi132ZQrZm
------------------
	19760	_D3geo8internal10area_exact18addAreaDeterminantFNaNbNiNfKSQCeQCdQBx21SignedAreaAccumulatorKxSQDnQDm6dyadic19SignedDyadicProductZv
_D3geo8internal10fixed_uint__T11addUnsignedVmi134ZQuFNaNbNiNfKxSQCkQCjQCd__T9UIntFixedVmi134ZQrKxQBiZSQDwQDvQDp__TQBmVmi134ZQBw	19760	9672026	5106088
	19760	_D3geo8internal10fixed_uint__T16firstNonZeroLimbVmi134ZQzFNaNbNiNfKxSQCpQCoQCi__T9UIntFixedVmi134ZQrZm
	19760	_D3geo8internal10fixed_uint__T19pastLastNonZeroLimbVmi134ZQBcFNaNbNiNfKxSQCtQCsQCm__T9UIntFixedVmi134ZQrZm
------------------
	26112	_D3geo8internal18intersection_exact18weightedCoordinateFNaNbNiNfKxSQCnQCm10fixed_uint__T9UIntFixedVmi132ZQrKxSQEeQEd6dyadic22SignedDyadicCoordinateKxQDfKxQBtZSQGbQGa16exact_coordinate30SignedExactCoordinateNumerator
_D3geo8internal10fixed_uint__T11addUnsignedVmi198ZQuFNaNbNiNfKxSQCkQCjQCd__T9UIntFixedVmi198ZQrKxQBiZSQDwQDvQDp__TQBmVmi198ZQBw	26112	40758484	17809324
	26112	_D3geo8internal10fixed_uint__T16firstNonZeroLimbVmi198ZQzFNaNbNiNfKxSQCpQCoQCi__T9UIntFixedVmi198ZQrZm
	26112	_D3geo8internal10fixed_uint__T19pastLastNonZeroLimbVmi198ZQBcFNaNbNiNfKxSQCtQCsQCm__T9UIntFixedVmi198ZQrZm
------------------
	104040	_D3geo8internal6dyadic25subtractDyadicCoordinatesFNaNbNiNfKxSQChQCgQCa22SignedDyadicCoordinateKxQBkZSQDvQDuQDo22SignedDyadicDifference
_D3geo8internal10fixed_uint__T11addUnsignedVmi66ZQtFNaNbNiNfKxSQCjQCiQCc__T9UIntFixedVmi66ZQqKxQBhZSQDuQDtQDn__TQBlVmi66ZQBu	104040	92139736	37535238
	104040	_D3geo8internal10fixed_uint__T16firstNonZeroLimbVmi66ZQyFNaNbNiNfKxSQCoQCnQCh__T9UIntFixedVmi66ZQqZm
	104040	_D3geo8internal10fixed_uint__T19pastLastNonZeroLimbVmi66ZQBbFNaNbNiNfKxSQCsQCrQCl__T9UIntFixedVmi66ZQqZm
------------------
	26208	_D3geo8internal6dyadic22subtractDyadicProductsFNaNbNiNfKxSQCeQCdQBx19SignedDyadicProductKxQBhZSQDpQDoQDiQBl
_D3geo8internal10fixed_uint__T15compareUnsignedVmi132ZQyFNaNbNiNfKxSQCoQCnQCh__T9UIntFixedVmi132ZQrKxQBiZi	26208	26728572	26728572
------------------
	 6552	_D3geo8internal10area_exact18addAreaDeterminantFNaNbNiNfKSQCeQCdQBx21SignedAreaAccumulatorKxSQDnQDm6dyadic19SignedDyadicProductZv
_D3geo8internal10fixed_uint__T15compareUnsignedVmi134ZQyFNaNbNiNfKxSQCoQCnQCh__T9UIntFixedVmi134ZQrKxQBiZi	6552	1908868	1908868
------------------
	26112	_D3geo8internal18intersection_exact18weightedCoordinateFNaNbNiNfKxSQCnQCm10fixed_uint__T9UIntFixedVmi132ZQrKxSQEeQEd6dyadic22SignedDyadicCoordinateKxQDfKxQBtZSQGbQGa16exact_coordinate30SignedExactCoordinateNumerator
	26010	_D3geo8internal16exact_coordinate22roundsToFiniteBinary64FNaNbNiNfKxSQCpQCoQCi30SignedExactCoordinateNumeratorKxSQEhQEg10fixed_uint__T9UIntFixedVmi132ZQrZb
	52020	_D3geo8internal22exact_coordinate_round28roundExactCoordinateBinary64FNaNbNiNfKxSQDbQDa16exact_coordinate30SignedExactCoordinateNumeratorKxSQFiQFh10fixed_uint__T9UIntFixedVmi132ZQrZd
	26010	_D3geo8internal22exact_coordinate_round15roundedQuotientFNaNbNiNfKxSQCoQCn10fixed_uint__T9UIntFixedVmi198ZQrKxSQEfQEeQBr__TQBiVmi132ZQBsmZm
_D3geo8internal10fixed_uint__T15compareUnsignedVmi198ZQyFNaNbNiNfKxSQCoQCnQCh__T9UIntFixedVmi198ZQrKxQBiZi	130152	127339276	127339276
------------------
	265812	_D3geo8internal16exact_coordinate23compareExactCoordinatesFNaNbNiNfKxSQCqQCpQCj30SignedExactCoordinateNumeratorKxSQEiQEh10fixed_uint__T9UIntFixedVmi132ZQrKxQDjKxQBwZi
_D3geo8internal10fixed_uint__T15compareUnsignedVmi330ZQyFNaNbNiNfKxSQCoQCnQCh__T9UIntFixedVmi330ZQrKxQBiZi	265812	493425804	493425804
------------------
	310896	_D3geo8internal6dyadic25subtractDyadicCoordinatesFNaNbNiNfKxSQChQCgQCa22SignedDyadicCoordinateKxQBkZSQDvQDuQDo22SignedDyadicDifference
_D3geo8internal10fixed_uint__T15compareUnsignedVmi66ZQxFNaNbNiNfKxSQCnQCmQCg__T9UIntFixedVmi66ZQqKxQBhZi	310896	142125282	142125282
------------------
	26208	_D3geo8internal10fixed_uint__T16subtractUnsignedVmi132ZQzFNaNbNiNfKxSQCpQCoQCi__T9UIntFixedVmi132ZQrKxQBiZSQEbQEaQDu__TQBmVmi132ZQBw
	26112	_D3geo8internal10fixed_uint__T11addUnsignedVmi132ZQuFNaNbNiNfKxSQCkQCjQCd__T9UIntFixedVmi132ZQrKxQBiZSQDwQDvQDp__TQBmVmi132ZQBw
	130458	_D3geo8internal10fixed_uint__T16multiplyUnsignedVmi132Vmi66ZQBeFNaNbNiNfKxSQCvQCuQCo__T9UIntFixedVmi132ZQrKxSQEdQEcQDw__TQBiVmi66ZQBrZSQFdQFcQEw__TQCiVmi198ZQCs
	531624	_D3geo8internal10fixed_uint__T16multiplyUnsignedVmi198Vmi132ZQBfFNaNbNiNfKxSQCwQCvQCp__T9UIntFixedVmi198ZQrKxSQEeQEdQDx__TQBiVmi132ZQBsZSQFfQFeQEy__TQCjVmi330ZQCt
_D3geo8internal10fixed_uint__T16firstNonZeroLimbVmi132ZQzFNaNbNiNfKxSQCpQCoQCi__T9UIntFixedVmi132ZQrZm	714402	255742968	255742968
------------------
	19760	_D3geo8internal10fixed_uint__T11addUnsignedVmi134ZQuFNaNbNiNfKxSQCkQCjQCd__T9UIntFixedVmi134ZQrKxQBiZSQDwQDvQDp__TQBmVmi134ZQBw
	 6552	_D3geo8internal10fixed_uint__T16subtractUnsignedVmi134ZQzFNaNbNiNfKxSQCpQCoQCi__T9UIntFixedVmi134ZQrKxQBiZSQEbQEaQDu__TQBmVmi134ZQBw
_D3geo8internal10fixed_uint__T16firstNonZeroLimbVmi134ZQzFNaNbNiNfKxSQCpQCoQCi__T9UIntFixedVmi134ZQrZm	26312	2543242	2543242
------------------
	25908	_D3geo8internal10fixed_uint__T16subtractUnsignedVmi198ZQzFNaNbNiNfKxSQCpQCoQCi__T9UIntFixedVmi198ZQrKxQBiZSQEbQEaQDu__TQBmVmi198ZQBw
	26112	_D3geo8internal10fixed_uint__T11addUnsignedVmi198ZQuFNaNbNiNfKxSQCkQCjQCd__T9UIntFixedVmi198ZQrKxQBiZSQDwQDvQDp__TQBmVmi198ZQBw
	531624	_D3geo8internal10fixed_uint__T16multiplyUnsignedVmi198Vmi132ZQBfFNaNbNiNfKxSQCwQCvQCp__T9UIntFixedVmi198ZQrKxSQEeQEdQDx__TQBiVmi132ZQBsZSQFfQFeQEy__TQCjVmi330ZQCt
_D3geo8internal10fixed_uint__T16firstNonZeroLimbVmi198ZQzFNaNbNiNfKxSQCpQCoQCi__T9UIntFixedVmi198ZQrZm	583644	253746688	253746688
------------------
	314144	_D3geo8internal10fixed_uint__T16multiplyUnsignedVmi66Vmi66ZQBdFNaNbNiNfKxSQCuQCtQCn__T9UIntFixedVmi66ZQqKxQBhZSQEfQEeQDy__TQBlVmi132ZQBv
	104040	_D3geo8internal10fixed_uint__T11addUnsignedVmi66ZQtFNaNbNiNfKxSQCjQCiQCc__T9UIntFixedVmi66ZQqKxQBhZSQDuQDtQDn__TQBlVmi66ZQBu
	206856	_D3geo8internal10fixed_uint__T16subtractUnsignedVmi66ZQyFNaNbNiNfKxSQCoQCnQCh__T9UIntFixedVmi66ZQqKxQBhZSQDzQDyQDs__TQBlVmi66ZQBu
	130458	_D3geo8internal10fixed_uint__T16multiplyUnsignedVmi132Vmi66ZQBeFNaNbNiNfKxSQCvQCuQCo__T9UIntFixedVmi132ZQrKxSQEdQEcQDw__TQBiVmi66ZQBrZSQFdQFcQEw__TQCiVmi198ZQCs
_D3geo8internal10fixed_uint__T16firstNonZeroLimbVmi66ZQyFNaNbNiNfKxSQCoQCnQCh__T9UIntFixedVmi66ZQqZm	755498	163483710	163483710
------------------
	104448	_D3geo8internal18intersection_exact18weightedCoordinateFNaNbNiNfKxSQCnQCm10fixed_uint__T9UIntFixedVmi132ZQrKxSQEeQEd6dyadic22SignedDyadicCoordinateKxQDfKxQBtZSQGbQGa16exact_coordinate30SignedExactCoordinateNumerator
	26010	_D3geo8internal16exact_coordinate22roundsToFiniteBinary64FNaNbNiNfKxSQCpQCoQCi30SignedExactCoordinateNumeratorKxSQEhQEg10fixed_uint__T9UIntFixedVmi132ZQrZb
_D3geo8internal10fixed_uint__T16multiplyUnsignedVmi132Vmi66ZQBeFNaNbNiNfKxSQCvQCuQCo__T9UIntFixedVmi132ZQrKxSQEdQEcQDw__TQBiVmi66ZQBrZSQFdQFcQEw__TQCiVmi198ZQCs	130458	329295147	153400233
	130458	_D3geo8internal10fixed_uint__T16firstNonZeroLimbVmi132ZQzFNaNbNiNfKxSQCpQCoQCi__T9UIntFixedVmi132ZQrZm
	130458	_D3geo8internal10fixed_uint__T16firstNonZeroLimbVmi66ZQyFNaNbNiNfKxSQCoQCnQCh__T9UIntFixedVmi66ZQqZm
	130458	_D3geo8internal10fixed_uint__T19pastLastNonZeroLimbVmi132ZQBcFNaNbNiNfKxSQCtQCsQCm__T9UIntFixedVmi132ZQrZm
	130458	_D3geo8internal10fixed_uint__T19pastLastNonZeroLimbVmi66ZQBbFNaNbNiNfKxSQCsQCrQCl__T9UIntFixedVmi66ZQqZm
------------------
	531624	_D3geo8internal16exact_coordinate23compareExactCoordinatesFNaNbNiNfKxSQCqQCpQCj30SignedExactCoordinateNumeratorKxSQEiQEh10fixed_uint__T9UIntFixedVmi132ZQrKxQDjKxQBwZi
_D3geo8internal10fixed_uint__T16multiplyUnsignedVmi198Vmi132ZQBfFNaNbNiNfKxSQCwQCvQCp__T9UIntFixedVmi198ZQrKxSQEeQEdQDx__TQBiVmi132ZQBsZSQFfQFeQEy__TQCjVmi330ZQCt	531624	1533189139	606157084
	531624	_D3geo8internal10fixed_uint__T16firstNonZeroLimbVmi198ZQzFNaNbNiNfKxSQCpQCoQCi__T9UIntFixedVmi198ZQrZm
	531624	_D3geo8internal10fixed_uint__T16firstNonZeroLimbVmi132ZQzFNaNbNiNfKxSQCpQCoQCi__T9UIntFixedVmi132ZQrZm
	531624	_D3geo8internal10fixed_uint__T19pastLastNonZeroLimbVmi198ZQBcFNaNbNiNfKxSQCtQCsQCm__T9UIntFixedVmi198ZQrZm
	531624	_D3geo8internal10fixed_uint__T19pastLastNonZeroLimbVmi132ZQBcFNaNbNiNfKxSQCtQCsQCm__T9UIntFixedVmi132ZQrZm
------------------
	157072	_D3geo8internal6dyadic25multiplyDyadicDifferencesFNaNbNiNfKxSQChQCgQCa22SignedDyadicDifferenceKxQBkZSQDvQDuQDo19SignedDyadicProduct
_D3geo8internal10fixed_uint__T16multiplyUnsignedVmi66Vmi66ZQBdFNaNbNiNfKxSQCuQCtQCn__T9UIntFixedVmi66ZQqKxQBhZSQEfQEeQDy__TQBlVmi132ZQBv	157072	266669703	183538447
	314144	_D3geo8internal10fixed_uint__T16firstNonZeroLimbVmi66ZQyFNaNbNiNfKxSQCoQCnQCh__T9UIntFixedVmi66ZQqZm
	314144	_D3geo8internal10fixed_uint__T19pastLastNonZeroLimbVmi66ZQBbFNaNbNiNfKxSQCsQCrQCl__T9UIntFixedVmi66ZQqZm
------------------
	26208	_D3geo8internal6dyadic22subtractDyadicProductsFNaNbNiNfKxSQCeQCdQBx19SignedDyadicProductKxQBhZSQDpQDoQDiQBl
_D3geo8internal10fixed_uint__T16subtractUnsignedVmi132ZQzFNaNbNiNfKxSQCpQCoQCi__T9UIntFixedVmi132ZQrKxQBiZSQEbQEaQDu__TQBmVmi132ZQBw	26208	34243768	17470180
	26208	_D3geo8internal10fixed_uint__T16firstNonZeroLimbVmi132ZQzFNaNbNiNfKxSQCpQCoQCi__T9UIntFixedVmi132ZQrZm
	26208	_D3geo8internal10fixed_uint__T19pastLastNonZeroLimbVmi132ZQBcFNaNbNiNfKxSQCtQCsQCm__T9UIntFixedVmi132ZQrZm
------------------
	 6552	_D3geo8internal10area_exact18addAreaDeterminantFNaNbNiNfKSQCeQCdQBx21SignedAreaAccumulatorKxSQDnQDm6dyadic19SignedDyadicProductZv
_D3geo8internal10fixed_uint__T16subtractUnsignedVmi134ZQzFNaNbNiNfKxSQCpQCoQCi__T9UIntFixedVmi134ZQrKxQBiZSQEbQEaQDu__TQBmVmi134ZQBw	6552	24461424	22716590
	 6552	_D3geo8internal10fixed_uint__T16firstNonZeroLimbVmi134ZQzFNaNbNiNfKxSQCpQCoQCi__T9UIntFixedVmi134ZQrZm
	 6552	_D3geo8internal10fixed_uint__T19pastLastNonZeroLimbVmi134ZQBcFNaNbNiNfKxSQCtQCsQCm__T9UIntFixedVmi134ZQrZm
------------------
	25908	_D3geo8internal18intersection_exact18weightedCoordinateFNaNbNiNfKxSQCnQCm10fixed_uint__T9UIntFixedVmi132ZQrKxSQEeQEd6dyadic22SignedDyadicCoordinateKxQDfKxQBtZSQGbQGa16exact_coordinate30SignedExactCoordinateNumerator
_D3geo8internal10fixed_uint__T16subtractUnsignedVmi198ZQzFNaNbNiNfKxSQCpQCoQCi__T9UIntFixedVmi198ZQrKxQBiZSQEbQEaQDu__TQBmVmi198ZQBw	25908	50933844	29701438
	25908	_D3geo8internal10fixed_uint__T16firstNonZeroLimbVmi198ZQzFNaNbNiNfKxSQCpQCoQCi__T9UIntFixedVmi198ZQrZm
	25908	_D3geo8internal10fixed_uint__T19pastLastNonZeroLimbVmi198ZQBcFNaNbNiNfKxSQCtQCsQCm__T9UIntFixedVmi198ZQrZm
------------------
	206856	_D3geo8internal6dyadic25subtractDyadicCoordinatesFNaNbNiNfKxSQChQCgQCa22SignedDyadicCoordinateKxQBkZSQDvQDuQDo22SignedDyadicDifference
_D3geo8internal10fixed_uint__T16subtractUnsignedVmi66ZQyFNaNbNiNfKxSQCoQCnQCh__T9UIntFixedVmi66ZQqKxQBhZSQDzQDyQDs__TQBlVmi66ZQBu	206856	296550956	185801928
	206856	_D3geo8internal10fixed_uint__T16firstNonZeroLimbVmi66ZQyFNaNbNiNfKxSQCoQCnQCh__T9UIntFixedVmi66ZQqZm
	206856	_D3geo8internal10fixed_uint__T19pastLastNonZeroLimbVmi66ZQBbFNaNbNiNfKxSQCsQCrQCl__T9UIntFixedVmi66ZQqZm
------------------
	26208	_D3geo8internal10fixed_uint__T16subtractUnsignedVmi132ZQzFNaNbNiNfKxSQCpQCoQCi__T9UIntFixedVmi132ZQrKxQBiZSQEbQEaQDu__TQBmVmi132ZQBw
	26112	_D3geo8internal10fixed_uint__T11addUnsignedVmi132ZQuFNaNbNiNfKxSQCkQCjQCd__T9UIntFixedVmi132ZQrKxQBiZSQDwQDvQDp__TQBmVmi132ZQBw
	130458	_D3geo8internal10fixed_uint__T16multiplyUnsignedVmi132Vmi66ZQBeFNaNbNiNfKxSQCvQCuQCo__T9UIntFixedVmi132ZQrKxSQEdQEcQDw__TQBiVmi66ZQBrZSQFdQFcQEw__TQCiVmi198ZQCs
	531624	_D3geo8internal10fixed_uint__T16multiplyUnsignedVmi198Vmi132ZQBfFNaNbNiNfKxSQCwQCvQCp__T9UIntFixedVmi198ZQrKxSQEeQEdQDx__TQBiVmi132ZQBsZSQFfQFeQEy__TQCjVmi330ZQCt
_D3geo8internal10fixed_uint__T19pastLastNonZeroLimbVmi132ZQBcFNaNbNiNfKxSQCtQCsQCm__T9UIntFixedVmi132ZQrZm	714402	309013810	309013810
------------------
	19760	_D3geo8internal10fixed_uint__T11addUnsignedVmi134ZQuFNaNbNiNfKxSQCkQCjQCd__T9UIntFixedVmi134ZQrKxQBiZSQDwQDvQDp__TQBmVmi134ZQBw
	 6552	_D3geo8internal10fixed_uint__T16subtractUnsignedVmi134ZQzFNaNbNiNfKxSQCpQCoQCi__T9UIntFixedVmi134ZQrKxQBiZSQEbQEaQDu__TQBmVmi134ZQBw
_D3geo8internal10fixed_uint__T19pastLastNonZeroLimbVmi134ZQBcFNaNbNiNfKxSQCtQCsQCm__T9UIntFixedVmi134ZQrZm	26312	3767530	3767530
------------------
	25908	_D3geo8internal10fixed_uint__T16subtractUnsignedVmi198ZQzFNaNbNiNfKxSQCpQCoQCi__T9UIntFixedVmi198ZQrKxQBiZSQEbQEaQDu__TQBmVmi198ZQBw
	26112	_D3geo8internal10fixed_uint__T11addUnsignedVmi198ZQuFNaNbNiNfKxSQCkQCjQCd__T9UIntFixedVmi198ZQrKxQBiZSQDwQDvQDp__TQBmVmi198ZQBw
	531624	_D3geo8internal10fixed_uint__T16multiplyUnsignedVmi198Vmi132ZQBfFNaNbNiNfKxSQCwQCvQCp__T9UIntFixedVmi198ZQrKxSQEeQEdQDx__TQBiVmi132ZQBsZSQFfQFeQEy__TQCjVmi330ZQCt
_D3geo8internal10fixed_uint__T19pastLastNonZeroLimbVmi198ZQBcFNaNbNiNfKxSQCtQCsQCm__T9UIntFixedVmi198ZQrZm	583644	318217263	318217263
------------------
	314144	_D3geo8internal10fixed_uint__T16multiplyUnsignedVmi66Vmi66ZQBdFNaNbNiNfKxSQCuQCtQCn__T9UIntFixedVmi66ZQqKxQBhZSQEfQEeQDy__TQBlVmi132ZQBv
	104040	_D3geo8internal10fixed_uint__T11addUnsignedVmi66ZQtFNaNbNiNfKxSQCjQCiQCc__T9UIntFixedVmi66ZQqKxQBhZSQDuQDtQDn__TQBlVmi66ZQBu
	206856	_D3geo8internal10fixed_uint__T16subtractUnsignedVmi66ZQyFNaNbNiNfKxSQCoQCnQCh__T9UIntFixedVmi66ZQqKxQBhZSQDzQDyQDs__TQBlVmi66ZQBu
	130458	_D3geo8internal10fixed_uint__T16multiplyUnsignedVmi132Vmi66ZQBeFNaNbNiNfKxSQCvQCuQCo__T9UIntFixedVmi132ZQrKxSQEdQEcQDw__TQBiVmi66ZQBrZSQFdQFcQEw__TQCiVmi198ZQCs
_D3geo8internal10fixed_uint__T19pastLastNonZeroLimbVmi66ZQBbFNaNbNiNfKxSQCsQCrQCl__T9UIntFixedVmi66ZQqZm	755498	130193232	130193232
------------------
	104448	_D3geo8internal18intersection_exact18weightedCoordinateFNaNbNiNfKxSQCnQCm10fixed_uint__T9UIntFixedVmi132ZQrKxSQEeQEd6dyadic22SignedDyadicCoordinateKxQDfKxQBtZSQGbQGa16exact_coordinate30SignedExactCoordinateNumerator
	546822	_D3geo8internal16exact_coordinate23compareExactCoordinatesFNaNbNiNfKxSQCqQCpQCj30SignedExactCoordinateNumeratorKxSQEiQEh10fixed_uint__T9UIntFixedVmi132ZQrKxQDjKxQBwZi
	26010	_D3geo8internal16exact_coordinate22roundsToFiniteBinary64FNaNbNiNfKxSQCpQCoQCi30SignedExactCoordinateNumeratorKxSQEhQEg10fixed_uint__T9UIntFixedVmi132ZQrZb
	26010	_D3geo8internal22exact_coordinate_round28roundExactCoordinateBinary64FNaNbNiNfKxSQDbQDa16exact_coordinate30SignedExactCoordinateNumeratorKxSQFiQFh10fixed_uint__T9UIntFixedVmi132ZQrZd
_D3geo8internal10fixed_uint__T9UIntFixedVmi198ZQr6isZeroMxFNaNbNdNiNfZb	703290	412790040	412790040
------------------
	26112	_D3geo8internal23segment_polygon_clip_p124tryMaterializeExactPointFNaNbNiNfKxSQCyQCx19polygon_union_exact17ExactOverlayPointJSQEu5point__T6Point2TdZQkZb
_D3geo8internal16exact_coordinate22roundsToFiniteBinary64FNaNbNiNfKxSQCpQCoQCi30SignedExactCoordinateNumeratorKxSQEhQEg10fixed_uint__T9UIntFixedVmi132ZQrZb	26112	249982200	12130092
	26010	_D3geo8internal10fixed_uint__T9UIntFixedVmi198ZQr6isZeroMxFNaNbNdNiNfZb
	26010	_D3geo8internal16exact_coordinate24binary64OverflowMidpointFNaNbNiNfZSQCqQCp10fixed_uint__T9UIntFixedVmi66ZQq
	26010	_D3geo8internal10fixed_uint__T16multiplyUnsignedVmi132Vmi66ZQBeFNaNbNiNfKxSQCvQCuQCo__T9UIntFixedVmi132ZQrKxSQEdQEcQDw__TQBiVmi66ZQBrZSQFdQFcQEw__TQCiVmi198ZQCs
	26010	_D3geo8internal10fixed_uint__T15compareUnsignedVmi198ZQyFNaNbNiNfKxSQCoQCnQCh__T9UIntFixedVmi198ZQrKxQBiZi
------------------
	234141	_D3geo8internal19polygon_union_exact__T37compareExactOverlayPointsAlongSegmentTdZQBqFNaNbNiNfSQDo7segment__T8Segment2TdZQmKxSQEtQEsQEm17ExactOverlayPointKxQBfZi
	13158	_D3geo8internal19polygon_union_exact__T25sortUniqueExactEdgeEventsTdZQBeFNaNbNiNfSQDc7segment__T8Segment2TdZQmMASQEhQEgQEa17ExactOverlayPointZm
	26112	_D3geo8internal23segment_polygon_clip_p1__T19findExactEventIndexTdZQyFNaNbNiNfSQCz7segment__T8Segment2TdZQmMAxSQEfQEe19polygon_union_exact17ExactOverlayPointKxQBxZm
_D3geo8internal16exact_coordinate23compareExactCoordinatesFNaNbNiNfKxSQCqQCpQCj30SignedExactCoordinateNumeratorKxSQEiQEh10fixed_uint__T9UIntFixedVmi132ZQrKxQDjKxQBwZi	273411	2725678633	382476692
	546822	_D3geo8internal10fixed_uint__T9UIntFixedVmi198ZQr6isZeroMxFNaNbNdNiNfZb
	531624	_D3geo8internal10fixed_uint__T16multiplyUnsignedVmi198Vmi132ZQBfFNaNbNiNfKxSQCwQCvQCp__T9UIntFixedVmi198ZQrKxSQEeQEdQDx__TQBiVmi132ZQBsZSQFfQFeQEy__TQCjVmi330ZQCt
	265812	_D3geo8internal10fixed_uint__T15compareUnsignedVmi330ZQyFNaNbNiNfKxSQCoQCnQCh__T9UIntFixedVmi330ZQrKxQBiZi
------------------
	26010	_D3geo8internal16exact_coordinate22roundsToFiniteBinary64FNaNbNiNfKxSQCpQCoQCi30SignedExactCoordinateNumeratorKxSQEhQEg10fixed_uint__T9UIntFixedVmi132ZQrZb
_D3geo8internal16exact_coordinate24binary64OverflowMidpointFNaNbNiNfZSQCqQCp10fixed_uint__T9UIntFixedVmi66ZQq	26010	41332720	41332720
------------------
	52224	_D3geo8internal18intersection_exact__T26tryProperIntersectionExactTdZQBfFNaNbNiNfSQDc7segment__T8Segment2TdZQmQBdJSQEjQEiQEc23ExactProperIntersectionZb
_D3geo8internal18intersection_exact18weightedCoordinateFNaNbNiNfKxSQCnQCm10fixed_uint__T9UIntFixedVmi132ZQrKxSQEeQEd6dyadic22SignedDyadicCoordinateKxQDfKxQBtZSQGbQGa16exact_coordinate30SignedExactCoordinateNumerator	52224	385210097	39154622
	104448	_D3geo8internal10fixed_uint__T16multiplyUnsignedVmi132Vmi66ZQBeFNaNbNiNfKxSQCvQCuQCo__T9UIntFixedVmi132ZQrKxSQEdQEcQDw__TQBiVmi66ZQBrZSQFdQFcQEw__TQCiVmi198ZQCs
	104448	_D3geo8internal10fixed_uint__T9UIntFixedVmi198ZQr6isZeroMxFNaNbNdNiNfZb
	26112	_D3geo8internal10fixed_uint__T15compareUnsignedVmi198ZQyFNaNbNiNfKxSQCoQCnQCh__T9UIntFixedVmi198ZQrKxQBiZi
	25908	_D3geo8internal10fixed_uint__T16subtractUnsignedVmi198ZQzFNaNbNiNfKxSQCpQCoQCi__T9UIntFixedVmi198ZQrKxQBiZSQEbQEaQDu__TQBmVmi198ZQBw
	26112	_D3geo8internal10fixed_uint__T11addUnsignedVmi198ZQuFNaNbNiNfKxSQCkQCjQCd__T9UIntFixedVmi198ZQrKxQBiZSQDwQDvQDp__TQBmVmi198ZQBw
------------------
	13056	_D3geo8internal19polygon_union_exact__T29appendSegmentPairNodingEventsTdZQBiFNaNbNiNfSQDg7segment__T8Segment2TdZQmQBdMASQEoQEnQEh17ExactOverlayPointKmMQBhKmZb
	13056	_D3geo8internal23segment_polygon_clip_p1__T31trySegmentPolygonClipP1InternalTdZQBkFNfSQDg7segment__T8Segment2TdZQmMSQEk12polygon_view__T12Polygon2ViewTdZQrJSQFzQFy27segment_polygon_clip_result37SegmentPolygonClipOwnedResultInternalZEQIxQIwQIq32SegmentPolygonClipInternalStatus
_D3geo8internal18intersection_exact__T26tryProperIntersectionExactTdZQBfFNaNbNiNfSQDc7segment__T8Segment2TdZQmQBdJSQEjQEiQEc23ExactProperIntersectionZb	26112	2181966188	507422733
	731136	_D3geo8internal6dyadic24decodeBinary64CoordinateFNaNbNiNfdZSQCgQCfQBz22SignedDyadicCoordinate
	417792	_D3geo8internal6dyadic25subtractDyadicCoordinatesFNaNbNiNfKxSQChQCgQCa22SignedDyadicCoordinateKxQBkZSQDvQDuQDo22SignedDyadicDifference
	208896	_D3geo8internal6dyadic25multiplyDyadicDifferencesFNaNbNiNfKxSQChQCgQCa22SignedDyadicDifferenceKxQBkZSQDvQDuQDo19SignedDyadicProduct
	104448	_D3geo8internal6dyadic22subtractDyadicProductsFNaNbNiNfKxSQCeQCdQBx19SignedDyadicProductKxQBhZSQDpQDoQDiQBl
	26112	_D3geo8internal10fixed_uint__T11addUnsignedVmi132ZQuFNaNbNiNfKxSQCkQCjQCd__T9UIntFixedVmi132ZQrKxQBiZSQDwQDvQDp__TQBmVmi132ZQBw
	52224	_D3geo8internal18intersection_exact18weightedCoordinateFNaNbNiNfKxSQCnQCm10fixed_uint__T9UIntFixedVmi132ZQrKxSQEeQEd6dyadic22SignedDyadicCoordinateKxQDfKxQBtZSQGbQGa16exact_coordinate30SignedExactCoordinateNumerator
------------------
	265216	_D3geo11orientationQnFNaNbNiNfSQBd5point__T6Point2TdZQkQzQBbZEQCiQCh12Orientation2
_D3geo8internal18orientation_filter17orientationFilterFNaNbNiNfddddddZEQCrQCqQCk23OrientationFilterResult	265216	1781995071	1254371495
	3231744	_D3std4math6traits__T8isFiniteTdZQmFNaNbNiNedZb
	1640448	_D3std4math6traits__T11isSubnormalTdZQqFNaNbNiNedZb
	105472	_D3std4math6traits__T8isFiniteTxdZQnFNaNbNiNexdZb
	105472	_D3std4math6traits__T11isSubnormalTxdZQrFNaNbNiNexdZb
------------------
	26112	_D3geo8internal19polygon_union_exact__T29appendSegmentPairNodingEventsTdZQBiFNaNbNiNfSQDg7segment__T8Segment2TdZQmQBdMASQEoQEnQEh17ExactOverlayPointKmMQBhKmZb
_D3geo8internal19polygon_union_exact20appendExactEdgeEventFNaNbNiNfMASQCqQCpQCj17ExactOverlayPointKmKxSQDxQDwQDqQBhZb	26112	24252254	24252254
------------------
	  102	_D3geo8internal23segment_polygon_clip_p1__T31trySegmentPolygonClipP1InternalTdZQBkFNfSQDg7segment__T8Segment2TdZQmMSQEk12polygon_view__T12Polygon2ViewTdZQrJSQFzQFy27segment_polygon_clip_result37SegmentPolygonClipOwnedResultInternalZEQIxQIwQIq32SegmentPolygonClipInternalStatus
_D3geo8internal19polygon_union_exact__T19seedExactEdgeEventsTdZQyFNaNbNiNfSQCv7segment__T8Segment2TdZQmMASQEaQDzQDt17ExactOverlayPointJmZb	102	437502	205894
	  408	_D3geo8internal19polygon_union_exact__T25liftRepresentedCoordinateTdZQBeFNaNbNiNfdZSQDeQDd16exact_coordinate30SignedExactCoordinateNumerator
------------------
	19788	_D3geo8internal19polygon_union_exact__T25sortUniqueExactEdgeEventsTdZQBeFNaNbNiNfSQDc7segment__T8Segment2TdZQmMASQEhQEgQEa17ExactOverlayPointZm
_D3geo8internal19polygon_union_exact__T23siftDownExactEdgeEventsTdZQBcFNaNbNiNfSQDa7segment__T8Segment2TdZQmMASQEfQEeQDy17ExactOverlayPointmmZv	19788	1433781325	72056192
	142239	_D3geo8internal19polygon_union_exact__T37compareExactOverlayPointsAlongSegmentTdZQBqFNaNbNiNfSQDo7segment__T8Segment2TdZQmKxSQEtQEsQEm17ExactOverlayPointKxQBfZi
------------------
	  408	_D3geo8internal19polygon_union_exact__T19seedExactEdgeEventsTdZQyFNaNbNiNfSQCv7segment__T8Segment2TdZQmMASQEaQDzQDt17ExactOverlayPointJmZb
_D3geo8internal19polygon_union_exact__T25liftRepresentedCoordinateTdZQBeFNaNbNiNfdZSQDeQDd16exact_coordinate30SignedExactCoordinateNumerator	408	231608	183066
	  408	_D3geo8internal6dyadic24decodeBinary64CoordinateFNaNbNiNfdZSQCgQCfQBz22SignedDyadicCoordinate
------------------
	  102	_D3geo8internal23segment_polygon_clip_p1__T31trySegmentPolygonClipP1InternalTdZQBkFNfSQDg7segment__T8Segment2TdZQmMSQEk12polygon_view__T12Polygon2ViewTdZQrJSQFzQFy27segment_polygon_clip_result37SegmentPolygonClipOwnedResultInternalZEQIxQIwQIq32SegmentPolygonClipInternalStatus
_D3geo8internal19polygon_union_exact__T25sortUniqueExactEdgeEventsTdZQBeFNaNbNiNfSQDc7segment__T8Segment2TdZQmMASQEhQEgQEa17ExactOverlayPointZm	102	1569202169	9528974
	19788	_D3geo8internal19polygon_union_exact__T23siftDownExactEdgeEventsTdZQBcFNaNbNiNfSQDa7segment__T8Segment2TdZQmMASQEfQEeQDy17ExactOverlayPointmmZv
	13158	_D3geo8internal16exact_coordinate23compareExactCoordinatesFNaNbNiNfKxSQCqQCpQCj30SignedExactCoordinateNumeratorKxSQEiQEh10fixed_uint__T9UIntFixedVmi132ZQrKxQDjKxQBwZi
------------------
	26112	_D3geo8internal23segment_polygon_clip_p1__T31trySegmentPolygonClipP1InternalTdZQBkFNfSQDg7segment__T8Segment2TdZQmMSQEk12polygon_view__T12Polygon2ViewTdZQrJSQFzQFy27segment_polygon_clip_result37SegmentPolygonClipOwnedResultInternalZEQIxQIwQIq32SegmentPolygonClipInternalStatus
_D3geo8internal19polygon_union_exact__T29appendSegmentPairNodingEventsTdZQBiFNaNbNiNfSQDg7segment__T8Segment2TdZQmQBdMASQEoQEnQEh17ExactOverlayPointKmMQBhKmZb	26112	2038099531	25041146
	26112	_D3geo12intersection__T18segmentContactKindTdZQxFNaNbNiNfSQCe7segment__T8Segment2TdZQmQBdZEQDlQDk18SegmentContactKind
	13056	_D3geo8internal18intersection_exact__T26tryProperIntersectionExactTdZQBfFNaNbNiNfSQDc7segment__T8Segment2TdZQmQBdJSQEjQEiQEc23ExactProperIntersectionZb
	26112	_D3geo8internal19polygon_union_exact20appendExactEdgeEventFNaNbNiNfMASQCqQCpQCj17ExactOverlayPointKmKxSQDxQDwQDqQBhZb
------------------
	142239	_D3geo8internal19polygon_union_exact__T23siftDownExactEdgeEventsTdZQBcFNaNbNiNfSQDa7segment__T8Segment2TdZQmMASQEfQEeQDy17ExactOverlayPointmmZv
	91902	_D3geo8internal23segment_polygon_clip_p1__T19findExactEventIndexTdZQyFNaNbNiNfSQCz7segment__T8Segment2TdZQmMAxSQEfQEe19polygon_union_exact17ExactOverlayPointKxQBxZm
_D3geo8internal19polygon_union_exact__T37compareExactOverlayPointsAlongSegmentTdZQBqFNaNbNiNfSQDo7segment__T8Segment2TdZQmKxSQEtQEsQEm17ExactOverlayPointKxQBfZi	234141	2368885313	85049562
	234141	_D3geo8internal16exact_coordinate23compareExactCoordinatesFNaNbNiNfKxSQCqQCpQCj30SignedExactCoordinateNumeratorKxSQEiQEh10fixed_uint__T9UIntFixedVmi132ZQrKxQDjKxQBwZi
------------------
	    2	_D3geo28segment_polygon_relationship__T34classifySegmentPolygonRelationshipTdZQBnFNaNbNiNfSQDl7segment__T8Segment2TdZQmMSQEp12polygon_view__T12Polygon2ViewTdZQrZSQGeQGd26SegmentPolygonRelationship
	  102	_D3geo8internal23segment_polygon_clip_p1__T31trySegmentPolygonClipP1InternalTdZQBkFNfSQDg7segment__T8Segment2TdZQmMSQEk12polygon_view__T12Polygon2ViewTdZQrJSQFzQFy27segment_polygon_clip_result37SegmentPolygonClipOwnedResultInternalZEQIxQIwQIq32SegmentPolygonClipInternalStatus
_D3geo8internal19polygon_union_input__T24exactRingOrientationSignTdZQBdFNaNbNiNfMxSQDd16linear_ring_view__T15LinearRing2ViewTdZQuZi	104	446275050	82684549
	159744	_D3geo8internal6dyadic24decodeBinary64CoordinateFNaNbNiNfdZSQCgQCfQBz22SignedDyadicCoordinate
	106496	_D3geo8internal6dyadic25subtractDyadicCoordinatesFNaNbNiNfKxSQChQCgQCa22SignedDyadicCoordinateKxQBkZSQDvQDuQDo22SignedDyadicDifference
	53248	_D3geo8internal6dyadic25multiplyDyadicDifferencesFNaNbNiNfKxSQChQCgQCa22SignedDyadicDifferenceKxQBkZSQDvQDuQDo19SignedDyadicProduct
	26624	_D3geo8internal6dyadic22subtractDyadicProductsFNaNbNiNfKxSQCeQCdQBx19SignedDyadicProductKxQBhZSQDpQDoQDiQBl
	26624	_D3geo8internal10area_exact18addAreaDeterminantFNaNbNiNfKSQCeQCdQBx21SignedAreaAccumulatorKxSQDnQDm6dyadic19SignedDyadicProductZv
------------------
	26010	_D3geo8internal22exact_coordinate_round28roundExactCoordinateBinary64FNaNbNiNfKxSQDbQDa16exact_coordinate30SignedExactCoordinateNumeratorKxSQFiQFh10fixed_uint__T9UIntFixedVmi132ZQrZd
_D3geo8internal22exact_coordinate_round15roundedQuotientFNaNbNiNfKxSQCoQCn10fixed_uint__T9UIntFixedVmi198ZQrKxSQEfQEeQBr__TQBiVmi132ZQBsmZm	26010	1587220621	369042699
	26010	_D3geo8internal22exact_coordinate_round28pastLastNonZeroNumeratorLimbFNaNbNiNfKxSQDbQDa10fixed_uint__T9UIntFixedVmi198ZQrZm
	26010	_D3geo8internal22exact_coordinate_round27firstNonZeroDenominatorLimbFNaNbNiNfKxSQDaQCz10fixed_uint__T9UIntFixedVmi132ZQrZm
	26010	_D3geo8internal22exact_coordinate_round__T9bitLengthVmi132ZQrFNaNbNiNfKxSQCtQCs10fixed_uint__T9UIntFixedVmi132ZQrZm
	1378530	_D3geo8internal22exact_coordinate_round25compareShiftedDenominatorFNaNbNiNfKxSQCyQCx10fixed_uint__T9UIntFixedVmi198ZQrmKxSQEqQEpQBs__TQBjVmi132ZQBtmmZi
	58752	_D3geo8internal22exact_coordinate_round26subtractShiftedDenominatorFNaNbNiNfKSQCyQCx10fixed_uint__T9UIntFixedVmi198ZQrmKxSQEqQEpQBs__TQBjVmi132ZQBtmmmZm
	26010	_D3geo8internal22exact_coordinate_round18shiftedDenominatorFNaNbNiNfKxSQCrQCq10fixed_uint__T9UIntFixedVmi132ZQrmZSQEiQEhQBr__TQBiVmi198ZQBs
	26010	_D3geo8internal22exact_coordinate_round7doubledFNaNbNiNfKxSQCfQCe10fixed_uint__T9UIntFixedVmi198ZQrZSQDvQDuQBq__TQBhVmi198ZQBr
	26010	_D3geo8internal10fixed_uint__T15compareUnsignedVmi198ZQyFNaNbNiNfKxSQCoQCnQCh__T9UIntFixedVmi198ZQrKxQBiZi
------------------
	52020	_D3geo8internal22exact_coordinate_round28roundExactCoordinateBinary64FNaNbNiNfKxSQDbQDa16exact_coordinate30SignedExactCoordinateNumeratorKxSQFiQFh10fixed_uint__T9UIntFixedVmi132ZQrZd
	26010	_D3geo8internal22exact_coordinate_round15roundedQuotientFNaNbNiNfKxSQCoQCn10fixed_uint__T9UIntFixedVmi198ZQrKxSQEfQEeQBr__TQBiVmi132ZQBsmZm
_D3geo8internal22exact_coordinate_round18shiftedDenominatorFNaNbNiNfKxSQCrQCq10fixed_uint__T9UIntFixedVmi132ZQrmZSQEiQEhQBr__TQBiVmi198ZQBs	78030	56750174	56750174
------------------
	2706264	_D3geo8internal22exact_coordinate_round25compareShiftedDenominatorFNaNbNiNfKxSQCyQCx10fixed_uint__T9UIntFixedVmi198ZQrmKxSQEqQEpQBs__TQBjVmi132ZQBtmmZi
	117504	_D3geo8internal22exact_coordinate_round26subtractShiftedDenominatorFNaNbNiNfKSQCyQCx10fixed_uint__T9UIntFixedVmi198ZQrmKxSQEqQEpQBs__TQBjVmi132ZQBtmmmZm
_D3geo8internal22exact_coordinate_round22shiftedDenominatorWordFNaNbNiNfKxSQCvQCu10fixed_uint__T9UIntFixedVmi132ZQrmkmZk	2823768	367396680	367396680
------------------
	1378530	_D3geo8internal22exact_coordinate_round15roundedQuotientFNaNbNiNfKxSQCoQCn10fixed_uint__T9UIntFixedVmi198ZQrKxSQEfQEeQBr__TQBiVmi132ZQBsmZm
_D3geo8internal22exact_coordinate_round25compareShiftedDenominatorFNaNbNiNfKxSQCyQCx10fixed_uint__T9UIntFixedVmi198ZQrmKxSQEqQEpQBs__TQBjVmi132ZQBtmmZi	1378530	1089030645	745881825
	2706264	_D3geo8internal22exact_coordinate_round22shiftedDenominatorWordFNaNbNiNfKxSQCvQCu10fixed_uint__T9UIntFixedVmi132ZQrmkmZk
------------------
	58752	_D3geo8internal22exact_coordinate_round15roundedQuotientFNaNbNiNfKxSQCoQCn10fixed_uint__T9UIntFixedVmi198ZQrKxSQEfQEeQBr__TQBiVmi132ZQBsmZm
_D3geo8internal22exact_coordinate_round26subtractShiftedDenominatorFNaNbNiNfKSQCyQCx10fixed_uint__T9UIntFixedVmi198ZQrmKxSQEqQEpQBs__TQBjVmi132ZQBtmmmZm	58752	57364449	33116589
	117504	_D3geo8internal22exact_coordinate_round22shiftedDenominatorWordFNaNbNiNfKxSQCvQCu10fixed_uint__T9UIntFixedVmi132ZQrmkmZk
------------------
	26010	_D3geo8internal22exact_coordinate_round15roundedQuotientFNaNbNiNfKxSQCoQCn10fixed_uint__T9UIntFixedVmi198ZQrKxSQEfQEeQBr__TQBiVmi132ZQBsmZm
_D3geo8internal22exact_coordinate_round27firstNonZeroDenominatorLimbFNaNbNiNfKxSQDaQCz10fixed_uint__T9UIntFixedVmi132ZQrZm	26010	2709122	2709122
------------------
	26010	_D3geo8internal22exact_coordinate_round15roundedQuotientFNaNbNiNfKxSQCoQCn10fixed_uint__T9UIntFixedVmi198ZQrKxSQEfQEeQBr__TQBiVmi132ZQBsmZm
_D3geo8internal22exact_coordinate_round28pastLastNonZeroNumeratorLimbFNaNbNiNfKxSQDbQDa10fixed_uint__T9UIntFixedVmi198ZQrZm	26010	4225312	4225312
------------------
	26112	_D3geo8internal23segment_polygon_clip_p124tryMaterializeExactPointFNaNbNiNfKxSQCyQCx19polygon_union_exact17ExactOverlayPointJSQEu5point__T6Point2TdZQkZb
_D3geo8internal22exact_coordinate_round28roundExactCoordinateBinary64FNaNbNiNfKxSQDbQDa16exact_coordinate30SignedExactCoordinateNumeratorKxSQFiQFh10fixed_uint__T9UIntFixedVmi132ZQrZd	26112	1840600747	75915086
	26010	_D3geo8internal10fixed_uint__T9UIntFixedVmi198ZQr6isZeroMxFNaNbNdNiNfZb
	52020	_D3geo8internal22exact_coordinate_round18shiftedDenominatorFNaNbNiNfKxSQCrQCq10fixed_uint__T9UIntFixedVmi132ZQrmZSQEiQEhQBr__TQBiVmi198ZQBs
	52020	_D3geo8internal10fixed_uint__T15compareUnsignedVmi198ZQyFNaNbNiNfKxSQCoQCnQCh__T9UIntFixedVmi198ZQrKxQBiZi
	26010	_D3geo8internal22exact_coordinate_round__T9bitLengthVmi198ZQrFNaNbNiNfKxSQCtQCs10fixed_uint__T9UIntFixedVmi198ZQrZm
	26010	_D3geo8internal22exact_coordinate_round__T9bitLengthVmi132ZQrFNaNbNiNfKxSQCtQCs10fixed_uint__T9UIntFixedVmi132ZQrZm
	26010	_D3geo8internal22exact_coordinate_round15roundedQuotientFNaNbNiNfKxSQCoQCn10fixed_uint__T9UIntFixedVmi198ZQrKxSQEfQEeQBr__TQBiVmi132ZQBsmZm
------------------
	26010	_D3geo8internal22exact_coordinate_round15roundedQuotientFNaNbNiNfKxSQCoQCn10fixed_uint__T9UIntFixedVmi198ZQrKxSQEfQEeQBr__TQBiVmi132ZQBsmZm
_D3geo8internal22exact_coordinate_round7doubledFNaNbNiNfKxSQCfQCe10fixed_uint__T9UIntFixedVmi198ZQrZSQDvQDuQBq__TQBhVmi198ZQBr	26010	20728396	20728396
------------------
	26010	_D3geo8internal22exact_coordinate_round28roundExactCoordinateBinary64FNaNbNiNfKxSQDbQDa16exact_coordinate30SignedExactCoordinateNumeratorKxSQFiQFh10fixed_uint__T9UIntFixedVmi132ZQrZd
	26010	_D3geo8internal22exact_coordinate_round15roundedQuotientFNaNbNiNfKxSQCoQCn10fixed_uint__T9UIntFixedVmi198ZQrKxSQEfQEeQBr__TQBiVmi132ZQBsmZm
_D3geo8internal22exact_coordinate_round__T9bitLengthVmi132ZQrFNaNbNiNfKxSQCtQCs10fixed_uint__T9UIntFixedVmi132ZQrZm	52020	32829368	32829368
------------------
	26010	_D3geo8internal22exact_coordinate_round28roundExactCoordinateBinary64FNaNbNiNfKxSQDbQDa16exact_coordinate30SignedExactCoordinateNumeratorKxSQFiQFh10fixed_uint__T9UIntFixedVmi132ZQrZd
_D3geo8internal22exact_coordinate_round__T9bitLengthVmi198ZQrFNaNbNiNfKxSQCtQCs10fixed_uint__T9UIntFixedVmi198ZQrZm	26010	30050566	30050566
------------------
	13056	_D3geo8internal23segment_polygon_clip_p1__T31trySegmentPolygonClipP1InternalTdZQBkFNfSQDg7segment__T8Segment2TdZQmMSQEk12polygon_view__T12Polygon2ViewTdZQrJSQFzQFy27segment_polygon_clip_result37SegmentPolygonClipOwnedResultInternalZEQIxQIwQIq32SegmentPolygonClipInternalStatus
_D3geo8internal23segment_polygon_clip_p116setAfterLocationFNaNbNiNfKEQCpQCoQCi16IntervalLocationQBcZv	13056	902356	902356
------------------
	13056	_D3geo8internal23segment_polygon_clip_p1__T31trySegmentPolygonClipP1InternalTdZQBkFNfSQDg7segment__T8Segment2TdZQmMSQEk12polygon_view__T12Polygon2ViewTdZQrJSQFzQFy27segment_polygon_clip_result37SegmentPolygonClipOwnedResultInternalZEQIxQIwQIq32SegmentPolygonClipInternalStatus
_D3geo8internal23segment_polygon_clip_p124tryMaterializeExactPointFNaNbNiNfKxSQCyQCx19polygon_union_exact17ExactOverlayPointJSQEu5point__T6Point2TdZQkZb	13056	2111577375	9782058
	26112	_D3geo8internal16exact_coordinate22roundsToFiniteBinary64FNaNbNiNfKxSQCpQCoQCi30SignedExactCoordinateNumeratorKxSQEhQEg10fixed_uint__T9UIntFixedVmi132ZQrZb
	26112	_D3geo8internal22exact_coordinate_round28roundExactCoordinateBinary64FNaNbNiNfKxSQDbQDa16exact_coordinate30SignedExactCoordinateNumeratorKxSQFiQFh10fixed_uint__T9UIntFixedVmi132ZQrZd
	26112	_D3std4math6traits__T8isFiniteTxdZQnFNaNbNiNexdZb
------------------
	13056	_D3geo8internal23segment_polygon_clip_p1__T31trySegmentPolygonClipP1InternalTdZQBkFNfSQDg7segment__T8Segment2TdZQmMSQEk12polygon_view__T12Polygon2ViewTdZQrJSQFzQFy27segment_polygon_clip_result37SegmentPolygonClipOwnedResultInternalZEQIxQIwQIq32SegmentPolygonClipInternalStatus
_D3geo8internal23segment_polygon_clip_p1__T19findExactEventIndexTdZQyFNaNbNiNfSQCz7segment__T8Segment2TdZQmMAxSQEfQEe19polygon_union_exact17ExactOverlayPointKxQBxZm	13056	1347118942	24007750
	91902	_D3geo8internal19polygon_union_exact__T37compareExactOverlayPointsAlongSegmentTdZQBqFNaNbNiNfSQDo7segment__T8Segment2TdZQmKxSQEtQEsQEm17ExactOverlayPointKxQBfZi
	26112	_D3geo8internal16exact_coordinate23compareExactCoordinatesFNaNbNiNfKxSQCqQCpQCj30SignedExactCoordinateNumeratorKxSQEiQEh10fixed_uint__T9UIntFixedVmi132ZQrKxQDjKxQBwZi
------------------
	  102	_D3geo8internal23segment_polygon_clip_p1__T31trySegmentPolygonClipP1InternalTdZQBkFNfSQDg7segment__T8Segment2TdZQmMSQEk12polygon_view__T12Polygon2ViewTdZQrJSQFzQFy27segment_polygon_clip_result37SegmentPolygonClipOwnedResultInternalZEQIxQIwQIq32SegmentPolygonClipInternalStatus
_D3geo8internal23segment_polygon_clip_p1__T22polygonBoundsSeparatedTdZQBbFNaNbNiNfSQDd7segment__T8Segment2TdZQmMSQEh12polygon_view__T12Polygon2ViewTdZQrZb	102	564694	160836
	  102	_D3geo12bounding_box__T9tryBoundsTdZQnFNaNbNiNfSQBu7segment__T8Segment2TdZQmJSQCy6bounds__T7Bounds2TdZQlZb
------------------
	  102	_D3geo8internal23segment_polygon_clip_p1__T31trySegmentPolygonClipP1InternalTdZQBkFNfSQDg7segment__T8Segment2TdZQmMSQEk12polygon_view__T12Polygon2ViewTdZQrJSQFzQFy27segment_polygon_clip_result37SegmentPolygonClipOwnedResultInternalZEQIxQIwQIq32SegmentPolygonClipInternalStatus
_D3geo8internal23segment_polygon_clip_p1__T24polygonBoundaryEdgeCountTdZQBdFNaNbNiNfMSQDg12polygon_view__T12Polygon2ViewTdZQrZm	102	397722	397722
------------------
	  102	_D3geo8internal23segment_polygon_clip_p1__T31trySegmentPolygonClipP1InternalTdZQBkFNfSQDg7segment__T8Segment2TdZQmMSQEk12polygon_view__T12Polygon2ViewTdZQrJSQFzQFy27segment_polygon_clip_result37SegmentPolygonClipOwnedResultInternalZEQIxQIwQIq32SegmentPolygonClipInternalStatus
_D3geo8internal23segment_polygon_clip_p1__T26queryBoundaryEventCapacityTdZQBfFNaNbNiNfSQDh7segment__T8Segment2TdZQmMSQEl12polygon_view__T12Polygon2ViewTdZQrZm	102	12130716	12088518
	  102	_D3geo12bounding_box__T9tryBoundsTdZQnFNaNbNiNfSQBu7segment__T8Segment2TdZQmJSQCy6bounds__T7Bounds2TdZQlZb
------------------
	  102	_D3geo20segment_polygon_clip__T20clipSegmentToPolygonTdZQzFNfSQCi7segment__T8Segment2TdZQmMSQDm12polygon_view__T12Polygon2ViewTdZQrZSQFbQFa24SegmentPolygonClipResult
_D3geo8internal23segment_polygon_clip_p1__T31trySegmentPolygonClipP1InternalTdZQBkFNfSQDg7segment__T8Segment2TdZQmMSQEk12polygon_view__T12Polygon2ViewTdZQrJSQFzQFy27segment_polygon_clip_result37SegmentPolygonClipOwnedResultInternalZEQIxQIwQIq32SegmentPolygonClipInternalStatus	102	9956166439	98804004
	  102	_D3geo8internal23segment_polygon_clip_p1__T24polygonBoundaryEdgeCountTdZQBdFNaNbNiNfMSQDg12polygon_view__T12Polygon2ViewTdZQrZm
	  102	_D3geo8internal23segment_polygon_clip_p1__T22polygonBoundsSeparatedTdZQBbFNaNbNiNfSQDd7segment__T8Segment2TdZQmMSQEh12polygon_view__T12Polygon2ViewTdZQrZb
	  102	_D3geo8internal23segment_polygon_clip_p1__T26queryBoundaryEventCapacityTdZQBfFNaNbNiNfSQDh7segment__T8Segment2TdZQmMSQEl12polygon_view__T12Polygon2ViewTdZQrZm
	  102	_D4core8internal5array12construction__T12_d_newarrayTTS3geoQCa19polygon_union_exact17ExactOverlayPointZQCmFNaNbNembZAQCl
	  102	_D3geo8internal19polygon_union_exact__T19seedExactEdgeEventsTdZQyFNaNbNiNfSQCv7segment__T8Segment2TdZQmMASQEaQDzQDt17ExactOverlayPointJmZb
	26112	_D3geo8internal19polygon_union_exact__T29appendSegmentPairNodingEventsTdZQBiFNaNbNiNfSQDg7segment__T8Segment2TdZQmQBdMASQEoQEnQEh17ExactOverlayPointKmMQBhKmZb
	  102	_D3geo8internal19polygon_union_exact__T25sortUniqueExactEdgeEventsTdZQBeFNaNbNiNfSQDc7segment__T8Segment2TdZQmMASQEhQEgQEa17ExactOverlayPointZm
	  102	_D4core8internal5array8capacity__T22_d_arraysetlengthTImplHTAS3geoQCh19polygon_union_exact17ExactOverlayPointTQBxZ18_d_arraysetlengthTFNaNbNeNkMKQDhmZm
	  204	_D4core8internal5array12construction__T12_d_newarrayTTmZQrFNaNbNembZAm
	  102	_D4core8internal5array12construction__T12_d_newarrayTTE3geoQCa23segment_polygon_clip_p116IntervalLocationZQCpFNaNbNembZAQCo
	  102	_D3geo8internal19polygon_union_input__T24exactRingOrientationSignTdZQBdFNaNbNiNfMxSQDd16linear_ring_view__T15LinearRing2ViewTdZQuZi
	52224	_D3geo12intersection__T18segmentContactKindTdZQxFNaNbNiNfSQCe7segment__T8Segment2TdZQmQBdZEQDlQDk18SegmentContactKind
	13056	_D3geo8internal18intersection_exact__T26tryProperIntersectionExactTdZQBfFNaNbNiNfSQDc7segment__T8Segment2TdZQmQBdJSQEjQEiQEc23ExactProperIntersectionZb
	13056	_D3geo8internal23segment_polygon_clip_p1__T19findExactEventIndexTdZQyFNaNbNiNfSQCz7segment__T8Segment2TdZQmMAxSQEfQEe19polygon_union_exact17ExactOverlayPointKxQBxZm
	13056	_D3geo11orientationQnFNaNbNiNfSQBd5point__T6Point2TdZQkQzQBbZEQCiQCh12Orientation2
	13056	_D3geo8internal23segment_polygon_clip_p116setAfterLocationFNaNbNiNfKEQCpQCoQCi16IntervalLocationQBcZv
	  102	_D4core8internal5array12construction__T12_d_newarrayTTbZQrFNaNbNembZAb
	  102	_D3geo16point_in_polygon__T25tryClassifyPointInPolygonTdZQBeFNaNbNiNfMSQCr12polygon_view__T12Polygon2ViewTdZQrSQEf5point__T6Point2TdZQkJEQFfQFe20PointPolygonLocationZb
	  102	_D4core8internal5array12construction__T12_d_newarrayTTS3geo7segment__T8Segment2TdZQmZQBuFNaNbNembZAQBt
	13056	_D3geo8internal23segment_polygon_clip_p124tryMaterializeExactPointFNaNbNiNfKxSQCyQCx19polygon_union_exact17ExactOverlayPointJSQEu5point__T6Point2TdZQkZb
------------------
	  106	_D3geo16point_in_polygon__T25tryClassifyPointInPolygonTdZQBeFNaNbNiNfMSQCr12polygon_view__T12Polygon2ViewTdZQrSQEf5point__T6Point2TdZQkJEQFfQFe20PointPolygonLocationZb
_D3geo8internal25ring_point_classification__T22tryClassifyPointInRingTdZQBbFNaNbNiNfMxSQDh16linear_ring_view__T15LinearRing2ViewTdZQuSQFc5point__T6Point2TdZQkJEQGcQGbQFv17RingPointLocationZb	106	64009361	7658014
	54484	_D3std4math6traits__T8isFiniteTxdZQnFNaNbNiNexdZb
	13568	_D3geo11orientationQnFNaNbNiNfSQBd5point__T6Point2TdZQkQzQBbZEQCiQCh12Orientation2
------------------
	26624	_D3geo8internal19polygon_union_input__T24exactRingOrientationSignTdZQBdFNaNbNiNfMxSQDd16linear_ring_view__T15LinearRing2ViewTdZQuZi
	104448	_D3geo8internal18intersection_exact__T26tryProperIntersectionExactTdZQBfFNaNbNiNfSQDc7segment__T8Segment2TdZQmQBdJSQEjQEiQEc23ExactProperIntersectionZb
_D3geo8internal6dyadic22subtractDyadicProductsFNaNbNiNfKxSQCeQCdQBx19SignedDyadicProductKxQBhZSQDpQDoQDiQBl	131072	94472352	33500012
	26208	_D3geo8internal10fixed_uint__T15compareUnsignedVmi132ZQyFNaNbNiNfKxSQCoQCnQCh__T9UIntFixedVmi132ZQrKxQBiZi
	26208	_D3geo8internal10fixed_uint__T16subtractUnsignedVmi132ZQzFNaNbNiNfKxSQCpQCoQCi__T9UIntFixedVmi132ZQrKxQBiZSQEbQEaQDu__TQBmVmi132ZQBw
------------------
	159744	_D3geo8internal19polygon_union_input__T24exactRingOrientationSignTdZQBdFNaNbNiNfMxSQDd16linear_ring_view__T15LinearRing2ViewTdZQuZi
	  408	_D3geo8internal19polygon_union_exact__T25liftRepresentedCoordinateTdZQBeFNaNbNiNfdZSQDeQDd16exact_coordinate30SignedExactCoordinateNumerator
	731136	_D3geo8internal18intersection_exact__T26tryProperIntersectionExactTdZQBfFNaNbNiNfSQDc7segment__T8Segment2TdZQmQBdJSQEjQEiQEc23ExactProperIntersectionZb
_D3geo8internal6dyadic24decodeBinary64CoordinateFNaNbNiNfdZSQCgQCfQBz22SignedDyadicCoordinate	891288	295053032	295053032
------------------
	53248	_D3geo8internal19polygon_union_input__T24exactRingOrientationSignTdZQBdFNaNbNiNfMxSQDd16linear_ring_view__T15LinearRing2ViewTdZQuZi
	208896	_D3geo8internal18intersection_exact__T26tryProperIntersectionExactTdZQBfFNaNbNiNfSQDc7segment__T8Segment2TdZQmQBdJSQEjQEiQEc23ExactProperIntersectionZb
_D3geo8internal6dyadic25multiplyDyadicDifferencesFNaNbNiNfKxSQChQCgQCa22SignedDyadicDifferenceKxQBkZSQDvQDuQDo19SignedDyadicProduct	262144	341619825	74950122
	157072	_D3geo8internal10fixed_uint__T16multiplyUnsignedVmi66Vmi66ZQBdFNaNbNiNfKxSQCuQCtQCn__T9UIntFixedVmi66ZQqKxQBhZSQEfQEeQDy__TQBlVmi132ZQBv
------------------
	106496	_D3geo8internal19polygon_union_input__T24exactRingOrientationSignTdZQBdFNaNbNiNfMxSQDd16linear_ring_view__T15LinearRing2ViewTdZQuZi
	417792	_D3geo8internal18intersection_exact__T26tryProperIntersectionExactTdZQBfFNaNbNiNfSQDc7segment__T8Segment2TdZQmQBdJSQEjQEiQEc23ExactProperIntersectionZb
_D3geo8internal6dyadic25subtractDyadicCoordinatesFNaNbNiNfKxSQChQCgQCa22SignedDyadicCoordinateKxQBkZSQDvQDuQDo22SignedDyadicDifference	524288	825554548	294738574
	310896	_D3geo8internal10fixed_uint__T15compareUnsignedVmi66ZQxFNaNbNiNfKxSQCnQCmQCg__T9UIntFixedVmi66ZQqKxQBhZi
	104040	_D3geo8internal10fixed_uint__T11addUnsignedVmi66ZQtFNaNbNiNfKxSQCjQCiQCc__T9UIntFixedVmi66ZQqKxQBhZSQDuQDtQDn__TQBlVmi66ZQBu
	206856	_D3geo8internal10fixed_uint__T16subtractUnsignedVmi66ZQyFNaNbNiNfKxSQCoQCnQCh__T9UIntFixedVmi66ZQqKxQBhZSQDzQDyQDs__TQBlVmi66ZQBu
------------------
	    1	_D3std4conv__T6toImplTmTAyaZQoFNaNfQlZm
_D3std4conv__T5parseTmTAyaVEQBa8typecons__T4FlagVQBaa7_646f436f756e74ZQBbi0ZQCkFNaNfMKQClZm	1	468	468
------------------
	    1	_Dmain
_D3std4conv__T6toImplTmTAyaZQoFNaNfQlZm	1	1326	858
	    1	_D3std4conv__T5parseTmTAyaVEQBa8typecons__T4FlagVQBaa7_646f436f756e74ZQBbi0ZQCkFNaNfMKQClZm
------------------
	1640448	_D3geo8internal18orientation_filter17orientationFilterFNaNbNiNfddddddZEQCrQCqQCk23OrientationFilterResult
_D3std4math6traits__T11isSubnormalTdZQqFNaNbNiNedZb	1640448	105790802	105790802
------------------
	105472	_D3geo8internal18orientation_filter17orientationFilterFNaNbNiNfddddddZEQCrQCqQCk23OrientationFilterResult
_D3std4math6traits__T11isSubnormalTxdZQrFNaNbNiNexdZb	105472	12103884	12103884
------------------
	3231744	_D3geo8internal18orientation_filter17orientationFilterFNaNbNiNfddddddZEQCrQCqQCk23OrientationFilterResult
_D3std4math6traits__T8isFiniteTdZQmFNaNbNiNedZb	3231744	407072834	407072834
------------------
	  512	_D3geo19topology_validation__T12validateRingTdZQrFNaNbNiNfMSQCg16linear_ring_view__T15LinearRing2ViewTdZQuZS11euclid_core15ring_validation20RingValidationResult
	    8	_D21segment_polygon_bench__T9preflightTdZQnFNfKSQBu__T4CaseTdZQiZv
	  212	_D3geo16point_in_polygon__T25tryClassifyPointInPolygonTdZQBeFNaNbNiNfMSQCr12polygon_view__T12Polygon2ViewTdZQrSQEf5point__T6Point2TdZQkJEQFfQFe20PointPolygonLocationZb
	54484	_D3geo8internal25ring_point_classification__T22tryClassifyPointInRingTdZQBbFNaNbNiNfMxSQDh16linear_ring_view__T15LinearRing2ViewTdZQuSQFc5point__T6Point2TdZQkJEQGcQGbQFv17RingPointLocationZb
	105472	_D3geo8internal18orientation_filter17orientationFilterFNaNbNiNfddddddZEQCrQCqQCk23OrientationFilterResult
	26112	_D3geo8internal23segment_polygon_clip_p124tryMaterializeExactPointFNaNbNiNfKxSQCyQCx19polygon_union_exact17ExactOverlayPointJSQEu5point__T6Point2TdZQkZb
_D3std4math6traits__T8isFiniteTxdZQnFNaNbNiNexdZb	186800	15557724	15557724
------------------
	    4	_D3std6format8internal5write__T12writeAlignedTSQBt5stdio4File17LockingTextWriterTAaTQdTAyaTQeTaZQCnFNfKQCfQzQBbQyQBaMKxSQEoQEn4spec__T10FormatSpecTaZQpEQFuQFtQFpQFj13PrecisionTypeZv
_D3std5stdio4File17LockingTextWriter__T3putTAaZQiMFNfMQkZv	4	130	130
------------------
	    3	_D3std6format4spec__T10FormatSpecTaZQp__T17writeUpToNextSpecTSQCi5stdio4File17LockingTextWriterZQCdMFNlNfKQBtZb
_D3std5stdio4File17LockingTextWriter__T3putTAxaZQjMFNfMQlZv	3	38740	38740
------------------
	    4	_D3std6format8internal5write__T12writeAlignedTSQBt5stdio4File17LockingTextWriterTAyaTQeTQhTQkTaZQCnFNfKQCfQzQBbQBeQBhMKxSQEpQEo4spec__T10FormatSpecTaZQpEQFvQFuQFqQFk13PrecisionTypeZv
	    4	_D3std6format8internal5write__T12writeAlignedTSQBt5stdio4File17LockingTextWriterTAaTQdTAyaTQeTaZQCnFNfKQCfQzQBbQyQBaMKxSQEoQEn4spec__T10FormatSpecTaZQpEQFuQFtQFpQFj13PrecisionTypeZv
_D3std5stdio4File17LockingTextWriter__T3putTAyaZQjMFNfMQlZv	8	2132	2132
------------------
	    1	_D3std5stdio4File__T8writeflnTaTAyaTmTmZQuMFNfIAaQrmmZv
_D3std5stdio4File17LockingTextWriter__T3putTaZQhMFNfMaZv	1	702	702
------------------
	    1	_D3std5stdio__T8writeflnTaTAyaTmTmZQuFNfIAaQqmmZv
_D3std5stdio4File__T8writeflnTaTAyaTmTmZQuMFNfIAaQrmmZv	1	143130	55432
	    1	_D3std9exception__T7enforceZ__TQmTbZQrFNaNfbLAxaAyamZb
	    1	_D3std6format5write__T14formattedWriteTSQBm5stdio4File17LockingTextWriterTaTAyaTmTmZQCkFNfKQCaMxAaQwmmZk
	    1	_D3std5stdio4File17LockingTextWriter__T3putTaZQhMFNfMaZv
------------------
	    1	_Dmain
_D3std5stdio__T8writeflnTaTAyaTmTmZQuFNfIAaQqmmZv	1	146640	3510
	    1	_D3std5stdio4File__T8writeflnTaTAyaTmTmZQuMFNfIAaQrmmZv
------------------
	    3	_D3std6format4spec__T10FormatSpecTaZQp__T17writeUpToNextSpecTSQCi5stdio4File17LockingTextWriterZQCdMFNlNfKQBtZb
_D3std6format4spec__T10FormatSpecTaZQp6fillUpMFNaNlNfZv	3	754	754
------------------
	    4	_D3std6format5write__T14formattedWriteTSQBm5stdio4File17LockingTextWriterTaTAyaTmTmZQCkFNfKQCaMxAaQwmmZk
_D3std6format4spec__T10FormatSpecTaZQp__T17writeUpToNextSpecTSQCi5stdio4File17LockingTextWriterZQCdMFNlNfKQBtZb	4	43030	2860
	    3	_D3std5stdio4File17LockingTextWriter__T3putTAxaZQjMFNfMQlZv
	    3	_D3std9exception__T7enforceHTCQBc6format15FormatExceptionZ__TQBqTbZQBwFNaNfbLAxaAyamZb
	    3	_D3std6format4spec__T10FormatSpecTaZQp6fillUpMFNaNlNfZv
------------------
	    1	_D3std6format5write__T14formattedWriteTSQBm5stdio4File17LockingTextWriterTaTAyaTmTmZQCkFNfKQCaMxAaQwmmZk
_D3std6format5write__T11formatValueTSQBj5stdio4File17LockingTextWriterTAyaTaZQCdFNfKQBwKQrMKxSQDoQDn4spec__T10FormatSpecTaZQpZv	1	11934	234
	    1	_D3std9exception__T7enforceHTCQBc6format15FormatExceptionZ__TQBqTbZQBwFNaNfbLAxaAyamZb
	    1	_D3std6format8internal5write__T11formatRangeTSQBs5stdio4File17LockingTextWriterTAyaTaZQCdFNfKQBwKQrMKxSQDxQDw4spec__T10FormatSpecTaZQpZv
------------------
	    2	_D3std6format5write__T14formattedWriteTSQBm5stdio4File17LockingTextWriterTaTAyaTmTmZQCkFNfKQCaMxAaQwmmZk
_D3std6format5write__T11formatValueTSQBj5stdio4File17LockingTextWriterTmTaZQCbFNfKQBuKmMKxSQDlQDk4spec__T10FormatSpecTaZQpZv	2	8762	468
	    2	_D3std9exception__T7enforceHTCQBc6format15FormatExceptionZ__TQBqTbZQBwFNaNfbLAxaAyamZb
	    2	_D3std6format8internal5write__T15formatValueImplTSQBw5stdio4File17LockingTextWriterTmTaZQCfFNfKQBuxmMKxSQDyQDx4spec__T10FormatSpecTaZQpZv
------------------
	    1	_D3std5stdio4File__T8writeflnTaTAyaTmTmZQuMFNfIAaQrmmZv
_D3std6format5write__T14formattedWriteTSQBm5stdio4File17LockingTextWriterTaTAyaTmTmZQCkFNfKQCaMxAaQwmmZk	1	86944	23218
	    4	_D3std6format4spec__T10FormatSpecTaZQp__T17writeUpToNextSpecTSQCi5stdio4File17LockingTextWriterZQCdMFNlNfKQBtZb
	    1	_D3std6format5write__T11formatValueTSQBj5stdio4File17LockingTextWriterTAyaTaZQCdFNfKQBwKQrMKxSQDoQDn4spec__T10FormatSpecTaZQpZv
	    2	_D3std6format5write__T11formatValueTSQBj5stdio4File17LockingTextWriterTmTaZQCbFNfKQBuKmMKxSQDlQDk4spec__T10FormatSpecTaZQpZv
------------------
	    1	_D3std6format5write__T11formatValueTSQBj5stdio4File17LockingTextWriterTAyaTaZQCdFNfKQBwKQrMKxSQDoQDn4spec__T10FormatSpecTaZQpZv
_D3std6format8internal5write__T11formatRangeTSQBs5stdio4File17LockingTextWriterTAyaTaZQCdFNfKQBwKQrMKxSQDxQDw4spec__T10FormatSpecTaZQpZv	1	11674	5824
	    1	_D3std6format8internal5write__T12writeAlignedTSQBt5stdio4File17LockingTextWriterTAyaTQeTQhTQkTaZQCnFNfKQCfQzQBbQBeQBhMKxSQEpQEo4spec__T10FormatSpecTaZQpEQFvQFuQFqQFk13PrecisionTypeZv
------------------
	    2	_D3std6format8internal5write__T20formatValueImplUlongTSQCb5stdio4File17LockingTextWriterTaZQCiFNfKQBsmIbMKxSQEcQEb4spec__T10FormatSpecTaZQpZv
_D3std6format8internal5write__T12writeAlignedTSQBt5stdio4File17LockingTextWriterTAaTQdTAyaTQeTaZQCnFNfKQCfQzQBbQyQBaMKxSQEoQEn4spec__T10FormatSpecTaZQpEQFuQFtQFpQFj13PrecisionTypeZv	2	3250	3068
	    4	_D3std5stdio4File17LockingTextWriter__T3putTAaZQiMFNfMQkZv
	    4	_D3std5stdio4File17LockingTextWriter__T3putTAyaZQjMFNfMQlZv
------------------
	    1	_D3std6format8internal5write__T11formatRangeTSQBs5stdio4File17LockingTextWriterTAyaTaZQCdFNfKQBwKQrMKxSQDxQDw4spec__T10FormatSpecTaZQpZv
_D3std6format8internal5write__T12writeAlignedTSQBt5stdio4File17LockingTextWriterTAyaTQeTQhTQkTaZQCnFNfKQCfQzQBbQBeQBhMKxSQEpQEo4spec__T10FormatSpecTaZQpEQFvQFuQFqQFk13PrecisionTypeZv	1	5850	3770
	    4	_D3std5stdio4File17LockingTextWriter__T3putTAyaZQjMFNfMQlZv
------------------
	    2	_D3std6format5write__T11formatValueTSQBj5stdio4File17LockingTextWriterTmTaZQCbFNfKQBuKmMKxSQDlQDk4spec__T10FormatSpecTaZQpZv
_D3std6format8internal5write__T15formatValueImplTSQBw5stdio4File17LockingTextWriterTmTaZQCfFNfKQBuxmMKxSQDyQDx4spec__T10FormatSpecTaZQpZv	2	8268	1378
	    2	_D3std6format8internal5write__T20formatValueImplUlongTSQCb5stdio4File17LockingTextWriterTaZQCiFNfKQBsmIbMKxSQEcQEb4spec__T10FormatSpecTaZQpZv
------------------
	    2	_D3std6format8internal5write__T15formatValueImplTSQBw5stdio4File17LockingTextWriterTmTaZQCfFNfKQBuxmMKxSQDyQDx4spec__T10FormatSpecTaZQpZv
_D3std6format8internal5write__T20formatValueImplUlongTSQCb5stdio4File17LockingTextWriterTaZQCiFNfKQBsmIbMKxSQEcQEb4spec__T10FormatSpecTaZQpZv	2	6890	3614
	    2	_D3std9exception__T7enforceHTCQBc6format15FormatExceptionZ__TQBqTbZQBwFNaNfbLAxaAyamZb
	    2	_D3std6format8internal5write__T12writeAlignedTSQBt5stdio4File17LockingTextWriterTAaTQdTAyaTQeTaZQCnFNfKQCfQzQBbQyQBaMKxSQEoQEn4spec__T10FormatSpecTaZQpEQFuQFtQFpQFj13PrecisionTypeZv
------------------
	    3	_D3std6format4spec__T10FormatSpecTaZQp__T17writeUpToNextSpecTSQCi5stdio4File17LockingTextWriterZQCdMFNlNfKQBtZb
	    1	_D3std6format5write__T11formatValueTSQBj5stdio4File17LockingTextWriterTAyaTaZQCdFNfKQBwKQrMKxSQDoQDn4spec__T10FormatSpecTaZQpZv
	    2	_D3std6format5write__T11formatValueTSQBj5stdio4File17LockingTextWriterTmTaZQCbFNfKQBuKmMKxSQDlQDk4spec__T10FormatSpecTaZQpZv
	    2	_D3std6format8internal5write__T20formatValueImplUlongTSQCb5stdio4File17LockingTextWriterTaZQCiFNfKQBsmIbMKxSQEcQEb4spec__T10FormatSpecTaZQpZv
_D3std9exception__T7enforceHTCQBc6format15FormatExceptionZ__TQBqTbZQBwFNaNfbLAxaAyamZb	8	754	754
------------------
	    1	_Dmain
	  137	_D21segment_polygon_bench__T9preflightTdZQnFNfKSQBu__T4CaseTdZQiZv
	    1	_D3std5stdio4File__T8writeflnTaTAyaTmTmZQuMFNfIAaQrmmZv
_D3std9exception__T7enforceZ__TQmTbZQrFNaNfbLAxaAyamZb	139	4784	4784
------------------
	    1	_D21segment_polygon_bench__T6corpusTdZQkFZASQBq__T4CaseTdZQi
_D4core8internal5array11duplication__T4_dupTxS3geo5point__T6Point2TdZQkTSQBbQBa__TQxTdZQBcZQCbFNaNbNeMAxQChZAQBl	1	390	390
------------------
	    8	_D21segment_polygon_bench__T6corpusTdZQkFZASQBq__T4CaseTdZQi
_D4core8internal5array11duplication__T4_dupTxaTaZQlFNaNbNeMAxaZAa	8	5200	5200
------------------
	  102	_D3geo8internal23segment_polygon_clip_p1__T31trySegmentPolygonClipP1InternalTdZQBkFNfSQDg7segment__T8Segment2TdZQmMSQEk12polygon_view__T12Polygon2ViewTdZQrJSQFzQFy27segment_polygon_clip_result37SegmentPolygonClipOwnedResultInternalZEQIxQIwQIq32SegmentPolygonClipInternalStatus
_D4core8internal5array12construction__T12_d_newarrayTTE3geoQCa23segment_polygon_clip_p116IntervalLocationZQCpFNaNbNembZAQCo	102	454740	454740
------------------
	   23	_D21segment_polygon_bench__T8makeCaseTdZQmFNaNbNfAyaAAS3geo5point__T6Point2TdZQkSQBa7segment__T8Segment2TdZQmkAQBfEQCi20segment_polygon_clip24SegmentPolygonClipStatusZSQGk__T4CaseTdZQi
_D4core8internal5array12construction__T12_d_newarrayTTS3geo16linear_ring_view__T15LinearRing2ViewTdZQuZQCmFNaNbNembZAQCl	23	3146	3146
------------------
	  102	_D3geo8internal23segment_polygon_clip_p1__T31trySegmentPolygonClipP1InternalTdZQBkFNfSQDg7segment__T8Segment2TdZQmMSQEk12polygon_view__T12Polygon2ViewTdZQrJSQFzQFy27segment_polygon_clip_result37SegmentPolygonClipOwnedResultInternalZEQIxQIwQIq32SegmentPolygonClipInternalStatus
_D4core8internal5array12construction__T12_d_newarrayTTS3geo7segment__T8Segment2TdZQmZQBuFNaNbNembZAQBt	102	1171092	1171092
------------------
	  102	_D3geo8internal23segment_polygon_clip_p1__T31trySegmentPolygonClipP1InternalTdZQBkFNfSQDg7segment__T8Segment2TdZQmMSQEk12polygon_view__T12Polygon2ViewTdZQrJSQFzQFy27segment_polygon_clip_result37SegmentPolygonClipOwnedResultInternalZEQIxQIwQIq32SegmentPolygonClipInternalStatus
_D4core8internal5array12construction__T12_d_newarrayTTS3geoQCa19polygon_union_exact17ExactOverlayPointZQCmFNaNbNembZAQCl	102	183577290	183577290
------------------
	  102	_D3geo8internal23segment_polygon_clip_p1__T31trySegmentPolygonClipP1InternalTdZQBkFNfSQDg7segment__T8Segment2TdZQmMSQEk12polygon_view__T12Polygon2ViewTdZQrJSQFzQFy27segment_polygon_clip_result37SegmentPolygonClipOwnedResultInternalZEQIxQIwQIq32SegmentPolygonClipInternalStatus
_D4core8internal5array12construction__T12_d_newarrayTTbZQrFNaNbNembZAb	102	2389868	2389868
------------------
	  204	_D3geo8internal23segment_polygon_clip_p1__T31trySegmentPolygonClipP1InternalTdZQBkFNfSQDg7segment__T8Segment2TdZQmMSQEk12polygon_view__T12Polygon2ViewTdZQrJSQFzQFy27segment_polygon_clip_result37SegmentPolygonClipOwnedResultInternalZEQIxQIwQIq32SegmentPolygonClipInternalStatus
_D4core8internal5array12construction__T12_d_newarrayTTmZQrFNaNbNembZAm	204	2074176	2074176
------------------
	    8	_D21segment_polygon_bench__T6corpusTdZQkFZASQBq__T4CaseTdZQi
_D4core8internal5array13concatenation__T14_d_arraycatnTXTAyaTQeTQhZQBbFNaNbNeQuQwZQz	8	4810	1586
	    8	_D4core8internal5array8capacity__T22_d_arraysetlengthTImplHTAyaTyaZ18_d_arraysetlengthTFNaNbNeNkMKQBmmZm
------------------
	  102	_D3geo8internal23segment_polygon_clip_p1__T31trySegmentPolygonClipP1InternalTdZQBkFNfSQDg7segment__T8Segment2TdZQmMSQEk12polygon_view__T12Polygon2ViewTdZQrJSQFzQFy27segment_polygon_clip_result37SegmentPolygonClipOwnedResultInternalZEQIxQIwQIq32SegmentPolygonClipInternalStatus
_D4core8internal5array8capacity__T22_d_arraysetlengthTImplHTAS3geoQCh19polygon_union_exact17ExactOverlayPointTQBxZ18_d_arraysetlengthTFNaNbNeNkMKQDhmZm	102	50934	50934
------------------
	    8	_D4core8internal5array13concatenation__T14_d_arraycatnTXTAyaTQeTQhZQBbFNaNbNeQuQwZQz
_D4core8internal5array8capacity__T22_d_arraysetlengthTImplHTAyaTyaZ18_d_arraysetlengthTFNaNbNeNkMKQBmmZm	8	3224	3224
------------------
	   81	_D21segment_polygon_bench__T6corpusTdZQkFZASQBq__T4CaseTdZQi
_D4core8internal5array9appending__T15_d_arrayappendTHTAS3geo5point__T6Point2TdZQkTQBbZQBzFNaNbNcNeMNkKQBwMQCaZQCe	81	29952	8710
	   81	_D4core8internal5array9appending__T17_d_arrayappendcTXHTAS3geo5point__T6Point2TdZQkTQBbZQCbFNaNbNcNeMNkKQBwmZQCb
------------------
	   23	_D21segment_polygon_bench__T6corpusTdZQkFZASQBq__T4CaseTdZQi
_D4core8internal5array9appending__T17_d_arrayappendcTXHTAS21segment_polygon_bench__T4CaseTdZQiTQBmZQCmFNaNbNcNeMNkKQChmZQCm	23	32942	32942
------------------
	  344	_D21segment_polygon_bench__T6corpusTdZQkFZASQBq__T4CaseTdZQi
	   81	_D4core8internal5array9appending__T15_d_arrayappendTHTAS3geo5point__T6Point2TdZQkTQBbZQBzFNaNbNcNeMNkKQBwMQCaZQCe
_D4core8internal5array9appending__T17_d_arrayappendcTXHTAS3geo5point__T6Point2TdZQkTQBbZQCbFNaNbNcNeMNkKQBwmZQCb	425	76466	76466
------------------
	   85	_D21segment_polygon_bench__T6corpusTdZQkFZASQBq__T4CaseTdZQi
_D4core8internal5array9appending__T17_d_arrayappendcTXHTAS3geo7segment__T8Segment2TdZQmTQBfZQCfFNaNbNcNeMNkKQCamZQCf	85	24180	24180
------------------
	    8	_D21segment_polygon_bench__T6corpusTdZQkFZASQBq__T4CaseTdZQi
_D4core8internal6string__T18signedToTempStringVii10Vbi0TaZQBgFNaNbNiNflNkMAaZQd	8	884	780
	    8	_D4core8internal6string__T20unsignedToTempStringVki10Vbi0TaZQBiFNaNbNiNfmNkMAaZQd
------------------
	    8	_D4core8internal6string__T18signedToTempStringVii10Vbi0TaZQBgFNaNbNiNflNkMAaZQd
_D4core8internal6string__T20unsignedToTempStringVki10Vbi0TaZQBiFNaNbNiNfmNkMAaZQd	8	104	104
------------------
_Dmain	0	10005862917	145236
	    1	_D3std9exception__T7enforceZ__TQmTbZQrFNaNfbLAxaAyamZb
	    1	_D3std4conv__T6toImplTmTAyaZQoFNaNfQlZm
	    1	_D21segment_polygon_bench__T6corpusTdZQkFZASQBq__T4CaseTdZQi
	    1	_D21segment_polygon_bench__T9preflightTdZQnFNfKSQBu__T4CaseTdZQiZv
	  100	_D21segment_polygon_bench__T8clippingTdZQmFKSQBr__T4CaseTdZQimZm
	    1	_D3std5stdio__T8writeflnTaTAyaTmTmZQuFNfIAaQqmmZv

======== Timer frequency unknown, Times are in Megaticks ========

  Num          Tree        Func        Per
  Calls        Time        Time        Call

 265216        1781        1254           0     pure nothrow @nogc @safe geo.internal.orientation_filter.OrientationFilterResult geo.internal.orientation_filter.orientationFilter(double, double, double, double, double, double)
1378530        1089         745           0     pure nothrow @nogc @safe int geo.internal.exact_coordinate_round.compareShiftedDenominator(ref const(geo.internal.fixed_uint.UIntFixed!(198uL).UIntFixed), ulong, ref const(geo.internal.fixed_uint.UIntFixed!(132uL).UIntFixed), ulong, ulong)
 531624        1533         606           0     pure nothrow @nogc @safe geo.internal.fixed_uint.UIntFixed!(330uL).UIntFixed geo.internal.fixed_uint.multiplyUnsigned!(198uL, 132uL).multiplyUnsigned(ref const(geo.internal.fixed_uint.UIntFixed!(198uL).UIntFixed), ref const(geo.internal.fixed_uint.UIntFixed!(132uL).UIntFixed))
  26112        2181         507           0     pure nothrow @nogc @safe bool geo.internal.intersection_exact.tryProperIntersectionExact!(double).tryProperIntersectionExact(geo.segment.Segment2!(double).Segment2, geo.segment.Segment2!(double).Segment2, out geo.internal.intersection_exact.ExactProperIntersection)
 265812         493         493           0     pure nothrow @nogc @safe int geo.internal.fixed_uint.compareUnsigned!(330uL).compareUnsigned(ref const(geo.internal.fixed_uint.UIntFixed!(330uL).UIntFixed), ref const(geo.internal.fixed_uint.UIntFixed!(330uL).UIntFixed))
 703290         412         412           0     const pure nothrow @property @nogc @safe bool geo.internal.fixed_uint.UIntFixed!(198uL).UIntFixed.isZero()
3231744         407         407           0     pure nothrow @nogc @trusted bool std.math.traits.isFinite!(double).isFinite(double)
 273411        2725         382           0     pure nothrow @nogc @safe int geo.internal.exact_coordinate.compareExactCoordinates(ref const(geo.internal.exact_coordinate.SignedExactCoordinateNumerator), ref const(geo.internal.fixed_uint.UIntFixed!(132uL).UIntFixed), ref const(geo.internal.exact_coordinate.SignedExactCoordinateNumerator), ref const(geo.internal.fixed_uint.UIntFixed!(132uL).UIntFixed))
  26010        1587         369           0     pure nothrow @nogc @safe ulong geo.internal.exact_coordinate_round.roundedQuotient(ref const(geo.internal.fixed_uint.UIntFixed!(198uL).UIntFixed), ref const(geo.internal.fixed_uint.UIntFixed!(132uL).UIntFixed), ulong)
2823768         367         367           0     pure nothrow @nogc @safe uint geo.internal.exact_coordinate_round.shiftedDenominatorWord(ref const(geo.internal.fixed_uint.UIntFixed!(132uL).UIntFixed), ulong, uint, ulong)
 583644         318         318           0     pure nothrow @nogc @safe ulong geo.internal.fixed_uint.pastLastNonZeroLimb!(198uL).pastLastNonZeroLimb(ref const(geo.internal.fixed_uint.UIntFixed!(198uL).UIntFixed))
 714402         309         309           0     pure nothrow @nogc @safe ulong geo.internal.fixed_uint.pastLastNonZeroLimb!(132uL).pastLastNonZeroLimb(ref const(geo.internal.fixed_uint.UIntFixed!(132uL).UIntFixed))
 891288         295         295           0     pure nothrow @nogc @safe geo.internal.dyadic.SignedDyadicCoordinate geo.internal.dyadic.decodeBinary64Coordinate(double)
 524288         825         294           0     pure nothrow @nogc @safe geo.internal.dyadic.SignedDyadicDifference geo.internal.dyadic.subtractDyadicCoordinates(ref const(geo.internal.dyadic.SignedDyadicCoordinate), ref const(geo.internal.dyadic.SignedDyadicCoordinate))
 714402         255         255           0     pure nothrow @nogc @safe ulong geo.internal.fixed_uint.firstNonZeroLimb!(132uL).firstNonZeroLimb(ref const(geo.internal.fixed_uint.UIntFixed!(132uL).UIntFixed))
 583644         253         253           0     pure nothrow @nogc @safe ulong geo.internal.fixed_uint.firstNonZeroLimb!(198uL).firstNonZeroLimb(ref const(geo.internal.fixed_uint.UIntFixed!(198uL).UIntFixed))
 206856         296         185           0     pure nothrow @nogc @safe geo.internal.fixed_uint.UIntFixed!(66uL).UIntFixed geo.internal.fixed_uint.subtractUnsigned!(66uL).subtractUnsigned(ref const(geo.internal.fixed_uint.UIntFixed!(66uL).UIntFixed), ref const(geo.internal.fixed_uint.UIntFixed!(66uL).UIntFixed))
    102         183         183           1     pure nothrow @trusted geo.internal.polygon_union_exact.ExactOverlayPoint[] core.internal.array.construction._d_newarrayT!(geo.internal.polygon_union_exact.ExactOverlayPoint)._d_newarrayT(ulong, bool)
 157072         266         183           0     pure nothrow @nogc @safe geo.internal.fixed_uint.UIntFixed!(132uL).UIntFixed geo.internal.fixed_uint.multiplyUnsigned!(66uL, 66uL).multiplyUnsigned(ref const(geo.internal.fixed_uint.UIntFixed!(66uL).UIntFixed), ref const(geo.internal.fixed_uint.UIntFixed!(66uL).UIntFixed))
 755498         163         163           0     pure nothrow @nogc @safe ulong geo.internal.fixed_uint.firstNonZeroLimb!(66uL).firstNonZeroLimb(ref const(geo.internal.fixed_uint.UIntFixed!(66uL).UIntFixed))
 130458         329         153           0     pure nothrow @nogc @safe geo.internal.fixed_uint.UIntFixed!(198uL).UIntFixed geo.internal.fixed_uint.multiplyUnsigned!(132uL, 66uL).multiplyUnsigned(ref const(geo.internal.fixed_uint.UIntFixed!(132uL).UIntFixed), ref const(geo.internal.fixed_uint.UIntFixed!(66uL).UIntFixed))
 310896         142         142           0     pure nothrow @nogc @safe int geo.internal.fixed_uint.compareUnsigned!(66uL).compareUnsigned(ref const(geo.internal.fixed_uint.UIntFixed!(66uL).UIntFixed), ref const(geo.internal.fixed_uint.UIntFixed!(66uL).UIntFixed))
 755498         130         130           0     pure nothrow @nogc @safe ulong geo.internal.fixed_uint.pastLastNonZeroLimb!(66uL).pastLastNonZeroLimb(ref const(geo.internal.fixed_uint.UIntFixed!(66uL).UIntFixed))
 130152         127         127           0     pure nothrow @nogc @safe int geo.internal.fixed_uint.compareUnsigned!(198uL).compareUnsigned(ref const(geo.internal.fixed_uint.UIntFixed!(198uL).UIntFixed), ref const(geo.internal.fixed_uint.UIntFixed!(198uL).UIntFixed))
 265216        1895         113           0     pure nothrow @nogc @safe geo.orientation.Orientation2 geo.orientation.orientation(geo.point.Point2!(double).Point2, geo.point.Point2!(double).Point2, geo.point.Point2!(double).Point2)
1640448         105         105           0     pure nothrow @nogc @trusted bool std.math.traits.isSubnormal!(double).isSubnormal(double)
    102        9956          98           0     @safe geo.internal.segment_polygon_clip_p1.SegmentPolygonClipInternalStatus geo.internal.segment_polygon_clip_p1.trySegmentPolygonClipP1Internal!(double).trySegmentPolygonClipP1Internal(geo.segment.Segment2!(double).Segment2, geo.polygon_view.Polygon2View!(double).Polygon2View, out geo.internal.segment_polygon_clip_result.SegmentPolygonClipOwnedResultInternal)
 234141        2368          85           0     pure nothrow @nogc @safe int geo.internal.polygon_union_exact.compareExactOverlayPointsAlongSegment!(double).compareExactOverlayPointsAlongSegment(geo.segment.Segment2!(double).Segment2, ref const(geo.internal.polygon_union_exact.ExactOverlayPoint), ref const(geo.internal.polygon_union_exact.ExactOverlayPoint))
  79616        1801          84           0     pure nothrow @nogc @safe geo.intersection.SegmentContactKind geo.intersection.segmentContactKind!(double).segmentContactKind(geo.segment.Segment2!(double).Segment2, geo.segment.Segment2!(double).Segment2)
    104         446          82           0     pure nothrow @nogc @safe int geo.internal.polygon_union_input.exactRingOrientationSign!(double).exactRingOrientationSign(scope const(geo.linear_ring_view.LinearRing2View!(double).LinearRing2View))
  26112        1840          75           0     pure nothrow @nogc @safe double geo.internal.exact_coordinate_round.roundExactCoordinateBinary64(ref const(geo.internal.exact_coordinate.SignedExactCoordinateNumerator), ref const(geo.internal.fixed_uint.UIntFixed!(132uL).UIntFixed))
 262144         341          74           0     pure nothrow @nogc @safe geo.internal.dyadic.SignedDyadicProduct geo.internal.dyadic.multiplyDyadicDifferences(ref const(geo.internal.dyadic.SignedDyadicDifference), ref const(geo.internal.dyadic.SignedDyadicDifference))
  19788        1433          72           0     pure nothrow @nogc @safe void geo.internal.polygon_union_exact.siftDownExactEdgeEvents!(double).siftDownExactEdgeEvents(geo.segment.Segment2!(double).Segment2, geo.internal.polygon_union_exact.ExactOverlayPoint[], ulong, ulong)
  78030          56          56           0     pure nothrow @nogc @safe geo.internal.fixed_uint.UIntFixed!(198uL).UIntFixed geo.internal.exact_coordinate_round.shiftedDenominator(ref const(geo.internal.fixed_uint.UIntFixed!(132uL).UIntFixed), ulong)
  26010          41          41           0     pure nothrow @nogc @safe geo.internal.fixed_uint.UIntFixed!(66uL).UIntFixed geo.internal.exact_coordinate.binary64OverflowMidpoint()
  52224         385          39           0     pure nothrow @nogc @safe geo.internal.exact_coordinate.SignedExactCoordinateNumerator geo.internal.intersection_exact.weightedCoordinate(ref const(geo.internal.fixed_uint.UIntFixed!(132uL).UIntFixed), ref const(geo.internal.dyadic.SignedDyadicCoordinate), ref const(geo.internal.fixed_uint.UIntFixed!(132uL).UIntFixed), ref const(geo.internal.dyadic.SignedDyadicCoordinate))
 104040          92          37           0     pure nothrow @nogc @safe geo.internal.fixed_uint.UIntFixed!(66uL).UIntFixed geo.internal.fixed_uint.addUnsigned!(66uL).addUnsigned(ref const(geo.internal.fixed_uint.UIntFixed!(66uL).UIntFixed), ref const(geo.internal.fixed_uint.UIntFixed!(66uL).UIntFixed))
 131072          94          33           0     pure nothrow @nogc @safe geo.internal.dyadic.SignedDyadicProduct geo.internal.dyadic.subtractDyadicProducts(ref const(geo.internal.dyadic.SignedDyadicProduct), ref const(geo.internal.dyadic.SignedDyadicProduct))
  58752          57          33           0     pure nothrow @nogc @safe ulong geo.internal.exact_coordinate_round.subtractShiftedDenominator(ref geo.internal.fixed_uint.UIntFixed!(198uL).UIntFixed, ulong, ref const(geo.internal.fixed_uint.UIntFixed!(132uL).UIntFixed), ulong, ulong, ulong)
  52020          32          32           0     pure nothrow @nogc @safe ulong geo.internal.exact_coordinate_round.bitLength!(132uL).bitLength(ref const(geo.internal.fixed_uint.UIntFixed!(132uL).UIntFixed))
  26010          30          30           0     pure nothrow @nogc @safe ulong geo.internal.exact_coordinate_round.bitLength!(198uL).bitLength(ref const(geo.internal.fixed_uint.UIntFixed!(198uL).UIntFixed))
  25908          50          29           0     pure nothrow @nogc @safe geo.internal.fixed_uint.UIntFixed!(198uL).UIntFixed geo.internal.fixed_uint.subtractUnsigned!(198uL).subtractUnsigned(ref const(geo.internal.fixed_uint.UIntFixed!(198uL).UIntFixed), ref const(geo.internal.fixed_uint.UIntFixed!(198uL).UIntFixed))
  26112          46          28           0     pure nothrow @nogc @safe geo.internal.fixed_uint.UIntFixed!(132uL).UIntFixed geo.internal.fixed_uint.addUnsigned!(132uL).addUnsigned(ref const(geo.internal.fixed_uint.UIntFixed!(132uL).UIntFixed), ref const(geo.internal.fixed_uint.UIntFixed!(132uL).UIntFixed))
  26208          26          26           0     pure nothrow @nogc @safe int geo.internal.fixed_uint.compareUnsigned!(132uL).compareUnsigned(ref const(geo.internal.fixed_uint.UIntFixed!(132uL).UIntFixed), ref const(geo.internal.fixed_uint.UIntFixed!(132uL).UIntFixed))
  26112        2038          25           0     pure nothrow @nogc @safe bool geo.internal.polygon_union_exact.appendSegmentPairNodingEvents!(double).appendSegmentPairNodingEvents(geo.segment.Segment2!(double).Segment2, geo.segment.Segment2!(double).Segment2, scope geo.internal.polygon_union_exact.ExactOverlayPoint[], ref ulong, scope geo.internal.polygon_union_exact.ExactOverlayPoint[], ref ulong)
  26112          24          24           0     pure nothrow @nogc @safe bool geo.internal.polygon_union_exact.appendExactEdgeEvent(scope geo.internal.polygon_union_exact.ExactOverlayPoint[], ref ulong, ref const(geo.internal.polygon_union_exact.ExactOverlayPoint))
  13056        1347          24           0     pure nothrow @nogc @safe ulong geo.internal.segment_polygon_clip_p1.findExactEventIndex!(double).findExactEventIndex(geo.segment.Segment2!(double).Segment2, const(geo.internal.polygon_union_exact.ExactOverlayPoint)[], ref const(geo.internal.polygon_union_exact.ExactOverlayPoint))
   6552          24          22           0     pure nothrow @nogc @safe geo.internal.fixed_uint.UIntFixed!(134uL).UIntFixed geo.internal.fixed_uint.subtractUnsigned!(134uL).subtractUnsigned(ref const(geo.internal.fixed_uint.UIntFixed!(134uL).UIntFixed), ref const(geo.internal.fixed_uint.UIntFixed!(134uL).UIntFixed))
  26010          20          20           0     pure nothrow @nogc @safe geo.internal.fixed_uint.UIntFixed!(198uL).UIntFixed geo.internal.exact_coordinate_round.doubled(ref const(geo.internal.fixed_uint.UIntFixed!(198uL).UIntFixed))
  26112          40          17           0     pure nothrow @nogc @safe geo.internal.fixed_uint.UIntFixed!(198uL).UIntFixed geo.internal.fixed_uint.addUnsigned!(198uL).addUnsigned(ref const(geo.internal.fixed_uint.UIntFixed!(198uL).UIntFixed), ref const(geo.internal.fixed_uint.UIntFixed!(198uL).UIntFixed))
  26208          34          17           0     pure nothrow @nogc @safe geo.internal.fixed_uint.UIntFixed!(132uL).UIntFixed geo.internal.fixed_uint.subtractUnsigned!(132uL).subtractUnsigned(ref const(geo.internal.fixed_uint.UIntFixed!(132uL).UIntFixed), ref const(geo.internal.fixed_uint.UIntFixed!(132uL).UIntFixed))
 186800          15          15           0     pure nothrow @nogc @trusted bool std.math.traits.isFinite!(const(double)).isFinite(const(double))
  26112         249          12           0     pure nothrow @nogc @safe bool geo.internal.exact_coordinate.roundsToFiniteBinary64(ref const(geo.internal.exact_coordinate.SignedExactCoordinateNumerator), ref const(geo.internal.fixed_uint.UIntFixed!(132uL).UIntFixed))
 105472          12          12           0     pure nothrow @nogc @trusted bool std.math.traits.isSubnormal!(const(double)).isSubnormal(const(double))
    102          12          12           0     pure nothrow @nogc @safe ulong geo.internal.segment_polygon_clip_p1.queryBoundaryEventCapacity!(double).queryBoundaryEventCapacity(geo.segment.Segment2!(double).Segment2, geo.polygon_view.Polygon2View!(double).Polygon2View)
  13056        2111           9           0     pure nothrow @nogc @safe bool geo.internal.segment_polygon_clip_p1.tryMaterializeExactPoint(ref const(geo.internal.polygon_union_exact.ExactOverlayPoint), out geo.point.Point2!(double).Point2)
    102        1569           9           0     pure nothrow @nogc @safe ulong geo.internal.polygon_union_exact.sortUniqueExactEdgeEvents!(double).sortUniqueExactEdgeEvents(geo.segment.Segment2!(double).Segment2, geo.internal.polygon_union_exact.ExactOverlayPoint[])
    106          64           7           0     pure nothrow @nogc @safe bool geo.internal.ring_point_classification.tryClassifyPointInRing!(double).tryClassifyPointInRing(scope const(geo.linear_ring_view.LinearRing2View!(double).LinearRing2View), geo.point.Point2!(double).Point2, out geo.internal.ring_point_classification.RingPointLocation)
  26624          50           7           0     pure nothrow @nogc @safe void geo.internal.area_exact.addAreaDeterminant(ref geo.internal.area_exact.SignedAreaAccumulator, ref const(geo.internal.dyadic.SignedDyadicProduct))
  26416           6           6           0     pure nothrow @nogc @safe geo.internal.fixed_uint.UIntFixed!(134uL).UIntFixed geo.internal.area_exact.widenProductMagnitude(ref const(geo.internal.fixed_uint.UIntFixed!(132uL).UIntFixed))
  19760           9           5           0     pure nothrow @nogc @safe geo.internal.fixed_uint.UIntFixed!(134uL).UIntFixed geo.internal.fixed_uint.addUnsigned!(134uL).addUnsigned(ref const(geo.internal.fixed_uint.UIntFixed!(134uL).UIntFixed), ref const(geo.internal.fixed_uint.UIntFixed!(134uL).UIntFixed))
  26624         199           4           0     pure nothrow @nogc @safe bool geo.intersection.pointOnSegment!(double).pointOnSegment(geo.point.Point2!(double).Point2, geo.segment.Segment2!(double).Segment2)
  26010           4           4           0     pure nothrow @nogc @safe ulong geo.internal.exact_coordinate_round.pastLastNonZeroNumeratorLimb(ref const(geo.internal.fixed_uint.UIntFixed!(198uL).UIntFixed))
  26312           3           3           0     pure nothrow @nogc @safe ulong geo.internal.fixed_uint.pastLastNonZeroLimb!(134uL).pastLastNonZeroLimb(ref const(geo.internal.fixed_uint.UIntFixed!(134uL).UIntFixed))
  26010           2           2           0     pure nothrow @nogc @safe ulong geo.internal.exact_coordinate_round.firstNonZeroDenominatorLimb(ref const(geo.internal.fixed_uint.UIntFixed!(132uL).UIntFixed))
  26312           2           2           0     pure nothrow @nogc @safe ulong geo.internal.fixed_uint.firstNonZeroLimb!(134uL).firstNonZeroLimb(ref const(geo.internal.fixed_uint.UIntFixed!(134uL).UIntFixed))
    102           2           2           0     pure nothrow @trusted bool[] core.internal.array.construction._d_newarrayT!(bool)._d_newarrayT(ulong, bool)
    204           2           2           0     pure nothrow @trusted ulong[] core.internal.array.construction._d_newarrayT!(ulong)._d_newarrayT(ulong, bool)
   6552           1           1           0     pure nothrow @nogc @safe int geo.internal.fixed_uint.compareUnsigned!(134uL).compareUnsigned(ref const(geo.internal.fixed_uint.UIntFixed!(134uL).UIntFixed), ref const(geo.internal.fixed_uint.UIntFixed!(134uL).UIntFixed))
      1           3           1           1     pure nothrow @nogc @safe euclid_core.ring_validation.RingValidationResult geo.topology_validation.validateRing!(double).validateRing(scope geo.linear_ring_view.LinearRing2View!(double).LinearRing2View)
    102           1           1           0     pure nothrow @trusted geo.segment.Segment2!(double).Segment2[] core.internal.array.construction._d_newarrayT!(geo.segment.Segment2!(double).Segment2)._d_newarrayT(ulong, bool)
  13056           0           0           0     pure nothrow @nogc @safe void geo.internal.segment_polygon_clip_p1.setAfterLocation(ref geo.internal.segment_polygon_clip_p1.IntervalLocation, geo.internal.segment_polygon_clip_p1.IntervalLocation)
    100        9743           0           0     ulong segment_polygon_bench.clipping!(double).clipping(ref segment_polygon_bench.Case!(double).Case, ulong)
      2          44           0           0     pure nothrow @nogc @safe geo.segment_polygon_relationship.SegmentPolygonRelationship geo.segment_polygon_relationship.classifySegmentPolygonRelationship!(double).classifySegmentPolygonRelationship(geo.segment.Segment2!(double).Segment2, geo.polygon_view.Polygon2View!(double).Polygon2View)
    102           0           0           0     pure nothrow @trusted geo.internal.segment_polygon_clip_p1.IntervalLocation[] core.internal.array.construction._d_newarrayT!(geo.internal.segment_polygon_clip_p1.IntervalLocation)._d_newarrayT(ulong, bool)
    204           0           0           0     pure nothrow @nogc @safe bool geo.bounding_box.tryBounds!(double).tryBounds(geo.segment.Segment2!(double).Segment2, out geo.bounds.Bounds2!(double).Bounds2)
    102           0           0           0     pure nothrow @nogc @safe ulong geo.internal.segment_polygon_clip_p1.polygonBoundaryEdgeCount!(double).polygonBoundaryEdgeCount(scope geo.polygon_view.Polygon2View!(double).Polygon2View)
    106          64           0           0     pure nothrow @nogc @safe bool geo.point_in_polygon.tryClassifyPointInPolygon!(double).tryClassifyPointInPolygon(scope geo.polygon_view.Polygon2View!(double).Polygon2View, geo.point.Point2!(double).Point2, out geo.point_in_polygon.PointPolygonLocation)
    102           0           0           0     pure nothrow @nogc @safe bool geo.internal.polygon_union_exact.seedExactEdgeEvents!(double).seedExactEdgeEvents(geo.segment.Segment2!(double).Segment2, geo.internal.polygon_union_exact.ExactOverlayPoint[], out ulong)
    102        9956           0           0     @safe geo.segment_polygon_clip.SegmentPolygonClipResult geo.segment_polygon_clip.clipSegmentToPolygon!(double).clipSegmentToPolygon(geo.segment.Segment2!(double).Segment2, geo.polygon_view.Polygon2View!(double).Polygon2View)
    408           0           0           0     pure nothrow @nogc @safe geo.internal.exact_coordinate.SignedExactCoordinateNumerator geo.internal.polygon_union_exact.liftRepresentedCoordinate!(double).liftRepresentedCoordinate(double)
    102           0           0           0     pure nothrow @nogc @safe bool geo.internal.segment_polygon_clip_p1.polygonBoundsSeparated!(double).polygonBoundsSeparated(geo.segment.Segment2!(double).Segment2, geo.polygon_view.Polygon2View!(double).Polygon2View)
      1           0           0           0     segment_polygon_bench.Case!(double).Case[] segment_polygon_bench.corpus!(double).corpus()
      1       10005           0           0     _Dmain
    425           0           0           0     pure nothrow ref @trusted geo.point.Point2!(double).Point2[] core.internal.array.appending._d_arrayappendcTX!(geo.point.Point2!(double).Point2[], geo.point.Point2!(double).Point2)._d_arrayappendcTX(scope return ref geo.point.Point2!(double).Point2[], ulong)
      1         261           0           0     @safe void segment_polygon_bench.preflight!(double).preflight(ref segment_polygon_bench.Case!(double).Case)
      1           0           0           0     @safe void std.stdio.File.writefln!(char, immutable(char)[], ulong, ulong).writefln(in char[], immutable(char)[], ulong, ulong)
    102           0           0           0     pure nothrow @trusted ulong core.internal.array.capacity._d_arraysetlengthTImpl!(geo.internal.polygon_union_exact.ExactOverlayPoint[], geo.internal.polygon_union_exact.ExactOverlayPoint)._d_arraysetlengthT(return scope ref geo.internal.polygon_union_exact.ExactOverlayPoint[], ulong)
      3           0           0           0     @safe void std.stdio.File.LockingTextWriter.put!(const(char)[]).put(scope const(char)[])
     23           0           0           0     pure nothrow ref @trusted segment_polygon_bench.Case!(double).Case[] core.internal.array.appending._d_arrayappendcTX!(segment_polygon_bench.Case!(double).Case[], segment_polygon_bench.Case!(double).Case)._d_arrayappendcTX(scope return ref segment_polygon_bench.Case!(double).Case[], ulong)
    256           1           0           0     pure nothrow @nogc @safe euclid_core.intersection.SegmentIntersectionKind geo.intersection.segmentIntersectionKind!(double).segmentIntersectionKind(geo.segment.Segment2!(double).Segment2, geo.segment.Segment2!(double).Segment2)
     85           0           0           0     pure nothrow ref @trusted geo.segment.Segment2!(double).Segment2[] core.internal.array.appending._d_arrayappendcTX!(geo.segment.Segment2!(double).Segment2[], geo.segment.Segment2!(double).Segment2)._d_arrayappendcTX(scope return ref geo.segment.Segment2!(double).Segment2[], ulong)
      1           0           0           0     @safe uint std.format.write.formattedWrite!(std.stdio.File.LockingTextWriter, char, immutable(char)[], ulong, ulong).formattedWrite(ref std.stdio.File.LockingTextWriter, scope const(char[]), immutable(char)[], ulong, ulong)
    204           0           0           0     pure nothrow @nogc @safe bool geo.bounds.Bounds2!(double).Bounds2.tryFromMinMax(geo.point.Point2!(double).Point2, geo.point.Point2!(double).Point2, out geo.bounds.Bounds2!(double).Bounds2)
    408           0           0           0     pure nothrow @nogc @safe bool geo.bounding_box.BoundsAccumulator!(double).BoundsAccumulator.tryAdd(geo.point.Point2!(double).Point2)
    768           0           0           0     pure nothrow @nogc @safe int geo.intersection.comparePoints!(double).comparePoints(geo.point.Point2!(double).Point2, geo.point.Point2!(double).Point2)
     81           0           0           0     pure nothrow ref @trusted geo.point.Point2!(double).Point2[] core.internal.array.appending._d_arrayappendT!(geo.point.Point2!(double).Point2[], geo.point.Point2!(double).Point2)._d_arrayappendT(scope return ref geo.point.Point2!(double).Point2[], scope geo.point.Point2!(double).Point2[])
      1           0           0           0     @safe void std.format.internal.write.formatRange!(std.stdio.File.LockingTextWriter, immutable(char)[], char).formatRange(ref std.stdio.File.LockingTextWriter, ref immutable(char)[], scope ref const(std.format.spec.FormatSpec!(char).FormatSpec))
      8           0           0           0     pure nothrow @trusted char[] core.internal.array.duplication._dup!(const(char), char)._dup(scope const(char)[])
     23           0           0           0     pure nothrow @safe segment_polygon_bench.Case!(double).Case segment_polygon_bench.makeCase!(double).makeCase(immutable(char)[], geo.point.Point2!(double).Point2[][], geo.segment.Segment2!(double).Segment2, uint, geo.segment.Segment2!(double).Segment2[], geo.segment_polygon_clip.SegmentPolygonClipStatus)
    139           0           0           0     pure @safe bool std.exception.enforce!().enforce!(bool).enforce(bool, lazy const(char)[], immutable(char)[], ulong)
      1           0           0           0     @safe void std.format.internal.write.writeAligned!(std.stdio.File.LockingTextWriter, immutable(char)[], immutable(char)[], immutable(char)[], immutable(char)[], char).writeAligned(ref std.stdio.File.LockingTextWriter, immutable(char)[], immutable(char)[], immutable(char)[], immutable(char)[], scope ref const(std.format.spec.FormatSpec!(char).FormatSpec), std.format.internal.write.PrecisionType)
      2           0           0           0     @safe void std.format.internal.write.formatValueImplUlong!(std.stdio.File.LockingTextWriter, char).formatValueImplUlong(ref std.stdio.File.LockingTextWriter, ulong, in bool, scope ref const(std.format.spec.FormatSpec!(char).FormatSpec))
      1           0           0           0     @safe void std.stdio.writefln!(char, immutable(char)[], ulong, ulong).writefln(in char[], immutable(char)[], ulong, ulong)
      8           0           0           0     pure nothrow @trusted ulong core.internal.array.capacity._d_arraysetlengthTImpl!(immutable(char)[], immutable(char))._d_arraysetlengthT(return scope ref immutable(char)[], ulong)
     23           0           0           0     pure nothrow @trusted geo.linear_ring_view.LinearRing2View!(double).LinearRing2View[] core.internal.array.construction._d_newarrayT!(geo.linear_ring_view.LinearRing2View!(double).LinearRing2View)._d_newarrayT(ulong, bool)
      2           0           0           0     @safe void std.format.internal.write.writeAligned!(std.stdio.File.LockingTextWriter, char[], char[], immutable(char)[], immutable(char)[], char).writeAligned(ref std.stdio.File.LockingTextWriter, char[], char[], immutable(char)[], immutable(char)[], scope ref const(std.format.spec.FormatSpec!(char).FormatSpec), std.format.internal.write.PrecisionType)
      4           0           0           0     scope @safe bool std.format.spec.FormatSpec!(char).FormatSpec.writeUpToNextSpec!(std.stdio.File.LockingTextWriter).writeUpToNextSpec(ref std.stdio.File.LockingTextWriter)
      8           0           0           0     @safe void std.stdio.File.LockingTextWriter.put!(immutable(char)[]).put(scope immutable(char)[])
      1           3           0           0     pure nothrow @nogc @safe geo.topology_validation.PolygonValidationResult geo.topology_validation.validatePolygonPairContacts!(double).validatePolygonPairContacts(scope geo.polygon_view.Polygon2View!(double).Polygon2View)
      1           3           0           0     pure nothrow @safe geo.topology_validation.PolygonValidationResult geo.topology_validation.validatePolygonConnectedInterior!(double).validatePolygonConnectedInterior(scope geo.polygon_view.Polygon2View!(double).Polygon2View)
      8           0           0           0     pure nothrow @trusted immutable(char)[] core.internal.array.concatenation._d_arraycatnTX!(immutable(char)[], immutable(char)[], immutable(char)[])._d_arraycatnTX(immutable(char)[], immutable(char)[])
      2           0           0           0     @safe void std.format.internal.write.formatValueImpl!(std.stdio.File.LockingTextWriter, ulong, char).formatValueImpl(ref std.stdio.File.LockingTextWriter, const(ulong), scope ref const(std.format.spec.FormatSpec!(char).FormatSpec))
      1           3           0           0     pure nothrow @nogc @safe geo.topology_validation.PolygonValidationResult geo.topology_validation.validatePolygonContainment!(double).validatePolygonContainment(scope geo.polygon_view.Polygon2View!(double).Polygon2View)
      1           3           0           0     pure nothrow @nogc @safe geo.topology_validation.PolygonValidationResult geo.topology_validation.validatePolygonRings!(double).validatePolygonRings(scope geo.polygon_view.Polygon2View!(double).Polygon2View)
      1           0           0           0     pure @safe ulong std.conv.toImpl!(ulong, immutable(char)[]).toImpl(immutable(char)[])
      8           0           0           0     pure nothrow @nogc @safe char[] core.internal.string.signedToTempString!(10, false, char).signedToTempString(long, return scope char[])
      3           0           0           0     pure scope @safe void std.format.spec.FormatSpec!(char).FormatSpec.fillUp()
      8           0           0           0     pure @safe bool std.exception.enforce!(std.format.FormatException).enforce!(bool).enforce(bool, lazy const(char)[], immutable(char)[], ulong)
      1           0           0           0     @safe void std.stdio.File.LockingTextWriter.put!(char).put(scope char)
      1           0           0           0     pure @safe ulong std.conv.parse!(ulong, immutable(char)[], 0).parse(scope ref immutable(char)[])
      2           0           0           0     @safe void std.format.write.formatValue!(std.stdio.File.LockingTextWriter, ulong, char).formatValue(ref std.stdio.File.LockingTextWriter, ref ulong, scope ref const(std.format.spec.FormatSpec!(char).FormatSpec))
      4           0           0           0     pure nothrow @nogc @safe void geo.segment_polygon_relationship.markPointLocation(ref geo.segment_polygon_relationship.SegmentPolygonRelationship, geo.point_in_polygon.PointPolygonLocation)
      1           0           0           0     pure nothrow @trusted geo.point.Point2!(double).Point2[] core.internal.array.duplication._dup!(const(geo.point.Point2!(double).Point2), geo.point.Point2!(double).Point2)._dup(scope const(geo.point.Point2!(double).Point2)[])
      1           0           0           0     @safe void std.format.write.formatValue!(std.stdio.File.LockingTextWriter, immutable(char)[], char).formatValue(ref std.stdio.File.LockingTextWriter, ref immutable(char)[], scope ref const(std.format.spec.FormatSpec!(char).FormatSpec))
      4           0           0           0     @safe void std.stdio.File.LockingTextWriter.put!(char[]).put(scope char[])
      8           0           0           0     pure nothrow @nogc @safe char[] core.internal.string.unsignedToTempString!(10u, false, char).unsignedToTempString(ulong, return scope char[])
