------------------
	    1	_Dmain
_D21segment_polygon_bench__T6corpusTdZQkFZASQBq__T4CaseTdZQi	1	440856	139150
	   23	_D21segment_polygon_bench__T8makeCaseTdZQmFNaNbNfAyaAAS3geo5point__T6Point2TdZQkSQBa7segment__T8Segment2TdZQmkAQBfEQCi20segment_polygon_clip24SegmentPolygonClipStatusZSQGk__T4CaseTdZQi
	   23	_D4core8internal5array9appending__T17_d_arrayappendcTXHTAS21segment_polygon_bench__T4CaseTdZQiTQBmZQCmFNaNbNcNeMNkKQChmZQCm
	    1	_D4core8internal5array11duplication__T4_dupTxS3geo5point__T6Point2TdZQkTSQBbQBa__TQxTdZQBcZQCbFNaNbNeMAxQChZAQBl
	  344	_D4core8internal5array9appending__T17_d_arrayappendcTXHTAS3geo5point__T6Point2TdZQkTQBbZQCbFNaNbNcNeMNkKQBwmZQCb
	    8	_D4core8internal6string__T18signedToTempStringVii10Vbi0TaZQBgFNaNbNiNflNkMAaZQd
	    8	_D4core8internal5array11duplication__T4_dupTxaTaZQlFNaNbNeMAxaZAa
	    8	_D4core8internal5array13concatenation__T14_d_arraycatnTXTAyaTQeTQhZQBbFNaNbNeQuQwZQz
	   85	_D4core8internal5array9appending__T17_d_arrayappendcTXHTAS3geo7segment__T8Segment2TdZQmTQBfZQCfFNaNbNcNeMNkKQCamZQCf
	   81	_D4core8internal5array9appending__T15_d_arrayappendTHTAS3geo5point__T6Point2TdZQkTQBbZQBzFNaNbNcNeMNkKQBwMQCaZQCe
------------------
	 1000	_Dmain
_D21segment_polygon_bench__T8clippingTdZQmFKSQBr__T4CaseTdZQimZm	1000	14386475329	1856766
	 1000	_D3geo20segment_polygon_clip__T20clipSegmentToPolygonTdZQzFNfSQCi7segment__T8Segment2TdZQmMSQDm12polygon_view__T12Polygon2ViewTdZQrZSQFbQFa24SegmentPolygonClipResult
------------------
	   23	_D21segment_polygon_bench__T6corpusTdZQkFZASQBq__T4CaseTdZQi
_D21segment_polygon_bench__T8makeCaseTdZQmFNaNbNfAyaAAS3geo5point__T6Point2TdZQkSQBa7segment__T8Segment2TdZQmkAQBfEQCi20segment_polygon_clip24SegmentPolygonClipStatusZSQGk__T4CaseTdZQi	23	13558	4998
	   23	_D4core8internal5array12construction__T12_d_newarrayTTS3geo16linear_ring_view__T15LinearRing2ViewTdZQuZQCmFNaNbNembZAQCl
------------------
	    1	_Dmain
_D21segment_polygon_bench__T9preflightTdZQnFNfKSQBu__T4CaseTdZQiZv	1	47057856	23698
	    1	_D3geo19topology_validation__T32validatePolygonConnectedInteriorTdZQBlFNaNbNfMSQCz12polygon_view__T12Polygon2ViewTdZQrZSQEoQEn23PolygonValidationResult
	   11	_D3std9exception__T7enforceZ__TQmTbZQrFNaNfbLAxaAyamZb
	    8	_D3std4math6traits__T8isFiniteTxdZQnFNaNbNiNexdZb
	    2	_D3geo28segment_polygon_relationship__T34classifySegmentPolygonRelationshipTdZQBnFNaNbNiNfSQDl7segment__T8Segment2TdZQmMSQEp12polygon_view__T12Polygon2ViewTdZQrZSQGeQGd26SegmentPolygonRelationship
	    2	_D3geo20segment_polygon_clip__T20clipSegmentToPolygonTdZQzFNfSQCi7segment__T8Segment2TdZQmMSQDm12polygon_view__T12Polygon2ViewTdZQrZSQFbQFa24SegmentPolygonClipResult
------------------
	2055168	_D3geo12intersection__T18segmentContactKindTdZQxFNaNbNiNfSQCe7segment__T8Segment2TdZQmQBdZEQDlQDk18SegmentContactKind
	 2012	_D3geo8internal25ring_point_classification__T22tryClassifyPointInRingTdZQBbFNaNbNiNfMxSQDh16linear_ring_view__T15LinearRing2ViewTdZQuSQFc5point__T6Point2TdZQkJEQGcQGbQFv17RingPointLocationZb
	257024	_D3geo12intersection__T14pointOnSegmentTdZQtFNaNbNiNfSQCa5point__T6Point2TdZQkSQCz7segment__T8Segment2TdZQmZb
	 2004	_D3geo8internal23segment_polygon_clip_p1__T31trySegmentPolygonClipP1InternalTdZQBkFNfSQDg7segment__T8Segment2TdZQmMSQEk12polygon_view__T12Polygon2ViewTdZQrJSQFzQFy27segment_polygon_clip_result37SegmentPolygonClipOwnedResultInternalZEQIxQIwQIq32SegmentPolygonClipInternalStatus
_D3geo11orientationQnFNaNbNiNfSQBd5point__T6Point2TdZQkQzQBbZEQCiQCh12Orientation2	2316208	10828431107	486147599
	2316208	_D3geo8internal18orientation_filter17orientationFilterFNaNbNiNfddddddZEQCrQCqQCk23OrientationFilterResult
------------------
	 2004	_D3geo12bounding_box__T9tryBoundsTdZQnFNaNbNiNfSQBu7segment__T8Segment2TdZQmJSQCy6bounds__T7Bounds2TdZQlZb
_D3geo12bounding_box__T17BoundsAccumulatorTdZQw6tryAddMFNaNbNiNfSQCl5point__T6Point2TdZQkZb	2004	115802	115802
------------------
	 1002	_D3geo8internal23segment_polygon_clip_p1__T26queryBoundaryEventCapacityTdZQBfFNaNbNiNfSQDh7segment__T8Segment2TdZQmMSQEl12polygon_view__T12Polygon2ViewTdZQrZm
_D3geo12bounding_box__T9tryBoundsTdZQnFNaNbNiNfSQBu7segment__T8Segment2TdZQmJSQCy6bounds__T7Bounds2TdZQlZb	1002	3745006	3552088
	 2004	_D3geo12bounding_box__T17BoundsAccumulatorTdZQw6tryAddMFNaNbNiNfSQCl5point__T6Point2TdZQkZb
	 1002	_D3geo6bounds__T7Bounds2TdZQl13tryFromMinMaxFNaNbNiNfSQCa5point__T6Point2TdZQkQzJSQDcQDb__TQCxTdZQDdZb
------------------
	 1260	_D3geo12intersection__T17classifyCollinearTdZQwFNaNbNiNfSQCd7segment__T8Segment2TdZQmQBdZE11euclid_coreQDt23SegmentIntersectionKind
	   12	_D3geo12intersection__T18segmentContactKindTdZQxFNaNbNiNfSQCe7segment__T8Segment2TdZQmQBdZEQDlQDk18SegmentContactKind
_D3geo12intersection__T13comparePointsTdZQsFNaNbNiNfSQBz5point__T6Point2TdZQkQzZi	1272	78414	78414
------------------
	257024	_D3geo12intersection__T18segmentContactKindTdZQxFNaNbNiNfSQCe7segment__T8Segment2TdZQmQBdZEQDlQDk18SegmentContactKind
_D3geo12intersection__T14pointOnSegmentTdZQtFNaNbNiNfSQCa5point__T6Point2TdZQkSQCz7segment__T8Segment2TdZQmZb	257024	1054139123	55593744
	257024	_D3geo11orientationQnFNaNbNiNfSQBd5point__T6Point2TdZQkQzQBbZEQCiQCh12Orientation2
------------------
	  252	_D3geo12intersection__T18segmentContactKindTdZQxFNaNbNiNfSQCe7segment__T8Segment2TdZQmQBdZEQDlQDk18SegmentContactKind
_D3geo12intersection__T17classifyCollinearTdZQwFNaNbNiNfSQCd7segment__T8Segment2TdZQmQBdZE11euclid_coreQDt23SegmentIntersectionKind	252	205678	127482
	 1260	_D3geo12intersection__T13comparePointsTdZQsFNaNbNiNfSQBz5point__T6Point2TdZQkQzZi
------------------
	  256	_D3geo12intersection__T23segmentIntersectionKindTdZQBcFNaNbNiNfSQCk7segment__T8Segment2TdZQmQBdZE11euclid_coreQEa23SegmentIntersectionKind
	 1024	_D3geo28segment_polygon_relationship__T34classifySegmentPolygonRelationshipTdZQBnFNaNbNiNfSQDl7segment__T8Segment2TdZQmMSQEp12polygon_view__T12Polygon2ViewTdZQrZSQGeQGd26SegmentPolygonRelationship
	256512	_D3geo8internal19polygon_union_exact__T29appendSegmentPairNodingEventsTdZQBiFNaNbNiNfSQDg7segment__T8Segment2TdZQmQBdMASQEoQEnQEh17ExactOverlayPointKmMQBhKmZb
	513024	_D3geo8internal23segment_polygon_clip_p1__T31trySegmentPolygonClipP1InternalTdZQBkFNfSQDg7segment__T8Segment2TdZQmMSQEk12polygon_view__T12Polygon2ViewTdZQrJSQFzQFy27segment_polygon_clip_result37SegmentPolygonClipOwnedResultInternalZEQIxQIwQIq32SegmentPolygonClipInternalStatus
_D3geo12intersection__T18segmentContactKindTdZQxFNaNbNiNfSQCe7segment__T8Segment2TdZQmQBdZEQDlQDk18SegmentContactKind	770816	11302750850	429247015
	2055168	_D3geo11orientationQnFNaNbNiNfSQBd5point__T6Point2TdZQkQzQBbZEQCiQCh12Orientation2
	  252	_D3geo12intersection__T17classifyCollinearTdZQwFNaNbNiNfSQCd7segment__T8Segment2TdZQmQBdZE11euclid_coreQDt23SegmentIntersectionKind
	   12	_D3geo12intersection__T13comparePointsTdZQsFNaNbNiNfSQBz5point__T6Point2TdZQkQzZi
	257024	_D3geo12intersection__T14pointOnSegmentTdZQtFNaNbNiNfSQCa5point__T6Point2TdZQkSQCz7segment__T8Segment2TdZQmZb
------------------
	  256	_D3geo19topology_validation__T12validateRingTdZQrFNaNbNiNfMSQCg16linear_ring_view__T15LinearRing2ViewTdZQuZS11euclid_core15ring_validation20RingValidationResult
_D3geo12intersection__T23segmentIntersectionKindTdZQBcFNaNbNiNfSQCk7segment__T8Segment2TdZQmQBdZE11euclid_coreQEa23SegmentIntersectionKind	256	1498236	29206
	  256	_D3geo12intersection__T18segmentContactKindTdZQxFNaNbNiNfSQCe7segment__T8Segment2TdZQmQBdZEQDlQDk18SegmentContactKind
------------------
	    4	_D3geo28segment_polygon_relationship__T34classifySegmentPolygonRelationshipTdZQBnFNaNbNiNfSQDl7segment__T8Segment2TdZQmMSQEp12polygon_view__T12Polygon2ViewTdZQrZSQGeQGd26SegmentPolygonRelationship
	 1002	_D3geo8internal23segment_polygon_clip_p1__T31trySegmentPolygonClipP1InternalTdZQBkFNfSQDg7segment__T8Segment2TdZQmMSQEk12polygon_view__T12Polygon2ViewTdZQrJSQFzQFy27segment_polygon_clip_result37SegmentPolygonClipOwnedResultInternalZEQIxQIwQIq32SegmentPolygonClipInternalStatus
_D3geo16point_in_polygon__T25tryClassifyPointInPolygonTdZQBeFNaNbNiNfMSQCr12polygon_view__T12Polygon2ViewTdZQrSQEf5point__T6Point2TdZQkJEQFfQFe20PointPolygonLocationZb	1006	101453726	1740654
	 2012	_D3std4math6traits__T8isFiniteTxdZQnFNaNbNiNexdZb
	 1006	_D3geo8internal25ring_point_classification__T22tryClassifyPointInRingTdZQBbFNaNbNiNfMxSQDh16linear_ring_view__T15LinearRing2ViewTdZQuSQFc5point__T6Point2TdZQkJEQGcQGbQFv17RingPointLocationZb
------------------
	    1	_D3geo19topology_validation__T20validatePolygonRingsTdZQzFNaNbNiNfMSQCo12polygon_view__T12Polygon2ViewTdZQrZSQEdQEc23PolygonValidationResult
_D3geo19topology_validation__T12validateRingTdZQrFNaNbNiNfMSQCg16linear_ring_view__T15LinearRing2ViewTdZQuZS11euclid_core15ring_validation20RingValidationResult	1	7664138	6160522
	  512	_D3std4math6traits__T8isFiniteTxdZQnFNaNbNiNexdZb
	  256	_D3geo12intersection__T23segmentIntersectionKindTdZQBcFNaNbNiNfSQCk7segment__T8Segment2TdZQmQBdZE11euclid_coreQEa23SegmentIntersectionKind
------------------
	    1	_D3geo19topology_validation__T27validatePolygonPairContactsTdZQBgFNaNbNiNfMSQCw12polygon_view__T12Polygon2ViewTdZQrZSQElQEk23PolygonValidationResult
_D3geo19topology_validation__T20validatePolygonRingsTdZQzFNaNbNiNfMSQCo12polygon_view__T12Polygon2ViewTdZQrZSQEdQEc23PolygonValidationResult	1	7665592	1454
	    1	_D3geo19topology_validation__T12validateRingTdZQrFNaNbNiNfMSQCg16linear_ring_view__T15LinearRing2ViewTdZQuZS11euclid_core15ring_validation20RingValidationResult
------------------
	    1	_D3geo19topology_validation__T32validatePolygonConnectedInteriorTdZQBlFNaNbNfMSQCz12polygon_view__T12Polygon2ViewTdZQrZSQEoQEn23PolygonValidationResult
_D3geo19topology_validation__T26validatePolygonContainmentTdZQBfFNaNbNiNfMSQCv12polygon_view__T12Polygon2ViewTdZQrZSQEkQEj23PolygonValidationResult	1	7668812	1194
	    1	_D3geo19topology_validation__T27validatePolygonPairContactsTdZQBgFNaNbNiNfMSQCw12polygon_view__T12Polygon2ViewTdZQrZSQElQEk23PolygonValidationResult
------------------
	    1	_D3geo19topology_validation__T26validatePolygonContainmentTdZQBfFNaNbNiNfMSQCv12polygon_view__T12Polygon2ViewTdZQrZSQEkQEj23PolygonValidationResult
_D3geo19topology_validation__T27validatePolygonPairContactsTdZQBgFNaNbNiNfMSQCw12polygon_view__T12Polygon2ViewTdZQrZSQElQEk23PolygonValidationResult	1	7667618	2026
	    1	_D3geo19topology_validation__T20validatePolygonRingsTdZQzFNaNbNiNfMSQCo12polygon_view__T12Polygon2ViewTdZQrZSQEdQEc23PolygonValidationResult
------------------
	    1	_D21segment_polygon_bench__T9preflightTdZQnFNfKSQBu__T4CaseTdZQiZv
_D3geo19topology_validation__T32validatePolygonConnectedInteriorTdZQBlFNaNbNfMSQCz12polygon_view__T12Polygon2ViewTdZQrZSQEoQEn23PolygonValidationResult	1	7670786	1974
	    1	_D3geo19topology_validation__T26validatePolygonContainmentTdZQBfFNaNbNiNfMSQCv12polygon_view__T12Polygon2ViewTdZQrZSQEkQEj23PolygonValidationResult
------------------
	    2	_D21segment_polygon_bench__T9preflightTdZQnFNfKSQBu__T4CaseTdZQiZv
	 1000	_D21segment_polygon_bench__T8clippingTdZQmFKSQBr__T4CaseTdZQimZm
_D3geo20segment_polygon_clip__T20clipSegmentToPolygonTdZQzFNfSQCi7segment__T8Segment2TdZQmMSQDm12polygon_view__T12Polygon2ViewTdZQrZSQFbQFa24SegmentPolygonClipResult	1002	14410404019	895490
	 1002	_D3geo8internal23segment_polygon_clip_p1__T31trySegmentPolygonClipP1InternalTdZQBkFNfSQDg7segment__T8Segment2TdZQmMSQEk12polygon_view__T12Polygon2ViewTdZQrJSQFzQFy27segment_polygon_clip_result37SegmentPolygonClipOwnedResultInternalZEQIxQIwQIq32SegmentPolygonClipInternalStatus
------------------
	    4	_D3geo28segment_polygon_relationship__T34classifySegmentPolygonRelationshipTdZQBnFNaNbNiNfSQDl7segment__T8Segment2TdZQmMSQEp12polygon_view__T12Polygon2ViewTdZQrZSQGeQGd26SegmentPolygonRelationship
_D3geo28segment_polygon_relationship17markPointLocationFNaNbNiNfKSQCmQCl26SegmentPolygonRelationshipEQDv16point_in_polygon20PointPolygonLocationZv	4	620	620
------------------
	    2	_D21segment_polygon_bench__T9preflightTdZQnFNfKSQBu__T4CaseTdZQiZv
_D3geo28segment_polygon_relationship__T34classifySegmentPolygonRelationshipTdZQBnFNaNbNiNfSQDl7segment__T8Segment2TdZQmMSQEp12polygon_view__T12Polygon2ViewTdZQrZSQGeQGd26SegmentPolygonRelationship	2	13575134	165482
	    4	_D3geo16point_in_polygon__T25tryClassifyPointInPolygonTdZQBeFNaNbNiNfMSQCr12polygon_view__T12Polygon2ViewTdZQrSQEf5point__T6Point2TdZQkJEQFfQFe20PointPolygonLocationZb
	    4	_D3geo28segment_polygon_relationship17markPointLocationFNaNbNiNfKSQCmQCl26SegmentPolygonRelationshipEQDv16point_in_polygon20PointPolygonLocationZv
	    2	_D3geo8internal19polygon_union_input__T24exactRingOrientationSignTdZQBdFNaNbNiNfMxSQDd16linear_ring_view__T15LinearRing2ViewTdZQuZi
	 1024	_D3geo12intersection__T18segmentContactKindTdZQxFNaNbNiNfSQCe7segment__T8Segment2TdZQmQBdZEQDlQDk18SegmentContactKind
------------------
	 1002	_D3geo12bounding_box__T9tryBoundsTdZQnFNaNbNiNfSQBu7segment__T8Segment2TdZQmJSQCy6bounds__T7Bounds2TdZQlZb
_D3geo6bounds__T7Bounds2TdZQl13tryFromMinMaxFNaNbNiNfSQCa5point__T6Point2TdZQkQzJSQDcQDb__TQCxTdZQDdZb	1002	77116	77116
------------------
	257024	_D3geo8internal19polygon_union_input__T24exactRingOrientationSignTdZQBdFNaNbNiNfMxSQDd16linear_ring_view__T15LinearRing2ViewTdZQuZi
_D3geo8internal10area_exact18addAreaDeterminantFNaNbNiNfKSQCeQCdQBx21SignedAreaAccumulatorKxSQDnQDm6dyadic19SignedDyadicProductZv	257024	243200532	70125590
	128512	_D3geo8internal10area_exact21widenProductMagnitudeFNaNbNiNfKxSQCiQCh10fixed_uint__T9UIntFixedVmi132ZQrZSQDyQDxQBq__TQBhVmi134ZQBr
	127508	_D3geo8internal10fixed_uint__T11addUnsignedVmi134ZQuFNaNbNiNfKxSQCkQCjQCd__T9UIntFixedVmi134ZQrKxQBiZSQDwQDvQDp__TQBmVmi134ZQBw
------------------
	128512	_D3geo8internal10area_exact18addAreaDeterminantFNaNbNiNfKSQCeQCdQBx21SignedAreaAccumulatorKxSQDnQDm6dyadic19SignedDyadicProductZv
_D3geo8internal10area_exact21widenProductMagnitudeFNaNbNiNfKxSQCiQCh10fixed_uint__T9UIntFixedVmi132ZQrZSQDyQDxQBq__TQBhVmi134ZQBr	128512	52107730	52107730
------------------
	 4008	_D3geo8internal18intersection_exact__T26tryProperIntersectionExactTdZQBfFNaNbNiNfSQDc7segment__T8Segment2TdZQmQBdJSQEjQEiQEc23ExactProperIntersectionZb
_D3geo8internal10fixed_uint__T11addUnsignedVmi132ZQuFNaNbNiNfKxSQCkQCjQCd__T9UIntFixedVmi132ZQrKxQBiZSQDwQDvQDp__TQBmVmi132ZQBw	4008	4001974	2401820
	 4008	_D3geo8internal10fixed_uint__T16firstNonZeroLimbVmi132ZQzFNaNbNiNfKxSQCpQCoQCi__T9UIntFixedVmi132ZQrZm
	 4008	_D3geo8internal10fixed_uint__T19pastLastNonZeroLimbVmi132ZQBcFNaNbNiNfKxSQCtQCsQCm__T9UIntFixedVmi132ZQrZm
------------------
	127508	_D3geo8internal10area_exact18addAreaDeterminantFNaNbNiNfKSQCeQCdQBx21SignedAreaAccumulatorKxSQDnQDm6dyadic19SignedDyadicProductZv
_D3geo8internal10fixed_uint__T11addUnsignedVmi134ZQuFNaNbNiNfKxSQCkQCjQCd__T9UIntFixedVmi134ZQrKxQBiZSQDwQDvQDp__TQBmVmi134ZQBw	127508	120967212	76094062
	127508	_D3geo8internal10fixed_uint__T16firstNonZeroLimbVmi134ZQzFNaNbNiNfKxSQCpQCoQCi__T9UIntFixedVmi134ZQrZm
	127508	_D3geo8internal10fixed_uint__T19pastLastNonZeroLimbVmi134ZQBcFNaNbNiNfKxSQCtQCsQCm__T9UIntFixedVmi134ZQrZm
------------------
	 4008	_D3geo8internal18intersection_exact18weightedCoordinateFNaNbNiNfKxSQCnQCm10fixed_uint__T9UIntFixedVmi132ZQrKxSQEeQEd6dyadic22SignedDyadicCoordinateKxQDfKxQBtZSQGbQGa16exact_coordinate30SignedExactCoordinateNumerator
_D3geo8internal10fixed_uint__T11addUnsignedVmi198ZQuFNaNbNiNfKxSQCkQCjQCd__T9UIntFixedVmi198ZQrKxQBiZSQDwQDvQDp__TQBmVmi198ZQBw	4008	4337218	1860838
	 4008	_D3geo8internal10fixed_uint__T16firstNonZeroLimbVmi198ZQzFNaNbNiNfKxSQCpQCoQCi__T9UIntFixedVmi198ZQrZm
	 4008	_D3geo8internal10fixed_uint__T19pastLastNonZeroLimbVmi198ZQBcFNaNbNiNfKxSQCtQCsQCm__T9UIntFixedVmi198ZQrZm
------------------
	12024	_D3geo8internal6dyadic25subtractDyadicCoordinatesFNaNbNiNfKxSQChQCgQCa22SignedDyadicCoordinateKxQBkZSQDvQDuQDo22SignedDyadicDifference
_D3geo8internal10fixed_uint__T11addUnsignedVmi66ZQtFNaNbNiNfKxSQCjQCiQCc__T9UIntFixedVmi66ZQqKxQBhZSQDuQDtQDn__TQBlVmi66ZQBu	12024	8343120	3395628
	12024	_D3geo8internal10fixed_uint__T16firstNonZeroLimbVmi66ZQyFNaNbNiNfKxSQCoQCnQCh__T9UIntFixedVmi66ZQqZm
	12024	_D3geo8internal10fixed_uint__T19pastLastNonZeroLimbVmi66ZQBbFNaNbNiNfKxSQCsQCrQCl__T9UIntFixedVmi66ZQqZm
------------------
	126504	_D3geo8internal6dyadic22subtractDyadicProductsFNaNbNiNfKxSQCeQCdQBx19SignedDyadicProductKxQBhZSQDpQDoQDiQBl
_D3geo8internal10fixed_uint__T15compareUnsignedVmi132ZQyFNaNbNiNfKxSQCoQCnQCh__T9UIntFixedVmi132ZQrKxQBiZi	126504	54674851	54674851
------------------
	 4008	_D3geo8internal18intersection_exact18weightedCoordinateFNaNbNiNfKxSQCnQCm10fixed_uint__T9UIntFixedVmi132ZQrKxSQEeQEd6dyadic22SignedDyadicCoordinateKxQDfKxQBtZSQGbQGa16exact_coordinate30SignedExactCoordinateNumerator
	 4008	_D3geo8internal16exact_coordinate23compareExactCoordinatesFNaNbNiNfKxSQCqQCpQCj30SignedExactCoordinateNumeratorKxSQEiQEh10fixed_uint__T9UIntFixedVmi132ZQrKxQDjKxQBwZi
	 3006	_D3geo8internal16exact_coordinate22roundsToFiniteBinary64FNaNbNiNfKxSQCpQCoQCi30SignedExactCoordinateNumeratorKxSQEhQEg10fixed_uint__T9UIntFixedVmi132ZQrZb
	 6012	_D3geo8internal22exact_coordinate_round28roundExactCoordinateBinary64FNaNbNiNfKxSQDbQDa16exact_coordinate30SignedExactCoordinateNumeratorKxSQFiQFh10fixed_uint__T9UIntFixedVmi132ZQrZd
	 3006	_D3geo8internal22exact_coordinate_round15roundedQuotientFNaNbNiNfKxSQCoQCn10fixed_uint__T9UIntFixedVmi198ZQrKxSQEfQEeQBr__TQBiVmi132ZQBsmZm
_D3geo8internal10fixed_uint__T15compareUnsignedVmi198ZQyFNaNbNiNfKxSQCoQCnQCh__T9UIntFixedVmi198ZQrKxQBiZi	20040	12208624	12208624
------------------
	 2505	_D3geo8internal16exact_coordinate23compareExactCoordinatesFNaNbNiNfKxSQCqQCpQCj30SignedExactCoordinateNumeratorKxSQEiQEh10fixed_uint__T9UIntFixedVmi132ZQrKxQDjKxQBwZi
_D3geo8internal10fixed_uint__T15compareUnsignedVmi330ZQyFNaNbNiNfKxSQCoQCnQCh__T9UIntFixedVmi330ZQrKxQBiZi	2505	2606560	2606560
------------------
	24048	_D3geo8internal6dyadic25subtractDyadicCoordinatesFNaNbNiNfKxSQChQCgQCa22SignedDyadicCoordinateKxQBkZSQDvQDuQDo22SignedDyadicDifference
_D3geo8internal10fixed_uint__T15compareUnsignedVmi66ZQxFNaNbNiNfKxSQCnQCmQCg__T9UIntFixedVmi66ZQqKxQBhZi	24048	16775100	16775100
------------------
	126504	_D3geo8internal10fixed_uint__T16subtractUnsignedVmi132ZQzFNaNbNiNfKxSQCpQCoQCi__T9UIntFixedVmi132ZQrKxQBiZSQEbQEaQDu__TQBmVmi132ZQBw
	 4008	_D3geo8internal10fixed_uint__T11addUnsignedVmi132ZQuFNaNbNiNfKxSQCkQCjQCd__T9UIntFixedVmi132ZQrKxQBiZSQDwQDvQDp__TQBmVmi132ZQBw
	19038	_D3geo8internal10fixed_uint__T16multiplyUnsignedVmi132Vmi66ZQBeFNaNbNiNfKxSQCvQCuQCo__T9UIntFixedVmi132ZQrKxSQEdQEcQDw__TQBiVmi66ZQBrZSQFdQFcQEw__TQCiVmi198ZQCs
	 5010	_D3geo8internal10fixed_uint__T16multiplyUnsignedVmi198Vmi132ZQBfFNaNbNiNfKxSQCwQCvQCp__T9UIntFixedVmi198ZQrKxSQEeQEdQDx__TQBiVmi132ZQBsZSQFfQFeQEy__TQCjVmi330ZQCt
_D3geo8internal10fixed_uint__T16firstNonZeroLimbVmi132ZQzFNaNbNiNfKxSQCpQCoQCi__T9UIntFixedVmi132ZQrZm	154560	26372568	26372568
------------------
	127508	_D3geo8internal10fixed_uint__T11addUnsignedVmi134ZQuFNaNbNiNfKxSQCkQCjQCd__T9UIntFixedVmi134ZQrKxQBiZSQDwQDvQDp__TQBmVmi134ZQBw
_D3geo8internal10fixed_uint__T16firstNonZeroLimbVmi134ZQzFNaNbNiNfKxSQCpQCoQCi__T9UIntFixedVmi134ZQrZm	127508	14012874	14012874
------------------
	 2004	_D3geo8internal10fixed_uint__T16subtractUnsignedVmi198ZQzFNaNbNiNfKxSQCpQCoQCi__T9UIntFixedVmi198ZQrKxQBiZSQEbQEaQDu__TQBmVmi198ZQBw
	 4008	_D3geo8internal10fixed_uint__T11addUnsignedVmi198ZQuFNaNbNiNfKxSQCkQCjQCd__T9UIntFixedVmi198ZQrKxQBiZSQDwQDvQDp__TQBmVmi198ZQBw
	 5010	_D3geo8internal10fixed_uint__T16multiplyUnsignedVmi198Vmi132ZQBfFNaNbNiNfKxSQCwQCvQCp__T9UIntFixedVmi198ZQrKxSQEeQEdQDx__TQBiVmi132ZQBsZSQFfQFeQEy__TQCjVmi330ZQCt
_D3geo8internal10fixed_uint__T16firstNonZeroLimbVmi198ZQzFNaNbNiNfKxSQCpQCoQCi__T9UIntFixedVmi198ZQrZm	11022	2338418	2338418
------------------
	542096	_D3geo8internal10fixed_uint__T16multiplyUnsignedVmi66Vmi66ZQBdFNaNbNiNfKxSQCuQCtQCn__T9UIntFixedVmi66ZQqKxQBhZSQEfQEeQDy__TQBlVmi132ZQBv
	12024	_D3geo8internal10fixed_uint__T11addUnsignedVmi66ZQtFNaNbNiNfKxSQCjQCiQCc__T9UIntFixedVmi66ZQqKxQBhZSQDuQDtQDn__TQBlVmi66ZQBu
	12024	_D3geo8internal10fixed_uint__T16subtractUnsignedVmi66ZQyFNaNbNiNfKxSQCoQCnQCh__T9UIntFixedVmi66ZQqKxQBhZSQDzQDyQDs__TQBlVmi66ZQBu
	19038	_D3geo8internal10fixed_uint__T16multiplyUnsignedVmi132Vmi66ZQBeFNaNbNiNfKxSQCvQCuQCo__T9UIntFixedVmi132ZQrKxSQEdQEcQDw__TQBiVmi66ZQBrZSQFdQFcQEw__TQCiVmi198ZQCs
_D3geo8internal10fixed_uint__T16firstNonZeroLimbVmi66ZQyFNaNbNiNfKxSQCoQCnQCh__T9UIntFixedVmi66ZQqZm	585182	63451480	63451480
------------------
	16032	_D3geo8internal18intersection_exact18weightedCoordinateFNaNbNiNfKxSQCnQCm10fixed_uint__T9UIntFixedVmi132ZQrKxSQEeQEd6dyadic22SignedDyadicCoordinateKxQDfKxQBtZSQGbQGa16exact_coordinate30SignedExactCoordinateNumerator
	 3006	_D3geo8internal16exact_coordinate22roundsToFiniteBinary64FNaNbNiNfKxSQCpQCoQCi30SignedExactCoordinateNumeratorKxSQEhQEg10fixed_uint__T9UIntFixedVmi132ZQrZb
_D3geo8internal10fixed_uint__T16multiplyUnsignedVmi132Vmi66ZQBeFNaNbNiNfKxSQCvQCuQCo__T9UIntFixedVmi132ZQrKxSQEdQEcQDw__TQBiVmi66ZQBrZSQFdQFcQEw__TQCiVmi198ZQCs	19038	22533842	12285862
	19038	_D3geo8internal10fixed_uint__T16firstNonZeroLimbVmi132ZQzFNaNbNiNfKxSQCpQCoQCi__T9UIntFixedVmi132ZQrZm
	19038	_D3geo8internal10fixed_uint__T16firstNonZeroLimbVmi66ZQyFNaNbNiNfKxSQCoQCnQCh__T9UIntFixedVmi66ZQqZm
	19038	_D3geo8internal10fixed_uint__T19pastLastNonZeroLimbVmi132ZQBcFNaNbNiNfKxSQCtQCsQCm__T9UIntFixedVmi132ZQrZm
	19038	_D3geo8internal10fixed_uint__T19pastLastNonZeroLimbVmi66ZQBbFNaNbNiNfKxSQCsQCrQCl__T9UIntFixedVmi66ZQqZm
------------------
	 5010	_D3geo8internal16exact_coordinate23compareExactCoordinatesFNaNbNiNfKxSQCqQCpQCj30SignedExactCoordinateNumeratorKxSQEiQEh10fixed_uint__T9UIntFixedVmi132ZQrKxQDjKxQBwZi
_D3geo8internal10fixed_uint__T16multiplyUnsignedVmi198Vmi132ZQBfFNaNbNiNfKxSQCwQCvQCp__T9UIntFixedVmi198ZQrKxSQEeQEdQDx__TQBiVmi132ZQBsZSQFfQFeQEy__TQCjVmi330ZQCt	5010	8079554	3048522
	 5010	_D3geo8internal10fixed_uint__T16firstNonZeroLimbVmi198ZQzFNaNbNiNfKxSQCpQCoQCi__T9UIntFixedVmi198ZQrZm
	 5010	_D3geo8internal10fixed_uint__T16firstNonZeroLimbVmi132ZQzFNaNbNiNfKxSQCpQCoQCi__T9UIntFixedVmi132ZQrZm
	 5010	_D3geo8internal10fixed_uint__T19pastLastNonZeroLimbVmi198ZQBcFNaNbNiNfKxSQCtQCsQCm__T9UIntFixedVmi198ZQrZm
	 5010	_D3geo8internal10fixed_uint__T19pastLastNonZeroLimbVmi132ZQBcFNaNbNiNfKxSQCtQCsQCm__T9UIntFixedVmi132ZQrZm
------------------
	271048	_D3geo8internal6dyadic25multiplyDyadicDifferencesFNaNbNiNfKxSQChQCgQCa22SignedDyadicDifferenceKxQBkZSQDvQDuQDo19SignedDyadicProduct
_D3geo8internal10fixed_uint__T16multiplyUnsignedVmi66Vmi66ZQBdFNaNbNiNfKxSQCuQCtQCn__T9UIntFixedVmi66ZQqKxQBhZSQEfQEeQDy__TQBlVmi132ZQBv	271048	307712724	188786550
	542096	_D3geo8internal10fixed_uint__T16firstNonZeroLimbVmi66ZQyFNaNbNiNfKxSQCoQCnQCh__T9UIntFixedVmi66ZQqZm
	542096	_D3geo8internal10fixed_uint__T19pastLastNonZeroLimbVmi66ZQBbFNaNbNiNfKxSQCsQCrQCl__T9UIntFixedVmi66ZQqZm
------------------
	126504	_D3geo8internal6dyadic22subtractDyadicProductsFNaNbNiNfKxSQCeQCdQBx19SignedDyadicProductKxQBhZSQDpQDoQDiQBl
_D3geo8internal10fixed_uint__T16subtractUnsignedVmi132ZQzFNaNbNiNfKxSQCpQCoQCi__T9UIntFixedVmi132ZQrKxQBiZSQEbQEaQDu__TQBmVmi132ZQBw	126504	117624072	65764190
	126504	_D3geo8internal10fixed_uint__T16firstNonZeroLimbVmi132ZQzFNaNbNiNfKxSQCpQCoQCi__T9UIntFixedVmi132ZQrZm
	126504	_D3geo8internal10fixed_uint__T19pastLastNonZeroLimbVmi132ZQBcFNaNbNiNfKxSQCtQCsQCm__T9UIntFixedVmi132ZQrZm
------------------
	 2004	_D3geo8internal18intersection_exact18weightedCoordinateFNaNbNiNfKxSQCnQCm10fixed_uint__T9UIntFixedVmi132ZQrKxSQEeQEd6dyadic22SignedDyadicCoordinateKxQDfKxQBtZSQGbQGa16exact_coordinate30SignedExactCoordinateNumerator
_D3geo8internal10fixed_uint__T16subtractUnsignedVmi198ZQzFNaNbNiNfKxSQCpQCoQCi__T9UIntFixedVmi198ZQrKxQBiZSQEbQEaQDu__TQBmVmi198ZQBw	2004	2156376	798534
	 2004	_D3geo8internal10fixed_uint__T16firstNonZeroLimbVmi198ZQzFNaNbNiNfKxSQCpQCoQCi__T9UIntFixedVmi198ZQrZm
	 2004	_D3geo8internal10fixed_uint__T19pastLastNonZeroLimbVmi198ZQBcFNaNbNiNfKxSQCtQCsQCm__T9UIntFixedVmi198ZQrZm
------------------
	12024	_D3geo8internal6dyadic25subtractDyadicCoordinatesFNaNbNiNfKxSQChQCgQCa22SignedDyadicCoordinateKxQBkZSQDvQDuQDo22SignedDyadicDifference
_D3geo8internal10fixed_uint__T16subtractUnsignedVmi66ZQyFNaNbNiNfKxSQCoQCnQCh__T9UIntFixedVmi66ZQqKxQBhZSQDzQDyQDs__TQBlVmi66ZQBu	12024	16848448	14180870
	12024	_D3geo8internal10fixed_uint__T16firstNonZeroLimbVmi66ZQyFNaNbNiNfKxSQCoQCnQCh__T9UIntFixedVmi66ZQqZm
	12024	_D3geo8internal10fixed_uint__T19pastLastNonZeroLimbVmi66ZQBbFNaNbNiNfKxSQCsQCrQCl__T9UIntFixedVmi66ZQqZm
------------------
	126504	_D3geo8internal10fixed_uint__T16subtractUnsignedVmi132ZQzFNaNbNiNfKxSQCpQCoQCi__T9UIntFixedVmi132ZQrKxQBiZSQEbQEaQDu__TQBmVmi132ZQBw
	 4008	_D3geo8internal10fixed_uint__T11addUnsignedVmi132ZQuFNaNbNiNfKxSQCkQCjQCd__T9UIntFixedVmi132ZQrKxQBiZSQDwQDvQDp__TQBmVmi132ZQBw
	19038	_D3geo8internal10fixed_uint__T16multiplyUnsignedVmi132Vmi66ZQBeFNaNbNiNfKxSQCvQCuQCo__T9UIntFixedVmi132ZQrKxSQEdQEcQDw__TQBiVmi66ZQBrZSQFdQFcQEw__TQCiVmi198ZQCs
	 5010	_D3geo8internal10fixed_uint__T16multiplyUnsignedVmi198Vmi132ZQBfFNaNbNiNfKxSQCwQCvQCp__T9UIntFixedVmi198ZQrKxSQEeQEdQDx__TQBiVmi132ZQBsZSQFfQFeQEy__TQCjVmi330ZQCt
_D3geo8internal10fixed_uint__T19pastLastNonZeroLimbVmi132ZQBcFNaNbNiNfKxSQCtQCsQCm__T9UIntFixedVmi132ZQrZm	154560	36347916	36347916
------------------
	127508	_D3geo8internal10fixed_uint__T11addUnsignedVmi134ZQuFNaNbNiNfKxSQCkQCjQCd__T9UIntFixedVmi134ZQrKxQBiZSQDwQDvQDp__TQBmVmi134ZQBw
_D3geo8internal10fixed_uint__T19pastLastNonZeroLimbVmi134ZQBcFNaNbNiNfKxSQCtQCsQCm__T9UIntFixedVmi134ZQrZm	127508	30860276	30860276
------------------
	 2004	_D3geo8internal10fixed_uint__T16subtractUnsignedVmi198ZQzFNaNbNiNfKxSQCpQCoQCi__T9UIntFixedVmi198ZQrKxQBiZSQEbQEaQDu__TQBmVmi198ZQBw
	 4008	_D3geo8internal10fixed_uint__T11addUnsignedVmi198ZQuFNaNbNiNfKxSQCkQCjQCd__T9UIntFixedVmi198ZQrKxQBiZSQDwQDvQDp__TQBmVmi198ZQBw
	 5010	_D3geo8internal10fixed_uint__T16multiplyUnsignedVmi198Vmi132ZQBfFNaNbNiNfKxSQCwQCvQCp__T9UIntFixedVmi198ZQrKxSQEeQEdQDx__TQBiVmi132ZQBsZSQFfQFeQEy__TQCjVmi330ZQCt
_D3geo8internal10fixed_uint__T19pastLastNonZeroLimbVmi198ZQBcFNaNbNiNfKxSQCtQCsQCm__T9UIntFixedVmi198ZQrZm	11022	4665002	4665002
------------------
	542096	_D3geo8internal10fixed_uint__T16multiplyUnsignedVmi66Vmi66ZQBdFNaNbNiNfKxSQCuQCtQCn__T9UIntFixedVmi66ZQqKxQBhZSQEfQEeQDy__TQBlVmi132ZQBv
	12024	_D3geo8internal10fixed_uint__T11addUnsignedVmi66ZQtFNaNbNiNfKxSQCjQCiQCc__T9UIntFixedVmi66ZQqKxQBhZSQDuQDtQDn__TQBlVmi66ZQBu
	12024	_D3geo8internal10fixed_uint__T16subtractUnsignedVmi66ZQyFNaNbNiNfKxSQCoQCnQCh__T9UIntFixedVmi66ZQqKxQBhZSQDzQDyQDs__TQBlVmi66ZQBu
	19038	_D3geo8internal10fixed_uint__T16multiplyUnsignedVmi132Vmi66ZQBeFNaNbNiNfKxSQCvQCuQCo__T9UIntFixedVmi132ZQrKxSQEdQEcQDw__TQBiVmi66ZQBrZSQFdQFcQEw__TQCiVmi198ZQCs
_D3geo8internal10fixed_uint__T19pastLastNonZeroLimbVmi66ZQBbFNaNbNiNfKxSQCsQCrQCl__T9UIntFixedVmi66ZQqZm	585182	65939130	65939130
------------------
	16032	_D3geo8internal18intersection_exact18weightedCoordinateFNaNbNiNfKxSQCnQCm10fixed_uint__T9UIntFixedVmi132ZQrKxSQEeQEd6dyadic22SignedDyadicCoordinateKxQDfKxQBtZSQGbQGa16exact_coordinate30SignedExactCoordinateNumerator
	38076	_D3geo8internal16exact_coordinate23compareExactCoordinatesFNaNbNiNfKxSQCqQCpQCj30SignedExactCoordinateNumeratorKxSQEiQEh10fixed_uint__T9UIntFixedVmi132ZQrKxQDjKxQBwZi
	 3006	_D3geo8internal16exact_coordinate22roundsToFiniteBinary64FNaNbNiNfKxSQCpQCoQCi30SignedExactCoordinateNumeratorKxSQEhQEg10fixed_uint__T9UIntFixedVmi132ZQrZb
	 3006	_D3geo8internal22exact_coordinate_round28roundExactCoordinateBinary64FNaNbNiNfKxSQDbQDa16exact_coordinate30SignedExactCoordinateNumeratorKxSQFiQFh10fixed_uint__T9UIntFixedVmi132ZQrZd
_D3geo8internal10fixed_uint__T9UIntFixedVmi198ZQr6isZeroMxFNaNbNdNiNfZb	60120	19356490	19356490
------------------
	 4008	_D3geo8internal23segment_polygon_clip_p124tryMaterializeExactPointFNaNbNiNfKxSQCyQCx19polygon_union_exact17ExactOverlayPointJSQEu5point__T6Point2TdZQkZb
_D3geo8internal16exact_coordinate22roundsToFiniteBinary64FNaNbNiNfKxSQCpQCoQCi30SignedExactCoordinateNumeratorKxSQEhQEg10fixed_uint__T9UIntFixedVmi132ZQrZb	4008	9459888	2073388
	 3006	_D3geo8internal10fixed_uint__T9UIntFixedVmi198ZQr6isZeroMxFNaNbNdNiNfZb
	 3006	_D3geo8internal16exact_coordinate24binary64OverflowMidpointFNaNbNiNfZSQCqQCp10fixed_uint__T9UIntFixedVmi66ZQq
	 3006	_D3geo8internal10fixed_uint__T16multiplyUnsignedVmi132Vmi66ZQBeFNaNbNiNfKxSQCvQCuQCo__T9UIntFixedVmi132ZQrKxSQEdQEcQDw__TQBiVmi66ZQBrZSQFdQFcQEw__TQCiVmi198ZQCs
	 3006	_D3geo8internal10fixed_uint__T15compareUnsignedVmi198ZQyFNaNbNiNfKxSQCoQCnQCh__T9UIntFixedVmi198ZQrKxQBiZi
------------------
	12024	_D3geo8internal19polygon_union_exact__T37compareExactOverlayPointsAlongSegmentTdZQBqFNaNbNiNfSQDo7segment__T8Segment2TdZQmKxSQEtQEsQEm17ExactOverlayPointKxQBfZi
	 3006	_D3geo8internal19polygon_union_exact__T25sortUniqueExactEdgeEventsTdZQBeFNaNbNiNfSQDc7segment__T8Segment2TdZQmMASQEhQEgQEa17ExactOverlayPointZm
	 4008	_D3geo8internal23segment_polygon_clip_p1__T19findExactEventIndexTdZQyFNaNbNiNfSQCz7segment__T8Segment2TdZQmMAxSQEfQEe19polygon_union_exact17ExactOverlayPointKxQBxZm
_D3geo8internal16exact_coordinate23compareExactCoordinatesFNaNbNiNfKxSQCqQCpQCj30SignedExactCoordinateNumeratorKxSQEiQEh10fixed_uint__T9UIntFixedVmi132ZQrKxQDjKxQBwZi	19038	36960474	8417332
	38076	_D3geo8internal10fixed_uint__T9UIntFixedVmi198ZQr6isZeroMxFNaNbNdNiNfZb
	 5010	_D3geo8internal10fixed_uint__T16multiplyUnsignedVmi198Vmi132ZQBfFNaNbNiNfKxSQCwQCvQCp__T9UIntFixedVmi198ZQrKxSQEeQEdQDx__TQBiVmi132ZQBsZSQFfQFeQEy__TQCjVmi330ZQCt
	 2505	_D3geo8internal10fixed_uint__T15compareUnsignedVmi330ZQyFNaNbNiNfKxSQCoQCnQCh__T9UIntFixedVmi330ZQrKxQBiZi
	 4008	_D3geo8internal10fixed_uint__T15compareUnsignedVmi198ZQyFNaNbNiNfKxSQCoQCnQCh__T9UIntFixedVmi198ZQrKxQBiZi
------------------
	 3006	_D3geo8internal16exact_coordinate22roundsToFiniteBinary64FNaNbNiNfKxSQCpQCoQCi30SignedExactCoordinateNumeratorKxSQEhQEg10fixed_uint__T9UIntFixedVmi132ZQrZb
_D3geo8internal16exact_coordinate24binary64OverflowMidpointFNaNbNiNfZSQCqQCp10fixed_uint__T9UIntFixedVmi66ZQq	3006	1145918	1145918
------------------
	 8016	_D3geo8internal18intersection_exact__T26tryProperIntersectionExactTdZQBfFNaNbNiNfSQDc7segment__T8Segment2TdZQmQBdJSQEjQEiQEc23ExactProperIntersectionZb
_D3geo8internal18intersection_exact18weightedCoordinateFNaNbNiNfKxSQCnQCm10fixed_uint__T9UIntFixedVmi132ZQrKxSQEeQEd6dyadic22SignedDyadicCoordinateKxQDfKxQBtZSQGbQGa16exact_coordinate30SignedExactCoordinateNumerator	8016	37238730	6339122
	16032	_D3geo8internal10fixed_uint__T16multiplyUnsignedVmi132Vmi66ZQBeFNaNbNiNfKxSQCvQCuQCo__T9UIntFixedVmi132ZQrKxSQEdQEcQDw__TQBiVmi66ZQBrZSQFdQFcQEw__TQCiVmi198ZQCs
	16032	_D3geo8internal10fixed_uint__T9UIntFixedVmi198ZQr6isZeroMxFNaNbNdNiNfZb
	 4008	_D3geo8internal10fixed_uint__T15compareUnsignedVmi198ZQyFNaNbNiNfKxSQCoQCnQCh__T9UIntFixedVmi198ZQrKxQBiZi
	 2004	_D3geo8internal10fixed_uint__T16subtractUnsignedVmi198ZQzFNaNbNiNfKxSQCpQCoQCi__T9UIntFixedVmi198ZQrKxQBiZSQEbQEaQDu__TQBmVmi198ZQBw
	 4008	_D3geo8internal10fixed_uint__T11addUnsignedVmi198ZQuFNaNbNiNfKxSQCkQCjQCd__T9UIntFixedVmi198ZQrKxQBiZSQDwQDvQDp__TQBmVmi198ZQBw
------------------
	 2004	_D3geo8internal19polygon_union_exact__T29appendSegmentPairNodingEventsTdZQBiFNaNbNiNfSQDg7segment__T8Segment2TdZQmQBdMASQEoQEnQEh17ExactOverlayPointKmMQBhKmZb
	 2004	_D3geo8internal23segment_polygon_clip_p1__T31trySegmentPolygonClipP1InternalTdZQBkFNfSQDg7segment__T8Segment2TdZQmMSQEk12polygon_view__T12Polygon2ViewTdZQrJSQFzQFy27segment_polygon_clip_result37SegmentPolygonClipOwnedResultInternalZEQIxQIwQIq32SegmentPolygonClipInternalStatus
_D3geo8internal18intersection_exact__T26tryProperIntersectionExactTdZQBfFNaNbNiNfSQDc7segment__T8Segment2TdZQmQBdJSQEjQEiQEc23ExactProperIntersectionZb	4008	369373390	85974946
	112224	_D3geo8internal6dyadic24decodeBinary64CoordinateFNaNbNiNfdZSQCgQCfQBz22SignedDyadicCoordinate
	64128	_D3geo8internal6dyadic25subtractDyadicCoordinatesFNaNbNiNfKxSQChQCgQCa22SignedDyadicCoordinateKxQBkZSQDvQDuQDo22SignedDyadicDifference
	32064	_D3geo8internal6dyadic25multiplyDyadicDifferencesFNaNbNiNfKxSQChQCgQCa22SignedDyadicDifferenceKxQBkZSQDvQDuQDo19SignedDyadicProduct
	16032	_D3geo8internal6dyadic22subtractDyadicProductsFNaNbNiNfKxSQCeQCdQBx19SignedDyadicProductKxQBhZSQDpQDoQDiQBl
	 4008	_D3geo8internal10fixed_uint__T11addUnsignedVmi132ZQuFNaNbNiNfKxSQCkQCjQCd__T9UIntFixedVmi132ZQrKxQBiZSQDwQDvQDp__TQBmVmi132ZQBw
	 8016	_D3geo8internal18intersection_exact18weightedCoordinateFNaNbNiNfKxSQCnQCm10fixed_uint__T9UIntFixedVmi132ZQrKxSQEeQEd6dyadic22SignedDyadicCoordinateKxQDfKxQBtZSQGbQGa16exact_coordinate30SignedExactCoordinateNumerator
------------------
	2316208	_D3geo11orientationQnFNaNbNiNfSQBd5point__T6Point2TdZQkQzQBbZEQCiQCh12Orientation2
_D3geo8internal18orientation_filter17orientationFilterFNaNbNiNfddddddZEQCrQCqQCk23OrientationFilterResult	2316208	10342283508	7105425920
	28808952	_D3std4math6traits__T8isFiniteTdZQmFNaNbNiNedZb
	14911704	_D3std4math6traits__T11isSubnormalTdZQqFNaNbNiNedZb
	2038096	_D3std4math6traits__T8isFiniteTxdZQnFNaNbNiNexdZb
	2038096	_D3std4math6traits__T11isSubnormalTxdZQrFNaNbNiNexdZb
------------------
	 4008	_D3geo8internal19polygon_union_exact__T29appendSegmentPairNodingEventsTdZQBiFNaNbNiNfSQDg7segment__T8Segment2TdZQmQBdMASQEoQEnQEh17ExactOverlayPointKmMQBhKmZb
_D3geo8internal19polygon_union_exact20appendExactEdgeEventFNaNbNiNfMASQCqQCpQCj17ExactOverlayPointKmKxSQDxQDwQDqQBhZb	4008	2560082	2560082
------------------
	 1002	_D3geo8internal23segment_polygon_clip_p1__T31trySegmentPolygonClipP1InternalTdZQBkFNfSQDg7segment__T8Segment2TdZQmMSQEk12polygon_view__T12Polygon2ViewTdZQrJSQFzQFy27segment_polygon_clip_result37SegmentPolygonClipOwnedResultInternalZEQIxQIwQIq32SegmentPolygonClipInternalStatus
_D3geo8internal19polygon_union_exact__T19seedExactEdgeEventsTdZQyFNaNbNiNfSQCv7segment__T8Segment2TdZQmMASQEaQDzQDt17ExactOverlayPointJmZb	1002	3864440	1512418
	 4008	_D3geo8internal19polygon_union_exact__T25liftRepresentedCoordinateTdZQBeFNaNbNiNfdZSQDeQDd16exact_coordinate30SignedExactCoordinateNumerator
------------------
	 5010	_D3geo8internal19polygon_union_exact__T25sortUniqueExactEdgeEventsTdZQBeFNaNbNiNfSQDc7segment__T8Segment2TdZQmMASQEhQEgQEa17ExactOverlayPointZm
_D3geo8internal19polygon_union_exact__T23siftDownExactEdgeEventsTdZQBcFNaNbNiNfSQDa7segment__T8Segment2TdZQmMASQEfQEeQDy17ExactOverlayPointmmZv	5010	15878284	3756616
	 7014	_D3geo8internal19polygon_union_exact__T37compareExactOverlayPointsAlongSegmentTdZQBqFNaNbNiNfSQDo7segment__T8Segment2TdZQmKxSQEtQEsQEm17ExactOverlayPointKxQBfZi
------------------
	 4008	_D3geo8internal19polygon_union_exact__T19seedExactEdgeEventsTdZQyFNaNbNiNfSQCv7segment__T8Segment2TdZQmMASQEaQDzQDt17ExactOverlayPointJmZb
_D3geo8internal19polygon_union_exact__T25liftRepresentedCoordinateTdZQBeFNaNbNiNfdZSQDeQDd16exact_coordinate30SignedExactCoordinateNumerator	4008	2352022	1636354
	 4008	_D3geo8internal6dyadic24decodeBinary64CoordinateFNaNbNiNfdZSQCgQCfQBz22SignedDyadicCoordinate
------------------
	 1002	_D3geo8internal23segment_polygon_clip_p1__T31trySegmentPolygonClipP1InternalTdZQBkFNfSQDg7segment__T8Segment2TdZQmMSQEk12polygon_view__T12Polygon2ViewTdZQrJSQFzQFy27segment_polygon_clip_result37SegmentPolygonClipOwnedResultInternalZEQIxQIwQIq32SegmentPolygonClipInternalStatus
_D3geo8internal19polygon_union_exact__T25sortUniqueExactEdgeEventsTdZQBeFNaNbNiNfSQDc7segment__T8Segment2TdZQmMASQEhQEgQEa17ExactOverlayPointZm	1002	26269802	3720426
	 5010	_D3geo8internal19polygon_union_exact__T23siftDownExactEdgeEventsTdZQBcFNaNbNiNfSQDa7segment__T8Segment2TdZQmMASQEfQEeQDy17ExactOverlayPointmmZv
	 3006	_D3geo8internal16exact_coordinate23compareExactCoordinatesFNaNbNiNfKxSQCqQCpQCj30SignedExactCoordinateNumeratorKxSQEiQEh10fixed_uint__T9UIntFixedVmi132ZQrKxQDjKxQBwZi
------------------
	256512	_D3geo8internal23segment_polygon_clip_p1__T31trySegmentPolygonClipP1InternalTdZQBkFNfSQDg7segment__T8Segment2TdZQmMSQEk12polygon_view__T12Polygon2ViewTdZQrJSQFzQFy27segment_polygon_clip_result37SegmentPolygonClipOwnedResultInternalZEQIxQIwQIq32SegmentPolygonClipInternalStatus
_D3geo8internal19polygon_union_exact__T29appendSegmentPairNodingEventsTdZQBiFNaNbNiNfSQDg7segment__T8Segment2TdZQmQBdMASQEoQEnQEh17ExactOverlayPointKmMQBhKmZb	256512	5314360061	68267064
	256512	_D3geo12intersection__T18segmentContactKindTdZQxFNaNbNiNfSQCe7segment__T8Segment2TdZQmQBdZEQDlQDk18SegmentContactKind
	 2004	_D3geo8internal18intersection_exact__T26tryProperIntersectionExactTdZQBfFNaNbNiNfSQDc7segment__T8Segment2TdZQmQBdJSQEjQEiQEc23ExactProperIntersectionZb
	 4008	_D3geo8internal19polygon_union_exact20appendExactEdgeEventFNaNbNiNfMASQCqQCpQCj17ExactOverlayPointKmKxSQDxQDwQDqQBhZb
------------------
	 7014	_D3geo8internal19polygon_union_exact__T23siftDownExactEdgeEventsTdZQBcFNaNbNiNfSQDa7segment__T8Segment2TdZQmMASQEfQEeQDy17ExactOverlayPointmmZv
	 5010	_D3geo8internal23segment_polygon_clip_p1__T19findExactEventIndexTdZQyFNaNbNiNfSQCz7segment__T8Segment2TdZQmMAxSQEfQEe19polygon_union_exact17ExactOverlayPointKxQBxZm
_D3geo8internal19polygon_union_exact__T37compareExactOverlayPointsAlongSegmentTdZQBqFNaNbNiNfSQDo7segment__T8Segment2TdZQmKxSQEtQEsQEm17ExactOverlayPointKxQBfZi	12024	25974246	1876292
	12024	_D3geo8internal16exact_coordinate23compareExactCoordinatesFNaNbNiNfKxSQCqQCpQCj30SignedExactCoordinateNumeratorKxSQEiQEh10fixed_uint__T9UIntFixedVmi132ZQrKxQDjKxQBwZi
------------------
	    2	_D3geo28segment_polygon_relationship__T34classifySegmentPolygonRelationshipTdZQBnFNaNbNiNfSQDl7segment__T8Segment2TdZQmMSQEp12polygon_view__T12Polygon2ViewTdZQrZSQGeQGd26SegmentPolygonRelationship
	 1002	_D3geo8internal23segment_polygon_clip_p1__T31trySegmentPolygonClipP1InternalTdZQBkFNfSQDg7segment__T8Segment2TdZQmMSQEk12polygon_view__T12Polygon2ViewTdZQrJSQFzQFy27segment_polygon_clip_result37SegmentPolygonClipOwnedResultInternalZEQIxQIwQIq32SegmentPolygonClipInternalStatus
_D3geo8internal19polygon_union_input__T24exactRingOrientationSignTdZQBdFNaNbNiNfMxSQDd16linear_ring_view__T15LinearRing2ViewTdZQuZi	1004	1788604527	631334448
	1542144	_D3geo8internal6dyadic24decodeBinary64CoordinateFNaNbNiNfdZSQCgQCfQBz22SignedDyadicCoordinate
	1028096	_D3geo8internal6dyadic25subtractDyadicCoordinatesFNaNbNiNfKxSQChQCgQCa22SignedDyadicCoordinateKxQBkZSQDvQDuQDo22SignedDyadicDifference
	514048	_D3geo8internal6dyadic25multiplyDyadicDifferencesFNaNbNiNfKxSQChQCgQCa22SignedDyadicDifferenceKxQBkZSQDvQDuQDo19SignedDyadicProduct
	257024	_D3geo8internal6dyadic22subtractDyadicProductsFNaNbNiNfKxSQCeQCdQBx19SignedDyadicProductKxQBhZSQDpQDoQDiQBl
	257024	_D3geo8internal10area_exact18addAreaDeterminantFNaNbNiNfKSQCeQCdQBx21SignedAreaAccumulatorKxSQDnQDm6dyadic19SignedDyadicProductZv
------------------
	 3006	_D3geo8internal22exact_coordinate_round28roundExactCoordinateBinary64FNaNbNiNfKxSQDbQDa16exact_coordinate30SignedExactCoordinateNumeratorKxSQFiQFh10fixed_uint__T9UIntFixedVmi132ZQrZd
_D3geo8internal22exact_coordinate_round15roundedQuotientFNaNbNiNfKxSQCoQCn10fixed_uint__T9UIntFixedVmi198ZQrKxSQEfQEeQBr__TQBiVmi132ZQBsmZm	3006	112084945	22816540
	 3006	_D3geo8internal22exact_coordinate_round28pastLastNonZeroNumeratorLimbFNaNbNiNfKxSQDbQDa10fixed_uint__T9UIntFixedVmi198ZQrZm
	 3006	_D3geo8internal22exact_coordinate_round27firstNonZeroDenominatorLimbFNaNbNiNfKxSQDaQCz10fixed_uint__T9UIntFixedVmi132ZQrZm
	 3006	_D3geo8internal22exact_coordinate_round__T9bitLengthVmi132ZQrFNaNbNiNfKxSQCtQCs10fixed_uint__T9UIntFixedVmi132ZQrZm
	159318	_D3geo8internal22exact_coordinate_round25compareShiftedDenominatorFNaNbNiNfKxSQCyQCx10fixed_uint__T9UIntFixedVmi198ZQrmKxSQEqQEpQBs__TQBjVmi132ZQBtmmZi
	 3006	_D3geo8internal22exact_coordinate_round26subtractShiftedDenominatorFNaNbNiNfKSQCyQCx10fixed_uint__T9UIntFixedVmi198ZQrmKxSQEqQEpQBs__TQBjVmi132ZQBtmmmZm
	 3006	_D3geo8internal22exact_coordinate_round18shiftedDenominatorFNaNbNiNfKxSQCrQCq10fixed_uint__T9UIntFixedVmi132ZQrmZSQEiQEhQBr__TQBiVmi198ZQBs
	 3006	_D3geo8internal22exact_coordinate_round7doubledFNaNbNiNfKxSQCfQCe10fixed_uint__T9UIntFixedVmi198ZQrZSQDvQDuQBq__TQBhVmi198ZQBr
	 3006	_D3geo8internal10fixed_uint__T15compareUnsignedVmi198ZQyFNaNbNiNfKxSQCoQCnQCh__T9UIntFixedVmi198ZQrKxQBiZi
------------------
	 6012	_D3geo8internal22exact_coordinate_round28roundExactCoordinateBinary64FNaNbNiNfKxSQDbQDa16exact_coordinate30SignedExactCoordinateNumeratorKxSQFiQFh10fixed_uint__T9UIntFixedVmi132ZQrZd
	 3006	_D3geo8internal22exact_coordinate_round15roundedQuotientFNaNbNiNfKxSQCoQCn10fixed_uint__T9UIntFixedVmi198ZQrKxSQEfQEeQBr__TQBiVmi132ZQBsmZm
_D3geo8internal22exact_coordinate_round18shiftedDenominatorFNaNbNiNfKxSQCrQCq10fixed_uint__T9UIntFixedVmi132ZQrmZSQEiQEhQBr__TQBiVmi198ZQBs	9018	2789574	2789574
------------------
	306612	_D3geo8internal22exact_coordinate_round25compareShiftedDenominatorFNaNbNiNfKxSQCyQCx10fixed_uint__T9UIntFixedVmi198ZQrmKxSQEqQEpQBs__TQBjVmi132ZQBtmmZi
	 6012	_D3geo8internal22exact_coordinate_round26subtractShiftedDenominatorFNaNbNiNfKSQCyQCx10fixed_uint__T9UIntFixedVmi198ZQrmKxSQEqQEpQBs__TQBjVmi132ZQBtmmmZm
_D3geo8internal22exact_coordinate_round22shiftedDenominatorWordFNaNbNiNfKxSQCvQCu10fixed_uint__T9UIntFixedVmi132ZQrmkmZk	312624	29535507	29535507
------------------
	159318	_D3geo8internal22exact_coordinate_round15roundedQuotientFNaNbNiNfKxSQCoQCn10fixed_uint__T9UIntFixedVmi198ZQrKxSQEfQEeQBr__TQBiVmi132ZQBsmZm
_D3geo8internal22exact_coordinate_round25compareShiftedDenominatorFNaNbNiNfKxSQCyQCx10fixed_uint__T9UIntFixedVmi198ZQrmKxSQEqQEpQBs__TQBjVmi132ZQBtmmZi	159318	81041877	51627892
	306612	_D3geo8internal22exact_coordinate_round22shiftedDenominatorWordFNaNbNiNfKxSQCvQCu10fixed_uint__T9UIntFixedVmi132ZQrmkmZk
------------------
	 3006	_D3geo8internal22exact_coordinate_round15roundedQuotientFNaNbNiNfKxSQCoQCn10fixed_uint__T9UIntFixedVmi198ZQrKxSQEfQEeQBr__TQBiVmi132ZQBsmZm
_D3geo8internal22exact_coordinate_round26subtractShiftedDenominatorFNaNbNiNfKSQCyQCx10fixed_uint__T9UIntFixedVmi198ZQrmKxSQEqQEpQBs__TQBjVmi132ZQBtmmmZm	3006	2811310	2689788
	 6012	_D3geo8internal22exact_coordinate_round22shiftedDenominatorWordFNaNbNiNfKxSQCvQCu10fixed_uint__T9UIntFixedVmi132ZQrmkmZk
------------------
	 3006	_D3geo8internal22exact_coordinate_round15roundedQuotientFNaNbNiNfKxSQCoQCn10fixed_uint__T9UIntFixedVmi198ZQrKxSQEfQEeQBr__TQBiVmi132ZQBsmZm
_D3geo8internal22exact_coordinate_round27firstNonZeroDenominatorLimbFNaNbNiNfKxSQDaQCz10fixed_uint__T9UIntFixedVmi132ZQrZm	3006	617260	617260
------------------
	 3006	_D3geo8internal22exact_coordinate_round15roundedQuotientFNaNbNiNfKxSQCoQCn10fixed_uint__T9UIntFixedVmi198ZQrKxSQEfQEeQBr__TQBiVmi132ZQBsmZm
_D3geo8internal22exact_coordinate_round28pastLastNonZeroNumeratorLimbFNaNbNiNfKxSQDbQDa10fixed_uint__T9UIntFixedVmi198ZQrZm	3006	637670	637670
------------------
	 4008	_D3geo8internal23segment_polygon_clip_p124tryMaterializeExactPointFNaNbNiNfKxSQCyQCx19polygon_union_exact17ExactOverlayPointJSQEu5point__T6Point2TdZQkZb
_D3geo8internal22exact_coordinate_round28roundExactCoordinateBinary64FNaNbNiNfKxSQDbQDa16exact_coordinate30SignedExactCoordinateNumeratorKxSQFiQFh10fixed_uint__T9UIntFixedVmi132ZQrZd	4008	125651749	5277422
	 3006	_D3geo8internal10fixed_uint__T9UIntFixedVmi198ZQr6isZeroMxFNaNbNdNiNfZb
	 6012	_D3geo8internal22exact_coordinate_round18shiftedDenominatorFNaNbNiNfKxSQCrQCq10fixed_uint__T9UIntFixedVmi132ZQrmZSQEiQEhQBr__TQBiVmi198ZQBs
	 6012	_D3geo8internal10fixed_uint__T15compareUnsignedVmi198ZQyFNaNbNiNfKxSQCoQCnQCh__T9UIntFixedVmi198ZQrKxQBiZi
	 3006	_D3geo8internal22exact_coordinate_round__T9bitLengthVmi198ZQrFNaNbNiNfKxSQCtQCs10fixed_uint__T9UIntFixedVmi198ZQrZm
	 3006	_D3geo8internal22exact_coordinate_round__T9bitLengthVmi132ZQrFNaNbNiNfKxSQCtQCs10fixed_uint__T9UIntFixedVmi132ZQrZm
	 3006	_D3geo8internal22exact_coordinate_round15roundedQuotientFNaNbNiNfKxSQCoQCn10fixed_uint__T9UIntFixedVmi198ZQrKxSQEfQEeQBr__TQBiVmi132ZQBsmZm
------------------
	 3006	_D3geo8internal22exact_coordinate_round15roundedQuotientFNaNbNiNfKxSQCoQCn10fixed_uint__T9UIntFixedVmi198ZQrKxSQEfQEeQBr__TQBiVmi132ZQBsmZm
_D3geo8internal22exact_coordinate_round7doubledFNaNbNiNfKxSQCfQCe10fixed_uint__T9UIntFixedVmi198ZQrZSQDvQDuQBq__TQBhVmi198ZQBr	3006	1567716	1567716
------------------
	 3006	_D3geo8internal22exact_coordinate_round28roundExactCoordinateBinary64FNaNbNiNfKxSQDbQDa16exact_coordinate30SignedExactCoordinateNumeratorKxSQFiQFh10fixed_uint__T9UIntFixedVmi132ZQrZd
	 3006	_D3geo8internal22exact_coordinate_round15roundedQuotientFNaNbNiNfKxSQCoQCn10fixed_uint__T9UIntFixedVmi198ZQrKxSQEfQEeQBr__TQBiVmi132ZQBsmZm
_D3geo8internal22exact_coordinate_round__T9bitLengthVmi132ZQrFNaNbNiNfKxSQCtQCs10fixed_uint__T9UIntFixedVmi132ZQrZm	6012	1419874	1419874
------------------
	 3006	_D3geo8internal22exact_coordinate_round28roundExactCoordinateBinary64FNaNbNiNfKxSQDbQDa16exact_coordinate30SignedExactCoordinateNumeratorKxSQFiQFh10fixed_uint__T9UIntFixedVmi132ZQrZd
_D3geo8internal22exact_coordinate_round__T9bitLengthVmi198ZQrFNaNbNiNfKxSQCtQCs10fixed_uint__T9UIntFixedVmi198ZQrZm	3006	1077174	1077174
------------------
	 2004	_D3geo8internal23segment_polygon_clip_p1__T31trySegmentPolygonClipP1InternalTdZQBkFNfSQDg7segment__T8Segment2TdZQmMSQEk12polygon_view__T12Polygon2ViewTdZQrJSQFzQFy27segment_polygon_clip_result37SegmentPolygonClipOwnedResultInternalZEQIxQIwQIq32SegmentPolygonClipInternalStatus
_D3geo8internal23segment_polygon_clip_p116setAfterLocationFNaNbNiNfKEQCpQCoQCi16IntervalLocationQBcZv	2004	1350808	1350808
------------------
	 2004	_D3geo8internal23segment_polygon_clip_p1__T31trySegmentPolygonClipP1InternalTdZQBkFNfSQDg7segment__T8Segment2TdZQmMSQEk12polygon_view__T12Polygon2ViewTdZQrJSQFzQFy27segment_polygon_clip_result37SegmentPolygonClipOwnedResultInternalZEQIxQIwQIq32SegmentPolygonClipInternalStatus
_D3geo8internal23segment_polygon_clip_p124tryMaterializeExactPointFNaNbNiNfKxSQCyQCx19polygon_union_exact17ExactOverlayPointJSQEu5point__T6Point2TdZQkZb	2004	137975679	2578912
	 4008	_D3geo8internal16exact_coordinate22roundsToFiniteBinary64FNaNbNiNfKxSQCpQCoQCi30SignedExactCoordinateNumeratorKxSQEhQEg10fixed_uint__T9UIntFixedVmi132ZQrZb
	 4008	_D3geo8internal22exact_coordinate_round28roundExactCoordinateBinary64FNaNbNiNfKxSQDbQDa16exact_coordinate30SignedExactCoordinateNumeratorKxSQFiQFh10fixed_uint__T9UIntFixedVmi132ZQrZd
	 4008	_D3std4math6traits__T8isFiniteTxdZQnFNaNbNiNexdZb
------------------
	 2004	_D3geo8internal23segment_polygon_clip_p1__T31trySegmentPolygonClipP1InternalTdZQBkFNfSQDg7segment__T8Segment2TdZQmMSQEk12polygon_view__T12Polygon2ViewTdZQrJSQFzQFy27segment_polygon_clip_result37SegmentPolygonClipOwnedResultInternalZEQIxQIwQIq32SegmentPolygonClipInternalStatus
_D3geo8internal23segment_polygon_clip_p1__T19findExactEventIndexTdZQyFNaNbNiNfSQCz7segment__T8Segment2TdZQmMAxSQEfQEe19polygon_union_exact17ExactOverlayPointKxQBxZm	2004	21825860	1781854
	 5010	_D3geo8internal19polygon_union_exact__T37compareExactOverlayPointsAlongSegmentTdZQBqFNaNbNiNfSQDo7segment__T8Segment2TdZQmKxSQEtQEsQEm17ExactOverlayPointKxQBfZi
	 4008	_D3geo8internal16exact_coordinate23compareExactCoordinatesFNaNbNiNfKxSQCqQCpQCj30SignedExactCoordinateNumeratorKxSQEiQEh10fixed_uint__T9UIntFixedVmi132ZQrKxQDjKxQBwZi
------------------
	 1002	_D3geo8internal23segment_polygon_clip_p1__T31trySegmentPolygonClipP1InternalTdZQBkFNfSQDg7segment__T8Segment2TdZQmMSQEk12polygon_view__T12Polygon2ViewTdZQrJSQFzQFy27segment_polygon_clip_result37SegmentPolygonClipOwnedResultInternalZEQIxQIwQIq32SegmentPolygonClipInternalStatus
_D3geo8internal23segment_polygon_clip_p1__T24polygonBoundaryEdgeCountTdZQBdFNaNbNiNfMSQDg12polygon_view__T12Polygon2ViewTdZQrZm	1002	246506	246506
------------------
	 1002	_D3geo8internal23segment_polygon_clip_p1__T31trySegmentPolygonClipP1InternalTdZQBkFNfSQDg7segment__T8Segment2TdZQmMSQEk12polygon_view__T12Polygon2ViewTdZQrJSQFzQFy27segment_polygon_clip_result37SegmentPolygonClipOwnedResultInternalZEQIxQIwQIq32SegmentPolygonClipInternalStatus
_D3geo8internal23segment_polygon_clip_p1__T26queryBoundaryEventCapacityTdZQBfFNaNbNiNfSQDh7segment__T8Segment2TdZQmMSQEl12polygon_view__T12Polygon2ViewTdZQrZm	1002	28906920	25161914
	 1002	_D3geo12bounding_box__T9tryBoundsTdZQnFNaNbNiNfSQBu7segment__T8Segment2TdZQmJSQCy6bounds__T7Bounds2TdZQlZb
------------------
	 1002	_D3geo20segment_polygon_clip__T20clipSegmentToPolygonTdZQzFNfSQCi7segment__T8Segment2TdZQmMSQDm12polygon_view__T12Polygon2ViewTdZQrZSQFbQFa24SegmentPolygonClipResult
_D3geo8internal23segment_polygon_clip_p1__T31trySegmentPolygonClipP1InternalTdZQBkFNfSQDg7segment__T8Segment2TdZQmMSQEk12polygon_view__T12Polygon2ViewTdZQrJSQFzQFy27segment_polygon_clip_result37SegmentPolygonClipOwnedResultInternalZEQIxQIwQIq32SegmentPolygonClipInternalStatus	1002	14409508529	296729108
	 1002	_D3geo8internal23segment_polygon_clip_p1__T24polygonBoundaryEdgeCountTdZQBdFNaNbNiNfMSQDg12polygon_view__T12Polygon2ViewTdZQrZm
	 1002	_D3geo8internal23segment_polygon_clip_p1__T26queryBoundaryEventCapacityTdZQBfFNaNbNiNfSQDh7segment__T8Segment2TdZQmMSQEl12polygon_view__T12Polygon2ViewTdZQrZm
	 1002	_D4core8internal5array12construction__T12_d_newarrayTTS3geoQCa19polygon_union_exact17ExactOverlayPointZQCmFNaNbNembZAQCl
	 1002	_D3geo8internal19polygon_union_exact__T19seedExactEdgeEventsTdZQyFNaNbNiNfSQCv7segment__T8Segment2TdZQmMASQEaQDzQDt17ExactOverlayPointJmZb
	256512	_D3geo8internal19polygon_union_exact__T29appendSegmentPairNodingEventsTdZQBiFNaNbNiNfSQDg7segment__T8Segment2TdZQmQBdMASQEoQEnQEh17ExactOverlayPointKmMQBhKmZb
	 1002	_D3geo8internal19polygon_union_exact__T25sortUniqueExactEdgeEventsTdZQBeFNaNbNiNfSQDc7segment__T8Segment2TdZQmMASQEhQEgQEa17ExactOverlayPointZm
	 1002	_D4core8internal5array8capacity__T22_d_arraysetlengthTImplHTAS3geoQCh19polygon_union_exact17ExactOverlayPointTQBxZ18_d_arraysetlengthTFNaNbNeNkMKQDhmZm
	 2004	_D4core8internal5array12construction__T12_d_newarrayTTmZQrFNaNbNembZAm
	 1002	_D4core8internal5array12construction__T12_d_newarrayTTE3geoQCa23segment_polygon_clip_p116IntervalLocationZQCpFNaNbNembZAQCo
	 1002	_D3geo8internal19polygon_union_input__T24exactRingOrientationSignTdZQBdFNaNbNiNfMxSQDd16linear_ring_view__T15LinearRing2ViewTdZQuZi
	513024	_D3geo12intersection__T18segmentContactKindTdZQxFNaNbNiNfSQCe7segment__T8Segment2TdZQmQBdZEQDlQDk18SegmentContactKind
	 2004	_D3geo8internal18intersection_exact__T26tryProperIntersectionExactTdZQBfFNaNbNiNfSQDc7segment__T8Segment2TdZQmQBdJSQEjQEiQEc23ExactProperIntersectionZb
	 2004	_D3geo8internal23segment_polygon_clip_p1__T19findExactEventIndexTdZQyFNaNbNiNfSQCz7segment__T8Segment2TdZQmMAxSQEfQEe19polygon_union_exact17ExactOverlayPointKxQBxZm
	 2004	_D3geo11orientationQnFNaNbNiNfSQBd5point__T6Point2TdZQkQzQBbZEQCiQCh12Orientation2
	 2004	_D3geo8internal23segment_polygon_clip_p116setAfterLocationFNaNbNiNfKEQCpQCoQCi16IntervalLocationQBcZv
	 1002	_D4core8internal5array12construction__T12_d_newarrayTTbZQrFNaNbNembZAb
	 1002	_D3geo16point_in_polygon__T25tryClassifyPointInPolygonTdZQBeFNaNbNiNfMSQCr12polygon_view__T12Polygon2ViewTdZQrSQEf5point__T6Point2TdZQkJEQFfQFe20PointPolygonLocationZb
	 1002	_D4core8internal5array12construction__T12_d_newarrayTTS3geo7segment__T8Segment2TdZQmZQBuFNaNbNembZAQBt
	 2004	_D3geo8internal23segment_polygon_clip_p124tryMaterializeExactPointFNaNbNiNfKxSQCyQCx19polygon_union_exact17ExactOverlayPointJSQEu5point__T6Point2TdZQkZb
------------------
	 1006	_D3geo16point_in_polygon__T25tryClassifyPointInPolygonTdZQBeFNaNbNiNfMSQCr12polygon_view__T12Polygon2ViewTdZQrSQEf5point__T6Point2TdZQkJEQFfQFe20PointPolygonLocationZb
_D3geo8internal25ring_point_classification__T22tryClassifyPointInRingTdZQBbFNaNbNiNfMxSQDh16linear_ring_view__T15LinearRing2ViewTdZQuSQFc5point__T6Point2TdZQkJEQGcQGbQFv17RingPointLocationZb	1006	99681102	79826616
	517084	_D3std4math6traits__T8isFiniteTxdZQnFNaNbNiNexdZb
	 2012	_D3geo11orientationQnFNaNbNiNfSQBd5point__T6Point2TdZQkQzQBbZEQCiQCh12Orientation2
------------------
	257024	_D3geo8internal19polygon_union_input__T24exactRingOrientationSignTdZQBdFNaNbNiNfMxSQDd16linear_ring_view__T15LinearRing2ViewTdZQuZi
	16032	_D3geo8internal18intersection_exact__T26tryProperIntersectionExactTdZQBfFNaNbNiNfSQDc7segment__T8Segment2TdZQmQBdJSQEjQEiQEc23ExactProperIntersectionZb
_D3geo8internal6dyadic22subtractDyadicProductsFNaNbNiNfKxSQCeQCdQBx19SignedDyadicProductKxQBhZSQDpQDoQDiQBl	273056	259010501	86711578
	126504	_D3geo8internal10fixed_uint__T15compareUnsignedVmi132ZQyFNaNbNiNfKxSQCoQCnQCh__T9UIntFixedVmi132ZQrKxQBiZi
	126504	_D3geo8internal10fixed_uint__T16subtractUnsignedVmi132ZQzFNaNbNiNfKxSQCpQCoQCi__T9UIntFixedVmi132ZQrKxQBiZSQEbQEaQDu__TQBmVmi132ZQBw
------------------
	1542144	_D3geo8internal19polygon_union_input__T24exactRingOrientationSignTdZQBdFNaNbNiNfMxSQDd16linear_ring_view__T15LinearRing2ViewTdZQuZi
	 4008	_D3geo8internal19polygon_union_exact__T25liftRepresentedCoordinateTdZQBeFNaNbNiNfdZSQDeQDd16exact_coordinate30SignedExactCoordinateNumerator
	112224	_D3geo8internal18intersection_exact__T26tryProperIntersectionExactTdZQBfFNaNbNiNfSQDc7segment__T8Segment2TdZQmQBdJSQEjQEiQEc23ExactProperIntersectionZb
_D3geo8internal6dyadic24decodeBinary64CoordinateFNaNbNiNfdZSQCgQCfQBz22SignedDyadicCoordinate	1658376	213454790	213454790
------------------
	514048	_D3geo8internal19polygon_union_input__T24exactRingOrientationSignTdZQBdFNaNbNiNfMxSQDd16linear_ring_view__T15LinearRing2ViewTdZQuZi
	32064	_D3geo8internal18intersection_exact__T26tryProperIntersectionExactTdZQBfFNaNbNiNfSQDc7segment__T8Segment2TdZQmQBdJSQEjQEiQEc23ExactProperIntersectionZb
_D3geo8internal6dyadic25multiplyDyadicDifferencesFNaNbNiNfKxSQChQCgQCa22SignedDyadicDifferenceKxQBkZSQDvQDuQDo19SignedDyadicProduct	546112	460236351	152523627
	271048	_D3geo8internal10fixed_uint__T16multiplyUnsignedVmi66Vmi66ZQBdFNaNbNiNfKxSQCuQCtQCn__T9UIntFixedVmi66ZQqKxQBhZSQEfQEeQDy__TQBlVmi132ZQBv
------------------
	1028096	_D3geo8internal19polygon_union_input__T24exactRingOrientationSignTdZQBdFNaNbNiNfMxSQDd16linear_ring_view__T15LinearRing2ViewTdZQuZi
	64128	_D3geo8internal18intersection_exact__T26tryProperIntersectionExactTdZQBfFNaNbNiNfSQDc7segment__T8Segment2TdZQmQBdJSQEjQEiQEc23ExactProperIntersectionZb
_D3geo8internal6dyadic25subtractDyadicCoordinatesFNaNbNiNfKxSQChQCgQCa22SignedDyadicCoordinateKxQBkZSQDvQDuQDo22SignedDyadicDifference	1092224	224241313	182274645
	24048	_D3geo8internal10fixed_uint__T15compareUnsignedVmi66ZQxFNaNbNiNfKxSQCnQCmQCg__T9UIntFixedVmi66ZQqKxQBhZi
	12024	_D3geo8internal10fixed_uint__T11addUnsignedVmi66ZQtFNaNbNiNfKxSQCjQCiQCc__T9UIntFixedVmi66ZQqKxQBhZSQDuQDtQDn__TQBlVmi66ZQBu
	12024	_D3geo8internal10fixed_uint__T16subtractUnsignedVmi66ZQyFNaNbNiNfKxSQCoQCnQCh__T9UIntFixedVmi66ZQqKxQBhZSQDzQDyQDs__TQBlVmi66ZQBu
------------------
	    1	_D3std4conv__T6toImplTmTAyaZQoFNaNfQlZm
_D3std4conv__T5parseTmTAyaVEQBa8typecons__T4FlagVQBaa7_646f436f756e74ZQBbi0ZQCkFNaNfMKQClZm	1	544	544
------------------
	    1	_Dmain
_D3std4conv__T6toImplTmTAyaZQoFNaNfQlZm	1	1868	1324
	    1	_D3std4conv__T5parseTmTAyaVEQBa8typecons__T4FlagVQBaa7_646f436f756e74ZQBbi0ZQCkFNaNfMKQClZm
------------------
	14911704	_D3geo8internal18orientation_filter17orientationFilterFNaNbNiNfddddddZEQCrQCqQCk23OrientationFilterResult
_D3std4math6traits__T11isSubnormalTdZQqFNaNbNiNedZb	14911704	1061803306	1061803306
------------------
	2038096	_D3geo8internal18orientation_filter17orientationFilterFNaNbNiNfddddddZEQCrQCqQCk23OrientationFilterResult
_D3std4math6traits__T11isSubnormalTxdZQrFNaNbNiNexdZb	2038096	132369634	132369634
------------------
	28808952	_D3geo8internal18orientation_filter17orientationFilterFNaNbNiNfddddddZEQCrQCqQCk23OrientationFilterResult
_D3std4math6traits__T8isFiniteTdZQmFNaNbNiNedZb	28808952	1889564696	1889564696
------------------
	  512	_D3geo19topology_validation__T12validateRingTdZQrFNaNbNiNfMSQCg16linear_ring_view__T15LinearRing2ViewTdZQuZS11euclid_core15ring_validation20RingValidationResult
	    8	_D21segment_polygon_bench__T9preflightTdZQnFNfKSQBu__T4CaseTdZQiZv
	 2012	_D3geo16point_in_polygon__T25tryClassifyPointInPolygonTdZQBeFNaNbNiNfMSQCr12polygon_view__T12Polygon2ViewTdZQrSQEf5point__T6Point2TdZQkJEQFfQFe20PointPolygonLocationZb
	517084	_D3geo8internal25ring_point_classification__T22tryClassifyPointInRingTdZQBbFNaNbNiNfMxSQDh16linear_ring_view__T15LinearRing2ViewTdZQuSQFc5point__T6Point2TdZQkJEQGcQGbQFv17RingPointLocationZb
	2038096	_D3geo8internal18orientation_filter17orientationFilterFNaNbNiNfddddddZEQCrQCqQCk23OrientationFilterResult
	 4008	_D3geo8internal23segment_polygon_clip_p124tryMaterializeExactPointFNaNbNiNfKxSQCyQCx19polygon_union_exact17ExactOverlayPointJSQEu5point__T6Point2TdZQkZb
_D3std4math6traits__T8isFiniteTxdZQnFNaNbNiNexdZb	2561720	167654894	167654894
------------------
	    4	_D3std6format8internal5write__T12writeAlignedTSQBt5stdio4File17LockingTextWriterTAaTQdTAyaTQeTaZQCnFNfKQCfQzQBbQyQBaMKxSQEoQEn4spec__T10FormatSpecTaZQpEQFuQFtQFpQFj13PrecisionTypeZv
_D3std5stdio4File17LockingTextWriter__T3putTAaZQiMFNfMQkZv	4	148	148
------------------
	    3	_D3std6format4spec__T10FormatSpecTaZQp__T17writeUpToNextSpecTSQCi5stdio4File17LockingTextWriterZQCdMFNlNfKQBtZb
_D3std5stdio4File17LockingTextWriter__T3putTAxaZQjMFNfMQlZv	3	45052	45052
------------------
	    4	_D3std6format8internal5write__T12writeAlignedTSQBt5stdio4File17LockingTextWriterTAyaTQeTQhTQkTaZQCnFNfKQCfQzQBbQBeQBhMKxSQEpQEo4spec__T10FormatSpecTaZQpEQFvQFuQFqQFk13PrecisionTypeZv
	    4	_D3std6format8internal5write__T12writeAlignedTSQBt5stdio4File17LockingTextWriterTAaTQdTAyaTQeTaZQCnFNfKQCfQzQBbQyQBaMKxSQEoQEn4spec__T10FormatSpecTaZQpEQFuQFtQFpQFj13PrecisionTypeZv
_D3std5stdio4File17LockingTextWriter__T3putTAyaZQjMFNfMQlZv	8	1188	1188
------------------
	    1	_D3std5stdio4File__T8writeflnTaTAyaTmTmZQuMFNfIAaQrmmZv
_D3std5stdio4File17LockingTextWriter__T3putTaZQhMFNfMaZv	1	804	804
------------------
	    1	_D3std5stdio__T8writeflnTaTAyaTmTmZQuFNfIAaQqmmZv
_D3std5stdio4File__T8writeflnTaTAyaTmTmZQuMFNfIAaQrmmZv	1	158172	61904
	    1	_D3std9exception__T7enforceZ__TQmTbZQrFNaNfbLAxaAyamZb
	    1	_D3std6format5write__T14formattedWriteTSQBm5stdio4File17LockingTextWriterTaTAyaTmTmZQCkFNfKQCaMxAaQwmmZk
	    1	_D3std5stdio4File17LockingTextWriter__T3putTaZQhMFNfMaZv
------------------
	    1	_Dmain
_D3std5stdio__T8writeflnTaTAyaTmTmZQuFNfIAaQqmmZv	1	251380	93208
	    1	_D3std5stdio4File__T8writeflnTaTAyaTmTmZQuMFNfIAaQrmmZv
------------------
	    3	_D3std6format4spec__T10FormatSpecTaZQp__T17writeUpToNextSpecTSQCi5stdio4File17LockingTextWriterZQCdMFNlNfKQBtZb
_D3std6format4spec__T10FormatSpecTaZQp6fillUpMFNaNlNfZv	3	774	774
------------------
	    4	_D3std6format5write__T14formattedWriteTSQBm5stdio4File17LockingTextWriterTaTAyaTmTmZQCkFNfKQCaMxAaQwmmZk
_D3std6format4spec__T10FormatSpecTaZQp__T17writeUpToNextSpecTSQCi5stdio4File17LockingTextWriterZQCdMFNlNfKQBtZb	4	48960	2800
	    3	_D3std5stdio4File17LockingTextWriter__T3putTAxaZQjMFNfMQlZv
	    3	_D3std9exception__T7enforceHTCQBc6format15FormatExceptionZ__TQBqTbZQBwFNaNfbLAxaAyamZb
	    3	_D3std6format4spec__T10FormatSpecTaZQp6fillUpMFNaNlNfZv
------------------
	    1	_D3std6format5write__T14formattedWriteTSQBm5stdio4File17LockingTextWriterTaTAyaTmTmZQCkFNfKQCaMxAaQwmmZk
_D3std6format5write__T11formatValueTSQBj5stdio4File17LockingTextWriterTAyaTaZQCdFNfKQBwKQrMKxSQDoQDn4spec__T10FormatSpecTaZQpZv	1	6640	518
	    1	_D3std9exception__T7enforceHTCQBc6format15FormatExceptionZ__TQBqTbZQBwFNaNfbLAxaAyamZb
	    1	_D3std6format8internal5write__T11formatRangeTSQBs5stdio4File17LockingTextWriterTAyaTaZQCdFNfKQBwKQrMKxSQDxQDw4spec__T10FormatSpecTaZQpZv
------------------
	    2	_D3std6format5write__T14formattedWriteTSQBm5stdio4File17LockingTextWriterTaTAyaTmTmZQCkFNfKQCaMxAaQwmmZk
_D3std6format5write__T11formatValueTSQBj5stdio4File17LockingTextWriterTmTaZQCbFNfKQBuKmMKxSQDlQDk4spec__T10FormatSpecTaZQpZv	2	7942	382
	    2	_D3std9exception__T7enforceHTCQBc6format15FormatExceptionZ__TQBqTbZQBwFNaNfbLAxaAyamZb
	    2	_D3std6format8internal5write__T15formatValueImplTSQBw5stdio4File17LockingTextWriterTmTaZQCfFNfKQBuxmMKxSQDyQDx4spec__T10FormatSpecTaZQpZv
------------------
	    1	_D3std5stdio4File__T8writeflnTaTAyaTmTmZQuMFNfIAaQrmmZv
_D3std6format5write__T14formattedWriteTSQBm5stdio4File17LockingTextWriterTaTAyaTmTmZQCkFNfKQCaMxAaQwmmZk	1	95440	31898
	    4	_D3std6format4spec__T10FormatSpecTaZQp__T17writeUpToNextSpecTSQCi5stdio4File17LockingTextWriterZQCdMFNlNfKQBtZb
	    1	_D3std6format5write__T11formatValueTSQBj5stdio4File17LockingTextWriterTAyaTaZQCdFNfKQBwKQrMKxSQDoQDn4spec__T10FormatSpecTaZQpZv
	    2	_D3std6format5write__T11formatValueTSQBj5stdio4File17LockingTextWriterTmTaZQCbFNfKQBuKmMKxSQDlQDk4spec__T10FormatSpecTaZQpZv
------------------
	    1	_D3std6format5write__T11formatValueTSQBj5stdio4File17LockingTextWriterTAyaTaZQCdFNfKQBwKQrMKxSQDoQDn4spec__T10FormatSpecTaZQpZv
_D3std6format8internal5write__T11formatRangeTSQBs5stdio4File17LockingTextWriterTAyaTaZQCdFNfKQBwKQrMKxSQDxQDw4spec__T10FormatSpecTaZQpZv	1	6098	1194
	    1	_D3std6format8internal5write__T12writeAlignedTSQBt5stdio4File17LockingTextWriterTAyaTQeTQhTQkTaZQCnFNfKQCfQzQBbQBeQBhMKxSQEpQEo4spec__T10FormatSpecTaZQpEQFvQFuQFqQFk13PrecisionTypeZv
------------------
	    2	_D3std6format8internal5write__T20formatValueImplUlongTSQCb5stdio4File17LockingTextWriterTaZQCiFNfKQBsmIbMKxSQEcQEb4spec__T10FormatSpecTaZQpZv
_D3std6format8internal5write__T12writeAlignedTSQBt5stdio4File17LockingTextWriterTAaTQdTAyaTQeTaZQCnFNfKQCfQzQBbQyQBaMKxSQEoQEn4spec__T10FormatSpecTaZQpEQFuQFtQFpQFj13PrecisionTypeZv	2	3282	3110
	    4	_D3std5stdio4File17LockingTextWriter__T3putTAaZQiMFNfMQkZv
	    4	_D3std5stdio4File17LockingTextWriter__T3putTAyaZQjMFNfMQlZv
------------------
	    1	_D3std6format8internal5write__T11formatRangeTSQBs5stdio4File17LockingTextWriterTAyaTaZQCdFNfKQBwKQrMKxSQDxQDw4spec__T10FormatSpecTaZQpZv
_D3std6format8internal5write__T12writeAlignedTSQBt5stdio4File17LockingTextWriterTAyaTQeTQhTQkTaZQCnFNfKQCfQzQBbQBeQBhMKxSQEpQEo4spec__T10FormatSpecTaZQpEQFvQFuQFqQFk13PrecisionTypeZv	1	4904	3740
	    4	_D3std5stdio4File17LockingTextWriter__T3putTAyaZQjMFNfMQlZv
------------------
	    2	_D3std6format5write__T11formatValueTSQBj5stdio4File17LockingTextWriterTmTaZQCbFNfKQBuKmMKxSQDlQDk4spec__T10FormatSpecTaZQpZv
_D3std6format8internal5write__T15formatValueImplTSQBw5stdio4File17LockingTextWriterTmTaZQCfFNfKQBuxmMKxSQDyQDx4spec__T10FormatSpecTaZQpZv	2	7560	1244
	    2	_D3std6format8internal5write__T20formatValueImplUlongTSQCb5stdio4File17LockingTextWriterTaZQCiFNfKQBsmIbMKxSQEcQEb4spec__T10FormatSpecTaZQpZv
------------------
	    2	_D3std6format8internal5write__T15formatValueImplTSQBw5stdio4File17LockingTextWriterTmTaZQCfFNfKQBuxmMKxSQDyQDx4spec__T10FormatSpecTaZQpZv
_D3std6format8internal5write__T20formatValueImplUlongTSQCb5stdio4File17LockingTextWriterTaZQCiFNfKQBsmIbMKxSQEcQEb4spec__T10FormatSpecTaZQpZv	2	6316	3034
	    2	_D3std9exception__T7enforceHTCQBc6format15FormatExceptionZ__TQBqTbZQBwFNaNfbLAxaAyamZb
	    2	_D3std6format8internal5write__T12writeAlignedTSQBt5stdio4File17LockingTextWriterTAaTQdTAyaTQeTaZQCnFNfKQCfQzQBbQyQBaMKxSQEoQEn4spec__T10FormatSpecTaZQpEQFuQFtQFpQFj13PrecisionTypeZv
------------------
	    3	_D3std6format4spec__T10FormatSpecTaZQp__T17writeUpToNextSpecTSQCi5stdio4File17LockingTextWriterZQCdMFNlNfKQBtZb
	    1	_D3std6format5write__T11formatValueTSQBj5stdio4File17LockingTextWriterTAyaTaZQCdFNfKQBwKQrMKxSQDoQDn4spec__T10FormatSpecTaZQpZv
	    2	_D3std6format5write__T11formatValueTSQBj5stdio4File17LockingTextWriterTmTaZQCbFNfKQBuKmMKxSQDlQDk4spec__T10FormatSpecTaZQpZv
	    2	_D3std6format8internal5write__T20formatValueImplUlongTSQCb5stdio4File17LockingTextWriterTaZQCiFNfKQBsmIbMKxSQEcQEb4spec__T10FormatSpecTaZQpZv
_D3std9exception__T7enforceHTCQBc6format15FormatExceptionZ__TQBqTbZQBwFNaNfbLAxaAyamZb	8	358	358
------------------
	    1	_Dmain
	   11	_D21segment_polygon_bench__T9preflightTdZQnFNfKSQBu__T4CaseTdZQiZv
	    1	_D3std5stdio4File__T8writeflnTaTAyaTmTmZQuMFNfIAaQrmmZv
_D3std9exception__T7enforceZ__TQmTbZQrFNaNfbLAxaAyamZb	13	2760	2760
------------------
	    1	_D21segment_polygon_bench__T6corpusTdZQkFZASQBq__T4CaseTdZQi
_D4core8internal5array11duplication__T4_dupTxS3geo5point__T6Point2TdZQkTSQBbQBa__TQxTdZQBcZQCbFNaNbNeMAxQChZAQBl	1	362	362
------------------
	    8	_D21segment_polygon_bench__T6corpusTdZQkFZASQBq__T4CaseTdZQi
_D4core8internal5array11duplication__T4_dupTxaTaZQlFNaNbNeMAxaZAa	8	6250	6250
------------------
	 1002	_D3geo8internal23segment_polygon_clip_p1__T31trySegmentPolygonClipP1InternalTdZQBkFNfSQDg7segment__T8Segment2TdZQmMSQEk12polygon_view__T12Polygon2ViewTdZQrJSQFzQFy27segment_polygon_clip_result37SegmentPolygonClipOwnedResultInternalZEQIxQIwQIq32SegmentPolygonClipInternalStatus
_D4core8internal5array12construction__T12_d_newarrayTTE3geoQCa23segment_polygon_clip_p116IntervalLocationZQCpFNaNbNembZAQCo	1002	1450174	1450174
------------------
	   23	_D21segment_polygon_bench__T8makeCaseTdZQmFNaNbNfAyaAAS3geo5point__T6Point2TdZQkSQBa7segment__T8Segment2TdZQmkAQBfEQCi20segment_polygon_clip24SegmentPolygonClipStatusZSQGk__T4CaseTdZQi
_D4core8internal5array12construction__T12_d_newarrayTTS3geo16linear_ring_view__T15LinearRing2ViewTdZQuZQCmFNaNbNembZAQCl	23	8560	8560
------------------
	 1002	_D3geo8internal23segment_polygon_clip_p1__T31trySegmentPolygonClipP1InternalTdZQBkFNfSQDg7segment__T8Segment2TdZQmMSQEk12polygon_view__T12Polygon2ViewTdZQrJSQFzQFy27segment_polygon_clip_result37SegmentPolygonClipOwnedResultInternalZEQIxQIwQIq32SegmentPolygonClipInternalStatus
_D4core8internal5array12construction__T12_d_newarrayTTS3geo7segment__T8Segment2TdZQmZQBuFNaNbNembZAQBt	1002	1844672	1844672
------------------
	 1002	_D3geo8internal23segment_polygon_clip_p1__T31trySegmentPolygonClipP1InternalTdZQBkFNfSQDg7segment__T8Segment2TdZQmMSQEk12polygon_view__T12Polygon2ViewTdZQrJSQFzQFy27segment_polygon_clip_result37SegmentPolygonClipOwnedResultInternalZEQIxQIwQIq32SegmentPolygonClipInternalStatus
_D4core8internal5array12construction__T12_d_newarrayTTS3geoQCa19polygon_union_exact17ExactOverlayPointZQCmFNaNbNembZAQCl	1002	198909657	198909657
------------------
	 1002	_D3geo8internal23segment_polygon_clip_p1__T31trySegmentPolygonClipP1InternalTdZQBkFNfSQDg7segment__T8Segment2TdZQmMSQEk12polygon_view__T12Polygon2ViewTdZQrJSQFzQFy27segment_polygon_clip_result37SegmentPolygonClipOwnedResultInternalZEQIxQIwQIq32SegmentPolygonClipInternalStatus
_D4core8internal5array12construction__T12_d_newarrayTTbZQrFNaNbNembZAb	1002	34478390	34478390
------------------
	 2004	_D3geo8internal23segment_polygon_clip_p1__T31trySegmentPolygonClipP1InternalTdZQBkFNfSQDg7segment__T8Segment2TdZQmMSQEk12polygon_view__T12Polygon2ViewTdZQrJSQFzQFy27segment_polygon_clip_result37SegmentPolygonClipOwnedResultInternalZEQIxQIwQIq32SegmentPolygonClipInternalStatus
_D4core8internal5array12construction__T12_d_newarrayTTmZQrFNaNbNembZAm	2004	31850308	31850308
------------------
	    8	_D21segment_polygon_bench__T6corpusTdZQkFZASQBq__T4CaseTdZQi
_D4core8internal5array13concatenation__T14_d_arraycatnTXTAyaTQeTQhZQBbFNaNbNeQuQwZQz	8	6676	920
	    8	_D4core8internal5array8capacity__T22_d_arraysetlengthTImplHTAyaTyaZ18_d_arraysetlengthTFNaNbNeNkMKQBmmZm
------------------
	 1002	_D3geo8internal23segment_polygon_clip_p1__T31trySegmentPolygonClipP1InternalTdZQBkFNfSQDg7segment__T8Segment2TdZQmMSQEk12polygon_view__T12Polygon2ViewTdZQrJSQFzQFy27segment_polygon_clip_result37SegmentPolygonClipOwnedResultInternalZEQIxQIwQIq32SegmentPolygonClipInternalStatus
_D4core8internal5array8capacity__T22_d_arraysetlengthTImplHTAS3geoQCh19polygon_union_exact17ExactOverlayPointTQBxZ18_d_arraysetlengthTFNaNbNeNkMKQDhmZm	1002	589836	589836
------------------
	    8	_D4core8internal5array13concatenation__T14_d_arraycatnTXTAyaTQeTQhZQBbFNaNbNeQuQwZQz
_D4core8internal5array8capacity__T22_d_arraysetlengthTImplHTAyaTyaZ18_d_arraysetlengthTFNaNbNeNkMKQBmmZm	8	5756	5756
------------------
	   81	_D21segment_polygon_bench__T6corpusTdZQkFZASQBq__T4CaseTdZQi
_D4core8internal5array9appending__T15_d_arrayappendTHTAS3geo5point__T6Point2TdZQkTQBbZQBzFNaNbNcNeMNkKQBwMQCaZQCe	81	36596	9016
	   81	_D4core8internal5array9appending__T17_d_arrayappendcTXHTAS3geo5point__T6Point2TdZQkTQBbZQCbFNaNbNcNeMNkKQBwmZQCb
------------------
	   23	_D21segment_polygon_bench__T6corpusTdZQkFZASQBq__T4CaseTdZQi
_D4core8internal5array9appending__T17_d_arrayappendcTXHTAS21segment_polygon_bench__T4CaseTdZQiTQBmZQCmFNaNbNcNeMNkKQChmZQCm	23	36146	36146
------------------
	  344	_D21segment_polygon_bench__T6corpusTdZQkFZASQBq__T4CaseTdZQi
	   81	_D4core8internal5array9appending__T15_d_arrayappendTHTAS3geo5point__T6Point2TdZQkTQBbZQBzFNaNbNcNeMNkKQBwMQCaZQCe
_D4core8internal5array9appending__T17_d_arrayappendcTXHTAS3geo5point__T6Point2TdZQkTQBbZQCbFNaNbNcNeMNkKQBwmZQCb	425	207592	207592
------------------
	   85	_D21segment_polygon_bench__T6corpusTdZQkFZASQBq__T4CaseTdZQi
_D4core8internal5array9appending__T17_d_arrayappendcTXHTAS3geo7segment__T8Segment2TdZQmTQBfZQCfFNaNbNcNeMNkKQCamZQCf	85	20812	20812
------------------
	    8	_D21segment_polygon_bench__T6corpusTdZQkFZASQBq__T4CaseTdZQi
_D4core8internal6string__T18signedToTempStringVii10Vbi0TaZQBgFNaNbNiNflNkMAaZQd	8	1294	1148
	    8	_D4core8internal6string__T20unsignedToTempStringVki10Vbi0TaZQBiFNaNbNiNfmNkMAaZQd
------------------
	    8	_D4core8internal6string__T18signedToTempStringVii10Vbi0TaZQBgFNaNbNiNflNkMAaZQd
_D4core8internal6string__T20unsignedToTempStringVki10Vbi0TaZQBiFNaNbNiNfmNkMAaZQd	8	146	146
------------------
_Dmain	0	14435361535	1134196
	    1	_D3std9exception__T7enforceZ__TQmTbZQrFNaNfbLAxaAyamZb
	    1	_D3std4conv__T6toImplTmTAyaZQoFNaNfQlZm
	    1	_D21segment_polygon_bench__T6corpusTdZQkFZASQBq__T4CaseTdZQi
	    1	_D21segment_polygon_bench__T9preflightTdZQnFNfKSQBu__T4CaseTdZQiZv
	 1000	_D21segment_polygon_bench__T8clippingTdZQmFKSQBr__T4CaseTdZQimZm
	    1	_D3std5stdio__T8writeflnTaTAyaTmTmZQuFNfIAaQqmmZv

======== Timer frequency unknown, Times are in Megaticks ========

  Num          Tree        Func        Per
  Calls        Time        Time        Call

2316208       10342        7105           0     pure nothrow @nogc @safe geo.internal.orientation_filter.OrientationFilterResult geo.internal.orientation_filter.orientationFilter(double, double, double, double, double, double)
28808952        1889        1889           0     pure nothrow @nogc @trusted bool std.math.traits.isFinite!(double).isFinite(double)
14911704        1061        1061           0     pure nothrow @nogc @trusted bool std.math.traits.isSubnormal!(double).isSubnormal(double)
   1004        1788         631           0     pure nothrow @nogc @safe int geo.internal.polygon_union_input.exactRingOrientationSign!(double).exactRingOrientationSign(scope const(geo.linear_ring_view.LinearRing2View!(double).LinearRing2View))
2316208       10828         486           0     pure nothrow @nogc @safe geo.orientation.Orientation2 geo.orientation.orientation(geo.point.Point2!(double).Point2, geo.point.Point2!(double).Point2, geo.point.Point2!(double).Point2)
 770816       11302         429           0     pure nothrow @nogc @safe geo.intersection.SegmentContactKind geo.intersection.segmentContactKind!(double).segmentContactKind(geo.segment.Segment2!(double).Segment2, geo.segment.Segment2!(double).Segment2)
   1002       14409         296           0     @safe geo.internal.segment_polygon_clip_p1.SegmentPolygonClipInternalStatus geo.internal.segment_polygon_clip_p1.trySegmentPolygonClipP1Internal!(double).trySegmentPolygonClipP1Internal(geo.segment.Segment2!(double).Segment2, geo.polygon_view.Polygon2View!(double).Polygon2View, out geo.internal.segment_polygon_clip_result.SegmentPolygonClipOwnedResultInternal)
1658376         213         213           0     pure nothrow @nogc @safe geo.internal.dyadic.SignedDyadicCoordinate geo.internal.dyadic.decodeBinary64Coordinate(double)
   1002         198         198           0     pure nothrow @trusted geo.internal.polygon_union_exact.ExactOverlayPoint[] core.internal.array.construction._d_newarrayT!(geo.internal.polygon_union_exact.ExactOverlayPoint)._d_newarrayT(ulong, bool)
 271048         307         188           0     pure nothrow @nogc @safe geo.internal.fixed_uint.UIntFixed!(132uL).UIntFixed geo.internal.fixed_uint.multiplyUnsigned!(66uL, 66uL).multiplyUnsigned(ref const(geo.internal.fixed_uint.UIntFixed!(66uL).UIntFixed), ref const(geo.internal.fixed_uint.UIntFixed!(66uL).UIntFixed))
1092224         224         182           0     pure nothrow @nogc @safe geo.internal.dyadic.SignedDyadicDifference geo.internal.dyadic.subtractDyadicCoordinates(ref const(geo.internal.dyadic.SignedDyadicCoordinate), ref const(geo.internal.dyadic.SignedDyadicCoordinate))
2561720         167         167           0     pure nothrow @nogc @trusted bool std.math.traits.isFinite!(const(double)).isFinite(const(double))
 546112         460         152           0     pure nothrow @nogc @safe geo.internal.dyadic.SignedDyadicProduct geo.internal.dyadic.multiplyDyadicDifferences(ref const(geo.internal.dyadic.SignedDyadicDifference), ref const(geo.internal.dyadic.SignedDyadicDifference))
2038096         132         132           0     pure nothrow @nogc @trusted bool std.math.traits.isSubnormal!(const(double)).isSubnormal(const(double))
 273056         259          86           0     pure nothrow @nogc @safe geo.internal.dyadic.SignedDyadicProduct geo.internal.dyadic.subtractDyadicProducts(ref const(geo.internal.dyadic.SignedDyadicProduct), ref const(geo.internal.dyadic.SignedDyadicProduct))
   4008         369          85           0     pure nothrow @nogc @safe bool geo.internal.intersection_exact.tryProperIntersectionExact!(double).tryProperIntersectionExact(geo.segment.Segment2!(double).Segment2, geo.segment.Segment2!(double).Segment2, out geo.internal.intersection_exact.ExactProperIntersection)
   1006          99          79           0     pure nothrow @nogc @safe bool geo.internal.ring_point_classification.tryClassifyPointInRing!(double).tryClassifyPointInRing(scope const(geo.linear_ring_view.LinearRing2View!(double).LinearRing2View), geo.point.Point2!(double).Point2, out geo.internal.ring_point_classification.RingPointLocation)
 127508         120          76           0     pure nothrow @nogc @safe geo.internal.fixed_uint.UIntFixed!(134uL).UIntFixed geo.internal.fixed_uint.addUnsigned!(134uL).addUnsigned(ref const(geo.internal.fixed_uint.UIntFixed!(134uL).UIntFixed), ref const(geo.internal.fixed_uint.UIntFixed!(134uL).UIntFixed))
 257024         243          70           0     pure nothrow @nogc @safe void geo.internal.area_exact.addAreaDeterminant(ref geo.internal.area_exact.SignedAreaAccumulator, ref const(geo.internal.dyadic.SignedDyadicProduct))
 256512        5314          68           0     pure nothrow @nogc @safe bool geo.internal.polygon_union_exact.appendSegmentPairNodingEvents!(double).appendSegmentPairNodingEvents(geo.segment.Segment2!(double).Segment2, geo.segment.Segment2!(double).Segment2, scope geo.internal.polygon_union_exact.ExactOverlayPoint[], ref ulong, scope geo.internal.polygon_union_exact.ExactOverlayPoint[], ref ulong)
 585182          65          65           0     pure nothrow @nogc @safe ulong geo.internal.fixed_uint.pastLastNonZeroLimb!(66uL).pastLastNonZeroLimb(ref const(geo.internal.fixed_uint.UIntFixed!(66uL).UIntFixed))
 126504         117          65           0     pure nothrow @nogc @safe geo.internal.fixed_uint.UIntFixed!(132uL).UIntFixed geo.internal.fixed_uint.subtractUnsigned!(132uL).subtractUnsigned(ref const(geo.internal.fixed_uint.UIntFixed!(132uL).UIntFixed), ref const(geo.internal.fixed_uint.UIntFixed!(132uL).UIntFixed))
 585182          63          63           0     pure nothrow @nogc @safe ulong geo.internal.fixed_uint.firstNonZeroLimb!(66uL).firstNonZeroLimb(ref const(geo.internal.fixed_uint.UIntFixed!(66uL).UIntFixed))
 257024        1054          55           0     pure nothrow @nogc @safe bool geo.intersection.pointOnSegment!(double).pointOnSegment(geo.point.Point2!(double).Point2, geo.segment.Segment2!(double).Segment2)
 126504          54          54           0     pure nothrow @nogc @safe int geo.internal.fixed_uint.compareUnsigned!(132uL).compareUnsigned(ref const(geo.internal.fixed_uint.UIntFixed!(132uL).UIntFixed), ref const(geo.internal.fixed_uint.UIntFixed!(132uL).UIntFixed))
 128512          52          52           0     pure nothrow @nogc @safe geo.internal.fixed_uint.UIntFixed!(134uL).UIntFixed geo.internal.area_exact.widenProductMagnitude(ref const(geo.internal.fixed_uint.UIntFixed!(132uL).UIntFixed))
 159318          81          51           0     pure nothrow @nogc @safe int geo.internal.exact_coordinate_round.compareShiftedDenominator(ref const(geo.internal.fixed_uint.UIntFixed!(198uL).UIntFixed), ulong, ref const(geo.internal.fixed_uint.UIntFixed!(132uL).UIntFixed), ulong, ulong)
 154560          36          36           0     pure nothrow @nogc @safe ulong geo.internal.fixed_uint.pastLastNonZeroLimb!(132uL).pastLastNonZeroLimb(ref const(geo.internal.fixed_uint.UIntFixed!(132uL).UIntFixed))
   1002          34          34           0     pure nothrow @trusted bool[] core.internal.array.construction._d_newarrayT!(bool)._d_newarrayT(ulong, bool)
   2004          31          31           0     pure nothrow @trusted ulong[] core.internal.array.construction._d_newarrayT!(ulong)._d_newarrayT(ulong, bool)
 127508          30          30           0     pure nothrow @nogc @safe ulong geo.internal.fixed_uint.pastLastNonZeroLimb!(134uL).pastLastNonZeroLimb(ref const(geo.internal.fixed_uint.UIntFixed!(134uL).UIntFixed))
 312624          29          29           0     pure nothrow @nogc @safe uint geo.internal.exact_coordinate_round.shiftedDenominatorWord(ref const(geo.internal.fixed_uint.UIntFixed!(132uL).UIntFixed), ulong, uint, ulong)
 154560          26          26           0     pure nothrow @nogc @safe ulong geo.internal.fixed_uint.firstNonZeroLimb!(132uL).firstNonZeroLimb(ref const(geo.internal.fixed_uint.UIntFixed!(132uL).UIntFixed))
   1002          28          25           0     pure nothrow @nogc @safe ulong geo.internal.segment_polygon_clip_p1.queryBoundaryEventCapacity!(double).queryBoundaryEventCapacity(geo.segment.Segment2!(double).Segment2, geo.polygon_view.Polygon2View!(double).Polygon2View)
   3006         112          22           0     pure nothrow @nogc @safe ulong geo.internal.exact_coordinate_round.roundedQuotient(ref const(geo.internal.fixed_uint.UIntFixed!(198uL).UIntFixed), ref const(geo.internal.fixed_uint.UIntFixed!(132uL).UIntFixed), ulong)
  60120          19          19           0     const pure nothrow @property @nogc @safe bool geo.internal.fixed_uint.UIntFixed!(198uL).UIntFixed.isZero()
  24048          16          16           0     pure nothrow @nogc @safe int geo.internal.fixed_uint.compareUnsigned!(66uL).compareUnsigned(ref const(geo.internal.fixed_uint.UIntFixed!(66uL).UIntFixed), ref const(geo.internal.fixed_uint.UIntFixed!(66uL).UIntFixed))
  12024          16          14           0     pure nothrow @nogc @safe geo.internal.fixed_uint.UIntFixed!(66uL).UIntFixed geo.internal.fixed_uint.subtractUnsigned!(66uL).subtractUnsigned(ref const(geo.internal.fixed_uint.UIntFixed!(66uL).UIntFixed), ref const(geo.internal.fixed_uint.UIntFixed!(66uL).UIntFixed))
 127508          14          14           0     pure nothrow @nogc @safe ulong geo.internal.fixed_uint.firstNonZeroLimb!(134uL).firstNonZeroLimb(ref const(geo.internal.fixed_uint.UIntFixed!(134uL).UIntFixed))
  19038          22          12           0     pure nothrow @nogc @safe geo.internal.fixed_uint.UIntFixed!(198uL).UIntFixed geo.internal.fixed_uint.multiplyUnsigned!(132uL, 66uL).multiplyUnsigned(ref const(geo.internal.fixed_uint.UIntFixed!(132uL).UIntFixed), ref const(geo.internal.fixed_uint.UIntFixed!(66uL).UIntFixed))
  20040          12          12           0     pure nothrow @nogc @safe int geo.internal.fixed_uint.compareUnsigned!(198uL).compareUnsigned(ref const(geo.internal.fixed_uint.UIntFixed!(198uL).UIntFixed), ref const(geo.internal.fixed_uint.UIntFixed!(198uL).UIntFixed))
  19038          36           8           0     pure nothrow @nogc @safe int geo.internal.exact_coordinate.compareExactCoordinates(ref const(geo.internal.exact_coordinate.SignedExactCoordinateNumerator), ref const(geo.internal.fixed_uint.UIntFixed!(132uL).UIntFixed), ref const(geo.internal.exact_coordinate.SignedExactCoordinateNumerator), ref const(geo.internal.fixed_uint.UIntFixed!(132uL).UIntFixed))
   8016          37           6           0     pure nothrow @nogc @safe geo.internal.exact_coordinate.SignedExactCoordinateNumerator geo.internal.intersection_exact.weightedCoordinate(ref const(geo.internal.fixed_uint.UIntFixed!(132uL).UIntFixed), ref const(geo.internal.dyadic.SignedDyadicCoordinate), ref const(geo.internal.fixed_uint.UIntFixed!(132uL).UIntFixed), ref const(geo.internal.dyadic.SignedDyadicCoordinate))
      1           7           6           6     pure nothrow @nogc @safe euclid_core.ring_validation.RingValidationResult geo.topology_validation.validateRing!(double).validateRing(scope geo.linear_ring_view.LinearRing2View!(double).LinearRing2View)
   4008         125           5           0     pure nothrow @nogc @safe double geo.internal.exact_coordinate_round.roundExactCoordinateBinary64(ref const(geo.internal.exact_coordinate.SignedExactCoordinateNumerator), ref const(geo.internal.fixed_uint.UIntFixed!(132uL).UIntFixed))
  11022           4           4           0     pure nothrow @nogc @safe ulong geo.internal.fixed_uint.pastLastNonZeroLimb!(198uL).pastLastNonZeroLimb(ref const(geo.internal.fixed_uint.UIntFixed!(198uL).UIntFixed))
   5010          15           3           0     pure nothrow @nogc @safe void geo.internal.polygon_union_exact.siftDownExactEdgeEvents!(double).siftDownExactEdgeEvents(geo.segment.Segment2!(double).Segment2, geo.internal.polygon_union_exact.ExactOverlayPoint[], ulong, ulong)
   1002          26           3           0     pure nothrow @nogc @safe ulong geo.internal.polygon_union_exact.sortUniqueExactEdgeEvents!(double).sortUniqueExactEdgeEvents(geo.segment.Segment2!(double).Segment2, geo.internal.polygon_union_exact.ExactOverlayPoint[])
   1002           3           3           0     pure nothrow @nogc @safe bool geo.bounding_box.tryBounds!(double).tryBounds(geo.segment.Segment2!(double).Segment2, out geo.bounds.Bounds2!(double).Bounds2)
  12024           8           3           0     pure nothrow @nogc @safe geo.internal.fixed_uint.UIntFixed!(66uL).UIntFixed geo.internal.fixed_uint.addUnsigned!(66uL).addUnsigned(ref const(geo.internal.fixed_uint.UIntFixed!(66uL).UIntFixed), ref const(geo.internal.fixed_uint.UIntFixed!(66uL).UIntFixed))
   5010           8           3           0     pure nothrow @nogc @safe geo.internal.fixed_uint.UIntFixed!(330uL).UIntFixed geo.internal.fixed_uint.multiplyUnsigned!(198uL, 132uL).multiplyUnsigned(ref const(geo.internal.fixed_uint.UIntFixed!(198uL).UIntFixed), ref const(geo.internal.fixed_uint.UIntFixed!(132uL).UIntFixed))
   9018           2           2           0     pure nothrow @nogc @safe geo.internal.fixed_uint.UIntFixed!(198uL).UIntFixed geo.internal.exact_coordinate_round.shiftedDenominator(ref const(geo.internal.fixed_uint.UIntFixed!(132uL).UIntFixed), ulong)
   3006           2           2           0     pure nothrow @nogc @safe ulong geo.internal.exact_coordinate_round.subtractShiftedDenominator(ref geo.internal.fixed_uint.UIntFixed!(198uL).UIntFixed, ulong, ref const(geo.internal.fixed_uint.UIntFixed!(132uL).UIntFixed), ulong, ulong, ulong)
   2505           2           2           0     pure nothrow @nogc @safe int geo.internal.fixed_uint.compareUnsigned!(330uL).compareUnsigned(ref const(geo.internal.fixed_uint.UIntFixed!(330uL).UIntFixed), ref const(geo.internal.fixed_uint.UIntFixed!(330uL).UIntFixed))
   2004         137           2           0     pure nothrow @nogc @safe bool geo.internal.segment_polygon_clip_p1.tryMaterializeExactPoint(ref const(geo.internal.polygon_union_exact.ExactOverlayPoint), out geo.point.Point2!(double).Point2)
   4008           2           2           0     pure nothrow @nogc @safe bool geo.internal.polygon_union_exact.appendExactEdgeEvent(scope geo.internal.polygon_union_exact.ExactOverlayPoint[], ref ulong, ref const(geo.internal.polygon_union_exact.ExactOverlayPoint))
   4008           4           2           0     pure nothrow @nogc @safe geo.internal.fixed_uint.UIntFixed!(132uL).UIntFixed geo.internal.fixed_uint.addUnsigned!(132uL).addUnsigned(ref const(geo.internal.fixed_uint.UIntFixed!(132uL).UIntFixed), ref const(geo.internal.fixed_uint.UIntFixed!(132uL).UIntFixed))
  11022           2           2           0     pure nothrow @nogc @safe ulong geo.internal.fixed_uint.firstNonZeroLimb!(198uL).firstNonZeroLimb(ref const(geo.internal.fixed_uint.UIntFixed!(198uL).UIntFixed))
   4008           9           2           0     pure nothrow @nogc @safe bool geo.internal.exact_coordinate.roundsToFiniteBinary64(ref const(geo.internal.exact_coordinate.SignedExactCoordinateNumerator), ref const(geo.internal.fixed_uint.UIntFixed!(132uL).UIntFixed))
  12024          25           1           0     pure nothrow @nogc @safe int geo.internal.polygon_union_exact.compareExactOverlayPointsAlongSegment!(double).compareExactOverlayPointsAlongSegment(geo.segment.Segment2!(double).Segment2, ref const(geo.internal.polygon_union_exact.ExactOverlayPoint), ref const(geo.internal.polygon_union_exact.ExactOverlayPoint))
   4008           4           1           0     pure nothrow @nogc @safe geo.internal.fixed_uint.UIntFixed!(198uL).UIntFixed geo.internal.fixed_uint.addUnsigned!(198uL).addUnsigned(ref const(geo.internal.fixed_uint.UIntFixed!(198uL).UIntFixed), ref const(geo.internal.fixed_uint.UIntFixed!(198uL).UIntFixed))
   1000       14386           1           0     ulong segment_polygon_bench.clipping!(double).clipping(ref segment_polygon_bench.Case!(double).Case, ulong)
   1002           1           1           0     pure nothrow @trusted geo.segment.Segment2!(double).Segment2[] core.internal.array.construction._d_newarrayT!(geo.segment.Segment2!(double).Segment2)._d_newarrayT(ulong, bool)
   2004          21           1           0     pure nothrow @nogc @safe ulong geo.internal.segment_polygon_clip_p1.findExactEventIndex!(double).findExactEventIndex(geo.segment.Segment2!(double).Segment2, const(geo.internal.polygon_union_exact.ExactOverlayPoint)[], ref const(geo.internal.polygon_union_exact.ExactOverlayPoint))
   1006         101           1           0     pure nothrow @nogc @safe bool geo.point_in_polygon.tryClassifyPointInPolygon!(double).tryClassifyPointInPolygon(scope geo.polygon_view.Polygon2View!(double).Polygon2View, geo.point.Point2!(double).Point2, out geo.point_in_polygon.PointPolygonLocation)
   4008           2           1           0     pure nothrow @nogc @safe geo.internal.exact_coordinate.SignedExactCoordinateNumerator geo.internal.polygon_union_exact.liftRepresentedCoordinate!(double).liftRepresentedCoordinate(double)
   3006           1           1           0     pure nothrow @nogc @safe geo.internal.fixed_uint.UIntFixed!(198uL).UIntFixed geo.internal.exact_coordinate_round.doubled(ref const(geo.internal.fixed_uint.UIntFixed!(198uL).UIntFixed))
   1002           3           1           0     pure nothrow @nogc @safe bool geo.internal.polygon_union_exact.seedExactEdgeEvents!(double).seedExactEdgeEvents(geo.segment.Segment2!(double).Segment2, geo.internal.polygon_union_exact.ExactOverlayPoint[], out ulong)
   1002           1           1           0     pure nothrow @trusted geo.internal.segment_polygon_clip_p1.IntervalLocation[] core.internal.array.construction._d_newarrayT!(geo.internal.segment_polygon_clip_p1.IntervalLocation)._d_newarrayT(ulong, bool)
   6012           1           1           0     pure nothrow @nogc @safe ulong geo.internal.exact_coordinate_round.bitLength!(132uL).bitLength(ref const(geo.internal.fixed_uint.UIntFixed!(132uL).UIntFixed))
   2004           1           1           0     pure nothrow @nogc @safe void geo.internal.segment_polygon_clip_p1.setAfterLocation(ref geo.internal.segment_polygon_clip_p1.IntervalLocation, geo.internal.segment_polygon_clip_p1.IntervalLocation)
   3006           1           1           0     pure nothrow @nogc @safe geo.internal.fixed_uint.UIntFixed!(66uL).UIntFixed geo.internal.exact_coordinate.binary64OverflowMidpoint()
      1       14435           1           1     _Dmain
   3006           1           1           0     pure nothrow @nogc @safe ulong geo.internal.exact_coordinate_round.bitLength!(198uL).bitLength(ref const(geo.internal.fixed_uint.UIntFixed!(198uL).UIntFixed))
   1002       14410           0           0     @safe geo.segment_polygon_clip.SegmentPolygonClipResult geo.segment_polygon_clip.clipSegmentToPolygon!(double).clipSegmentToPolygon(geo.segment.Segment2!(double).Segment2, geo.polygon_view.Polygon2View!(double).Polygon2View)
   2004           2           0           0     pure nothrow @nogc @safe geo.internal.fixed_uint.UIntFixed!(198uL).UIntFixed geo.internal.fixed_uint.subtractUnsigned!(198uL).subtractUnsigned(ref const(geo.internal.fixed_uint.UIntFixed!(198uL).UIntFixed), ref const(geo.internal.fixed_uint.UIntFixed!(198uL).UIntFixed))
   3006           0           0           0     pure nothrow @nogc @safe ulong geo.internal.exact_coordinate_round.pastLastNonZeroNumeratorLimb(ref const(geo.internal.fixed_uint.UIntFixed!(198uL).UIntFixed))
   3006           0           0           0     pure nothrow @nogc @safe ulong geo.internal.exact_coordinate_round.firstNonZeroDenominatorLimb(ref const(geo.internal.fixed_uint.UIntFixed!(132uL).UIntFixed))
   1002           0           0           0     pure nothrow @trusted ulong core.internal.array.capacity._d_arraysetlengthTImpl!(geo.internal.polygon_union_exact.ExactOverlayPoint[], geo.internal.polygon_union_exact.ExactOverlayPoint)._d_arraysetlengthT(return scope ref geo.internal.polygon_union_exact.ExactOverlayPoint[], ulong)
   1002           0           0           0     pure nothrow @nogc @safe ulong geo.internal.segment_polygon_clip_p1.polygonBoundaryEdgeCount!(double).polygonBoundaryEdgeCount(scope geo.polygon_view.Polygon2View!(double).Polygon2View)
    425           0           0           0     pure nothrow ref @trusted geo.point.Point2!(double).Point2[] core.internal.array.appending._d_arrayappendcTX!(geo.point.Point2!(double).Point2[], geo.point.Point2!(double).Point2)._d_arrayappendcTX(scope return ref geo.point.Point2!(double).Point2[], ulong)
      2          13           0           0     pure nothrow @nogc @safe geo.segment_polygon_relationship.SegmentPolygonRelationship geo.segment_polygon_relationship.classifySegmentPolygonRelationship!(double).classifySegmentPolygonRelationship(geo.segment.Segment2!(double).Segment2, geo.polygon_view.Polygon2View!(double).Polygon2View)
      1           0           0           0     segment_polygon_bench.Case!(double).Case[] segment_polygon_bench.corpus!(double).corpus()
    252           0           0           0     pure nothrow @nogc @safe euclid_core.intersection.SegmentIntersectionKind geo.intersection.classifyCollinear!(double).classifyCollinear(geo.segment.Segment2!(double).Segment2, geo.segment.Segment2!(double).Segment2)
   2004           0           0           0     pure nothrow @nogc @safe bool geo.bounding_box.BoundsAccumulator!(double).BoundsAccumulator.tryAdd(geo.point.Point2!(double).Point2)
      1           0           0           0     @safe void std.stdio.writefln!(char, immutable(char)[], ulong, ulong).writefln(in char[], immutable(char)[], ulong, ulong)
   1272           0           0           0     pure nothrow @nogc @safe int geo.intersection.comparePoints!(double).comparePoints(geo.point.Point2!(double).Point2, geo.point.Point2!(double).Point2)
   1002           0           0           0     pure nothrow @nogc @safe bool geo.bounds.Bounds2!(double).Bounds2.tryFromMinMax(geo.point.Point2!(double).Point2, geo.point.Point2!(double).Point2, out geo.bounds.Bounds2!(double).Bounds2)
      1           0           0           0     @safe void std.stdio.File.writefln!(char, immutable(char)[], ulong, ulong).writefln(in char[], immutable(char)[], ulong, ulong)
      3           0           0           0     @safe void std.stdio.File.LockingTextWriter.put!(const(char)[]).put(scope const(char)[])
     23           0           0           0     pure nothrow ref @trusted segment_polygon_bench.Case!(double).Case[] core.internal.array.appending._d_arrayappendcTX!(segment_polygon_bench.Case!(double).Case[], segment_polygon_bench.Case!(double).Case)._d_arrayappendcTX(scope return ref segment_polygon_bench.Case!(double).Case[], ulong)
      1           0           0           0     @safe uint std.format.write.formattedWrite!(std.stdio.File.LockingTextWriter, char, immutable(char)[], ulong, ulong).formattedWrite(ref std.stdio.File.LockingTextWriter, scope const(char[]), immutable(char)[], ulong, ulong)
    256           1           0           0     pure nothrow @nogc @safe euclid_core.intersection.SegmentIntersectionKind geo.intersection.segmentIntersectionKind!(double).segmentIntersectionKind(geo.segment.Segment2!(double).Segment2, geo.segment.Segment2!(double).Segment2)
      1          47           0           0     @safe void segment_polygon_bench.preflight!(double).preflight(ref segment_polygon_bench.Case!(double).Case)
     85           0           0           0     pure nothrow ref @trusted geo.segment.Segment2!(double).Segment2[] core.internal.array.appending._d_arrayappendcTX!(geo.segment.Segment2!(double).Segment2[], geo.segment.Segment2!(double).Segment2)._d_arrayappendcTX(scope return ref geo.segment.Segment2!(double).Segment2[], ulong)
     81           0           0           0     pure nothrow ref @trusted geo.point.Point2!(double).Point2[] core.internal.array.appending._d_arrayappendT!(geo.point.Point2!(double).Point2[], geo.point.Point2!(double).Point2)._d_arrayappendT(scope return ref geo.point.Point2!(double).Point2[], scope geo.point.Point2!(double).Point2[])
     23           0           0           0     pure nothrow @trusted geo.linear_ring_view.LinearRing2View!(double).LinearRing2View[] core.internal.array.construction._d_newarrayT!(geo.linear_ring_view.LinearRing2View!(double).LinearRing2View)._d_newarrayT(ulong, bool)
      8           0           0           0     pure nothrow @trusted char[] core.internal.array.duplication._dup!(const(char), char)._dup(scope const(char)[])
      8           0           0           0     pure nothrow @trusted ulong core.internal.array.capacity._d_arraysetlengthTImpl!(immutable(char)[], immutable(char))._d_arraysetlengthT(return scope ref immutable(char)[], ulong)
     23           0           0           0     pure nothrow @safe segment_polygon_bench.Case!(double).Case segment_polygon_bench.makeCase!(double).makeCase(immutable(char)[], geo.point.Point2!(double).Point2[][], geo.segment.Segment2!(double).Segment2, uint, geo.segment.Segment2!(double).Segment2[], geo.segment_polygon_clip.SegmentPolygonClipStatus)
      1           0           0           0     @safe void std.format.internal.write.writeAligned!(std.stdio.File.LockingTextWriter, immutable(char)[], immutable(char)[], immutable(char)[], immutable(char)[], char).writeAligned(ref std.stdio.File.LockingTextWriter, immutable(char)[], immutable(char)[], immutable(char)[], immutable(char)[], scope ref const(std.format.spec.FormatSpec!(char).FormatSpec), std.format.internal.write.PrecisionType)
      2           0           0           0     @safe void std.format.internal.write.writeAligned!(std.stdio.File.LockingTextWriter, char[], char[], immutable(char)[], immutable(char)[], char).writeAligned(ref std.stdio.File.LockingTextWriter, char[], char[], immutable(char)[], immutable(char)[], scope ref const(std.format.spec.FormatSpec!(char).FormatSpec), std.format.internal.write.PrecisionType)
      2           0           0           0     @safe void std.format.internal.write.formatValueImplUlong!(std.stdio.File.LockingTextWriter, char).formatValueImplUlong(ref std.stdio.File.LockingTextWriter, ulong, in bool, scope ref const(std.format.spec.FormatSpec!(char).FormatSpec))
      4           0           0           0     scope @safe bool std.format.spec.FormatSpec!(char).FormatSpec.writeUpToNextSpec!(std.stdio.File.LockingTextWriter).writeUpToNextSpec(ref std.stdio.File.LockingTextWriter)
     13           0           0           0     pure @safe bool std.exception.enforce!().enforce!(bool).enforce(bool, lazy const(char)[], immutable(char)[], ulong)
      1           7           0           0     pure nothrow @nogc @safe geo.topology_validation.PolygonValidationResult geo.topology_validation.validatePolygonPairContacts!(double).validatePolygonPairContacts(scope geo.polygon_view.Polygon2View!(double).Polygon2View)
      1           7           0           0     pure nothrow @safe geo.topology_validation.PolygonValidationResult geo.topology_validation.validatePolygonConnectedInterior!(double).validatePolygonConnectedInterior(scope geo.polygon_view.Polygon2View!(double).Polygon2View)
      1           7           0           0     pure nothrow @nogc @safe geo.topology_validation.PolygonValidationResult geo.topology_validation.validatePolygonRings!(double).validatePolygonRings(scope geo.polygon_view.Polygon2View!(double).Polygon2View)
      1           0           0           0     pure @safe ulong std.conv.toImpl!(ulong, immutable(char)[]).toImpl(immutable(char)[])
      2           0           0           0     @safe void std.format.internal.write.formatValueImpl!(std.stdio.File.LockingTextWriter, ulong, char).formatValueImpl(ref std.stdio.File.LockingTextWriter, const(ulong), scope ref const(std.format.spec.FormatSpec!(char).FormatSpec))
      1           7           0           0     pure nothrow @nogc @safe geo.topology_validation.PolygonValidationResult geo.topology_validation.validatePolygonContainment!(double).validatePolygonContainment(scope geo.polygon_view.Polygon2View!(double).Polygon2View)
      1           0           0           0     @safe void std.format.internal.write.formatRange!(std.stdio.File.LockingTextWriter, immutable(char)[], char).formatRange(ref std.stdio.File.LockingTextWriter, ref immutable(char)[], scope ref const(std.format.spec.FormatSpec!(char).FormatSpec))
      8           0           0           0     @safe void std.stdio.File.LockingTextWriter.put!(immutable(char)[]).put(scope immutable(char)[])
      8           0           0           0     pure nothrow @nogc @safe char[] core.internal.string.signedToTempString!(10, false, char).signedToTempString(long, return scope char[])
      8           0           0           0     pure nothrow @trusted immutable(char)[] core.internal.array.concatenation._d_arraycatnTX!(immutable(char)[], immutable(char)[], immutable(char)[])._d_arraycatnTX(immutable(char)[], immutable(char)[])
      1           0           0           0     @safe void std.stdio.File.LockingTextWriter.put!(char).put(scope char)
      3           0           0           0     pure scope @safe void std.format.spec.FormatSpec!(char).FormatSpec.fillUp()
      4           0           0           0     pure nothrow @nogc @safe void geo.segment_polygon_relationship.markPointLocation(ref geo.segment_polygon_relationship.SegmentPolygonRelationship, geo.point_in_polygon.PointPolygonLocation)
      1           0           0           0     pure @safe ulong std.conv.parse!(ulong, immutable(char)[], 0).parse(scope ref immutable(char)[])
      1           0           0           0     @safe void std.format.write.formatValue!(std.stdio.File.LockingTextWriter, immutable(char)[], char).formatValue(ref std.stdio.File.LockingTextWriter, ref immutable(char)[], scope ref const(std.format.spec.FormatSpec!(char).FormatSpec))
      2           0           0           0     @safe void std.format.write.formatValue!(std.stdio.File.LockingTextWriter, ulong, char).formatValue(ref std.stdio.File.LockingTextWriter, ref ulong, scope ref const(std.format.spec.FormatSpec!(char).FormatSpec))
      1           0           0           0     pure nothrow @trusted geo.point.Point2!(double).Point2[] core.internal.array.duplication._dup!(const(geo.point.Point2!(double).Point2), geo.point.Point2!(double).Point2)._dup(scope const(geo.point.Point2!(double).Point2)[])
      8           0           0           0     pure @safe bool std.exception.enforce!(std.format.FormatException).enforce!(bool).enforce(bool, lazy const(char)[], immutable(char)[], ulong)
      4           0           0           0     @safe void std.stdio.File.LockingTextWriter.put!(char[]).put(scope char[])
      8           0           0           0     pure nothrow @nogc @safe char[] core.internal.string.unsignedToTempString!(10u, false, char).unsignedToTempString(ulong, return scope char[])
