------------------
	    1	_Dmain
_D21segment_polygon_bench__T6corpusTdZQkFZASQBq__T4CaseTdZQi	1	555178	99137
	   23	_D21segment_polygon_bench__T8makeCaseTdZQmFNaNbNfAyaAAS3geo5point__T6Point2TdZQkSQBa7segment__T8Segment2TdZQmkAQBfEQCi20segment_polygon_clip24SegmentPolygonClipStatusZSQGk__T4CaseTdZQi
	   23	_D4core8internal5array9appending__T17_d_arrayappendcTXHTAS21segment_polygon_bench__T4CaseTdZQiTQBmZQCmFNaNbNcNeMNkKQChmZQCm
	    1	_D4core8internal5array11duplication__T4_dupTxS3geo5point__T6Point2TdZQkTSQBbQBa__TQxTdZQBcZQCbFNaNbNeMAxQChZAQBl
	  344	_D4core8internal5array9appending__T17_d_arrayappendcTXHTAS3geo5point__T6Point2TdZQkTQBbZQCbFNaNbNcNeMNkKQBwmZQCb
	    8	_D4core8internal6string__T18signedToTempStringVii10Vbi0TaZQBgFNaNbNiNflNkMAaZQd
	    8	_D4core8internal5array11duplication__T4_dupTxaTaZQlFNaNbNeMAxaZAa
	    8	_D4core8internal5array13concatenation__T14_d_arraycatnTXTAyaTQeTQhZQBbFNaNbNeQuQwZQz
	   85	_D4core8internal5array9appending__T17_d_arrayappendcTXHTAS3geo7segment__T8Segment2TdZQmTQBfZQCfFNaNbNcNeMNkKQCamZQCf
	   81	_D4core8internal5array9appending__T15_d_arrayappendTHTAS3geo5point__T6Point2TdZQkTQBbZQBzFNaNbNcNeMNkKQBwMQCaZQCe
------------------
	  100	_Dmain
_D21segment_polygon_bench__T8clippingTdZQmFKSQBr__T4CaseTdZQimZm	100	8095831854	642568
	  100	_D3geo20segment_polygon_clip__T20clipSegmentToPolygonTdZQzFNfSQCi7segment__T8Segment2TdZQmMSQDm12polygon_view__T12Polygon2ViewTdZQrZSQFbQFa24SegmentPolygonClipResult
------------------
	   23	_D21segment_polygon_bench__T6corpusTdZQkFZASQBq__T4CaseTdZQi
_D21segment_polygon_bench__T8makeCaseTdZQmFNaNbNfAyaAAS3geo5point__T6Point2TdZQkSQBa7segment__T8Segment2TdZQmkAQBfEQCi20segment_polygon_clip24SegmentPolygonClipStatusZSQGk__T4CaseTdZQi	23	8794	5411
	   23	_D4core8internal5array12construction__T12_d_newarrayTTS3geo16linear_ring_view__T15LinearRing2ViewTdZQuZQCmFNaNbNembZAQCl
------------------
	    1	_Dmain
_D21segment_polygon_bench__T9preflightTdZQnFNfKSQBu__T4CaseTdZQiZv	1	197785097	68146
	    1	_D3geo19topology_validation__T32validatePolygonConnectedInteriorTdZQBlFNaNbNfMSQCz12polygon_view__T12Polygon2ViewTdZQrZSQEoQEn23PolygonValidationResult
	  137	_D3std9exception__T7enforceZ__TQmTbZQrFNaNfbLAxaAyamZb
	    8	_D3std4math6traits__T8isFiniteTxdZQnFNaNbNiNexdZb
	    2	_D3geo28segment_polygon_relationship__T34classifySegmentPolygonRelationshipTdZQBnFNaNbNiNfSQDl7segment__T8Segment2TdZQmMSQEp12polygon_view__T12Polygon2ViewTdZQrZSQGeQGd26SegmentPolygonRelationship
	    2	_D3geo20segment_polygon_clip__T20clipSegmentToPolygonTdZQzFNfSQCi7segment__T8Segment2TdZQmMSQDm12polygon_view__T12Polygon2ViewTdZQrZSQFbQFa24SegmentPolygonClipResult
------------------
	211968	_D3geo12intersection__T18segmentContactKindTdZQxFNaNbNiNfSQCe7segment__T8Segment2TdZQmQBdZEQDlQDk18SegmentContactKind
	13568	_D3geo8internal25ring_point_classification__T22tryClassifyPointInRingTdZQBbFNaNbNiNfMxSQDh16linear_ring_view__T15LinearRing2ViewTdZQuSQFc5point__T6Point2TdZQkJEQGcQGbQFv17RingPointLocationZb
	26624	_D3geo12intersection__T14pointOnSegmentTdZQtFNaNbNiNfSQCa5point__T6Point2TdZQkSQCz7segment__T8Segment2TdZQmZb
	13056	_D3geo8internal23segment_polygon_clip_p1__T31trySegmentPolygonClipP1InternalTdZQBkFNfSQDg7segment__T8Segment2TdZQmMSQEk12polygon_view__T12Polygon2ViewTdZQrJSQFzQFy27segment_polygon_clip_result37SegmentPolygonClipOwnedResultInternalZEQIxQIwQIq32SegmentPolygonClipInternalStatus
_D3geo11orientationQnFNaNbNiNfSQBd5point__T6Point2TdZQkQzQBbZEQCiQCh12Orientation2	265216	1709944901	84578790
	265216	_D3geo8internal18orientation_filter17orientationFilterFNaNbNiNfddddddZEQCrQCqQCk23OrientationFilterResult
------------------
	  204	_D3geo12bounding_box__T9tryBoundsTdZQnFNaNbNiNfSQBu7segment__T8Segment2TdZQmJSQCy6bounds__T7Bounds2TdZQlZb
_D3geo12bounding_box__T17BoundsAccumulatorTdZQw6tryAddMFNaNbNiNfSQCl5point__T6Point2TdZQkZb	204	14851	14851
------------------
	  102	_D3geo8internal23segment_polygon_clip_p1__T26queryBoundaryEventCapacityTdZQBfFNaNbNiNfSQDh7segment__T8Segment2TdZQmMSQEl12polygon_view__T12Polygon2ViewTdZQrZm
_D3geo12bounding_box__T9tryBoundsTdZQnFNaNbNiNfSQBu7segment__T8Segment2TdZQmJSQCy6bounds__T7Bounds2TdZQlZb	102	379868	358125
	  204	_D3geo12bounding_box__T17BoundsAccumulatorTdZQw6tryAddMFNaNbNiNfSQCl5point__T6Point2TdZQkZb
	  102	_D3geo6bounds__T7Bounds2TdZQl13tryFromMinMaxFNaNbNiNfSQCa5point__T6Point2TdZQkQzJSQDcQDb__TQCxTdZQDdZb
------------------
	  768	_D3geo12intersection__T18segmentContactKindTdZQxFNaNbNiNfSQCe7segment__T8Segment2TdZQmQBdZEQDlQDk18SegmentContactKind
_D3geo12intersection__T13comparePointsTdZQsFNaNbNiNfSQBz5point__T6Point2TdZQkQzZi	768	10483	10483
------------------
	26624	_D3geo12intersection__T18segmentContactKindTdZQxFNaNbNiNfSQCe7segment__T8Segment2TdZQmQBdZEQDlQDk18SegmentContactKind
_D3geo12intersection__T14pointOnSegmentTdZQtFNaNbNiNfSQCa5point__T6Point2TdZQkSQCz7segment__T8Segment2TdZQmZb	26624	177032544	3184844
	26624	_D3geo11orientationQnFNaNbNiNfSQBd5point__T6Point2TdZQkQzQBbZEQCiQCh12Orientation2
------------------
	  256	_D3geo12intersection__T23segmentIntersectionKindTdZQBcFNaNbNiNfSQCk7segment__T8Segment2TdZQmQBdZE11euclid_coreQEa23SegmentIntersectionKind
	 1024	_D3geo28segment_polygon_relationship__T34classifySegmentPolygonRelationshipTdZQBnFNaNbNiNfSQDl7segment__T8Segment2TdZQmMSQEp12polygon_view__T12Polygon2ViewTdZQrZSQGeQGd26SegmentPolygonRelationship
	26112	_D3geo8internal19polygon_union_exact__T29appendSegmentPairNodingEventsTdZQBiFNaNbNiNfSQDg7segment__T8Segment2TdZQmQBdMASQEoQEnQEh17ExactOverlayPointKmMQBhKmZb
	52224	_D3geo8internal23segment_polygon_clip_p1__T31trySegmentPolygonClipP1InternalTdZQBkFNfSQDg7segment__T8Segment2TdZQmMSQEk12polygon_view__T12Polygon2ViewTdZQrJSQFzQFy27segment_polygon_clip_result37SegmentPolygonClipOwnedResultInternalZEQIxQIwQIq32SegmentPolygonClipInternalStatus
_D3geo12intersection__T18segmentContactKindTdZQxFNaNbNiNfSQCe7segment__T8Segment2TdZQmQBdZEQDlQDk18SegmentContactKind	79616	1647459408	61586190
	211968	_D3geo11orientationQnFNaNbNiNfSQBd5point__T6Point2TdZQkQzQBbZEQCiQCh12Orientation2
	  768	_D3geo12intersection__T13comparePointsTdZQsFNaNbNiNfSQBz5point__T6Point2TdZQkQzZi
	26624	_D3geo12intersection__T14pointOnSegmentTdZQtFNaNbNiNfSQCa5point__T6Point2TdZQkSQCz7segment__T8Segment2TdZQmZb
------------------
	  256	_D3geo19topology_validation__T12validateRingTdZQrFNaNbNiNfMSQCg16linear_ring_view__T15LinearRing2ViewTdZQuZS11euclid_core15ring_validation20RingValidationResult
_D3geo12intersection__T23segmentIntersectionKindTdZQBcFNaNbNiNfSQCk7segment__T8Segment2TdZQmQBdZE11euclid_coreQEa23SegmentIntersectionKind	256	1691008	27694
	  256	_D3geo12intersection__T18segmentContactKindTdZQxFNaNbNiNfSQCe7segment__T8Segment2TdZQmQBdZEQDlQDk18SegmentContactKind
------------------
	    4	_D3geo28segment_polygon_relationship__T34classifySegmentPolygonRelationshipTdZQBnFNaNbNiNfSQDl7segment__T8Segment2TdZQmMSQEp12polygon_view__T12Polygon2ViewTdZQrZSQGeQGd26SegmentPolygonRelationship
	  102	_D3geo8internal23segment_polygon_clip_p1__T31trySegmentPolygonClipP1InternalTdZQBkFNfSQDg7segment__T8Segment2TdZQmMSQEk12polygon_view__T12Polygon2ViewTdZQrJSQFzQFy27segment_polygon_clip_result37SegmentPolygonClipOwnedResultInternalZEQIxQIwQIq32SegmentPolygonClipInternalStatus
_D3geo16point_in_polygon__T25tryClassifyPointInPolygonTdZQBeFNaNbNiNfMSQCr12polygon_view__T12Polygon2ViewTdZQrSQEf5point__T6Point2TdZQkJEQFfQFe20PointPolygonLocationZb	106	73729402	192616
	  212	_D3std4math6traits__T8isFiniteTxdZQnFNaNbNiNexdZb
	  106	_D3geo8internal25ring_point_classification__T22tryClassifyPointInRingTdZQBbFNaNbNiNfMxSQDh16linear_ring_view__T15LinearRing2ViewTdZQuSQFc5point__T6Point2TdZQkJEQGcQGbQFv17RingPointLocationZb
------------------
	    1	_D3geo19topology_validation__T20validatePolygonRingsTdZQzFNaNbNiNfMSQCo12polygon_view__T12Polygon2ViewTdZQrZSQEdQEc23PolygonValidationResult
_D3geo19topology_validation__T12validateRingTdZQrFNaNbNiNfMSQCg16linear_ring_view__T15LinearRing2ViewTdZQuZS11euclid_core15ring_validation20RingValidationResult	1	3373787	1678179
	  512	_D3std4math6traits__T8isFiniteTxdZQnFNaNbNiNexdZb
	  256	_D3geo12intersection__T23segmentIntersectionKindTdZQBcFNaNbNiNfSQCk7segment__T8Segment2TdZQmQBdZE11euclid_coreQEa23SegmentIntersectionKind
------------------
	    1	_D3geo19topology_validation__T27validatePolygonPairContactsTdZQBgFNaNbNiNfMSQCw12polygon_view__T12Polygon2ViewTdZQrZSQElQEk23PolygonValidationResult
_D3geo19topology_validation__T20validatePolygonRingsTdZQzFNaNbNiNfMSQCo12polygon_view__T12Polygon2ViewTdZQrZSQEdQEc23PolygonValidationResult	1	3374982	1195
	    1	_D3geo19topology_validation__T12validateRingTdZQrFNaNbNiNfMSQCg16linear_ring_view__T15LinearRing2ViewTdZQuZS11euclid_core15ring_validation20RingValidationResult
------------------
	    1	_D3geo19topology_validation__T32validatePolygonConnectedInteriorTdZQBlFNaNbNfMSQCz12polygon_view__T12Polygon2ViewTdZQrZSQEoQEn23PolygonValidationResult
_D3geo19topology_validation__T26validatePolygonContainmentTdZQBfFNaNbNiNfMSQCv12polygon_view__T12Polygon2ViewTdZQrZSQEkQEj23PolygonValidationResult	1	3378490	1585
	    1	_D3geo19topology_validation__T27validatePolygonPairContactsTdZQBgFNaNbNiNfMSQCw12polygon_view__T12Polygon2ViewTdZQrZSQElQEk23PolygonValidationResult
------------------
	    1	_D3geo19topology_validation__T26validatePolygonContainmentTdZQBfFNaNbNiNfMSQCv12polygon_view__T12Polygon2ViewTdZQrZSQEkQEj23PolygonValidationResult
_D3geo19topology_validation__T27validatePolygonPairContactsTdZQBgFNaNbNiNfMSQCw12polygon_view__T12Polygon2ViewTdZQrZSQElQEk23PolygonValidationResult	1	3376905	1923
	    1	_D3geo19topology_validation__T20validatePolygonRingsTdZQzFNaNbNiNfMSQCo12polygon_view__T12Polygon2ViewTdZQrZSQEdQEc23PolygonValidationResult
------------------
	    1	_D21segment_polygon_bench__T9preflightTdZQnFNfKSQBu__T4CaseTdZQiZv
_D3geo19topology_validation__T32validatePolygonConnectedInteriorTdZQBlFNaNbNfMSQCz12polygon_view__T12Polygon2ViewTdZQrZSQEoQEn23PolygonValidationResult	1	3380387	1897
	    1	_D3geo19topology_validation__T26validatePolygonContainmentTdZQBfFNaNbNiNfMSQCv12polygon_view__T12Polygon2ViewTdZQrZSQEkQEj23PolygonValidationResult
------------------
	    2	_D21segment_polygon_bench__T9preflightTdZQnFNfKSQBu__T4CaseTdZQiZv
	  100	_D21segment_polygon_bench__T8clippingTdZQmFKSQBr__T4CaseTdZQimZm
_D3geo20segment_polygon_clip__T20clipSegmentToPolygonTdZQzFNfSQCi7segment__T8Segment2TdZQmMSQDm12polygon_view__T12Polygon2ViewTdZQrZSQFbQFa24SegmentPolygonClipResult	102	8255458714	88792
	  102	_D3geo8internal23segment_polygon_clip_p1__T31trySegmentPolygonClipP1InternalTdZQBkFNfSQDg7segment__T8Segment2TdZQmMSQEk12polygon_view__T12Polygon2ViewTdZQrJSQFzQFy27segment_polygon_clip_result37SegmentPolygonClipOwnedResultInternalZEQIxQIwQIq32SegmentPolygonClipInternalStatus
------------------
	    4	_D3geo28segment_polygon_relationship__T34classifySegmentPolygonRelationshipTdZQBnFNaNbNiNfSQDl7segment__T8Segment2TdZQmMSQEp12polygon_view__T12Polygon2ViewTdZQrZSQGeQGd26SegmentPolygonRelationship
_D3geo28segment_polygon_relationship17markPointLocationFNaNbNiNfKSQCmQCl26SegmentPolygonRelationshipEQDv16point_in_polygon20PointPolygonLocationZv	4	958	958
------------------
	    2	_D21segment_polygon_bench__T9preflightTdZQnFNfKSQBu__T4CaseTdZQiZv
_D3geo28segment_polygon_relationship__T34classifySegmentPolygonRelationshipTdZQBnFNaNbNiNfSQDl7segment__T8Segment2TdZQmMSQEp12polygon_view__T12Polygon2ViewTdZQrZSQGeQGd26SegmentPolygonRelationship	2	34063460	200016
	    4	_D3geo16point_in_polygon__T25tryClassifyPointInPolygonTdZQBeFNaNbNiNfMSQCr12polygon_view__T12Polygon2ViewTdZQrSQEf5point__T6Point2TdZQkJEQFfQFe20PointPolygonLocationZb
	    4	_D3geo28segment_polygon_relationship17markPointLocationFNaNbNiNfKSQCmQCl26SegmentPolygonRelationshipEQDv16point_in_polygon20PointPolygonLocationZv
	    2	_D3geo8internal19polygon_union_input__T24exactRingOrientationSignTdZQBdFNaNbNiNfMxSQDd16linear_ring_view__T15LinearRing2ViewTdZQuZi
	 1024	_D3geo12intersection__T18segmentContactKindTdZQxFNaNbNiNfSQCe7segment__T8Segment2TdZQmQBdZEQDlQDk18SegmentContactKind
------------------
	  102	_D3geo12bounding_box__T9tryBoundsTdZQnFNaNbNiNfSQBu7segment__T8Segment2TdZQmJSQCy6bounds__T7Bounds2TdZQlZb
_D3geo6bounds__T7Bounds2TdZQl13tryFromMinMaxFNaNbNiNfSQCa5point__T6Point2TdZQkQzJSQDcQDb__TQCxTdZQDdZb	102	6892	6892
------------------
	26624	_D3geo8internal19polygon_union_input__T24exactRingOrientationSignTdZQBdFNaNbNiNfMxSQDd16linear_ring_view__T15LinearRing2ViewTdZQuZi
_D3geo8internal10area_exact18addAreaDeterminantFNaNbNiNfKSQCeQCdQBx21SignedAreaAccumulatorKxSQDnQDm6dyadic19SignedDyadicProductZv	26624	31304979	9528809
	26416	_D3geo8internal10area_exact21widenProductMagnitudeFNaNbNiNfKxSQCiQCh10fixed_uint__T9UIntFixedVmi132ZQrZSQDyQDxQBq__TQBhVmi134ZQBr
	19760	_D3geo8internal10fixed_uint__T11addUnsignedVmi134ZQuFNaNbNiNfKxSQCkQCjQCd__T9UIntFixedVmi134ZQrKxQBiZSQDwQDvQDp__TQBmVmi134ZQBw
	 6552	_D3geo8internal10fixed_uint__T15compareUnsignedVmi134ZQyFNaNbNiNfKxSQCoQCnQCh__T9UIntFixedVmi134ZQrKxQBiZi
	 6552	_D3geo8internal10fixed_uint__T16subtractUnsignedVmi134ZQzFNaNbNiNfKxSQCpQCoQCi__T9UIntFixedVmi134ZQrKxQBiZSQEbQEaQDu__TQBmVmi134ZQBw
------------------
	26416	_D3geo8internal10area_exact18addAreaDeterminantFNaNbNiNfKSQCeQCdQBx21SignedAreaAccumulatorKxSQDnQDm6dyadic19SignedDyadicProductZv
_D3geo8internal10area_exact21widenProductMagnitudeFNaNbNiNfKxSQCiQCh10fixed_uint__T9UIntFixedVmi132ZQrZSQDyQDxQBq__TQBhVmi134ZQBr	26416	6656208	6656208
------------------
	26112	_D3geo8internal18intersection_exact__T26tryProperIntersectionExactTdZQBfFNaNbNiNfSQDc7segment__T8Segment2TdZQmQBdJSQEjQEiQEc23ExactProperIntersectionZb
_D3geo8internal10fixed_uint__T11addUnsignedVmi132ZQuFNaNbNiNfKxSQCkQCjQCd__T9UIntFixedVmi132ZQrKxQBiZSQDwQDvQDp__TQBmVmi132ZQBw	26112	59985434	20130388
	26112	_D3geo8internal10fixed_uint__T16firstNonZeroLimbVmi132ZQzFNaNbNiNfKxSQCpQCoQCi__T9UIntFixedVmi132ZQrZm
	26112	_D3geo8internal10fixed_uint__T19pastLastNonZeroLimbVmi132ZQBcFNaNbNiNfKxSQCtQCsQCm__T9UIntFixedVmi132ZQrZm
------------------
	19760	_D3geo8internal10area_exact18addAreaDeterminantFNaNbNiNfKSQCeQCdQBx21SignedAreaAccumulatorKxSQDnQDm6dyadic19SignedDyadicProductZv
_D3geo8internal10fixed_uint__T11addUnsignedVmi134ZQuFNaNbNiNfKxSQCkQCjQCd__T9UIntFixedVmi134ZQrKxQBiZSQDwQDvQDp__TQBmVmi134ZQBw	19760	9973548	5427396
	19760	_D3geo8internal10fixed_uint__T16firstNonZeroLimbVmi134ZQzFNaNbNiNfKxSQCpQCoQCi__T9UIntFixedVmi134ZQrZm
	19760	_D3geo8internal10fixed_uint__T19pastLastNonZeroLimbVmi134ZQBcFNaNbNiNfKxSQCtQCsQCm__T9UIntFixedVmi134ZQrZm
------------------
	26112	_D3geo8internal18intersection_exact18weightedCoordinateFNaNbNiNfKxSQCnQCm10fixed_uint__T9UIntFixedVmi132ZQrKxSQEeQEd6dyadic22SignedDyadicCoordinateKxQDfKxQBtZSQGbQGa16exact_coordinate30SignedExactCoordinateNumerator
_D3geo8internal10fixed_uint__T11addUnsignedVmi198ZQuFNaNbNiNfKxSQCkQCjQCd__T9UIntFixedVmi198ZQrKxQBiZSQDwQDvQDp__TQBmVmi198ZQBw	26112	19207320	7887976
	26112	_D3geo8internal10fixed_uint__T16firstNonZeroLimbVmi198ZQzFNaNbNiNfKxSQCpQCoQCi__T9UIntFixedVmi198ZQrZm
	26112	_D3geo8internal10fixed_uint__T19pastLastNonZeroLimbVmi198ZQBcFNaNbNiNfKxSQCtQCsQCm__T9UIntFixedVmi198ZQrZm
------------------
	104040	_D3geo8internal6dyadic25subtractDyadicCoordinatesFNaNbNiNfKxSQChQCgQCa22SignedDyadicCoordinateKxQBkZSQDvQDuQDo22SignedDyadicDifference
_D3geo8internal10fixed_uint__T11addUnsignedVmi66ZQtFNaNbNiNfKxSQCjQCiQCc__T9UIntFixedVmi66ZQqKxQBhZSQDuQDtQDn__TQBlVmi66ZQBu	104040	99770200	57373822
	104040	_D3geo8internal10fixed_uint__T16firstNonZeroLimbVmi66ZQyFNaNbNiNfKxSQCoQCnQCh__T9UIntFixedVmi66ZQqZm
	104040	_D3geo8internal10fixed_uint__T19pastLastNonZeroLimbVmi66ZQBbFNaNbNiNfKxSQCsQCrQCl__T9UIntFixedVmi66ZQqZm
------------------
	26208	_D3geo8internal6dyadic22subtractDyadicProductsFNaNbNiNfKxSQCeQCdQBx19SignedDyadicProductKxQBhZSQDpQDoQDiQBl
_D3geo8internal10fixed_uint__T15compareUnsignedVmi132ZQyFNaNbNiNfKxSQCoQCnQCh__T9UIntFixedVmi132ZQrKxQBiZi	26208	5987592	5987592
------------------
	 6552	_D3geo8internal10area_exact18addAreaDeterminantFNaNbNiNfKSQCeQCdQBx21SignedAreaAccumulatorKxSQDnQDm6dyadic19SignedDyadicProductZv
_D3geo8internal10fixed_uint__T15compareUnsignedVmi134ZQyFNaNbNiNfKxSQCoQCnQCh__T9UIntFixedVmi134ZQrKxQBiZi	6552	1551030	1551030
------------------
	26112	_D3geo8internal18intersection_exact18weightedCoordinateFNaNbNiNfKxSQCnQCm10fixed_uint__T9UIntFixedVmi132ZQrKxSQEeQEd6dyadic22SignedDyadicCoordinateKxQDfKxQBtZSQGbQGa16exact_coordinate30SignedExactCoordinateNumerator
	257448	_D3geo8internal16exact_coordinate23compareExactCoordinatesFNaNbNiNfKxSQCqQCpQCj30SignedExactCoordinateNumeratorKxSQEiQEh10fixed_uint__T9UIntFixedVmi132ZQrKxQDjKxQBwZi
	26010	_D3geo8internal16exact_coordinate22roundsToFiniteBinary64FNaNbNiNfKxSQCpQCoQCi30SignedExactCoordinateNumeratorKxSQEhQEg10fixed_uint__T9UIntFixedVmi132ZQrZb
	52020	_D3geo8internal22exact_coordinate_round28roundExactCoordinateBinary64FNaNbNiNfKxSQDbQDa16exact_coordinate30SignedExactCoordinateNumeratorKxSQFiQFh10fixed_uint__T9UIntFixedVmi132ZQrZd
	26010	_D3geo8internal22exact_coordinate_round15roundedQuotientFNaNbNiNfKxSQCoQCn10fixed_uint__T9UIntFixedVmi198ZQrKxSQEfQEeQBr__TQBiVmi132ZQBsmZm
_D3geo8internal10fixed_uint__T15compareUnsignedVmi198ZQyFNaNbNiNfKxSQCoQCnQCh__T9UIntFixedVmi198ZQrKxQBiZi	387600	350400499	350400499
------------------
	 8364	_D3geo8internal16exact_coordinate23compareExactCoordinatesFNaNbNiNfKxSQCqQCpQCj30SignedExactCoordinateNumeratorKxSQEiQEh10fixed_uint__T9UIntFixedVmi132ZQrKxQDjKxQBwZi
_D3geo8internal10fixed_uint__T15compareUnsignedVmi330ZQyFNaNbNiNfKxSQCoQCnQCh__T9UIntFixedVmi330ZQrKxQBiZi	8364	36816294	36816294
------------------
	310896	_D3geo8internal6dyadic25subtractDyadicCoordinatesFNaNbNiNfKxSQChQCgQCa22SignedDyadicCoordinateKxQBkZSQDvQDuQDo22SignedDyadicDifference
_D3geo8internal10fixed_uint__T15compareUnsignedVmi66ZQxFNaNbNiNfKxSQCnQCmQCg__T9UIntFixedVmi66ZQqKxQBhZi	310896	135611538	135611538
------------------
	26208	_D3geo8internal10fixed_uint__T16subtractUnsignedVmi132ZQzFNaNbNiNfKxSQCpQCoQCi__T9UIntFixedVmi132ZQrKxQBiZSQEbQEaQDu__TQBmVmi132ZQBw
	26112	_D3geo8internal10fixed_uint__T11addUnsignedVmi132ZQuFNaNbNiNfKxSQCkQCjQCd__T9UIntFixedVmi132ZQrKxQBiZSQDwQDvQDp__TQBmVmi132ZQBw
	130458	_D3geo8internal10fixed_uint__T16multiplyUnsignedVmi132Vmi66ZQBeFNaNbNiNfKxSQCvQCuQCo__T9UIntFixedVmi132ZQrKxSQEdQEcQDw__TQBiVmi66ZQBrZSQFdQFcQEw__TQCiVmi198ZQCs
	16728	_D3geo8internal10fixed_uint__T16multiplyUnsignedVmi198Vmi132ZQBfFNaNbNiNfKxSQCwQCvQCp__T9UIntFixedVmi198ZQrKxSQEeQEdQDx__TQBiVmi132ZQBsZSQFfQFeQEy__TQCjVmi330ZQCt
_D3geo8internal10fixed_uint__T16firstNonZeroLimbVmi132ZQzFNaNbNiNfKxSQCpQCoQCi__T9UIntFixedVmi132ZQrZm	199506	84399233	84399233
------------------
	19760	_D3geo8internal10fixed_uint__T11addUnsignedVmi134ZQuFNaNbNiNfKxSQCkQCjQCd__T9UIntFixedVmi134ZQrKxQBiZSQDwQDvQDp__TQBmVmi134ZQBw
	 6552	_D3geo8internal10fixed_uint__T16subtractUnsignedVmi134ZQzFNaNbNiNfKxSQCpQCoQCi__T9UIntFixedVmi134ZQrKxQBiZSQEbQEaQDu__TQBmVmi134ZQBw
_D3geo8internal10fixed_uint__T16firstNonZeroLimbVmi134ZQzFNaNbNiNfKxSQCpQCoQCi__T9UIntFixedVmi134ZQrZm	26312	2454998	2454998
------------------
	25908	_D3geo8internal10fixed_uint__T16subtractUnsignedVmi198ZQzFNaNbNiNfKxSQCpQCoQCi__T9UIntFixedVmi198ZQrKxQBiZSQEbQEaQDu__TQBmVmi198ZQBw
	26112	_D3geo8internal10fixed_uint__T11addUnsignedVmi198ZQuFNaNbNiNfKxSQCkQCjQCd__T9UIntFixedVmi198ZQrKxQBiZSQDwQDvQDp__TQBmVmi198ZQBw
	16728	_D3geo8internal10fixed_uint__T16multiplyUnsignedVmi198Vmi132ZQBfFNaNbNiNfKxSQCwQCvQCp__T9UIntFixedVmi198ZQrKxSQEeQEdQDx__TQBiVmi132ZQBsZSQFfQFeQEy__TQCjVmi330ZQCt
_D3geo8internal10fixed_uint__T16firstNonZeroLimbVmi198ZQzFNaNbNiNfKxSQCpQCoQCi__T9UIntFixedVmi198ZQrZm	68748	22347230	22347230
------------------
	314144	_D3geo8internal10fixed_uint__T16multiplyUnsignedVmi66Vmi66ZQBdFNaNbNiNfKxSQCuQCtQCn__T9UIntFixedVmi66ZQqKxQBhZSQEfQEeQDy__TQBlVmi132ZQBv
	104040	_D3geo8internal10fixed_uint__T11addUnsignedVmi66ZQtFNaNbNiNfKxSQCjQCiQCc__T9UIntFixedVmi66ZQqKxQBhZSQDuQDtQDn__TQBlVmi66ZQBu
	206856	_D3geo8internal10fixed_uint__T16subtractUnsignedVmi66ZQyFNaNbNiNfKxSQCoQCnQCh__T9UIntFixedVmi66ZQqKxQBhZSQDzQDyQDs__TQBlVmi66ZQBu
	130458	_D3geo8internal10fixed_uint__T16multiplyUnsignedVmi132Vmi66ZQBeFNaNbNiNfKxSQCvQCuQCo__T9UIntFixedVmi132ZQrKxSQEdQEcQDw__TQBiVmi66ZQBrZSQFdQFcQEw__TQCiVmi198ZQCs
_D3geo8internal10fixed_uint__T16firstNonZeroLimbVmi66ZQyFNaNbNiNfKxSQCoQCnQCh__T9UIntFixedVmi66ZQqZm	755498	123307661	123307661
------------------
	104448	_D3geo8internal18intersection_exact18weightedCoordinateFNaNbNiNfKxSQCnQCm10fixed_uint__T9UIntFixedVmi132ZQrKxSQEeQEd6dyadic22SignedDyadicCoordinateKxQDfKxQBtZSQGbQGa16exact_coordinate30SignedExactCoordinateNumerator
	26010	_D3geo8internal16exact_coordinate22roundsToFiniteBinary64FNaNbNiNfKxSQCpQCoQCi30SignedExactCoordinateNumeratorKxSQEhQEg10fixed_uint__T9UIntFixedVmi132ZQrZb
_D3geo8internal10fixed_uint__T16multiplyUnsignedVmi132Vmi66ZQBeFNaNbNiNfKxSQCvQCuQCo__T9UIntFixedVmi132ZQrKxSQEdQEcQDw__TQBiVmi66ZQBrZSQFdQFcQEw__TQCiVmi198ZQCs	130458	344398259	139006112
	130458	_D3geo8internal10fixed_uint__T16firstNonZeroLimbVmi132ZQzFNaNbNiNfKxSQCpQCoQCi__T9UIntFixedVmi132ZQrZm
	130458	_D3geo8internal10fixed_uint__T16firstNonZeroLimbVmi66ZQyFNaNbNiNfKxSQCoQCnQCh__T9UIntFixedVmi66ZQqZm
	130458	_D3geo8internal10fixed_uint__T19pastLastNonZeroLimbVmi132ZQBcFNaNbNiNfKxSQCtQCsQCm__T9UIntFixedVmi132ZQrZm
	130458	_D3geo8internal10fixed_uint__T19pastLastNonZeroLimbVmi66ZQBbFNaNbNiNfKxSQCsQCrQCl__T9UIntFixedVmi66ZQqZm
------------------
	16728	_D3geo8internal16exact_coordinate23compareExactCoordinatesFNaNbNiNfKxSQCqQCpQCj30SignedExactCoordinateNumeratorKxSQEiQEh10fixed_uint__T9UIntFixedVmi132ZQrKxQDjKxQBwZi
_D3geo8internal10fixed_uint__T16multiplyUnsignedVmi198Vmi132ZQBfFNaNbNiNfKxSQCwQCvQCp__T9UIntFixedVmi198ZQrKxSQEeQEdQDx__TQBiVmi132ZQBsZSQFfQFeQEy__TQCjVmi330ZQCt	16728	41132990	29985565
	16728	_D3geo8internal10fixed_uint__T16firstNonZeroLimbVmi198ZQzFNaNbNiNfKxSQCpQCoQCi__T9UIntFixedVmi198ZQrZm
	16728	_D3geo8internal10fixed_uint__T16firstNonZeroLimbVmi132ZQzFNaNbNiNfKxSQCpQCoQCi__T9UIntFixedVmi132ZQrZm
	16728	_D3geo8internal10fixed_uint__T19pastLastNonZeroLimbVmi198ZQBcFNaNbNiNfKxSQCtQCsQCm__T9UIntFixedVmi198ZQrZm
	16728	_D3geo8internal10fixed_uint__T19pastLastNonZeroLimbVmi132ZQBcFNaNbNiNfKxSQCtQCsQCm__T9UIntFixedVmi132ZQrZm
------------------
	157072	_D3geo8internal6dyadic25multiplyDyadicDifferencesFNaNbNiNfKxSQChQCgQCa22SignedDyadicDifferenceKxQBkZSQDvQDuQDo19SignedDyadicProduct
_D3geo8internal10fixed_uint__T16multiplyUnsignedVmi66Vmi66ZQBdFNaNbNiNfKxSQCuQCtQCn__T9UIntFixedVmi66ZQqKxQBhZSQEfQEeQDy__TQBlVmi132ZQBv	157072	285467062	162946440
	314144	_D3geo8internal10fixed_uint__T16firstNonZeroLimbVmi66ZQyFNaNbNiNfKxSQCoQCnQCh__T9UIntFixedVmi66ZQqZm
	314144	_D3geo8internal10fixed_uint__T19pastLastNonZeroLimbVmi66ZQBbFNaNbNiNfKxSQCsQCrQCl__T9UIntFixedVmi66ZQqZm
------------------
	26208	_D3geo8internal6dyadic22subtractDyadicProductsFNaNbNiNfKxSQCeQCdQBx19SignedDyadicProductKxQBhZSQDpQDoQDiQBl
_D3geo8internal10fixed_uint__T16subtractUnsignedVmi132ZQzFNaNbNiNfKxSQCpQCoQCi__T9UIntFixedVmi132ZQrKxQBiZSQEbQEaQDu__TQBmVmi132ZQBw	26208	45496854	17081662
	26208	_D3geo8internal10fixed_uint__T16firstNonZeroLimbVmi132ZQzFNaNbNiNfKxSQCpQCoQCi__T9UIntFixedVmi132ZQrZm
	26208	_D3geo8internal10fixed_uint__T19pastLastNonZeroLimbVmi132ZQBcFNaNbNiNfKxSQCtQCsQCm__T9UIntFixedVmi132ZQrZm
------------------
	 6552	_D3geo8internal10area_exact18addAreaDeterminantFNaNbNiNfKSQCeQCdQBx21SignedAreaAccumulatorKxSQDnQDm6dyadic19SignedDyadicProductZv
_D3geo8internal10fixed_uint__T16subtractUnsignedVmi134ZQzFNaNbNiNfKxSQCpQCoQCi__T9UIntFixedVmi134ZQrKxQBiZSQEbQEaQDu__TQBmVmi134ZQBw	6552	3595384	1507012
	 6552	_D3geo8internal10fixed_uint__T16firstNonZeroLimbVmi134ZQzFNaNbNiNfKxSQCpQCoQCi__T9UIntFixedVmi134ZQrZm
	 6552	_D3geo8internal10fixed_uint__T19pastLastNonZeroLimbVmi134ZQBcFNaNbNiNfKxSQCtQCsQCm__T9UIntFixedVmi134ZQrZm
------------------
	25908	_D3geo8internal18intersection_exact18weightedCoordinateFNaNbNiNfKxSQCnQCm10fixed_uint__T9UIntFixedVmi132ZQrKxSQEeQEd6dyadic22SignedDyadicCoordinateKxQDfKxQBtZSQGbQGa16exact_coordinate30SignedExactCoordinateNumerator
_D3geo8internal10fixed_uint__T16subtractUnsignedVmi198ZQzFNaNbNiNfKxSQCpQCoQCi__T9UIntFixedVmi198ZQrKxQBiZSQEbQEaQDu__TQBmVmi198ZQBw	25908	50292258	7339346
	25908	_D3geo8internal10fixed_uint__T16firstNonZeroLimbVmi198ZQzFNaNbNiNfKxSQCpQCoQCi__T9UIntFixedVmi198ZQrZm
	25908	_D3geo8internal10fixed_uint__T19pastLastNonZeroLimbVmi198ZQBcFNaNbNiNfKxSQCtQCsQCm__T9UIntFixedVmi198ZQrZm
------------------
	206856	_D3geo8internal6dyadic25subtractDyadicCoordinatesFNaNbNiNfKxSQChQCgQCa22SignedDyadicCoordinateKxQBkZSQDvQDuQDo22SignedDyadicDifference
_D3geo8internal10fixed_uint__T16subtractUnsignedVmi66ZQyFNaNbNiNfKxSQCoQCnQCh__T9UIntFixedVmi66ZQqKxQBhZSQDzQDyQDs__TQBlVmi66ZQBu	206856	188609824	163974226
	206856	_D3geo8internal10fixed_uint__T16firstNonZeroLimbVmi66ZQyFNaNbNiNfKxSQCoQCnQCh__T9UIntFixedVmi66ZQqZm
	206856	_D3geo8internal10fixed_uint__T19pastLastNonZeroLimbVmi66ZQBbFNaNbNiNfKxSQCsQCrQCl__T9UIntFixedVmi66ZQqZm
------------------
	26208	_D3geo8internal10fixed_uint__T16subtractUnsignedVmi132ZQzFNaNbNiNfKxSQCpQCoQCi__T9UIntFixedVmi132ZQrKxQBiZSQEbQEaQDu__TQBmVmi132ZQBw
	26112	_D3geo8internal10fixed_uint__T11addUnsignedVmi132ZQuFNaNbNiNfKxSQCkQCjQCd__T9UIntFixedVmi132ZQrKxQBiZSQDwQDvQDp__TQBmVmi132ZQBw
	130458	_D3geo8internal10fixed_uint__T16multiplyUnsignedVmi132Vmi66ZQBeFNaNbNiNfKxSQCvQCuQCo__T9UIntFixedVmi132ZQrKxSQEdQEcQDw__TQBiVmi66ZQBrZSQFdQFcQEw__TQCiVmi198ZQCs
	16728	_D3geo8internal10fixed_uint__T16multiplyUnsignedVmi198Vmi132ZQBfFNaNbNiNfKxSQCwQCvQCp__T9UIntFixedVmi198ZQrKxSQEeQEdQDx__TQBiVmi132ZQBsZSQFfQFeQEy__TQCjVmi330ZQCt
_D3geo8internal10fixed_uint__T19pastLastNonZeroLimbVmi132ZQBcFNaNbNiNfKxSQCtQCsQCm__T9UIntFixedVmi132ZQrZm	199506	112775980	112775980
------------------
	19760	_D3geo8internal10fixed_uint__T11addUnsignedVmi134ZQuFNaNbNiNfKxSQCkQCjQCd__T9UIntFixedVmi134ZQrKxQBiZSQDwQDvQDp__TQBmVmi134ZQBw
	 6552	_D3geo8internal10fixed_uint__T16subtractUnsignedVmi134ZQzFNaNbNiNfKxSQCpQCoQCi__T9UIntFixedVmi134ZQrKxQBiZSQEbQEaQDu__TQBmVmi134ZQBw
_D3geo8internal10fixed_uint__T19pastLastNonZeroLimbVmi134ZQBcFNaNbNiNfKxSQCtQCsQCm__T9UIntFixedVmi134ZQrZm	26312	4179526	4179526
------------------
	25908	_D3geo8internal10fixed_uint__T16subtractUnsignedVmi198ZQzFNaNbNiNfKxSQCpQCoQCi__T9UIntFixedVmi198ZQrKxQBiZSQEbQEaQDu__TQBmVmi198ZQBw
	26112	_D3geo8internal10fixed_uint__T11addUnsignedVmi198ZQuFNaNbNiNfKxSQCkQCjQCd__T9UIntFixedVmi198ZQrKxQBiZSQDwQDvQDp__TQBmVmi198ZQBw
	16728	_D3geo8internal10fixed_uint__T16multiplyUnsignedVmi198Vmi132ZQBfFNaNbNiNfKxSQCwQCvQCp__T9UIntFixedVmi198ZQrKxSQEeQEdQDx__TQBiVmi132ZQBsZSQFfQFeQEy__TQCjVmi330ZQCt
_D3geo8internal10fixed_uint__T19pastLastNonZeroLimbVmi198ZQBcFNaNbNiNfKxSQCtQCsQCm__T9UIntFixedVmi198ZQrZm	68748	38857646	38857646
------------------
	314144	_D3geo8internal10fixed_uint__T16multiplyUnsignedVmi66Vmi66ZQBdFNaNbNiNfKxSQCuQCtQCn__T9UIntFixedVmi66ZQqKxQBhZSQEfQEeQDy__TQBlVmi132ZQBv
	104040	_D3geo8internal10fixed_uint__T11addUnsignedVmi66ZQtFNaNbNiNfKxSQCjQCiQCc__T9UIntFixedVmi66ZQqKxQBhZSQDuQDtQDn__TQBlVmi66ZQBu
	206856	_D3geo8internal10fixed_uint__T16subtractUnsignedVmi66ZQyFNaNbNiNfKxSQCoQCnQCh__T9UIntFixedVmi66ZQqKxQBhZSQDzQDyQDs__TQBlVmi66ZQBu
	130458	_D3geo8internal10fixed_uint__T16multiplyUnsignedVmi132Vmi66ZQBeFNaNbNiNfKxSQCvQCuQCo__T9UIntFixedVmi132ZQrKxSQEdQEcQDw__TQBiVmi66ZQBrZSQFdQFcQEw__TQCiVmi198ZQCs
_D3geo8internal10fixed_uint__T19pastLastNonZeroLimbVmi66ZQBbFNaNbNiNfKxSQCsQCrQCl__T9UIntFixedVmi66ZQqZm	755498	146946914	146946914
------------------
	104448	_D3geo8internal18intersection_exact18weightedCoordinateFNaNbNiNfKxSQCnQCm10fixed_uint__T9UIntFixedVmi132ZQrKxSQEeQEd6dyadic22SignedDyadicCoordinateKxQDfKxQBtZSQGbQGa16exact_coordinate30SignedExactCoordinateNumerator
	546822	_D3geo8internal16exact_coordinate23compareExactCoordinatesFNaNbNiNfKxSQCqQCpQCj30SignedExactCoordinateNumeratorKxSQEiQEh10fixed_uint__T9UIntFixedVmi132ZQrKxQDjKxQBwZi
	26010	_D3geo8internal16exact_coordinate22roundsToFiniteBinary64FNaNbNiNfKxSQCpQCoQCi30SignedExactCoordinateNumeratorKxSQEhQEg10fixed_uint__T9UIntFixedVmi132ZQrZb
	26010	_D3geo8internal22exact_coordinate_round28roundExactCoordinateBinary64FNaNbNiNfKxSQDbQDa16exact_coordinate30SignedExactCoordinateNumeratorKxSQFiQFh10fixed_uint__T9UIntFixedVmi132ZQrZd
_D3geo8internal10fixed_uint__T9UIntFixedVmi198ZQr6isZeroMxFNaNbNdNiNfZb	703290	227643842	227643842
------------------
	26112	_D3geo8internal23segment_polygon_clip_p124tryMaterializeExactPointFNaNbNiNfKxSQCyQCx19polygon_union_exact17ExactOverlayPointJSQEu5point__T6Point2TdZQkZb
_D3geo8internal16exact_coordinate22roundsToFiniteBinary64FNaNbNiNfKxSQCpQCoQCi30SignedExactCoordinateNumeratorKxSQEhQEg10fixed_uint__T9UIntFixedVmi132ZQrZb	26112	222490558	65062146
	26010	_D3geo8internal10fixed_uint__T9UIntFixedVmi198ZQr6isZeroMxFNaNbNdNiNfZb
	26010	_D3geo8internal16exact_coordinate24binary64OverflowMidpointFNaNbNiNfZSQCqQCp10fixed_uint__T9UIntFixedVmi66ZQq
	26010	_D3geo8internal10fixed_uint__T16multiplyUnsignedVmi132Vmi66ZQBeFNaNbNiNfKxSQCvQCuQCo__T9UIntFixedVmi132ZQrKxSQEdQEcQDw__TQBiVmi66ZQBrZSQFdQFcQEw__TQCiVmi198ZQCs
	26010	_D3geo8internal10fixed_uint__T15compareUnsignedVmi198ZQyFNaNbNiNfKxSQCoQCnQCh__T9UIntFixedVmi198ZQrKxQBiZi
------------------
	234141	_D3geo8internal19polygon_union_exact__T37compareExactOverlayPointsAlongSegmentTdZQBqFNaNbNiNfSQDo7segment__T8Segment2TdZQmKxSQEtQEsQEm17ExactOverlayPointKxQBfZi
	13158	_D3geo8internal19polygon_union_exact__T25sortUniqueExactEdgeEventsTdZQBeFNaNbNiNfSQDc7segment__T8Segment2TdZQmMASQEhQEgQEa17ExactOverlayPointZm
	26112	_D3geo8internal23segment_polygon_clip_p1__T19findExactEventIndexTdZQyFNaNbNiNfSQCz7segment__T8Segment2TdZQmMAxSQEfQEe19polygon_union_exact17ExactOverlayPointKxQBxZm
_D3geo8internal16exact_coordinate23compareExactCoordinatesFNaNbNiNfKxSQCqQCpQCj30SignedExactCoordinateNumeratorKxSQEiQEh10fixed_uint__T9UIntFixedVmi132ZQrKxQDjKxQBwZi	273411	1038467980	514230502
	546822	_D3geo8internal10fixed_uint__T9UIntFixedVmi198ZQr6isZeroMxFNaNbNdNiNfZb
	257448	_D3geo8internal10fixed_uint__T15compareUnsignedVmi198ZQyFNaNbNiNfKxSQCoQCnQCh__T9UIntFixedVmi198ZQrKxQBiZi
	16728	_D3geo8internal10fixed_uint__T16multiplyUnsignedVmi198Vmi132ZQBfFNaNbNiNfKxSQCwQCvQCp__T9UIntFixedVmi198ZQrKxSQEeQEdQDx__TQBiVmi132ZQBsZSQFfQFeQEy__TQCjVmi330ZQCt
	 8364	_D3geo8internal10fixed_uint__T15compareUnsignedVmi330ZQyFNaNbNiNfKxSQCoQCnQCh__T9UIntFixedVmi330ZQrKxQBiZi
------------------
	26010	_D3geo8internal16exact_coordinate22roundsToFiniteBinary64FNaNbNiNfKxSQCpQCoQCi30SignedExactCoordinateNumeratorKxSQEhQEg10fixed_uint__T9UIntFixedVmi132ZQrZb
_D3geo8internal16exact_coordinate24binary64OverflowMidpointFNaNbNiNfZSQCqQCp10fixed_uint__T9UIntFixedVmi66ZQq	26010	9291844	9291844
------------------
	52224	_D3geo8internal18intersection_exact__T26tryProperIntersectionExactTdZQBfFNaNbNiNfSQDc7segment__T8Segment2TdZQmQBdJSQEjQEiQEc23ExactProperIntersectionZb
_D3geo8internal18intersection_exact18weightedCoordinateFNaNbNiNfKxSQCnQCm10fixed_uint__T9UIntFixedVmi132ZQrKxSQEeQEd6dyadic22SignedDyadicCoordinateKxQDfKxQBtZSQGbQGa16exact_coordinate30SignedExactCoordinateNumerator	52224	427095249	89778088
	104448	_D3geo8internal10fixed_uint__T16multiplyUnsignedVmi132Vmi66ZQBeFNaNbNiNfKxSQCvQCuQCo__T9UIntFixedVmi132ZQrKxSQEdQEcQDw__TQBiVmi66ZQBrZSQFdQFcQEw__TQCiVmi198ZQCs
	104448	_D3geo8internal10fixed_uint__T9UIntFixedVmi198ZQr6isZeroMxFNaNbNdNiNfZb
	26112	_D3geo8internal10fixed_uint__T15compareUnsignedVmi198ZQyFNaNbNiNfKxSQCoQCnQCh__T9UIntFixedVmi198ZQrKxQBiZi
	25908	_D3geo8internal10fixed_uint__T16subtractUnsignedVmi198ZQzFNaNbNiNfKxSQCpQCoQCi__T9UIntFixedVmi198ZQrKxQBiZSQEbQEaQDu__TQBmVmi198ZQBw
	26112	_D3geo8internal10fixed_uint__T11addUnsignedVmi198ZQuFNaNbNiNfKxSQCkQCjQCd__T9UIntFixedVmi198ZQrKxQBiZSQDwQDvQDp__TQBmVmi198ZQBw
------------------
	13056	_D3geo8internal19polygon_union_exact__T29appendSegmentPairNodingEventsTdZQBiFNaNbNiNfSQDg7segment__T8Segment2TdZQmQBdMASQEoQEnQEh17ExactOverlayPointKmMQBhKmZb
	13056	_D3geo8internal23segment_polygon_clip_p1__T31trySegmentPolygonClipP1InternalTdZQBkFNfSQDg7segment__T8Segment2TdZQmMSQEk12polygon_view__T12Polygon2ViewTdZQrJSQFzQFy27segment_polygon_clip_result37SegmentPolygonClipOwnedResultInternalZEQIxQIwQIq32SegmentPolygonClipInternalStatus
_D3geo8internal18intersection_exact__T26tryProperIntersectionExactTdZQBfFNaNbNiNfSQDc7segment__T8Segment2TdZQmQBdJSQEjQEiQEc23ExactProperIntersectionZb	26112	2205395414	406495277
	731136	_D3geo8internal6dyadic24decodeBinary64CoordinateFNaNbNiNfdZSQCgQCfQBz22SignedDyadicCoordinate
	417792	_D3geo8internal6dyadic25subtractDyadicCoordinatesFNaNbNiNfKxSQChQCgQCa22SignedDyadicCoordinateKxQBkZSQDvQDuQDo22SignedDyadicDifference
	208896	_D3geo8internal6dyadic25multiplyDyadicDifferencesFNaNbNiNfKxSQChQCgQCa22SignedDyadicDifferenceKxQBkZSQDvQDuQDo19SignedDyadicProduct
	104448	_D3geo8internal6dyadic22subtractDyadicProductsFNaNbNiNfKxSQCeQCdQBx19SignedDyadicProductKxQBhZSQDpQDoQDiQBl
	26112	_D3geo8internal10fixed_uint__T11addUnsignedVmi132ZQuFNaNbNiNfKxSQCkQCjQCd__T9UIntFixedVmi132ZQrKxQBiZSQDwQDvQDp__TQBmVmi132ZQBw
	52224	_D3geo8internal18intersection_exact18weightedCoordinateFNaNbNiNfKxSQCnQCm10fixed_uint__T9UIntFixedVmi132ZQrKxSQEeQEd6dyadic22SignedDyadicCoordinateKxQDfKxQBtZSQGbQGa16exact_coordinate30SignedExactCoordinateNumerator
------------------
	265216	_D3geo11orientationQnFNaNbNiNfSQBd5point__T6Point2TdZQkQzQBbZEQCiQCh12Orientation2
_D3geo8internal18orientation_filter17orientationFilterFNaNbNiNfddddddZEQCrQCqQCk23OrientationFilterResult	265216	1625366111	1099424603
	3231744	_D3std4math6traits__T8isFiniteTdZQmFNaNbNiNedZb
	1640448	_D3std4math6traits__T11isSubnormalTdZQqFNaNbNiNedZb
	105472	_D3std4math6traits__T8isFiniteTxdZQnFNaNbNiNexdZb
	105472	_D3std4math6traits__T11isSubnormalTxdZQrFNaNbNiNexdZb
------------------
	26112	_D3geo8internal19polygon_union_exact__T29appendSegmentPairNodingEventsTdZQBiFNaNbNiNfSQDg7segment__T8Segment2TdZQmQBdMASQEoQEnQEh17ExactOverlayPointKmMQBhKmZb
_D3geo8internal19polygon_union_exact20appendExactEdgeEventFNaNbNiNfMASQCqQCpQCj17ExactOverlayPointKmKxSQDxQDwQDqQBhZb	26112	45589861	45589861
------------------
	  102	_D3geo8internal23segment_polygon_clip_p1__T31trySegmentPolygonClipP1InternalTdZQBkFNfSQDg7segment__T8Segment2TdZQmMSQEk12polygon_view__T12Polygon2ViewTdZQrJSQFzQFy27segment_polygon_clip_result37SegmentPolygonClipOwnedResultInternalZEQIxQIwQIq32SegmentPolygonClipInternalStatus
_D3geo8internal19polygon_union_exact__T19seedExactEdgeEventsTdZQyFNaNbNiNfSQCv7segment__T8Segment2TdZQmMASQEaQDzQDt17ExactOverlayPointJmZb	102	465574	219338
	  408	_D3geo8internal19polygon_union_exact__T25liftRepresentedCoordinateTdZQBeFNaNbNiNfdZSQDeQDd16exact_coordinate30SignedExactCoordinateNumerator
------------------
	19788	_D3geo8internal19polygon_union_exact__T25sortUniqueExactEdgeEventsTdZQBeFNaNbNiNfSQDc7segment__T8Segment2TdZQmMASQEhQEgQEa17ExactOverlayPointZm
_D3geo8internal19polygon_union_exact__T23siftDownExactEdgeEventsTdZQBcFNaNbNiNfSQDa7segment__T8Segment2TdZQmMASQEfQEeQDy17ExactOverlayPointmmZv	19788	718345003	67865321
	142239	_D3geo8internal19polygon_union_exact__T37compareExactOverlayPointsAlongSegmentTdZQBqFNaNbNiNfSQDo7segment__T8Segment2TdZQmKxSQEtQEsQEm17ExactOverlayPointKxQBfZi
------------------
	  408	_D3geo8internal19polygon_union_exact__T19seedExactEdgeEventsTdZQyFNaNbNiNfSQCv7segment__T8Segment2TdZQmMASQEaQDzQDt17ExactOverlayPointJmZb
_D3geo8internal19polygon_union_exact__T25liftRepresentedCoordinateTdZQBeFNaNbNiNfdZSQDeQDd16exact_coordinate30SignedExactCoordinateNumerator	408	246236	205460
	  408	_D3geo8internal6dyadic24decodeBinary64CoordinateFNaNbNiNfdZSQCgQCfQBz22SignedDyadicCoordinate
------------------
	  102	_D3geo8internal23segment_polygon_clip_p1__T31trySegmentPolygonClipP1InternalTdZQBkFNfSQDg7segment__T8Segment2TdZQmMSQEk12polygon_view__T12Polygon2ViewTdZQrJSQFzQFy27segment_polygon_clip_result37SegmentPolygonClipOwnedResultInternalZEQIxQIwQIq32SegmentPolygonClipInternalStatus
_D3geo8internal19polygon_union_exact__T25sortUniqueExactEdgeEventsTdZQBeFNaNbNiNfSQDc7segment__T8Segment2TdZQmMASQEhQEgQEa17ExactOverlayPointZm	102	758833957	9612158
	19788	_D3geo8internal19polygon_union_exact__T23siftDownExactEdgeEventsTdZQBcFNaNbNiNfSQDa7segment__T8Segment2TdZQmMASQEfQEeQDy17ExactOverlayPointmmZv
	13158	_D3geo8internal16exact_coordinate23compareExactCoordinatesFNaNbNiNfKxSQCqQCpQCj30SignedExactCoordinateNumeratorKxSQEiQEh10fixed_uint__T9UIntFixedVmi132ZQrKxQDjKxQBwZi
------------------
	26112	_D3geo8internal23segment_polygon_clip_p1__T31trySegmentPolygonClipP1InternalTdZQBkFNfSQDg7segment__T8Segment2TdZQmMSQEk12polygon_view__T12Polygon2ViewTdZQrJSQFzQFy27segment_polygon_clip_result37SegmentPolygonClipOwnedResultInternalZEQIxQIwQIq32SegmentPolygonClipInternalStatus
_D3geo8internal19polygon_union_exact__T29appendSegmentPairNodingEventsTdZQBiFNaNbNiNfSQDg7segment__T8Segment2TdZQmQBdMASQEoQEnQEh17ExactOverlayPointKmMQBhKmZb	26112	1868491117	13666736
	26112	_D3geo12intersection__T18segmentContactKindTdZQxFNaNbNiNfSQCe7segment__T8Segment2TdZQmQBdZEQDlQDk18SegmentContactKind
	13056	_D3geo8internal18intersection_exact__T26tryProperIntersectionExactTdZQBfFNaNbNiNfSQDc7segment__T8Segment2TdZQmQBdJSQEjQEiQEc23ExactProperIntersectionZb
	26112	_D3geo8internal19polygon_union_exact20appendExactEdgeEventFNaNbNiNfMASQCqQCpQCj17ExactOverlayPointKmKxSQDxQDwQDqQBhZb
------------------
	142239	_D3geo8internal19polygon_union_exact__T23siftDownExactEdgeEventsTdZQBcFNaNbNiNfSQDa7segment__T8Segment2TdZQmMASQEfQEeQDy17ExactOverlayPointmmZv
	91902	_D3geo8internal23segment_polygon_clip_p1__T19findExactEventIndexTdZQyFNaNbNiNfSQCz7segment__T8Segment2TdZQmMAxSQEfQEe19polygon_union_exact17ExactOverlayPointKxQBxZm
_D3geo8internal19polygon_union_exact__T37compareExactOverlayPointsAlongSegmentTdZQBqFNaNbNiNfSQDo7segment__T8Segment2TdZQmKxSQEtQEsQEm17ExactOverlayPointKxQBfZi	234141	985208417	71112641
	234141	_D3geo8internal16exact_coordinate23compareExactCoordinatesFNaNbNiNfKxSQCqQCpQCj30SignedExactCoordinateNumeratorKxSQEiQEh10fixed_uint__T9UIntFixedVmi132ZQrKxQDjKxQBwZi
------------------
	    2	_D3geo28segment_polygon_relationship__T34classifySegmentPolygonRelationshipTdZQBnFNaNbNiNfSQDl7segment__T8Segment2TdZQmMSQEp12polygon_view__T12Polygon2ViewTdZQrZSQGeQGd26SegmentPolygonRelationship
	  102	_D3geo8internal23segment_polygon_clip_p1__T31trySegmentPolygonClipP1InternalTdZQBkFNfSQDg7segment__T8Segment2TdZQmMSQEk12polygon_view__T12Polygon2ViewTdZQrJSQFzQFy27segment_polygon_clip_result37SegmentPolygonClipOwnedResultInternalZEQIxQIwQIq32SegmentPolygonClipInternalStatus
_D3geo8internal19polygon_union_input__T24exactRingOrientationSignTdZQBdFNaNbNiNfMxSQDd16linear_ring_view__T15LinearRing2ViewTdZQuZi	104	378642082	115445209
	159744	_D3geo8internal6dyadic24decodeBinary64CoordinateFNaNbNiNfdZSQCgQCfQBz22SignedDyadicCoordinate
	106496	_D3geo8internal6dyadic25subtractDyadicCoordinatesFNaNbNiNfKxSQChQCgQCa22SignedDyadicCoordinateKxQBkZSQDvQDuQDo22SignedDyadicDifference
	53248	_D3geo8internal6dyadic25multiplyDyadicDifferencesFNaNbNiNfKxSQChQCgQCa22SignedDyadicDifferenceKxQBkZSQDvQDuQDo19SignedDyadicProduct
	26624	_D3geo8internal6dyadic22subtractDyadicProductsFNaNbNiNfKxSQCeQCdQBx19SignedDyadicProductKxQBhZSQDpQDoQDiQBl
	26624	_D3geo8internal10area_exact18addAreaDeterminantFNaNbNiNfKSQCeQCdQBx21SignedAreaAccumulatorKxSQDnQDm6dyadic19SignedDyadicProductZv
------------------
	26010	_D3geo8internal22exact_coordinate_round28roundExactCoordinateBinary64FNaNbNiNfKxSQDbQDa16exact_coordinate30SignedExactCoordinateNumeratorKxSQFiQFh10fixed_uint__T9UIntFixedVmi132ZQrZd
_D3geo8internal22exact_coordinate_round15roundedQuotientFNaNbNiNfKxSQCoQCn10fixed_uint__T9UIntFixedVmi198ZQrKxSQEfQEeQBr__TQBiVmi132ZQBsmZm	26010	1842485600	414181000
	26010	_D3geo8internal22exact_coordinate_round28pastLastNonZeroNumeratorLimbFNaNbNiNfKxSQDbQDa10fixed_uint__T9UIntFixedVmi198ZQrZm
	26010	_D3geo8internal22exact_coordinate_round27firstNonZeroDenominatorLimbFNaNbNiNfKxSQDaQCz10fixed_uint__T9UIntFixedVmi132ZQrZm
	26010	_D3geo8internal22exact_coordinate_round__T9bitLengthVmi132ZQrFNaNbNiNfKxSQCtQCs10fixed_uint__T9UIntFixedVmi132ZQrZm
	1378530	_D3geo8internal22exact_coordinate_round25compareShiftedDenominatorFNaNbNiNfKxSQCyQCx10fixed_uint__T9UIntFixedVmi198ZQrmKxSQEqQEpQBs__TQBjVmi132ZQBtmmZi
	58752	_D3geo8internal22exact_coordinate_round26subtractShiftedDenominatorFNaNbNiNfKSQCyQCx10fixed_uint__T9UIntFixedVmi198ZQrmKxSQEqQEpQBs__TQBjVmi132ZQBtmmmZm
	26010	_D3geo8internal22exact_coordinate_round18shiftedDenominatorFNaNbNiNfKxSQCrQCq10fixed_uint__T9UIntFixedVmi132ZQrmZSQEiQEhQBr__TQBiVmi198ZQBs
	26010	_D3geo8internal22exact_coordinate_round7doubledFNaNbNiNfKxSQCfQCe10fixed_uint__T9UIntFixedVmi198ZQrZSQDvQDuQBq__TQBhVmi198ZQBr
	26010	_D3geo8internal10fixed_uint__T15compareUnsignedVmi198ZQyFNaNbNiNfKxSQCoQCnQCh__T9UIntFixedVmi198ZQrKxQBiZi
------------------
	52020	_D3geo8internal22exact_coordinate_round28roundExactCoordinateBinary64FNaNbNiNfKxSQDbQDa16exact_coordinate30SignedExactCoordinateNumeratorKxSQFiQFh10fixed_uint__T9UIntFixedVmi132ZQrZd
	26010	_D3geo8internal22exact_coordinate_round15roundedQuotientFNaNbNiNfKxSQCoQCn10fixed_uint__T9UIntFixedVmi198ZQrKxSQEfQEeQBr__TQBiVmi132ZQBsmZm
_D3geo8internal22exact_coordinate_round18shiftedDenominatorFNaNbNiNfKxSQCrQCq10fixed_uint__T9UIntFixedVmi132ZQrmZSQEiQEhQBr__TQBiVmi198ZQBs	78030	48515138	48515138
------------------
	2706264	_D3geo8internal22exact_coordinate_round25compareShiftedDenominatorFNaNbNiNfKxSQCyQCx10fixed_uint__T9UIntFixedVmi198ZQrmKxSQEqQEpQBs__TQBjVmi132ZQBtmmZi
	117504	_D3geo8internal22exact_coordinate_round26subtractShiftedDenominatorFNaNbNiNfKSQCyQCx10fixed_uint__T9UIntFixedVmi198ZQrmKxSQEqQEpQBs__TQBjVmi132ZQBtmmmZm
_D3geo8internal22exact_coordinate_round22shiftedDenominatorWordFNaNbNiNfKxSQCvQCu10fixed_uint__T9UIntFixedVmi132ZQrmkmZk	2823768	381736096	381736096
------------------
	1378530	_D3geo8internal22exact_coordinate_round15roundedQuotientFNaNbNiNfKxSQCoQCn10fixed_uint__T9UIntFixedVmi198ZQrKxSQEfQEeQBr__TQBiVmi132ZQBsmZm
_D3geo8internal22exact_coordinate_round25compareShiftedDenominatorFNaNbNiNfKxSQCyQCx10fixed_uint__T9UIntFixedVmi198ZQrmKxSQEqQEpQBs__TQBjVmi132ZQBtmmZi	1378530	1290154026	934068188
	2706264	_D3geo8internal22exact_coordinate_round22shiftedDenominatorWordFNaNbNiNfKxSQCvQCu10fixed_uint__T9UIntFixedVmi132ZQrmkmZk
------------------
	58752	_D3geo8internal22exact_coordinate_round15roundedQuotientFNaNbNiNfKxSQCoQCn10fixed_uint__T9UIntFixedVmi198ZQrKxSQEfQEeQBr__TQBiVmi132ZQBsmZm
_D3geo8internal22exact_coordinate_round26subtractShiftedDenominatorFNaNbNiNfKSQCyQCx10fixed_uint__T9UIntFixedVmi198ZQrmKxSQEqQEpQBs__TQBjVmi132ZQBtmmmZm	58752	58474960	32824702
	117504	_D3geo8internal22exact_coordinate_round22shiftedDenominatorWordFNaNbNiNfKxSQCvQCu10fixed_uint__T9UIntFixedVmi132ZQrmkmZk
------------------
	26010	_D3geo8internal22exact_coordinate_round15roundedQuotientFNaNbNiNfKxSQCoQCn10fixed_uint__T9UIntFixedVmi198ZQrKxSQEfQEeQBr__TQBiVmi132ZQBsmZm
_D3geo8internal22exact_coordinate_round27firstNonZeroDenominatorLimbFNaNbNiNfKxSQDaQCz10fixed_uint__T9UIntFixedVmi132ZQrZm	26010	6244800	6244800
------------------
	26010	_D3geo8internal22exact_coordinate_round15roundedQuotientFNaNbNiNfKxSQCoQCn10fixed_uint__T9UIntFixedVmi198ZQrKxSQEfQEeQBr__TQBiVmi132ZQBsmZm
_D3geo8internal22exact_coordinate_round28pastLastNonZeroNumeratorLimbFNaNbNiNfKxSQDbQDa10fixed_uint__T9UIntFixedVmi198ZQrZm	26010	4655758	4655758
------------------
	26112	_D3geo8internal23segment_polygon_clip_p124tryMaterializeExactPointFNaNbNiNfKxSQCyQCx19polygon_union_exact17ExactOverlayPointJSQEu5point__T6Point2TdZQkZb
_D3geo8internal22exact_coordinate_round28roundExactCoordinateBinary64FNaNbNiNfKxSQDbQDa16exact_coordinate30SignedExactCoordinateNumeratorKxSQFiQFh10fixed_uint__T9UIntFixedVmi132ZQrZd	26112	1988096152	46951439
	26010	_D3geo8internal10fixed_uint__T9UIntFixedVmi198ZQr6isZeroMxFNaNbNdNiNfZb
	52020	_D3geo8internal22exact_coordinate_round18shiftedDenominatorFNaNbNiNfKxSQCrQCq10fixed_uint__T9UIntFixedVmi132ZQrmZSQEiQEhQBr__TQBiVmi198ZQBs
	52020	_D3geo8internal10fixed_uint__T15compareUnsignedVmi198ZQyFNaNbNiNfKxSQCoQCnQCh__T9UIntFixedVmi198ZQrKxQBiZi
	26010	_D3geo8internal22exact_coordinate_round__T9bitLengthVmi198ZQrFNaNbNiNfKxSQCtQCs10fixed_uint__T9UIntFixedVmi198ZQrZm
	26010	_D3geo8internal22exact_coordinate_round__T9bitLengthVmi132ZQrFNaNbNiNfKxSQCtQCs10fixed_uint__T9UIntFixedVmi132ZQrZm
	26010	_D3geo8internal22exact_coordinate_round15roundedQuotientFNaNbNiNfKxSQCoQCn10fixed_uint__T9UIntFixedVmi198ZQrKxSQEfQEeQBr__TQBiVmi132ZQBsmZm
------------------
	26010	_D3geo8internal22exact_coordinate_round15roundedQuotientFNaNbNiNfKxSQCoQCn10fixed_uint__T9UIntFixedVmi198ZQrKxSQEfQEeQBr__TQBiVmi132ZQBsmZm
_D3geo8internal22exact_coordinate_round7doubledFNaNbNiNfKxSQCfQCe10fixed_uint__T9UIntFixedVmi198ZQrZSQDvQDuQBq__TQBhVmi198ZQBr	26010	21295628	21295628
------------------
	26010	_D3geo8internal22exact_coordinate_round28roundExactCoordinateBinary64FNaNbNiNfKxSQDbQDa16exact_coordinate30SignedExactCoordinateNumeratorKxSQFiQFh10fixed_uint__T9UIntFixedVmi132ZQrZd
	26010	_D3geo8internal22exact_coordinate_round15roundedQuotientFNaNbNiNfKxSQCoQCn10fixed_uint__T9UIntFixedVmi198ZQrKxSQEfQEeQBr__TQBiVmi132ZQBsmZm
_D3geo8internal22exact_coordinate_round__T9bitLengthVmi132ZQrFNaNbNiNfKxSQCtQCs10fixed_uint__T9UIntFixedVmi132ZQrZm	52020	30156886	30156886
------------------
	26010	_D3geo8internal22exact_coordinate_round28roundExactCoordinateBinary64FNaNbNiNfKxSQDbQDa16exact_coordinate30SignedExactCoordinateNumeratorKxSQFiQFh10fixed_uint__T9UIntFixedVmi132ZQrZd
_D3geo8internal22exact_coordinate_round__T9bitLengthVmi198ZQrFNaNbNiNfKxSQCtQCs10fixed_uint__T9UIntFixedVmi198ZQrZm	26010	7266262	7266262
------------------
	13056	_D3geo8internal23segment_polygon_clip_p1__T31trySegmentPolygonClipP1InternalTdZQBkFNfSQDg7segment__T8Segment2TdZQmMSQEk12polygon_view__T12Polygon2ViewTdZQrJSQFzQFy27segment_polygon_clip_result37SegmentPolygonClipOwnedResultInternalZEQIxQIwQIq32SegmentPolygonClipInternalStatus
_D3geo8internal23segment_polygon_clip_p116setAfterLocationFNaNbNiNfKEQCpQCoQCi16IntervalLocationQBcZv	13056	12581707	12581707
------------------
	13056	_D3geo8internal23segment_polygon_clip_p1__T31trySegmentPolygonClipP1InternalTdZQBkFNfSQDg7segment__T8Segment2TdZQmMSQEk12polygon_view__T12Polygon2ViewTdZQrJSQFzQFy27segment_polygon_clip_result37SegmentPolygonClipOwnedResultInternalZEQIxQIwQIq32SegmentPolygonClipInternalStatus
_D3geo8internal23segment_polygon_clip_p124tryMaterializeExactPointFNaNbNiNfKxSQCyQCx19polygon_union_exact17ExactOverlayPointJSQEu5point__T6Point2TdZQkZb	13056	2232231220	21300747
	26112	_D3geo8internal16exact_coordinate22roundsToFiniteBinary64FNaNbNiNfKxSQCpQCoQCi30SignedExactCoordinateNumeratorKxSQEhQEg10fixed_uint__T9UIntFixedVmi132ZQrZb
	26112	_D3geo8internal22exact_coordinate_round28roundExactCoordinateBinary64FNaNbNiNfKxSQDbQDa16exact_coordinate30SignedExactCoordinateNumeratorKxSQFiQFh10fixed_uint__T9UIntFixedVmi132ZQrZd
	26112	_D3std4math6traits__T8isFiniteTxdZQnFNaNbNiNexdZb
------------------
	13056	_D3geo8internal23segment_polygon_clip_p1__T31trySegmentPolygonClipP1InternalTdZQBkFNfSQDg7segment__T8Segment2TdZQmMSQEk12polygon_view__T12Polygon2ViewTdZQrJSQFzQFy27segment_polygon_clip_result37SegmentPolygonClipOwnedResultInternalZEQIxQIwQIq32SegmentPolygonClipInternalStatus
_D3geo8internal23segment_polygon_clip_p1__T19findExactEventIndexTdZQyFNaNbNiNfSQCz7segment__T8Segment2TdZQmMAxSQEfQEe19polygon_union_exact17ExactOverlayPointKxQBxZm	13056	442532979	14308836
	91902	_D3geo8internal19polygon_union_exact__T37compareExactOverlayPointsAlongSegmentTdZQBqFNaNbNiNfSQDo7segment__T8Segment2TdZQmKxSQEtQEsQEm17ExactOverlayPointKxQBfZi
	26112	_D3geo8internal16exact_coordinate23compareExactCoordinatesFNaNbNiNfKxSQCqQCpQCj30SignedExactCoordinateNumeratorKxSQEiQEh10fixed_uint__T9UIntFixedVmi132ZQrKxQDjKxQBwZi
------------------
	  102	_D3geo8internal23segment_polygon_clip_p1__T31trySegmentPolygonClipP1InternalTdZQBkFNfSQDg7segment__T8Segment2TdZQmMSQEk12polygon_view__T12Polygon2ViewTdZQrJSQFzQFy27segment_polygon_clip_result37SegmentPolygonClipOwnedResultInternalZEQIxQIwQIq32SegmentPolygonClipInternalStatus
_D3geo8internal23segment_polygon_clip_p1__T24polygonBoundaryEdgeCountTdZQBdFNaNbNiNfMSQDg12polygon_view__T12Polygon2ViewTdZQrZm	102	206312	206312
------------------
	  102	_D3geo8internal23segment_polygon_clip_p1__T31trySegmentPolygonClipP1InternalTdZQBkFNfSQDg7segment__T8Segment2TdZQmMSQEk12polygon_view__T12Polygon2ViewTdZQrJSQFzQFy27segment_polygon_clip_result37SegmentPolygonClipOwnedResultInternalZEQIxQIwQIq32SegmentPolygonClipInternalStatus
_D3geo8internal23segment_polygon_clip_p1__T26queryBoundaryEventCapacityTdZQBfFNaNbNiNfSQDh7segment__T8Segment2TdZQmMSQEl12polygon_view__T12Polygon2ViewTdZQrZm	102	2123586	1743718
	  102	_D3geo12bounding_box__T9tryBoundsTdZQnFNaNbNiNfSQBu7segment__T8Segment2TdZQmJSQCy6bounds__T7Bounds2TdZQlZb
------------------
	  102	_D3geo20segment_polygon_clip__T20clipSegmentToPolygonTdZQzFNfSQCi7segment__T8Segment2TdZQmMSQDm12polygon_view__T12Polygon2ViewTdZQrZSQFbQFa24SegmentPolygonClipResult
_D3geo8internal23segment_polygon_clip_p1__T31trySegmentPolygonClipP1InternalTdZQBkFNfSQDg7segment__T8Segment2TdZQmMSQEk12polygon_view__T12Polygon2ViewTdZQrJSQFzQFy27segment_polygon_clip_result37SegmentPolygonClipOwnedResultInternalZEQIxQIwQIq32SegmentPolygonClipInternalStatus	102	8255369922	121326990
	  102	_D3geo8internal23segment_polygon_clip_p1__T24polygonBoundaryEdgeCountTdZQBdFNaNbNiNfMSQDg12polygon_view__T12Polygon2ViewTdZQrZm
	  102	_D3geo8internal23segment_polygon_clip_p1__T26queryBoundaryEventCapacityTdZQBfFNaNbNiNfSQDh7segment__T8Segment2TdZQmMSQEl12polygon_view__T12Polygon2ViewTdZQrZm
	  102	_D4core8internal5array12construction__T12_d_newarrayTTS3geoQCa19polygon_union_exact17ExactOverlayPointZQCmFNaNbNembZAQCl
	  102	_D3geo8internal19polygon_union_exact__T19seedExactEdgeEventsTdZQyFNaNbNiNfSQCv7segment__T8Segment2TdZQmMASQEaQDzQDt17ExactOverlayPointJmZb
	26112	_D3geo8internal19polygon_union_exact__T29appendSegmentPairNodingEventsTdZQBiFNaNbNiNfSQDg7segment__T8Segment2TdZQmQBdMASQEoQEnQEh17ExactOverlayPointKmMQBhKmZb
	  102	_D3geo8internal19polygon_union_exact__T25sortUniqueExactEdgeEventsTdZQBeFNaNbNiNfSQDc7segment__T8Segment2TdZQmMASQEhQEgQEa17ExactOverlayPointZm
	  102	_D4core8internal5array8capacity__T22_d_arraysetlengthTImplHTAS3geoQCh19polygon_union_exact17ExactOverlayPointTQBxZ18_d_arraysetlengthTFNaNbNeNkMKQDhmZm
	  204	_D4core8internal5array12construction__T12_d_newarrayTTmZQrFNaNbNembZAm
	  102	_D4core8internal5array12construction__T12_d_newarrayTTE3geoQCa23segment_polygon_clip_p116IntervalLocationZQCpFNaNbNembZAQCo
	  102	_D3geo8internal19polygon_union_input__T24exactRingOrientationSignTdZQBdFNaNbNiNfMxSQDd16linear_ring_view__T15LinearRing2ViewTdZQuZi
	52224	_D3geo12intersection__T18segmentContactKindTdZQxFNaNbNiNfSQCe7segment__T8Segment2TdZQmQBdZEQDlQDk18SegmentContactKind
	13056	_D3geo8internal18intersection_exact__T26tryProperIntersectionExactTdZQBfFNaNbNiNfSQDc7segment__T8Segment2TdZQmQBdJSQEjQEiQEc23ExactProperIntersectionZb
	13056	_D3geo8internal23segment_polygon_clip_p1__T19findExactEventIndexTdZQyFNaNbNiNfSQCz7segment__T8Segment2TdZQmMAxSQEfQEe19polygon_union_exact17ExactOverlayPointKxQBxZm
	13056	_D3geo11orientationQnFNaNbNiNfSQBd5point__T6Point2TdZQkQzQBbZEQCiQCh12Orientation2
	13056	_D3geo8internal23segment_polygon_clip_p116setAfterLocationFNaNbNiNfKEQCpQCoQCi16IntervalLocationQBcZv
	  102	_D4core8internal5array12construction__T12_d_newarrayTTbZQrFNaNbNembZAb
	  102	_D3geo16point_in_polygon__T25tryClassifyPointInPolygonTdZQBeFNaNbNiNfMSQCr12polygon_view__T12Polygon2ViewTdZQrSQEf5point__T6Point2TdZQkJEQFfQFe20PointPolygonLocationZb
	  102	_D4core8internal5array12construction__T12_d_newarrayTTS3geo7segment__T8Segment2TdZQmZQBuFNaNbNembZAQBt
	13056	_D3geo8internal23segment_polygon_clip_p124tryMaterializeExactPointFNaNbNiNfKxSQCyQCx19polygon_union_exact17ExactOverlayPointJSQEu5point__T6Point2TdZQkZb
------------------
	  106	_D3geo16point_in_polygon__T25tryClassifyPointInPolygonTdZQBeFNaNbNiNfMSQCr12polygon_view__T12Polygon2ViewTdZQrSQEf5point__T6Point2TdZQkJEQFfQFe20PointPolygonLocationZb
_D3geo8internal25ring_point_classification__T22tryClassifyPointInRingTdZQBbFNaNbNiNfMxSQDh16linear_ring_view__T15LinearRing2ViewTdZQuSQFc5point__T6Point2TdZQkJEQGcQGbQFv17RingPointLocationZb	106	73534226	18500540
	54484	_D3std4math6traits__T8isFiniteTxdZQnFNaNbNiNexdZb
	13568	_D3geo11orientationQnFNaNbNiNfSQBd5point__T6Point2TdZQkQzQBbZEQCiQCh12Orientation2
------------------
	26624	_D3geo8internal19polygon_union_input__T24exactRingOrientationSignTdZQBdFNaNbNiNfMxSQDd16linear_ring_view__T15LinearRing2ViewTdZQuZi
	104448	_D3geo8internal18intersection_exact__T26tryProperIntersectionExactTdZQBfFNaNbNiNfSQDc7segment__T8Segment2TdZQmQBdJSQEjQEiQEc23ExactProperIntersectionZb
_D3geo8internal6dyadic22subtractDyadicProductsFNaNbNiNfKxSQCeQCdQBx19SignedDyadicProductKxQBhZSQDpQDoQDiQBl	131072	80361938	28877492
	26208	_D3geo8internal10fixed_uint__T15compareUnsignedVmi132ZQyFNaNbNiNfKxSQCoQCnQCh__T9UIntFixedVmi132ZQrKxQBiZi
	26208	_D3geo8internal10fixed_uint__T16subtractUnsignedVmi132ZQzFNaNbNiNfKxSQCpQCoQCi__T9UIntFixedVmi132ZQrKxQBiZSQEbQEaQDu__TQBmVmi132ZQBw
------------------
	159744	_D3geo8internal19polygon_union_input__T24exactRingOrientationSignTdZQBdFNaNbNiNfMxSQDd16linear_ring_view__T15LinearRing2ViewTdZQuZi
	  408	_D3geo8internal19polygon_union_exact__T25liftRepresentedCoordinateTdZQBeFNaNbNiNfdZSQDeQDd16exact_coordinate30SignedExactCoordinateNumerator
	731136	_D3geo8internal18intersection_exact__T26tryProperIntersectionExactTdZQBfFNaNbNiNfSQDc7segment__T8Segment2TdZQmQBdJSQEjQEiQEc23ExactProperIntersectionZb
_D3geo8internal6dyadic24decodeBinary64CoordinateFNaNbNiNfdZSQCgQCfQBz22SignedDyadicCoordinate	891288	264724334	264724334
------------------
	53248	_D3geo8internal19polygon_union_input__T24exactRingOrientationSignTdZQBdFNaNbNiNfMxSQDd16linear_ring_view__T15LinearRing2ViewTdZQuZi
	208896	_D3geo8internal18intersection_exact__T26tryProperIntersectionExactTdZQBfFNaNbNiNfSQDc7segment__T8Segment2TdZQmQBdJSQEjQEiQEc23ExactProperIntersectionZb
_D3geo8internal6dyadic25multiplyDyadicDifferencesFNaNbNiNfKxSQChQCgQCa22SignedDyadicDifferenceKxQBkZSQDvQDuQDo19SignedDyadicProduct	262144	431998643	146531581
	157072	_D3geo8internal10fixed_uint__T16multiplyUnsignedVmi66Vmi66ZQBdFNaNbNiNfKxSQCuQCtQCn__T9UIntFixedVmi66ZQqKxQBhZSQEfQEeQDy__TQBlVmi132ZQBv
------------------
	106496	_D3geo8internal19polygon_union_input__T24exactRingOrientationSignTdZQBdFNaNbNiNfMxSQDd16linear_ring_view__T15LinearRing2ViewTdZQuZi
	417792	_D3geo8internal18intersection_exact__T26tryProperIntersectionExactTdZQBfFNaNbNiNfSQDc7segment__T8Segment2TdZQmQBdJSQEjQEiQEc23ExactProperIntersectionZb
_D3geo8internal6dyadic25subtractDyadicCoordinatesFNaNbNiNfKxSQChQCgQCa22SignedDyadicCoordinateKxQBkZSQDvQDuQDo22SignedDyadicDifference	524288	766667209	342675647
	310896	_D3geo8internal10fixed_uint__T15compareUnsignedVmi66ZQxFNaNbNiNfKxSQCnQCmQCg__T9UIntFixedVmi66ZQqKxQBhZi
	104040	_D3geo8internal10fixed_uint__T11addUnsignedVmi66ZQtFNaNbNiNfKxSQCjQCiQCc__T9UIntFixedVmi66ZQqKxQBhZSQDuQDtQDn__TQBlVmi66ZQBu
	206856	_D3geo8internal10fixed_uint__T16subtractUnsignedVmi66ZQyFNaNbNiNfKxSQCoQCnQCh__T9UIntFixedVmi66ZQqKxQBhZSQDzQDyQDs__TQBlVmi66ZQBu
------------------
	    1	_D3std4conv__T6toImplTmTAyaZQoFNaNfQlZm
_D3std4conv__T5parseTmTAyaVEQBa8typecons__T4FlagVQBaa7_646f436f756e74ZQBbi0ZQCkFNaNfMKQClZm	1	883	883
------------------
	    1	_Dmain
_D3std4conv__T6toImplTmTAyaZQoFNaNfQlZm	1	2156	1273
	    1	_D3std4conv__T5parseTmTAyaVEQBa8typecons__T4FlagVQBaa7_646f436f756e74ZQBbi0ZQCkFNaNfMKQClZm
------------------
	1640448	_D3geo8internal18orientation_filter17orientationFilterFNaNbNiNfddddddZEQCrQCqQCk23OrientationFilterResult
_D3std4math6traits__T11isSubnormalTdZQqFNaNbNiNedZb	1640448	155905042	155905042
------------------
	105472	_D3geo8internal18orientation_filter17orientationFilterFNaNbNiNfddddddZEQCrQCqQCk23OrientationFilterResult
_D3std4math6traits__T11isSubnormalTxdZQrFNaNbNiNexdZb	105472	13817992	13817992
------------------
	3231744	_D3geo8internal18orientation_filter17orientationFilterFNaNbNiNfddddddZEQCrQCqQCk23OrientationFilterResult
_D3std4math6traits__T8isFiniteTdZQmFNaNbNiNedZb	3231744	353177434	353177434
------------------
	  512	_D3geo19topology_validation__T12validateRingTdZQrFNaNbNiNfMSQCg16linear_ring_view__T15LinearRing2ViewTdZQuZS11euclid_core15ring_validation20RingValidationResult
	    8	_D21segment_polygon_bench__T9preflightTdZQnFNfKSQBu__T4CaseTdZQiZv
	  212	_D3geo16point_in_polygon__T25tryClassifyPointInPolygonTdZQBeFNaNbNiNfMSQCr12polygon_view__T12Polygon2ViewTdZQrSQEf5point__T6Point2TdZQkJEQFfQFe20PointPolygonLocationZb
	54484	_D3geo8internal25ring_point_classification__T22tryClassifyPointInRingTdZQBbFNaNbNiNfMxSQDh16linear_ring_view__T15LinearRing2ViewTdZQuSQFc5point__T6Point2TdZQkJEQGcQGbQFv17RingPointLocationZb
	105472	_D3geo8internal18orientation_filter17orientationFilterFNaNbNiNfddddddZEQCrQCqQCk23OrientationFilterResult
	26112	_D3geo8internal23segment_polygon_clip_p124tryMaterializeExactPointFNaNbNiNfKxSQCyQCx19polygon_union_exact17ExactOverlayPointJSQEu5point__T6Point2TdZQkZb
_D3std4math6traits__T8isFiniteTxdZQnFNaNbNiNexdZb	186800	4542435	4542435
------------------
	    4	_D3std6format8internal5write__T12writeAlignedTSQBt5stdio4File17LockingTextWriterTAaTQdTAyaTQeTaZQCnFNfKQCfQzQBbQyQBaMKxSQEoQEn4spec__T10FormatSpecTaZQpEQFuQFtQFpQFj13PrecisionTypeZv
_D3std5stdio4File17LockingTextWriter__T3putTAaZQiMFNfMQkZv	4	490	490
------------------
	    3	_D3std6format4spec__T10FormatSpecTaZQp__T17writeUpToNextSpecTSQCi5stdio4File17LockingTextWriterZQCdMFNlNfKQBtZb
_D3std5stdio4File17LockingTextWriter__T3putTAxaZQjMFNfMQlZv	3	192813	192813
------------------
	    4	_D3std6format8internal5write__T12writeAlignedTSQBt5stdio4File17LockingTextWriterTAyaTQeTQhTQkTaZQCnFNfKQCfQzQBbQBeQBhMKxSQEpQEo4spec__T10FormatSpecTaZQpEQFvQFuQFqQFk13PrecisionTypeZv
	    4	_D3std6format8internal5write__T12writeAlignedTSQBt5stdio4File17LockingTextWriterTAaTQdTAyaTQeTaZQCnFNfKQCfQzQBbQyQBaMKxSQEoQEn4spec__T10FormatSpecTaZQpEQFuQFtQFpQFj13PrecisionTypeZv
_D3std5stdio4File17LockingTextWriter__T3putTAyaZQjMFNfMQlZv	8	2489	2489
------------------
	    1	_D3std5stdio4File__T8writeflnTaTAyaTmTmZQuMFNfIAaQrmmZv
_D3std5stdio4File17LockingTextWriter__T3putTaZQhMFNfMaZv	1	1117	1117
------------------
	    1	_D3std5stdio__T8writeflnTaTAyaTmTmZQuFNfIAaQqmmZv
_D3std5stdio4File__T8writeflnTaTAyaTmTmZQuMFNfIAaQrmmZv	1	493175	60865
	    1	_D3std9exception__T7enforceZ__TQmTbZQrFNaNfbLAxaAyamZb
	    1	_D3std6format5write__T14formattedWriteTSQBm5stdio4File17LockingTextWriterTaTAyaTmTmZQCkFNfKQCaMxAaQwmmZk
	    1	_D3std5stdio4File17LockingTextWriter__T3putTaZQhMFNfMaZv
------------------
	    1	_Dmain
_D3std5stdio__T8writeflnTaTAyaTmTmZQuFNfIAaQqmmZv	1	497464	4289
	    1	_D3std5stdio4File__T8writeflnTaTAyaTmTmZQuMFNfIAaQrmmZv
------------------
	    3	_D3std6format4spec__T10FormatSpecTaZQp__T17writeUpToNextSpecTSQCi5stdio4File17LockingTextWriterZQCdMFNlNfKQBtZb
_D3std6format4spec__T10FormatSpecTaZQp6fillUpMFNaNlNfZv	3	699	699
------------------
	    4	_D3std6format5write__T14formattedWriteTSQBm5stdio4File17LockingTextWriterTaTAyaTmTmZQCkFNfKQCaMxAaQwmmZk
_D3std6format4spec__T10FormatSpecTaZQp__T17writeUpToNextSpecTSQCi5stdio4File17LockingTextWriterZQCdMFNlNfKQBtZb	4	202398	8627
	    3	_D3std5stdio4File17LockingTextWriter__T3putTAxaZQjMFNfMQlZv
	    3	_D3std9exception__T7enforceHTCQBc6format15FormatExceptionZ__TQBqTbZQBwFNaNfbLAxaAyamZb
	    3	_D3std6format4spec__T10FormatSpecTaZQp6fillUpMFNaNlNfZv
------------------
	    1	_D3std6format5write__T14formattedWriteTSQBm5stdio4File17LockingTextWriterTaTAyaTmTmZQCkFNfKQCaMxAaQwmmZk
_D3std6format5write__T11formatValueTSQBj5stdio4File17LockingTextWriterTAyaTaZQCdFNfKQBwKQrMKxSQDoQDn4spec__T10FormatSpecTaZQpZv	1	7870	519
	    1	_D3std9exception__T7enforceHTCQBc6format15FormatExceptionZ__TQBqTbZQBwFNaNfbLAxaAyamZb
	    1	_D3std6format8internal5write__T11formatRangeTSQBs5stdio4File17LockingTextWriterTAyaTaZQCdFNfKQBwKQrMKxSQDxQDw4spec__T10FormatSpecTaZQpZv
------------------
	    2	_D3std6format5write__T14formattedWriteTSQBm5stdio4File17LockingTextWriterTaTAyaTmTmZQCkFNfKQCaMxAaQwmmZk
_D3std6format5write__T11formatValueTSQBj5stdio4File17LockingTextWriterTmTaZQCbFNfKQBuKmMKxSQDlQDk4spec__T10FormatSpecTaZQpZv	2	9028	465
	    2	_D3std9exception__T7enforceHTCQBc6format15FormatExceptionZ__TQBqTbZQBwFNaNfbLAxaAyamZb
	    2	_D3std6format8internal5write__T15formatValueImplTSQBw5stdio4File17LockingTextWriterTmTaZQCfFNfKQBuxmMKxSQDyQDx4spec__T10FormatSpecTaZQpZv
------------------
	    1	_D3std5stdio4File__T8writeflnTaTAyaTmTmZQuMFNfIAaQrmmZv
_D3std6format5write__T14formattedWriteTSQBm5stdio4File17LockingTextWriterTaTAyaTmTmZQCkFNfKQCaMxAaQwmmZk	1	430830	211534
	    4	_D3std6format4spec__T10FormatSpecTaZQp__T17writeUpToNextSpecTSQCi5stdio4File17LockingTextWriterZQCdMFNlNfKQBtZb
	    1	_D3std6format5write__T11formatValueTSQBj5stdio4File17LockingTextWriterTAyaTaZQCdFNfKQBwKQrMKxSQDoQDn4spec__T10FormatSpecTaZQpZv
	    2	_D3std6format5write__T11formatValueTSQBj5stdio4File17LockingTextWriterTmTaZQCbFNfKQBuKmMKxSQDlQDk4spec__T10FormatSpecTaZQpZv
------------------
	    1	_D3std6format5write__T11formatValueTSQBj5stdio4File17LockingTextWriterTAyaTaZQCdFNfKQBwKQrMKxSQDoQDn4spec__T10FormatSpecTaZQpZv
_D3std6format8internal5write__T11formatRangeTSQBs5stdio4File17LockingTextWriterTAyaTaZQCdFNfKQBwKQrMKxSQDxQDw4spec__T10FormatSpecTaZQpZv	1	7326	1559
	    1	_D3std6format8internal5write__T12writeAlignedTSQBt5stdio4File17LockingTextWriterTAyaTQeTQhTQkTaZQCnFNfKQCfQzQBbQBeQBhMKxSQEpQEo4spec__T10FormatSpecTaZQpEQFvQFuQFqQFk13PrecisionTypeZv
------------------
	    2	_D3std6format8internal5write__T20formatValueImplUlongTSQCb5stdio4File17LockingTextWriterTaZQCiFNfKQBsmIbMKxSQEcQEb4spec__T10FormatSpecTaZQpZv
_D3std6format8internal5write__T12writeAlignedTSQBt5stdio4File17LockingTextWriterTAaTQdTAyaTQeTaZQCnFNfKQCfQzQBbQyQBaMKxSQEoQEn4spec__T10FormatSpecTaZQpEQFuQFtQFpQFj13PrecisionTypeZv	2	3500	2935
	    4	_D3std5stdio4File17LockingTextWriter__T3putTAaZQiMFNfMQkZv
	    4	_D3std5stdio4File17LockingTextWriter__T3putTAyaZQjMFNfMQlZv
------------------
	    1	_D3std6format8internal5write__T11formatRangeTSQBs5stdio4File17LockingTextWriterTAyaTaZQCdFNfKQBwKQrMKxSQDxQDw4spec__T10FormatSpecTaZQpZv
_D3std6format8internal5write__T12writeAlignedTSQBt5stdio4File17LockingTextWriterTAyaTQeTQhTQkTaZQCnFNfKQCfQzQBbQBeQBhMKxSQEpQEo4spec__T10FormatSpecTaZQpEQFvQFuQFqQFk13PrecisionTypeZv	1	5767	3353
	    4	_D3std5stdio4File17LockingTextWriter__T3putTAyaZQjMFNfMQlZv
------------------
	    2	_D3std6format5write__T11formatValueTSQBj5stdio4File17LockingTextWriterTmTaZQCbFNfKQBuKmMKxSQDlQDk4spec__T10FormatSpecTaZQpZv
_D3std6format8internal5write__T15formatValueImplTSQBw5stdio4File17LockingTextWriterTmTaZQCfFNfKQBuxmMKxSQDyQDx4spec__T10FormatSpecTaZQpZv	2	8538	1584
	    2	_D3std6format8internal5write__T20formatValueImplUlongTSQCb5stdio4File17LockingTextWriterTaZQCiFNfKQBsmIbMKxSQEcQEb4spec__T10FormatSpecTaZQpZv
------------------
	    2	_D3std6format8internal5write__T15formatValueImplTSQBw5stdio4File17LockingTextWriterTmTaZQCfFNfKQBuxmMKxSQDyQDx4spec__T10FormatSpecTaZQpZv
_D3std6format8internal5write__T20formatValueImplUlongTSQCb5stdio4File17LockingTextWriterTaZQCiFNfKQBsmIbMKxSQEcQEb4spec__T10FormatSpecTaZQpZv	2	6954	3429
	    2	_D3std9exception__T7enforceHTCQBc6format15FormatExceptionZ__TQBqTbZQBwFNaNfbLAxaAyamZb
	    2	_D3std6format8internal5write__T12writeAlignedTSQBt5stdio4File17LockingTextWriterTAaTQdTAyaTQeTaZQCnFNfKQCfQzQBbQyQBaMKxSQEoQEn4spec__T10FormatSpecTaZQpEQFuQFtQFpQFj13PrecisionTypeZv
------------------
	    3	_D3std6format4spec__T10FormatSpecTaZQp__T17writeUpToNextSpecTSQCi5stdio4File17LockingTextWriterZQCdMFNlNfKQBtZb
	    1	_D3std6format5write__T11formatValueTSQBj5stdio4File17LockingTextWriterTAyaTaZQCdFNfKQBwKQrMKxSQDoQDn4spec__T10FormatSpecTaZQpZv
	    2	_D3std6format5write__T11formatValueTSQBj5stdio4File17LockingTextWriterTmTaZQCbFNfKQBuKmMKxSQDlQDk4spec__T10FormatSpecTaZQpZv
	    2	_D3std6format8internal5write__T20formatValueImplUlongTSQCb5stdio4File17LockingTextWriterTaZQCiFNfKQBsmIbMKxSQEcQEb4spec__T10FormatSpecTaZQpZv
_D3std9exception__T7enforceHTCQBc6format15FormatExceptionZ__TQBqTbZQBwFNaNfbLAxaAyamZb	8	334	334
------------------
	    1	_Dmain
	  137	_D21segment_polygon_bench__T9preflightTdZQnFNfKSQBu__T4CaseTdZQiZv
	    1	_D3std5stdio4File__T8writeflnTaTAyaTmTmZQuMFNfIAaQrmmZv
_D3std9exception__T7enforceZ__TQmTbZQrFNaNfbLAxaAyamZb	139	4434	4434
------------------
	    1	_D21segment_polygon_bench__T6corpusTdZQkFZASQBq__T4CaseTdZQi
_D4core8internal5array11duplication__T4_dupTxS3geo5point__T6Point2TdZQkTSQBbQBa__TQxTdZQBcZQCbFNaNbNeMAxQChZAQBl	1	389	389
------------------
	    8	_D21segment_polygon_bench__T6corpusTdZQkFZASQBq__T4CaseTdZQi
_D4core8internal5array11duplication__T4_dupTxaTaZQlFNaNbNeMAxaZAa	8	5322	5322
------------------
	  102	_D3geo8internal23segment_polygon_clip_p1__T31trySegmentPolygonClipP1InternalTdZQBkFNfSQDg7segment__T8Segment2TdZQmMSQEk12polygon_view__T12Polygon2ViewTdZQrJSQFzQFy27segment_polygon_clip_result37SegmentPolygonClipOwnedResultInternalZEQIxQIwQIq32SegmentPolygonClipInternalStatus
_D4core8internal5array12construction__T12_d_newarrayTTE3geoQCa23segment_polygon_clip_p116IntervalLocationZQCpFNaNbNembZAQCo	102	11055644	11055644
------------------
	   23	_D21segment_polygon_bench__T8makeCaseTdZQmFNaNbNfAyaAAS3geo5point__T6Point2TdZQkSQBa7segment__T8Segment2TdZQmkAQBfEQCi20segment_polygon_clip24SegmentPolygonClipStatusZSQGk__T4CaseTdZQi
_D4core8internal5array12construction__T12_d_newarrayTTS3geo16linear_ring_view__T15LinearRing2ViewTdZQuZQCmFNaNbNembZAQCl	23	3383	3383
------------------
	  102	_D3geo8internal23segment_polygon_clip_p1__T31trySegmentPolygonClipP1InternalTdZQBkFNfSQDg7segment__T8Segment2TdZQmMSQEk12polygon_view__T12Polygon2ViewTdZQrJSQFzQFy27segment_polygon_clip_result37SegmentPolygonClipOwnedResultInternalZEQIxQIwQIq32SegmentPolygonClipInternalStatus
_D4core8internal5array12construction__T12_d_newarrayTTS3geo7segment__T8Segment2TdZQmZQBuFNaNbNembZAQBt	102	1047490	1047490
------------------
	  102	_D3geo8internal23segment_polygon_clip_p1__T31trySegmentPolygonClipP1InternalTdZQBkFNfSQDg7segment__T8Segment2TdZQmMSQEk12polygon_view__T12Polygon2ViewTdZQrJSQFzQFy27segment_polygon_clip_result37SegmentPolygonClipOwnedResultInternalZEQIxQIwQIq32SegmentPolygonClipInternalStatus
_D4core8internal5array12construction__T12_d_newarrayTTS3geoQCa19polygon_union_exact17ExactOverlayPointZQCmFNaNbNembZAQCl	102	266411290	266411290
------------------
	  102	_D3geo8internal23segment_polygon_clip_p1__T31trySegmentPolygonClipP1InternalTdZQBkFNfSQDg7segment__T8Segment2TdZQmMSQEk12polygon_view__T12Polygon2ViewTdZQrJSQFzQFy27segment_polygon_clip_result37SegmentPolygonClipOwnedResultInternalZEQIxQIwQIq32SegmentPolygonClipInternalStatus
_D4core8internal5array12construction__T12_d_newarrayTTbZQrFNaNbNembZAb	102	1153180	1153180
------------------
	  204	_D3geo8internal23segment_polygon_clip_p1__T31trySegmentPolygonClipP1InternalTdZQBkFNfSQDg7segment__T8Segment2TdZQmMSQEk12polygon_view__T12Polygon2ViewTdZQrJSQFzQFy27segment_polygon_clip_result37SegmentPolygonClipOwnedResultInternalZEQIxQIwQIq32SegmentPolygonClipInternalStatus
_D4core8internal5array12construction__T12_d_newarrayTTmZQrFNaNbNembZAm	204	3010076	3010076
------------------
	    8	_D21segment_polygon_bench__T6corpusTdZQkFZASQBq__T4CaseTdZQi
_D4core8internal5array13concatenation__T14_d_arraycatnTXTAyaTQeTQhZQBbFNaNbNeQuQwZQz	8	4560	1240
	    8	_D4core8internal5array8capacity__T22_d_arraysetlengthTImplHTAyaTyaZ18_d_arraysetlengthTFNaNbNeNkMKQBmmZm
------------------
	  102	_D3geo8internal23segment_polygon_clip_p1__T31trySegmentPolygonClipP1InternalTdZQBkFNfSQDg7segment__T8Segment2TdZQmMSQEk12polygon_view__T12Polygon2ViewTdZQrJSQFzQFy27segment_polygon_clip_result37SegmentPolygonClipOwnedResultInternalZEQIxQIwQIq32SegmentPolygonClipInternalStatus
_D4core8internal5array8capacity__T22_d_arraysetlengthTImplHTAS3geoQCh19polygon_union_exact17ExactOverlayPointTQBxZ18_d_arraysetlengthTFNaNbNeNkMKQDhmZm	102	49168	49168
------------------
	    8	_D4core8internal5array13concatenation__T14_d_arraycatnTXTAyaTQeTQhZQBbFNaNbNeQuQwZQz
_D4core8internal5array8capacity__T22_d_arraysetlengthTImplHTAyaTyaZ18_d_arraysetlengthTFNaNbNeNkMKQBmmZm	8	3320	3320
------------------
	   81	_D21segment_polygon_bench__T6corpusTdZQkFZASQBq__T4CaseTdZQi
_D4core8internal5array9appending__T15_d_arrayappendTHTAS3geo5point__T6Point2TdZQkTQBbZQBzFNaNbNcNeMNkKQBwMQCaZQCe	81	36758	8863
	   81	_D4core8internal5array9appending__T17_d_arrayappendcTXHTAS3geo5point__T6Point2TdZQkTQBbZQCbFNaNbNcNeMNkKQBwmZQCb
------------------
	   23	_D21segment_polygon_bench__T6corpusTdZQkFZASQBq__T4CaseTdZQi
_D4core8internal5array9appending__T17_d_arrayappendcTXHTAS21segment_polygon_bench__T4CaseTdZQiTQBmZQCmFNaNbNcNeMNkKQChmZQCm	23	36637	36637
------------------
	  344	_D21segment_polygon_bench__T6corpusTdZQkFZASQBq__T4CaseTdZQi
	   81	_D4core8internal5array9appending__T15_d_arrayappendTHTAS3geo5point__T6Point2TdZQkTQBbZQBzFNaNbNcNeMNkKQBwMQCaZQCe
_D4core8internal5array9appending__T17_d_arrayappendcTXHTAS3geo5point__T6Point2TdZQkTQBbZQCbFNaNbNcNeMNkKQBwmZQCb	425	367761	367761
------------------
	   85	_D21segment_polygon_bench__T6corpusTdZQkFZASQBq__T4CaseTdZQi
_D4core8internal5array9appending__T17_d_arrayappendcTXHTAS3geo7segment__T8Segment2TdZQmTQBfZQCfFNaNbNcNeMNkKQCamZQCf	85	22197	22197
------------------
	    8	_D21segment_polygon_bench__T6corpusTdZQkFZASQBq__T4CaseTdZQi
_D4core8internal6string__T18signedToTempStringVii10Vbi0TaZQBgFNaNbNiNflNkMAaZQd	8	1518	1368
	    8	_D4core8internal6string__T20unsignedToTempStringVki10Vbi0TaZQBiFNaNbNiNfmNkMAaZQd
------------------
	    8	_D4core8internal6string__T18signedToTempStringVii10Vbi0TaZQBgFNaNbNiNflNkMAaZQd
_D4core8internal6string__T20unsignedToTempStringVki10Vbi0TaZQBiFNaNbNiNfmNkMAaZQd	8	150	150
------------------
_Dmain	0	8294817321	145027
	    1	_D3std9exception__T7enforceZ__TQmTbZQrFNaNfbLAxaAyamZb
	    1	_D3std4conv__T6toImplTmTAyaZQoFNaNfQlZm
	    1	_D21segment_polygon_bench__T6corpusTdZQkFZASQBq__T4CaseTdZQi
	    1	_D21segment_polygon_bench__T9preflightTdZQnFNfKSQBu__T4CaseTdZQiZv
	  100	_D21segment_polygon_bench__T8clippingTdZQmFKSQBr__T4CaseTdZQimZm
	    1	_D3std5stdio__T8writeflnTaTAyaTmTmZQuFNfIAaQqmmZv

======== Timer frequency unknown, Times are in Megaticks ========

  Num          Tree        Func        Per
  Calls        Time        Time        Call

 265216        1625        1099           0     pure nothrow @nogc @safe geo.internal.orientation_filter.OrientationFilterResult geo.internal.orientation_filter.orientationFilter(double, double, double, double, double, double)
1378530        1290         934           0     pure nothrow @nogc @safe int geo.internal.exact_coordinate_round.compareShiftedDenominator(ref const(geo.internal.fixed_uint.UIntFixed!(198uL).UIntFixed), ulong, ref const(geo.internal.fixed_uint.UIntFixed!(132uL).UIntFixed), ulong, ulong)
 273411        1038         514           0     pure nothrow @nogc @safe int geo.internal.exact_coordinate.compareExactCoordinates(ref const(geo.internal.exact_coordinate.SignedExactCoordinateNumerator), ref const(geo.internal.fixed_uint.UIntFixed!(132uL).UIntFixed), ref const(geo.internal.exact_coordinate.SignedExactCoordinateNumerator), ref const(geo.internal.fixed_uint.UIntFixed!(132uL).UIntFixed))
  26010        1842         414           0     pure nothrow @nogc @safe ulong geo.internal.exact_coordinate_round.roundedQuotient(ref const(geo.internal.fixed_uint.UIntFixed!(198uL).UIntFixed), ref const(geo.internal.fixed_uint.UIntFixed!(132uL).UIntFixed), ulong)
  26112        2205         406           0     pure nothrow @nogc @safe bool geo.internal.intersection_exact.tryProperIntersectionExact!(double).tryProperIntersectionExact(geo.segment.Segment2!(double).Segment2, geo.segment.Segment2!(double).Segment2, out geo.internal.intersection_exact.ExactProperIntersection)
2823768         381         381           0     pure nothrow @nogc @safe uint geo.internal.exact_coordinate_round.shiftedDenominatorWord(ref const(geo.internal.fixed_uint.UIntFixed!(132uL).UIntFixed), ulong, uint, ulong)
3231744         353         353           0     pure nothrow @nogc @trusted bool std.math.traits.isFinite!(double).isFinite(double)
 387600         350         350           0     pure nothrow @nogc @safe int geo.internal.fixed_uint.compareUnsigned!(198uL).compareUnsigned(ref const(geo.internal.fixed_uint.UIntFixed!(198uL).UIntFixed), ref const(geo.internal.fixed_uint.UIntFixed!(198uL).UIntFixed))
 524288         766         342           0     pure nothrow @nogc @safe geo.internal.dyadic.SignedDyadicDifference geo.internal.dyadic.subtractDyadicCoordinates(ref const(geo.internal.dyadic.SignedDyadicCoordinate), ref const(geo.internal.dyadic.SignedDyadicCoordinate))
    102         266         266           2     pure nothrow @trusted geo.internal.polygon_union_exact.ExactOverlayPoint[] core.internal.array.construction._d_newarrayT!(geo.internal.polygon_union_exact.ExactOverlayPoint)._d_newarrayT(ulong, bool)
 891288         264         264           0     pure nothrow @nogc @safe geo.internal.dyadic.SignedDyadicCoordinate geo.internal.dyadic.decodeBinary64Coordinate(double)
 703290         227         227           0     const pure nothrow @property @nogc @safe bool geo.internal.fixed_uint.UIntFixed!(198uL).UIntFixed.isZero()
 206856         188         163           0     pure nothrow @nogc @safe geo.internal.fixed_uint.UIntFixed!(66uL).UIntFixed geo.internal.fixed_uint.subtractUnsigned!(66uL).subtractUnsigned(ref const(geo.internal.fixed_uint.UIntFixed!(66uL).UIntFixed), ref const(geo.internal.fixed_uint.UIntFixed!(66uL).UIntFixed))
 157072         285         162           0     pure nothrow @nogc @safe geo.internal.fixed_uint.UIntFixed!(132uL).UIntFixed geo.internal.fixed_uint.multiplyUnsigned!(66uL, 66uL).multiplyUnsigned(ref const(geo.internal.fixed_uint.UIntFixed!(66uL).UIntFixed), ref const(geo.internal.fixed_uint.UIntFixed!(66uL).UIntFixed))
1640448         155         155           0     pure nothrow @nogc @trusted bool std.math.traits.isSubnormal!(double).isSubnormal(double)
 755498         146         146           0     pure nothrow @nogc @safe ulong geo.internal.fixed_uint.pastLastNonZeroLimb!(66uL).pastLastNonZeroLimb(ref const(geo.internal.fixed_uint.UIntFixed!(66uL).UIntFixed))
 262144         431         146           0     pure nothrow @nogc @safe geo.internal.dyadic.SignedDyadicProduct geo.internal.dyadic.multiplyDyadicDifferences(ref const(geo.internal.dyadic.SignedDyadicDifference), ref const(geo.internal.dyadic.SignedDyadicDifference))
 130458         344         139           0     pure nothrow @nogc @safe geo.internal.fixed_uint.UIntFixed!(198uL).UIntFixed geo.internal.fixed_uint.multiplyUnsigned!(132uL, 66uL).multiplyUnsigned(ref const(geo.internal.fixed_uint.UIntFixed!(132uL).UIntFixed), ref const(geo.internal.fixed_uint.UIntFixed!(66uL).UIntFixed))
 310896         135         135           0     pure nothrow @nogc @safe int geo.internal.fixed_uint.compareUnsigned!(66uL).compareUnsigned(ref const(geo.internal.fixed_uint.UIntFixed!(66uL).UIntFixed), ref const(geo.internal.fixed_uint.UIntFixed!(66uL).UIntFixed))
 755498         123         123           0     pure nothrow @nogc @safe ulong geo.internal.fixed_uint.firstNonZeroLimb!(66uL).firstNonZeroLimb(ref const(geo.internal.fixed_uint.UIntFixed!(66uL).UIntFixed))
    102        8255         121           1     @safe geo.internal.segment_polygon_clip_p1.SegmentPolygonClipInternalStatus geo.internal.segment_polygon_clip_p1.trySegmentPolygonClipP1Internal!(double).trySegmentPolygonClipP1Internal(geo.segment.Segment2!(double).Segment2, geo.polygon_view.Polygon2View!(double).Polygon2View, out geo.internal.segment_polygon_clip_result.SegmentPolygonClipOwnedResultInternal)
    104         378         115           1     pure nothrow @nogc @safe int geo.internal.polygon_union_input.exactRingOrientationSign!(double).exactRingOrientationSign(scope const(geo.linear_ring_view.LinearRing2View!(double).LinearRing2View))
 199506         112         112           0     pure nothrow @nogc @safe ulong geo.internal.fixed_uint.pastLastNonZeroLimb!(132uL).pastLastNonZeroLimb(ref const(geo.internal.fixed_uint.UIntFixed!(132uL).UIntFixed))
  52224         427          89           0     pure nothrow @nogc @safe geo.internal.exact_coordinate.SignedExactCoordinateNumerator geo.internal.intersection_exact.weightedCoordinate(ref const(geo.internal.fixed_uint.UIntFixed!(132uL).UIntFixed), ref const(geo.internal.dyadic.SignedDyadicCoordinate), ref const(geo.internal.fixed_uint.UIntFixed!(132uL).UIntFixed), ref const(geo.internal.dyadic.SignedDyadicCoordinate))
 265216        1709          84           0     pure nothrow @nogc @safe geo.orientation.Orientation2 geo.orientation.orientation(geo.point.Point2!(double).Point2, geo.point.Point2!(double).Point2, geo.point.Point2!(double).Point2)
 199506          84          84           0     pure nothrow @nogc @safe ulong geo.internal.fixed_uint.firstNonZeroLimb!(132uL).firstNonZeroLimb(ref const(geo.internal.fixed_uint.UIntFixed!(132uL).UIntFixed))
 234141         985          71           0     pure nothrow @nogc @safe int geo.internal.polygon_union_exact.compareExactOverlayPointsAlongSegment!(double).compareExactOverlayPointsAlongSegment(geo.segment.Segment2!(double).Segment2, ref const(geo.internal.polygon_union_exact.ExactOverlayPoint), ref const(geo.internal.polygon_union_exact.ExactOverlayPoint))
  19788         718          67           0     pure nothrow @nogc @safe void geo.internal.polygon_union_exact.siftDownExactEdgeEvents!(double).siftDownExactEdgeEvents(geo.segment.Segment2!(double).Segment2, geo.internal.polygon_union_exact.ExactOverlayPoint[], ulong, ulong)
  26112         222          65           0     pure nothrow @nogc @safe bool geo.internal.exact_coordinate.roundsToFiniteBinary64(ref const(geo.internal.exact_coordinate.SignedExactCoordinateNumerator), ref const(geo.internal.fixed_uint.UIntFixed!(132uL).UIntFixed))
  79616        1647          61           0     pure nothrow @nogc @safe geo.intersection.SegmentContactKind geo.intersection.segmentContactKind!(double).segmentContactKind(geo.segment.Segment2!(double).Segment2, geo.segment.Segment2!(double).Segment2)
 104040          99          57           0     pure nothrow @nogc @safe geo.internal.fixed_uint.UIntFixed!(66uL).UIntFixed geo.internal.fixed_uint.addUnsigned!(66uL).addUnsigned(ref const(geo.internal.fixed_uint.UIntFixed!(66uL).UIntFixed), ref const(geo.internal.fixed_uint.UIntFixed!(66uL).UIntFixed))
  78030          48          48           0     pure nothrow @nogc @safe geo.internal.fixed_uint.UIntFixed!(198uL).UIntFixed geo.internal.exact_coordinate_round.shiftedDenominator(ref const(geo.internal.fixed_uint.UIntFixed!(132uL).UIntFixed), ulong)
  26112        1988          46           0     pure nothrow @nogc @safe double geo.internal.exact_coordinate_round.roundExactCoordinateBinary64(ref const(geo.internal.exact_coordinate.SignedExactCoordinateNumerator), ref const(geo.internal.fixed_uint.UIntFixed!(132uL).UIntFixed))
  26112          45          45           0     pure nothrow @nogc @safe bool geo.internal.polygon_union_exact.appendExactEdgeEvent(scope geo.internal.polygon_union_exact.ExactOverlayPoint[], ref ulong, ref const(geo.internal.polygon_union_exact.ExactOverlayPoint))
  68748          38          38           0     pure nothrow @nogc @safe ulong geo.internal.fixed_uint.pastLastNonZeroLimb!(198uL).pastLastNonZeroLimb(ref const(geo.internal.fixed_uint.UIntFixed!(198uL).UIntFixed))
   8364          36          36           0     pure nothrow @nogc @safe int geo.internal.fixed_uint.compareUnsigned!(330uL).compareUnsigned(ref const(geo.internal.fixed_uint.UIntFixed!(330uL).UIntFixed), ref const(geo.internal.fixed_uint.UIntFixed!(330uL).UIntFixed))
  58752          58          32           0     pure nothrow @nogc @safe ulong geo.internal.exact_coordinate_round.subtractShiftedDenominator(ref geo.internal.fixed_uint.UIntFixed!(198uL).UIntFixed, ulong, ref const(geo.internal.fixed_uint.UIntFixed!(132uL).UIntFixed), ulong, ulong, ulong)
  52020          30          30           0     pure nothrow @nogc @safe ulong geo.internal.exact_coordinate_round.bitLength!(132uL).bitLength(ref const(geo.internal.fixed_uint.UIntFixed!(132uL).UIntFixed))
  16728          41          29           0     pure nothrow @nogc @safe geo.internal.fixed_uint.UIntFixed!(330uL).UIntFixed geo.internal.fixed_uint.multiplyUnsigned!(198uL, 132uL).multiplyUnsigned(ref const(geo.internal.fixed_uint.UIntFixed!(198uL).UIntFixed), ref const(geo.internal.fixed_uint.UIntFixed!(132uL).UIntFixed))
 131072          80          28           0     pure nothrow @nogc @safe geo.internal.dyadic.SignedDyadicProduct geo.internal.dyadic.subtractDyadicProducts(ref const(geo.internal.dyadic.SignedDyadicProduct), ref const(geo.internal.dyadic.SignedDyadicProduct))
  68748          22          22           0     pure nothrow @nogc @safe ulong geo.internal.fixed_uint.firstNonZeroLimb!(198uL).firstNonZeroLimb(ref const(geo.internal.fixed_uint.UIntFixed!(198uL).UIntFixed))
  13056        2232          21           0     pure nothrow @nogc @safe bool geo.internal.segment_polygon_clip_p1.tryMaterializeExactPoint(ref const(geo.internal.polygon_union_exact.ExactOverlayPoint), out geo.point.Point2!(double).Point2)
  26010          21          21           0     pure nothrow @nogc @safe geo.internal.fixed_uint.UIntFixed!(198uL).UIntFixed geo.internal.exact_coordinate_round.doubled(ref const(geo.internal.fixed_uint.UIntFixed!(198uL).UIntFixed))
  26112          59          20           0     pure nothrow @nogc @safe geo.internal.fixed_uint.UIntFixed!(132uL).UIntFixed geo.internal.fixed_uint.addUnsigned!(132uL).addUnsigned(ref const(geo.internal.fixed_uint.UIntFixed!(132uL).UIntFixed), ref const(geo.internal.fixed_uint.UIntFixed!(132uL).UIntFixed))
    106          73          18           0     pure nothrow @nogc @safe bool geo.internal.ring_point_classification.tryClassifyPointInRing!(double).tryClassifyPointInRing(scope const(geo.linear_ring_view.LinearRing2View!(double).LinearRing2View), geo.point.Point2!(double).Point2, out geo.internal.ring_point_classification.RingPointLocation)
  26208          45          17           0     pure nothrow @nogc @safe geo.internal.fixed_uint.UIntFixed!(132uL).UIntFixed geo.internal.fixed_uint.subtractUnsigned!(132uL).subtractUnsigned(ref const(geo.internal.fixed_uint.UIntFixed!(132uL).UIntFixed), ref const(geo.internal.fixed_uint.UIntFixed!(132uL).UIntFixed))
  13056         442          14           0     pure nothrow @nogc @safe ulong geo.internal.segment_polygon_clip_p1.findExactEventIndex!(double).findExactEventIndex(geo.segment.Segment2!(double).Segment2, const(geo.internal.polygon_union_exact.ExactOverlayPoint)[], ref const(geo.internal.polygon_union_exact.ExactOverlayPoint))
 105472          13          13           0     pure nothrow @nogc @trusted bool std.math.traits.isSubnormal!(const(double)).isSubnormal(const(double))
  26112        1868          13           0     pure nothrow @nogc @safe bool geo.internal.polygon_union_exact.appendSegmentPairNodingEvents!(double).appendSegmentPairNodingEvents(geo.segment.Segment2!(double).Segment2, geo.segment.Segment2!(double).Segment2, scope geo.internal.polygon_union_exact.ExactOverlayPoint[], ref ulong, scope geo.internal.polygon_union_exact.ExactOverlayPoint[], ref ulong)
  13056          12          12           0     pure nothrow @nogc @safe void geo.internal.segment_polygon_clip_p1.setAfterLocation(ref geo.internal.segment_polygon_clip_p1.IntervalLocation, geo.internal.segment_polygon_clip_p1.IntervalLocation)
    102          11          11           0     pure nothrow @trusted geo.internal.segment_polygon_clip_p1.IntervalLocation[] core.internal.array.construction._d_newarrayT!(geo.internal.segment_polygon_clip_p1.IntervalLocation)._d_newarrayT(ulong, bool)
    102         758           9           0     pure nothrow @nogc @safe ulong geo.internal.polygon_union_exact.sortUniqueExactEdgeEvents!(double).sortUniqueExactEdgeEvents(geo.segment.Segment2!(double).Segment2, geo.internal.polygon_union_exact.ExactOverlayPoint[])
  26624          31           9           0     pure nothrow @nogc @safe void geo.internal.area_exact.addAreaDeterminant(ref geo.internal.area_exact.SignedAreaAccumulator, ref const(geo.internal.dyadic.SignedDyadicProduct))
  26010           9           9           0     pure nothrow @nogc @safe geo.internal.fixed_uint.UIntFixed!(66uL).UIntFixed geo.internal.exact_coordinate.binary64OverflowMidpoint()
  26112          19           7           0     pure nothrow @nogc @safe geo.internal.fixed_uint.UIntFixed!(198uL).UIntFixed geo.internal.fixed_uint.addUnsigned!(198uL).addUnsigned(ref const(geo.internal.fixed_uint.UIntFixed!(198uL).UIntFixed), ref const(geo.internal.fixed_uint.UIntFixed!(198uL).UIntFixed))
  25908          50           7           0     pure nothrow @nogc @safe geo.internal.fixed_uint.UIntFixed!(198uL).UIntFixed geo.internal.fixed_uint.subtractUnsigned!(198uL).subtractUnsigned(ref const(geo.internal.fixed_uint.UIntFixed!(198uL).UIntFixed), ref const(geo.internal.fixed_uint.UIntFixed!(198uL).UIntFixed))
  26010           7           7           0     pure nothrow @nogc @safe ulong geo.internal.exact_coordinate_round.bitLength!(198uL).bitLength(ref const(geo.internal.fixed_uint.UIntFixed!(198uL).UIntFixed))
  26416           6           6           0     pure nothrow @nogc @safe geo.internal.fixed_uint.UIntFixed!(134uL).UIntFixed geo.internal.area_exact.widenProductMagnitude(ref const(geo.internal.fixed_uint.UIntFixed!(132uL).UIntFixed))
  26010           6           6           0     pure nothrow @nogc @safe ulong geo.internal.exact_coordinate_round.firstNonZeroDenominatorLimb(ref const(geo.internal.fixed_uint.UIntFixed!(132uL).UIntFixed))
  26208           5           5           0     pure nothrow @nogc @safe int geo.internal.fixed_uint.compareUnsigned!(132uL).compareUnsigned(ref const(geo.internal.fixed_uint.UIntFixed!(132uL).UIntFixed), ref const(geo.internal.fixed_uint.UIntFixed!(132uL).UIntFixed))
  19760           9           5           0     pure nothrow @nogc @safe geo.internal.fixed_uint.UIntFixed!(134uL).UIntFixed geo.internal.fixed_uint.addUnsigned!(134uL).addUnsigned(ref const(geo.internal.fixed_uint.UIntFixed!(134uL).UIntFixed), ref const(geo.internal.fixed_uint.UIntFixed!(134uL).UIntFixed))
  26010           4           4           0     pure nothrow @nogc @safe ulong geo.internal.exact_coordinate_round.pastLastNonZeroNumeratorLimb(ref const(geo.internal.fixed_uint.UIntFixed!(198uL).UIntFixed))
 186800           4           4           0     pure nothrow @nogc @trusted bool std.math.traits.isFinite!(const(double)).isFinite(const(double))
  26312           4           4           0     pure nothrow @nogc @safe ulong geo.internal.fixed_uint.pastLastNonZeroLimb!(134uL).pastLastNonZeroLimb(ref const(geo.internal.fixed_uint.UIntFixed!(134uL).UIntFixed))
  26624         177           3           0     pure nothrow @nogc @safe bool geo.intersection.pointOnSegment!(double).pointOnSegment(geo.point.Point2!(double).Point2, geo.segment.Segment2!(double).Segment2)
    204           3           3           0     pure nothrow @trusted ulong[] core.internal.array.construction._d_newarrayT!(ulong)._d_newarrayT(ulong, bool)
  26312           2           2           0     pure nothrow @nogc @safe ulong geo.internal.fixed_uint.firstNonZeroLimb!(134uL).firstNonZeroLimb(ref const(geo.internal.fixed_uint.UIntFixed!(134uL).UIntFixed))
    102           2           1           0     pure nothrow @nogc @safe ulong geo.internal.segment_polygon_clip_p1.queryBoundaryEventCapacity!(double).queryBoundaryEventCapacity(geo.segment.Segment2!(double).Segment2, geo.polygon_view.Polygon2View!(double).Polygon2View)
      1           3           1           1     pure nothrow @nogc @safe euclid_core.ring_validation.RingValidationResult geo.topology_validation.validateRing!(double).validateRing(scope geo.linear_ring_view.LinearRing2View!(double).LinearRing2View)
   6552           1           1           0     pure nothrow @nogc @safe int geo.internal.fixed_uint.compareUnsigned!(134uL).compareUnsigned(ref const(geo.internal.fixed_uint.UIntFixed!(134uL).UIntFixed), ref const(geo.internal.fixed_uint.UIntFixed!(134uL).UIntFixed))
   6552           3           1           0     pure nothrow @nogc @safe geo.internal.fixed_uint.UIntFixed!(134uL).UIntFixed geo.internal.fixed_uint.subtractUnsigned!(134uL).subtractUnsigned(ref const(geo.internal.fixed_uint.UIntFixed!(134uL).UIntFixed), ref const(geo.internal.fixed_uint.UIntFixed!(134uL).UIntFixed))
    102           1           1           0     pure nothrow @trusted bool[] core.internal.array.construction._d_newarrayT!(bool)._d_newarrayT(ulong, bool)
    102           1           1           0     pure nothrow @trusted geo.segment.Segment2!(double).Segment2[] core.internal.array.construction._d_newarrayT!(geo.segment.Segment2!(double).Segment2)._d_newarrayT(ulong, bool)
    100        8095           0           0     ulong segment_polygon_bench.clipping!(double).clipping(ref segment_polygon_bench.Case!(double).Case, ulong)
    425           0           0           0     pure nothrow ref @trusted geo.point.Point2!(double).Point2[] core.internal.array.appending._d_arrayappendcTX!(geo.point.Point2!(double).Point2[], geo.point.Point2!(double).Point2)._d_arrayappendcTX(scope return ref geo.point.Point2!(double).Point2[], ulong)
    102           0           0           0     pure nothrow @nogc @safe bool geo.bounding_box.tryBounds!(double).tryBounds(geo.segment.Segment2!(double).Segment2, out geo.bounds.Bounds2!(double).Bounds2)
    102           0           0           0     pure nothrow @nogc @safe bool geo.internal.polygon_union_exact.seedExactEdgeEvents!(double).seedExactEdgeEvents(geo.segment.Segment2!(double).Segment2, geo.internal.polygon_union_exact.ExactOverlayPoint[], out ulong)
      1           0           0           0     @safe uint std.format.write.formattedWrite!(std.stdio.File.LockingTextWriter, char, immutable(char)[], ulong, ulong).formattedWrite(ref std.stdio.File.LockingTextWriter, scope const(char[]), immutable(char)[], ulong, ulong)
    102           0           0           0     pure nothrow @nogc @safe ulong geo.internal.segment_polygon_clip_p1.polygonBoundaryEdgeCount!(double).polygonBoundaryEdgeCount(scope geo.polygon_view.Polygon2View!(double).Polygon2View)
    408           0           0           0     pure nothrow @nogc @safe geo.internal.exact_coordinate.SignedExactCoordinateNumerator geo.internal.polygon_union_exact.liftRepresentedCoordinate!(double).liftRepresentedCoordinate(double)
      2          34           0           0     pure nothrow @nogc @safe geo.segment_polygon_relationship.SegmentPolygonRelationship geo.segment_polygon_relationship.classifySegmentPolygonRelationship!(double).classifySegmentPolygonRelationship(geo.segment.Segment2!(double).Segment2, geo.polygon_view.Polygon2View!(double).Polygon2View)
      3           0           0           0     @safe void std.stdio.File.LockingTextWriter.put!(const(char)[]).put(scope const(char)[])
    106          73           0           0     pure nothrow @nogc @safe bool geo.point_in_polygon.tryClassifyPointInPolygon!(double).tryClassifyPointInPolygon(scope geo.polygon_view.Polygon2View!(double).Polygon2View, geo.point.Point2!(double).Point2, out geo.point_in_polygon.PointPolygonLocation)
      1        8294           0           0     _Dmain
      1           0           0           0     segment_polygon_bench.Case!(double).Case[] segment_polygon_bench.corpus!(double).corpus()
    102        8255           0           0     @safe geo.segment_polygon_clip.SegmentPolygonClipResult geo.segment_polygon_clip.clipSegmentToPolygon!(double).clipSegmentToPolygon(geo.segment.Segment2!(double).Segment2, geo.polygon_view.Polygon2View!(double).Polygon2View)
      1         197           0           0     @safe void segment_polygon_bench.preflight!(double).preflight(ref segment_polygon_bench.Case!(double).Case)
      1           0           0           0     @safe void std.stdio.File.writefln!(char, immutable(char)[], ulong, ulong).writefln(in char[], immutable(char)[], ulong, ulong)
    102           0           0           0     pure nothrow @trusted ulong core.internal.array.capacity._d_arraysetlengthTImpl!(geo.internal.polygon_union_exact.ExactOverlayPoint[], geo.internal.polygon_union_exact.ExactOverlayPoint)._d_arraysetlengthT(return scope ref geo.internal.polygon_union_exact.ExactOverlayPoint[], ulong)
     23           0           0           0     pure nothrow ref @trusted segment_polygon_bench.Case!(double).Case[] core.internal.array.appending._d_arrayappendcTX!(segment_polygon_bench.Case!(double).Case[], segment_polygon_bench.Case!(double).Case)._d_arrayappendcTX(scope return ref segment_polygon_bench.Case!(double).Case[], ulong)
    256           1           0           0     pure nothrow @nogc @safe euclid_core.intersection.SegmentIntersectionKind geo.intersection.segmentIntersectionKind!(double).segmentIntersectionKind(geo.segment.Segment2!(double).Segment2, geo.segment.Segment2!(double).Segment2)
     85           0           0           0     pure nothrow ref @trusted geo.segment.Segment2!(double).Segment2[] core.internal.array.appending._d_arrayappendcTX!(geo.segment.Segment2!(double).Segment2[], geo.segment.Segment2!(double).Segment2)._d_arrayappendcTX(scope return ref geo.segment.Segment2!(double).Segment2[], ulong)
    204           0           0           0     pure nothrow @nogc @safe bool geo.bounding_box.BoundsAccumulator!(double).BoundsAccumulator.tryAdd(geo.point.Point2!(double).Point2)
    768           0           0           0     pure nothrow @nogc @safe int geo.intersection.comparePoints!(double).comparePoints(geo.point.Point2!(double).Point2, geo.point.Point2!(double).Point2)
     81           0           0           0     pure nothrow ref @trusted geo.point.Point2!(double).Point2[] core.internal.array.appending._d_arrayappendT!(geo.point.Point2!(double).Point2[], geo.point.Point2!(double).Point2)._d_arrayappendT(scope return ref geo.point.Point2!(double).Point2[], scope geo.point.Point2!(double).Point2[])
      4           0           0           0     scope @safe bool std.format.spec.FormatSpec!(char).FormatSpec.writeUpToNextSpec!(std.stdio.File.LockingTextWriter).writeUpToNextSpec(ref std.stdio.File.LockingTextWriter)
    102           0           0           0     pure nothrow @nogc @safe bool geo.bounds.Bounds2!(double).Bounds2.tryFromMinMax(geo.point.Point2!(double).Point2, geo.point.Point2!(double).Point2, out geo.bounds.Bounds2!(double).Bounds2)
     23           0           0           0     pure nothrow @safe segment_polygon_bench.Case!(double).Case segment_polygon_bench.makeCase!(double).makeCase(immutable(char)[], geo.point.Point2!(double).Point2[][], geo.segment.Segment2!(double).Segment2, uint, geo.segment.Segment2!(double).Segment2[], geo.segment_polygon_clip.SegmentPolygonClipStatus)
      8           0           0           0     pure nothrow @trusted char[] core.internal.array.duplication._dup!(const(char), char)._dup(scope const(char)[])
    139           0           0           0     pure @safe bool std.exception.enforce!().enforce!(bool).enforce(bool, lazy const(char)[], immutable(char)[], ulong)
      1           0           0           0     @safe void std.stdio.writefln!(char, immutable(char)[], ulong, ulong).writefln(in char[], immutable(char)[], ulong, ulong)
      2           0           0           0     @safe void std.format.internal.write.formatValueImplUlong!(std.stdio.File.LockingTextWriter, char).formatValueImplUlong(ref std.stdio.File.LockingTextWriter, ulong, in bool, scope ref const(std.format.spec.FormatSpec!(char).FormatSpec))
     23           0           0           0     pure nothrow @trusted geo.linear_ring_view.LinearRing2View!(double).LinearRing2View[] core.internal.array.construction._d_newarrayT!(geo.linear_ring_view.LinearRing2View!(double).LinearRing2View)._d_newarrayT(ulong, bool)
      1           0           0           0     @safe void std.format.internal.write.writeAligned!(std.stdio.File.LockingTextWriter, immutable(char)[], immutable(char)[], immutable(char)[], immutable(char)[], char).writeAligned(ref std.stdio.File.LockingTextWriter, immutable(char)[], immutable(char)[], immutable(char)[], immutable(char)[], scope ref const(std.format.spec.FormatSpec!(char).FormatSpec), std.format.internal.write.PrecisionType)
      8           0           0           0     pure nothrow @trusted ulong core.internal.array.capacity._d_arraysetlengthTImpl!(immutable(char)[], immutable(char))._d_arraysetlengthT(return scope ref immutable(char)[], ulong)
      2           0           0           0     @safe void std.format.internal.write.writeAligned!(std.stdio.File.LockingTextWriter, char[], char[], immutable(char)[], immutable(char)[], char).writeAligned(ref std.stdio.File.LockingTextWriter, char[], char[], immutable(char)[], immutable(char)[], scope ref const(std.format.spec.FormatSpec!(char).FormatSpec), std.format.internal.write.PrecisionType)
      8           0           0           0     @safe void std.stdio.File.LockingTextWriter.put!(immutable(char)[]).put(scope immutable(char)[])
      1           3           0           0     pure nothrow @nogc @safe geo.topology_validation.PolygonValidationResult geo.topology_validation.validatePolygonPairContacts!(double).validatePolygonPairContacts(scope geo.polygon_view.Polygon2View!(double).Polygon2View)
      1           3           0           0     pure nothrow @safe geo.topology_validation.PolygonValidationResult geo.topology_validation.validatePolygonConnectedInterior!(double).validatePolygonConnectedInterior(scope geo.polygon_view.Polygon2View!(double).Polygon2View)
      1           3           0           0     pure nothrow @nogc @safe geo.topology_validation.PolygonValidationResult geo.topology_validation.validatePolygonContainment!(double).validatePolygonContainment(scope geo.polygon_view.Polygon2View!(double).Polygon2View)
      2           0           0           0     @safe void std.format.internal.write.formatValueImpl!(std.stdio.File.LockingTextWriter, ulong, char).formatValueImpl(ref std.stdio.File.LockingTextWriter, const(ulong), scope ref const(std.format.spec.FormatSpec!(char).FormatSpec))
      1           0           0           0     @safe void std.format.internal.write.formatRange!(std.stdio.File.LockingTextWriter, immutable(char)[], char).formatRange(ref std.stdio.File.LockingTextWriter, ref immutable(char)[], scope ref const(std.format.spec.FormatSpec!(char).FormatSpec))
      8           0           0           0     pure nothrow @nogc @safe char[] core.internal.string.signedToTempString!(10, false, char).signedToTempString(long, return scope char[])
      1           0           0           0     pure @safe ulong std.conv.toImpl!(ulong, immutable(char)[]).toImpl(immutable(char)[])
      8           0           0           0     pure nothrow @trusted immutable(char)[] core.internal.array.concatenation._d_arraycatnTX!(immutable(char)[], immutable(char)[], immutable(char)[])._d_arraycatnTX(immutable(char)[], immutable(char)[])
      1           3           0           0     pure nothrow @nogc @safe geo.topology_validation.PolygonValidationResult geo.topology_validation.validatePolygonRings!(double).validatePolygonRings(scope geo.polygon_view.Polygon2View!(double).Polygon2View)
      1           0           0           0     @safe void std.stdio.File.LockingTextWriter.put!(char).put(scope char)
      4           0           0           0     pure nothrow @nogc @safe void geo.segment_polygon_relationship.markPointLocation(ref geo.segment_polygon_relationship.SegmentPolygonRelationship, geo.point_in_polygon.PointPolygonLocation)
      1           0           0           0     pure @safe ulong std.conv.parse!(ulong, immutable(char)[], 0).parse(scope ref immutable(char)[])
      3           0           0           0     pure scope @safe void std.format.spec.FormatSpec!(char).FormatSpec.fillUp()
      1           0           0           0     @safe void std.format.write.formatValue!(std.stdio.File.LockingTextWriter, immutable(char)[], char).formatValue(ref std.stdio.File.LockingTextWriter, ref immutable(char)[], scope ref const(std.format.spec.FormatSpec!(char).FormatSpec))
      4           0           0           0     @safe void std.stdio.File.LockingTextWriter.put!(char[]).put(scope char[])
      2           0           0           0     @safe void std.format.write.formatValue!(std.stdio.File.LockingTextWriter, ulong, char).formatValue(ref std.stdio.File.LockingTextWriter, ref ulong, scope ref const(std.format.spec.FormatSpec!(char).FormatSpec))
      1           0           0           0     pure nothrow @trusted geo.point.Point2!(double).Point2[] core.internal.array.duplication._dup!(const(geo.point.Point2!(double).Point2), geo.point.Point2!(double).Point2)._dup(scope const(geo.point.Point2!(double).Point2)[])
      8           0           0           0     pure @safe bool std.exception.enforce!(std.format.FormatException).enforce!(bool).enforce(bool, lazy const(char)[], immutable(char)[], ulong)
      8           0           0           0     pure nothrow @nogc @safe char[] core.internal.string.unsignedToTempString!(10u, false, char).unsignedToTempString(ulong, return scope char[])
