fixture_header,scalar,case,edges,expected_fact_bits,expected_status,expected_components
sample_header,scalar,case,operation,edges,expected_components,round,iterations,warmup,elapsed_ns,gc_bytes,gc_collections
summary_header,scalar,case,operation,min_ns_per_op,median_ns_per_op,max_ns_per_op
fixture,int,exterior,4,1,success,0
fixture,int,interior,4,4,success,1
fixture,int,crossing,4,7,success,1
fixture,int,boundary-only,4,10,success,1
fixture,int,boundary-overlap,4,11,success,1
fixture,int,isolated-tangent,4,3,success,0
fixture,int,degenerate-interior,4,4,success,0
fixture,int,degenerate-boundary,4,2,success,0
fixture,int,empty,0,1,success,0
fixture,int,concave-u,8,7,success,2
fixture,int,hole,8,7,success,2
fixture,int,hole-reversed,8,7,success,2
fixture,int,rational-crossing,3,7,success,1
fixture,int,sparse-1,4,7,success,1
fixture,int,sparse-4,16,7,success,1
fixture,int,sparse-16,64,7,success,1
fixture,int,sparse-64,256,7,success,1
fixture,int,dense-1,4,7,success,1
fixture,int,dense-4,16,7,success,4
fixture,int,dense-16,64,7,success,16
fixture,int,dense-64,256,7,success,64
fixture,int,wide-integral,4,7,success,1
preflight,int,22,PASS
sample,int,exterior,relationship,4,0,0,8192,820,26057400,0,0
sample,int,exterior,relationship,4,0,1,8192,820,25985600,0,0
sample,int,exterior,relationship,4,0,2,8192,820,26092900,0,0
sample,int,exterior,relationship,4,0,3,8192,820,26250100,0,0
sample,int,exterior,relationship,4,0,4,8192,820,26324600,0,0
sample,int,exterior,relationship,4,0,5,8192,820,26276000,0,0
sample,int,exterior,relationship,4,0,6,8192,820,26289800,0,0
summary,int,exterior,relationship,3172.070,3204.358,3213.452
sample,int,exterior,clipping,4,0,0,4096,410,29736000,33947648,8
sample,int,exterior,clipping,4,0,1,4096,410,30058600,33947648,8
sample,int,exterior,clipping,4,0,2,4096,410,29645900,33947648,8
sample,int,exterior,clipping,4,0,3,4096,410,29294800,33947648,8
sample,int,exterior,clipping,4,0,4,4096,410,31467900,33947648,8
sample,int,exterior,clipping,4,0,5,4096,410,29898900,33947648,8
sample,int,exterior,clipping,4,0,6,4096,410,30013500,33947648,8
summary,int,exterior,clipping,7152.051,7299.536,7682.593
sample,int,interior,relationship,4,1,0,8192,820,26298500,0,0
sample,int,interior,relationship,4,1,1,8192,820,26126400,0,0
sample,int,interior,relationship,4,1,2,8192,820,27106900,0,0
sample,int,interior,relationship,4,1,3,8192,820,35559300,0,0
sample,int,interior,relationship,4,1,4,8192,820,26273100,0,0
sample,int,interior,relationship,4,1,5,8192,820,25817300,0,0
sample,int,interior,relationship,4,1,6,8192,820,26139300,0,0
summary,int,interior,relationship,3151.526,3207.166,4340.735
sample,int,interior,clipping,4,1,0,2048,205,35134100,17072128,4
sample,int,interior,clipping,4,1,1,2048,205,34479000,17072128,4
sample,int,interior,clipping,4,1,2,2048,205,34387200,17072128,4
sample,int,interior,clipping,4,1,3,2048,205,34507100,17072128,4
sample,int,interior,clipping,4,1,4,2048,205,34401200,17072128,4
sample,int,interior,clipping,4,1,5,2048,205,35043200,17072128,4
sample,int,interior,clipping,4,1,6,2048,205,34454400,17072128,4
summary,int,interior,clipping,16790.625,16835.449,17155.322
sample,int,crossing,relationship,4,1,0,8192,820,26168600,0,0
sample,int,crossing,relationship,4,1,1,8192,820,26296700,0,0
sample,int,crossing,relationship,4,1,2,8192,820,26285100,0,0
sample,int,crossing,relationship,4,1,3,8192,820,26209400,0,0
sample,int,crossing,relationship,4,1,4,8192,820,26780000,0,0
sample,int,crossing,relationship,4,1,5,8192,820,25713700,0,0
sample,int,crossing,relationship,4,1,6,8192,820,25856600,0,0
summary,int,crossing,relationship,3138.879,3199.390,3269.043
sample,int,crossing,clipping,4,1,0,512,52,22332800,8478720,2
sample,int,crossing,clipping,4,1,1,512,52,22249000,8478720,2
sample,int,crossing,clipping,4,1,2,512,52,22847900,8478720,2
sample,int,crossing,clipping,4,1,3,512,52,23653400,8478720,2
sample,int,crossing,clipping,4,1,4,512,52,22046800,8478720,2
sample,int,crossing,clipping,4,1,5,512,52,21872700,8478720,2
sample,int,crossing,clipping,4,1,6,512,52,21915800,8478720,2
summary,int,crossing,clipping,42720.117,43455.078,46198.047
sample,int,boundary-only,relationship,4,1,0,8192,820,34178700,0,0
sample,int,boundary-only,relationship,4,1,1,8192,820,34768500,0,0
sample,int,boundary-only,relationship,4,1,2,8192,820,43035000,0,0
sample,int,boundary-only,relationship,4,1,3,8192,820,34034900,0,0
sample,int,boundary-only,relationship,4,1,4,8192,820,34158400,0,0
sample,int,boundary-only,relationship,4,1,5,8192,820,34223400,0,0
sample,int,boundary-only,relationship,4,1,6,8192,820,34170000,0,0
summary,int,boundary-only,relationship,4154.651,4172.205,5253.296
sample,int,boundary-only,clipping,4,1,0,1024,103,28289800,21118976,5
sample,int,boundary-only,clipping,4,1,1,1024,103,28559800,21118976,5
sample,int,boundary-only,clipping,4,1,2,1024,103,28659800,21118976,5
sample,int,boundary-only,clipping,4,1,3,1024,103,28635800,21118976,5
sample,int,boundary-only,clipping,4,1,4,1024,103,29916200,21118976,5
sample,int,boundary-only,clipping,4,1,5,1024,103,28118200,21118976,5
sample,int,boundary-only,clipping,4,1,6,1024,103,28333200,21118976,5
summary,int,boundary-only,clipping,27459.180,27890.430,29215.039
sample,int,boundary-overlap,relationship,4,1,0,4096,410,21689400,0,0
sample,int,boundary-overlap,relationship,4,1,1,4096,410,21733700,0,0
sample,int,boundary-overlap,relationship,4,1,2,4096,410,21750000,0,0
sample,int,boundary-overlap,relationship,4,1,3,4096,410,21912800,0,0
sample,int,boundary-overlap,relationship,4,1,4,4096,410,23908300,0,0
sample,int,boundary-overlap,relationship,4,1,5,4096,410,21385200,0,0
sample,int,boundary-overlap,relationship,4,1,6,4096,410,21279100,0,0
summary,int,boundary-overlap,relationship,5195.093,5306.079,5836.987
sample,int,boundary-overlap,clipping,4,1,0,1024,103,30694300,21151744,5
sample,int,boundary-overlap,clipping,4,1,1,1024,103,30974700,21151744,5
sample,int,boundary-overlap,clipping,4,1,2,1024,103,33790600,21151744,5
sample,int,boundary-overlap,clipping,4,1,3,1024,103,30194900,21151744,5
sample,int,boundary-overlap,clipping,4,1,4,1024,103,30331900,21151744,5
sample,int,boundary-overlap,clipping,4,1,5,1024,103,31999600,21151744,5
sample,int,boundary-overlap,clipping,4,1,6,1024,103,31410900,21151744,5
summary,int,boundary-overlap,clipping,29487.207,30248.730,32998.633
sample,int,isolated-tangent,relationship,4,0,0,8192,820,49179500,0,0
sample,int,isolated-tangent,relationship,4,0,1,8192,820,38842500,0,0
sample,int,isolated-tangent,relationship,4,0,2,8192,820,38962100,0,0
sample,int,isolated-tangent,relationship,4,0,3,8192,820,38967400,0,0
sample,int,isolated-tangent,relationship,4,0,4,8192,820,39421400,0,0
sample,int,isolated-tangent,relationship,4,0,5,8192,820,38901200,0,0
sample,int,isolated-tangent,relationship,4,0,6,8192,820,38801300,0,0
summary,int,isolated-tangent,relationship,4736.487,4756.116,6003.357
sample,int,isolated-tangent,clipping,4,0,0,2048,205,26622000,33751040,8
sample,int,isolated-tangent,clipping,4,0,1,2048,205,27829600,33751040,8
sample,int,isolated-tangent,clipping,4,0,2,2048,205,26421700,33751040,8
sample,int,isolated-tangent,clipping,4,0,3,2048,205,26214500,33751040,8
sample,int,isolated-tangent,clipping,4,0,4,2048,205,26501500,33751040,8
sample,int,isolated-tangent,clipping,4,0,5,2048,205,26467800,33751040,8
sample,int,isolated-tangent,clipping,4,0,6,2048,205,26503400,33751040,8
summary,int,isolated-tangent,clipping,12800.049,12940.186,13588.672
sample,int,degenerate-interior,relationship,4,0,0,65536,6554,7427900,0,0
sample,int,degenerate-interior,relationship,4,0,1,65536,6554,7306200,0,0
sample,int,degenerate-interior,relationship,4,0,2,65536,6554,7600000,0,0
sample,int,degenerate-interior,relationship,4,0,3,65536,6554,7229900,0,0
sample,int,degenerate-interior,relationship,4,0,4,65536,6554,8254200,0,0
sample,int,degenerate-interior,relationship,4,0,5,65536,6554,7234900,0,0
sample,int,degenerate-interior,relationship,4,0,6,65536,6554,7381400,0,0
summary,int,degenerate-interior,relationship,110.320,112.631,125.949
sample,int,degenerate-interior,clipping,4,0,0,65536,6554,1768600,0,0
sample,int,degenerate-interior,clipping,4,0,1,65536,6554,1852600,0,0
sample,int,degenerate-interior,clipping,4,0,2,65536,6554,1838900,0,0
sample,int,degenerate-interior,clipping,4,0,3,65536,6554,1806100,0,0
sample,int,degenerate-interior,clipping,4,0,4,65536,6554,1997400,0,0
sample,int,degenerate-interior,clipping,4,0,5,65536,6554,1804400,0,0
sample,int,degenerate-interior,clipping,4,0,6,65536,6554,1790600,0,0
summary,int,degenerate-interior,clipping,26.987,27.559,30.478
sample,int,degenerate-boundary,relationship,4,0,0,65536,6554,7179100,0,0
sample,int,degenerate-boundary,relationship,4,0,1,65536,6554,7381400,0,0
sample,int,degenerate-boundary,relationship,4,0,2,65536,6554,7183500,0,0
sample,int,degenerate-boundary,relationship,4,0,3,65536,6554,7406300,0,0
sample,int,degenerate-boundary,relationship,4,0,4,65536,6554,7347700,0,0
sample,int,degenerate-boundary,relationship,4,0,5,65536,6554,7354300,0,0
sample,int,degenerate-boundary,relationship,4,0,6,65536,6554,7468700,0,0
summary,int,degenerate-boundary,relationship,109.544,112.218,113.963
sample,int,degenerate-boundary,clipping,4,0,0,65536,6554,1832000,0,0
sample,int,degenerate-boundary,clipping,4,0,1,65536,6554,1825000,0,0
sample,int,degenerate-boundary,clipping,4,0,2,65536,6554,1862600,0,0
sample,int,degenerate-boundary,clipping,4,0,3,65536,6554,1898700,0,0
sample,int,degenerate-boundary,clipping,4,0,4,65536,6554,1826600,0,0
sample,int,degenerate-boundary,clipping,4,0,5,65536,6554,1827900,0,0
sample,int,degenerate-boundary,clipping,4,0,6,65536,6554,1841500,0,0
summary,int,degenerate-boundary,clipping,27.847,27.954,28.972
sample,int,empty,relationship,0,0,0,65536,6554,1980600,0,0
sample,int,empty,relationship,0,0,1,65536,6554,1973700,0,0
sample,int,empty,relationship,0,0,2,65536,6554,2050400,0,0
sample,int,empty,relationship,0,0,3,65536,6554,1979900,0,0
sample,int,empty,relationship,0,0,4,65536,6554,1977300,0,0
sample,int,empty,relationship,0,0,5,65536,6554,1978100,0,0
sample,int,empty,relationship,0,0,6,65536,6554,1978800,0,0
summary,int,empty,relationship,30.116,30.194,31.287
sample,int,empty,clipping,0,0,0,65536,6554,1693300,0,0
sample,int,empty,clipping,0,0,1,65536,6554,1698900,0,0
sample,int,empty,clipping,0,0,2,65536,6554,1750200,0,0
sample,int,empty,clipping,0,0,3,65536,6554,1700500,0,0
sample,int,empty,clipping,0,0,4,65536,6554,1699100,0,0
sample,int,empty,clipping,0,0,5,65536,6554,1711100,0,0
sample,int,empty,clipping,0,0,6,65536,6554,1697300,0,0
summary,int,empty,clipping,25.838,25.926,26.706
sample,int,concave-u,relationship,8,2,0,4096,410,35751700,0,0
sample,int,concave-u,relationship,8,2,1,4096,410,38582200,0,0
sample,int,concave-u,relationship,8,2,2,4096,410,36863900,0,0
sample,int,concave-u,relationship,8,2,3,4096,410,36667800,0,0
sample,int,concave-u,relationship,8,2,4,4096,410,37667100,0,0
sample,int,concave-u,relationship,8,2,5,4096,410,36961300,0,0
sample,int,concave-u,relationship,8,2,6,4096,410,46948900,0,0
summary,int,concave-u,relationship,8728.442,9023.755,11462.134
sample,int,concave-u,clipping,8,2,0,256,26,26609300,6356992,1
sample,int,concave-u,clipping,8,2,1,256,26,27008700,6356992,1
sample,int,concave-u,clipping,8,2,2,256,26,26326300,6356992,1
sample,int,concave-u,clipping,8,2,3,256,26,26342500,6356992,1
sample,int,concave-u,clipping,8,2,4,256,26,26293400,6356992,1
sample,int,concave-u,clipping,8,2,5,256,26,26400300,6356992,1
sample,int,concave-u,clipping,8,2,6,256,26,26318500,6356992,1
summary,int,concave-u,clipping,102708.594,102900.391,105502.734
sample,int,hole,relationship,8,2,0,4096,410,36493300,0,0
sample,int,hole,relationship,8,2,1,4096,410,37045100,0,0
sample,int,hole,relationship,8,2,2,4096,410,36809800,0,0
sample,int,hole,relationship,8,2,3,4096,410,36550000,0,0
sample,int,hole,relationship,8,2,4,4096,410,37806100,0,0
sample,int,hole,relationship,8,2,5,4096,410,36473700,0,0
sample,int,hole,relationship,8,2,6,4096,410,36694500,0,0
summary,int,hole,relationship,8904.712,8958.618,9230.005
sample,int,hole,clipping,8,2,0,256,26,26058100,6356992,1
sample,int,hole,clipping,8,2,1,256,26,26495100,6356992,1
sample,int,hole,clipping,8,2,2,256,26,27135500,6356992,1
sample,int,hole,clipping,8,2,3,256,26,25844900,6356992,1
sample,int,hole,clipping,8,2,4,256,26,25987700,6356992,1
sample,int,hole,clipping,8,2,5,256,26,25927400,6356992,1
sample,int,hole,clipping,8,2,6,256,26,26230300,6356992,1
summary,int,hole,clipping,100956.641,101789.453,105998.047
sample,int,hole-reversed,relationship,8,2,0,4096,410,37285700,0,0
sample,int,hole-reversed,relationship,8,2,1,4096,410,37244500,0,0
sample,int,hole-reversed,relationship,8,2,2,4096,410,46464200,0,0
sample,int,hole-reversed,relationship,8,2,3,4096,410,38509500,0,0
sample,int,hole-reversed,relationship,8,2,4,4096,410,38195500,0,0
sample,int,hole-reversed,relationship,8,2,5,4096,410,37701100,0,0
sample,int,hole-reversed,relationship,8,2,6,4096,410,37125100,0,0
summary,int,hole-reversed,relationship,9063.745,9204.370,11343.799
sample,int,hole-reversed,clipping,8,2,0,256,26,26363100,6356992,1
sample,int,hole-reversed,clipping,8,2,1,256,26,26362800,6356992,1
sample,int,hole-reversed,clipping,8,2,2,256,26,27295400,6356992,1
sample,int,hole-reversed,clipping,8,2,3,256,26,26199200,6356992,1
sample,int,hole-reversed,clipping,8,2,4,256,26,25906200,6356992,1
sample,int,hole-reversed,clipping,8,2,5,256,26,26368800,6356992,1
sample,int,hole-reversed,clipping,8,2,6,256,26,26361300,6356992,1
summary,int,hole-reversed,clipping,101196.094,102979.688,106622.656
sample,int,rational-crossing,relationship,3,1,0,16384,1639,35932600,0,0
sample,int,rational-crossing,relationship,3,1,1,16384,1639,35091700,0,0
sample,int,rational-crossing,relationship,3,1,2,16384,1639,35397400,0,0
sample,int,rational-crossing,relationship,3,1,3,16384,1639,35354000,0,0
sample,int,rational-crossing,relationship,3,1,4,16384,1639,35114600,0,0
sample,int,rational-crossing,relationship,3,1,5,16384,1639,36875300,0,0
sample,int,rational-crossing,relationship,3,1,6,16384,1639,35139800,0,0
summary,int,rational-crossing,relationship,2141.827,2157.837,2250.690
sample,int,rational-crossing,clipping,3,1,0,512,52,22026100,8478720,2
sample,int,rational-crossing,clipping,3,1,1,512,52,22061100,8478720,2
sample,int,rational-crossing,clipping,3,1,2,512,52,22263000,8478720,2
sample,int,rational-crossing,clipping,3,1,3,512,52,22034600,8478720,2
sample,int,rational-crossing,clipping,3,1,4,512,52,22251100,8478720,2
sample,int,rational-crossing,clipping,3,1,5,512,52,22720500,8478720,2
sample,int,rational-crossing,clipping,3,1,6,512,52,21677900,8478720,2
summary,int,rational-crossing,clipping,42339.648,43088.086,44375.977
sample,int,sparse-1,relationship,4,1,0,8192,820,35458200,0,0
sample,int,sparse-1,relationship,4,1,1,8192,820,26237800,0,0
sample,int,sparse-1,relationship,4,1,2,8192,820,26428800,0,0
sample,int,sparse-1,relationship,4,1,3,8192,820,28125000,0,0
sample,int,sparse-1,relationship,4,1,4,8192,820,26069800,0,0
sample,int,sparse-1,relationship,4,1,5,8192,820,25683900,0,0
sample,int,sparse-1,relationship,4,1,6,8192,820,26445500,0,0
summary,int,sparse-1,relationship,3135.242,3226.172,4328.394
sample,int,sparse-1,clipping,4,1,0,512,52,22284200,8478720,2
sample,int,sparse-1,clipping,4,1,1,512,52,22430000,8478720,2
sample,int,sparse-1,clipping,4,1,2,512,52,23011200,8478720,2
sample,int,sparse-1,clipping,4,1,3,512,52,22311700,8478720,2
sample,int,sparse-1,clipping,4,1,4,512,52,22431500,8478720,2
sample,int,sparse-1,clipping,4,1,5,512,52,22291500,8478720,2
sample,int,sparse-1,clipping,4,1,6,512,52,22287600,8478720,2
summary,int,sparse-1,clipping,43523.828,43577.539,44943.750
sample,int,sparse-4,relationship,16,1,0,2048,205,30319400,0,0
sample,int,sparse-4,relationship,16,1,1,2048,205,30896400,0,0
sample,int,sparse-4,relationship,16,1,2,2048,205,30554600,0,0
sample,int,sparse-4,relationship,16,1,3,2048,205,30410600,0,0
sample,int,sparse-4,relationship,16,1,4,2048,205,30341100,0,0
sample,int,sparse-4,relationship,16,1,5,2048,205,30414800,0,0
sample,int,sparse-4,relationship,16,1,6,2048,205,30371900,0,0
summary,int,sparse-4,relationship,14804.395,14848.926,15086.133
sample,int,sparse-4,clipping,16,1,0,512,52,29244600,8478720,2
sample,int,sparse-4,clipping,16,1,1,512,52,29155800,8478720,2
sample,int,sparse-4,clipping,16,1,2,512,52,29672200,8478720,2
sample,int,sparse-4,clipping,16,1,3,512,52,30220200,8478720,2
sample,int,sparse-4,clipping,16,1,4,512,52,29564700,8478720,2
sample,int,sparse-4,clipping,16,1,5,512,52,30057300,8478720,2
sample,int,sparse-4,clipping,16,1,6,512,52,29209100,8478720,2
summary,int,sparse-4,clipping,56944.922,57743.555,59023.828
sample,int,sparse-16,relationship,64,1,0,512,52,42569500,0,0
sample,int,sparse-16,relationship,64,1,1,512,52,31347600,0,0
sample,int,sparse-16,relationship,64,1,2,512,52,32181000,0,0
sample,int,sparse-16,relationship,64,1,3,512,52,31374800,0,0
sample,int,sparse-16,relationship,64,1,4,512,52,31266600,0,0
sample,int,sparse-16,relationship,64,1,5,512,52,31339900,0,0
sample,int,sparse-16,relationship,64,1,6,512,52,31350100,0,0
summary,int,sparse-16,relationship,61067.578,61230.664,83143.555
sample,int,sparse-16,clipping,64,1,0,256,26,28913500,4239360,1
sample,int,sparse-16,clipping,64,1,1,256,26,28498700,4239360,1
sample,int,sparse-16,clipping,64,1,2,256,26,29223100,4239360,1
sample,int,sparse-16,clipping,64,1,3,256,26,29461900,4239360,1
sample,int,sparse-16,clipping,64,1,4,256,26,29564500,4239360,1
sample,int,sparse-16,clipping,64,1,5,256,26,29298700,4239360,1
sample,int,sparse-16,clipping,64,1,6,256,26,30550600,4239360,1
summary,int,sparse-16,clipping,111323.047,114448.047,119338.281
sample,int,sparse-64,relationship,256,1,0,128,13,31211900,0,0
sample,int,sparse-64,relationship,256,1,1,128,13,30971700,0,0
sample,int,sparse-64,relationship,256,1,2,128,13,31291200,0,0
sample,int,sparse-64,relationship,256,1,3,128,13,31867700,0,0
sample,int,sparse-64,relationship,256,1,4,128,13,30996200,0,0
sample,int,sparse-64,relationship,256,1,5,128,13,30851900,0,0
sample,int,sparse-64,relationship,256,1,6,128,13,31398500,0,0
summary,int,sparse-64,relationship,241030.469,243842.969,248966.406
sample,int,sparse-64,clipping,256,1,0,64,7,21946100,1059840,0
sample,int,sparse-64,clipping,256,1,1,64,7,22320700,1059840,0
sample,int,sparse-64,clipping,256,1,2,64,7,22841500,1059840,0
sample,int,sparse-64,clipping,256,1,3,64,7,23033700,1059840,0
sample,int,sparse-64,clipping,256,1,4,64,7,21722800,1059840,0
sample,int,sparse-64,clipping,256,1,5,64,7,21557400,1059840,0
sample,int,sparse-64,clipping,256,1,6,64,7,21933000,1059840,0
summary,int,sparse-64,clipping,336834.375,342907.812,359901.562
sample,int,dense-1,relationship,4,1,0,8192,820,26535700,0,0
sample,int,dense-1,relationship,4,1,1,8192,820,26749600,0,0
sample,int,dense-1,relationship,4,1,2,8192,820,26314500,0,0
sample,int,dense-1,relationship,4,1,3,8192,820,26081300,0,0
sample,int,dense-1,relationship,4,1,4,8192,820,26094700,0,0
sample,int,dense-1,relationship,4,1,5,8192,820,26214000,0,0
sample,int,dense-1,relationship,4,1,6,8192,820,26273200,0,0
summary,int,dense-1,relationship,3183.752,3207.178,3265.332
sample,int,dense-1,clipping,4,1,0,512,52,23351800,8478720,2
sample,int,dense-1,clipping,4,1,1,512,52,21857800,8478720,2
sample,int,dense-1,clipping,4,1,2,512,52,22323900,8478720,2
sample,int,dense-1,clipping,4,1,3,512,52,22164800,8478720,2
sample,int,dense-1,clipping,4,1,4,512,52,22285100,8478720,2
sample,int,dense-1,clipping,4,1,5,512,52,22479100,8478720,2
sample,int,dense-1,clipping,4,1,6,512,52,22454100,8478720,2
summary,int,dense-1,clipping,42691.016,43601.367,45608.984
sample,int,dense-4,relationship,16,4,0,1024,103,21685900,0,0
sample,int,dense-4,relationship,16,4,1,1024,103,20842600,0,0
sample,int,dense-4,relationship,16,4,2,1024,103,20742700,0,0
sample,int,dense-4,relationship,16,4,3,1024,103,20742100,0,0
sample,int,dense-4,relationship,16,4,4,1024,103,20971900,0,0
sample,int,dense-4,relationship,16,4,5,1024,103,20793800,0,0
sample,int,dense-4,relationship,16,4,6,1024,103,20729700,0,0
summary,int,dense-4,relationship,20243.848,20306.445,21177.637
sample,int,dense-4,clipping,16,4,0,128,13,29326800,5294080,1
sample,int,dense-4,clipping,16,4,1,128,13,28845600,5294080,1
sample,int,dense-4,clipping,16,4,2,128,13,29609900,5294080,1
sample,int,dense-4,clipping,16,4,3,128,13,29650900,5294080,1
sample,int,dense-4,clipping,16,4,4,128,13,29695800,5294080,1
sample,int,dense-4,clipping,16,4,5,128,13,30581300,5294080,1
sample,int,dense-4,clipping,16,4,6,128,13,30504700,5294080,1
summary,int,dense-4,clipping,225356.250,231647.656,238916.406
sample,int,dense-16,relationship,64,16,0,256,26,23056000,0,0
sample,int,dense-16,relationship,64,16,1,256,26,23025200,0,0
sample,int,dense-16,relationship,64,16,2,256,26,24183600,0,0
sample,int,dense-16,relationship,64,16,3,256,26,32289500,0,0
sample,int,dense-16,relationship,64,16,4,256,26,23212500,0,0
sample,int,dense-16,relationship,64,16,5,256,26,23717300,0,0
sample,int,dense-16,relationship,64,16,6,256,26,23861700,0,0
summary,int,dense-16,relationship,89942.188,92645.703,126130.859
sample,int,dense-16,clipping,64,16,0,32,4,35603400,4640256,1
sample,int,dense-16,clipping,64,16,1,32,4,35388000,4640256,1
sample,int,dense-16,clipping,64,16,2,32,4,36039600,4640256,1
sample,int,dense-16,clipping,64,16,3,32,4,35594400,4640256,1
sample,int,dense-16,clipping,64,16,4,32,4,35389000,4640256,1
sample,int,dense-16,clipping,64,16,5,32,4,35474600,4640256,1
sample,int,dense-16,clipping,64,16,6,32,4,35560700,4640256,1
summary,int,dense-16,clipping,1105875.000,1111271.875,1126237.500
sample,int,dense-64,relationship,256,64,0,64,7,23243500,0,0
sample,int,dense-64,relationship,256,64,1,64,7,23056000,0,0
sample,int,dense-64,relationship,256,64,2,64,7,23074700,0,0
sample,int,dense-64,relationship,256,64,3,64,7,23351600,0,0
sample,int,dense-64,relationship,256,64,4,64,7,23247200,0,0
sample,int,dense-64,relationship,256,64,5,64,7,23220400,0,0
sample,int,dense-64,relationship,256,64,6,64,7,23079400,0,0
summary,int,dense-64,relationship,360250.000,362818.750,364868.750
sample,int,dense-64,clipping,256,64,0,4,1,20429900,2224128,0
sample,int,dense-64,clipping,256,64,1,4,1,20333400,2224128,0
sample,int,dense-64,clipping,256,64,2,4,1,20395200,2224128,0
sample,int,dense-64,clipping,256,64,3,4,1,20733400,2224128,0
sample,int,dense-64,clipping,256,64,4,4,1,20710300,2224128,0
sample,int,dense-64,clipping,256,64,5,4,1,20757900,2224128,0
sample,int,dense-64,clipping,256,64,6,4,1,20766000,2224128,0
summary,int,dense-64,clipping,5083350.000,5177575.000,5191500.000
sample,int,wide-integral,relationship,4,1,0,8192,820,26068200,0,0
sample,int,wide-integral,relationship,4,1,1,8192,820,26052400,0,0
sample,int,wide-integral,relationship,4,1,2,8192,820,26098000,0,0
sample,int,wide-integral,relationship,4,1,3,8192,820,26286500,0,0
sample,int,wide-integral,relationship,4,1,4,8192,820,26300600,0,0
sample,int,wide-integral,relationship,4,1,5,8192,820,35760200,0,0
sample,int,wide-integral,relationship,4,1,6,8192,820,26828100,0,0
summary,int,wide-integral,relationship,3180.225,3208.801,4365.259
sample,int,wide-integral,clipping,4,1,0,512,52,23599000,8478720,2
sample,int,wide-integral,clipping,4,1,1,512,52,23371100,8478720,2
sample,int,wide-integral,clipping,4,1,2,512,52,23288700,8478720,2
sample,int,wide-integral,clipping,4,1,3,512,52,23388100,8478720,2
sample,int,wide-integral,clipping,4,1,4,512,52,23259000,8478720,2
sample,int,wide-integral,clipping,4,1,5,512,52,24553400,8478720,2
sample,int,wide-integral,clipping,4,1,6,512,52,22972200,8478720,2
summary,int,wide-integral,clipping,44867.578,45646.680,47955.859
fixture,long,exterior,4,1,success,0
fixture,long,interior,4,4,success,1
fixture,long,crossing,4,7,success,1
fixture,long,boundary-only,4,10,success,1
fixture,long,boundary-overlap,4,11,success,1
fixture,long,isolated-tangent,4,3,success,0
fixture,long,degenerate-interior,4,4,success,0
fixture,long,degenerate-boundary,4,2,success,0
fixture,long,empty,0,1,success,0
fixture,long,concave-u,8,7,success,2
fixture,long,hole,8,7,success,2
fixture,long,hole-reversed,8,7,success,2
fixture,long,rational-crossing,3,7,success,1
fixture,long,sparse-1,4,7,success,1
fixture,long,sparse-4,16,7,success,1
fixture,long,sparse-16,64,7,success,1
fixture,long,sparse-64,256,7,success,1
fixture,long,dense-1,4,7,success,1
fixture,long,dense-4,16,7,success,4
fixture,long,dense-16,64,7,success,16
fixture,long,dense-64,256,7,success,64
fixture,long,wide-integral,4,7,success,1
fixture,long,endpoint-collapse,4,6,unrepresentableConstruction,0
fixture,long,gap-collapse,8,7,unrepresentableConstruction,0
preflight,long,24,PASS
sample,long,exterior,relationship,4,0,0,8192,820,25762300,0,0
sample,long,exterior,relationship,4,0,1,8192,820,25943200,0,0
sample,long,exterior,relationship,4,0,2,8192,820,25818100,0,0
sample,long,exterior,relationship,4,0,3,8192,820,27467300,0,0
sample,long,exterior,relationship,4,0,4,8192,820,25701500,0,0
sample,long,exterior,relationship,4,0,5,8192,820,26093900,0,0
sample,long,exterior,relationship,4,0,6,8192,820,25986700,0,0
summary,long,exterior,relationship,3137.390,3166.895,3352.942
sample,long,exterior,clipping,4,0,0,4096,410,31654500,33947648,8
sample,long,exterior,clipping,4,0,1,4096,410,33512000,33947648,8
sample,long,exterior,clipping,4,0,2,4096,410,31442400,33947648,8
sample,long,exterior,clipping,4,0,3,4096,410,32747000,33947648,8
sample,long,exterior,clipping,4,0,4,4096,410,31877900,33947648,8
sample,long,exterior,clipping,4,0,5,4096,410,32395800,33947648,8
sample,long,exterior,clipping,4,0,6,4096,410,31602600,33947648,8
summary,long,exterior,clipping,7676.367,7782.690,8181.641
sample,long,interior,relationship,4,1,0,8192,820,25711000,0,0
sample,long,interior,relationship,4,1,1,8192,820,26143800,0,0
sample,long,interior,relationship,4,1,2,8192,820,26616100,0,0
sample,long,interior,relationship,4,1,3,8192,820,26522500,0,0
sample,long,interior,relationship,4,1,4,8192,820,26592800,0,0
sample,long,interior,relationship,4,1,5,8192,820,36708500,0,0
sample,long,interior,relationship,4,1,6,8192,820,25559500,0,0
summary,long,interior,relationship,3120.056,3237.610,4481.018
sample,long,interior,clipping,4,1,0,2048,205,35156600,17072128,4
sample,long,interior,clipping,4,1,1,2048,205,35057400,17072128,4
sample,long,interior,clipping,4,1,2,2048,205,36107500,17072128,4
sample,long,interior,clipping,4,1,3,2048,205,34594600,17072128,4
sample,long,interior,clipping,4,1,4,2048,205,34614600,17072128,4
sample,long,interior,clipping,4,1,5,2048,205,35206000,17072128,4
sample,long,interior,clipping,4,1,6,2048,205,35088000,17072128,4
summary,long,interior,clipping,16891.895,17132.812,17630.615
sample,long,crossing,relationship,4,1,0,8192,820,25800400,0,0
sample,long,crossing,relationship,4,1,1,8192,820,25775900,0,0
sample,long,crossing,relationship,4,1,2,8192,820,25769200,0,0
sample,long,crossing,relationship,4,1,3,8192,820,26294400,0,0
sample,long,crossing,relationship,4,1,4,8192,820,26184600,0,0
sample,long,crossing,relationship,4,1,5,8192,820,28850500,0,0
sample,long,crossing,relationship,4,1,6,8192,820,26281800,0,0
summary,long,crossing,relationship,3145.654,3196.362,3521.790
sample,long,crossing,clipping,4,1,0,512,52,23159900,8478720,2
sample,long,crossing,clipping,4,1,1,512,52,22275700,8478720,2
sample,long,crossing,clipping,4,1,2,512,52,22142100,8478720,2
sample,long,crossing,clipping,4,1,3,512,52,22148900,8478720,2
sample,long,crossing,clipping,4,1,4,512,52,22283200,8478720,2
sample,long,crossing,clipping,4,1,5,512,52,24001200,8478720,2
sample,long,crossing,clipping,4,1,6,512,52,22401900,8478720,2
summary,long,crossing,clipping,43246.289,43521.875,46877.344
sample,long,boundary-only,relationship,4,1,0,8192,820,34741100,0,0
sample,long,boundary-only,relationship,4,1,1,8192,820,34635100,0,0
sample,long,boundary-only,relationship,4,1,2,8192,820,34956400,0,0
sample,long,boundary-only,relationship,4,1,3,8192,820,44935300,0,0
sample,long,boundary-only,relationship,4,1,4,8192,820,34091300,0,0
sample,long,boundary-only,relationship,4,1,5,8192,820,34374700,0,0
sample,long,boundary-only,relationship,4,1,6,8192,820,34775500,0,0
summary,long,boundary-only,relationship,4161.536,4240.857,5485.266
sample,long,boundary-only,clipping,4,1,0,1024,103,29099600,21118976,5
sample,long,boundary-only,clipping,4,1,1,1024,103,28156800,21118976,5
sample,long,boundary-only,clipping,4,1,2,1024,103,28134500,21118976,5
sample,long,boundary-only,clipping,4,1,3,1024,103,28366100,21118976,5
sample,long,boundary-only,clipping,4,1,4,1024,103,28611400,21118976,5
sample,long,boundary-only,clipping,4,1,5,1024,103,28601400,21118976,5
sample,long,boundary-only,clipping,4,1,6,1024,103,28712500,21118976,5
summary,long,boundary-only,clipping,27475.098,27931.055,28417.578
sample,long,boundary-overlap,relationship,4,1,0,4096,410,21756400,0,0
sample,long,boundary-overlap,relationship,4,1,1,4096,410,21586000,0,0
sample,long,boundary-overlap,relationship,4,1,2,4096,410,22002000,0,0
sample,long,boundary-overlap,relationship,4,1,3,4096,410,22125400,0,0
sample,long,boundary-overlap,relationship,4,1,4,4096,410,22008700,0,0
sample,long,boundary-overlap,relationship,4,1,5,4096,410,22081900,0,0
sample,long,boundary-overlap,relationship,4,1,6,4096,410,22382100,0,0
summary,long,boundary-overlap,relationship,5270.020,5373.218,5464.380
sample,long,boundary-overlap,clipping,4,1,0,1024,103,30168100,21151744,5
sample,long,boundary-overlap,clipping,4,1,1,1024,103,30759200,21151744,5
sample,long,boundary-overlap,clipping,4,1,2,1024,103,30839700,21151744,5
sample,long,boundary-overlap,clipping,4,1,3,1024,103,30911300,21151744,5
sample,long,boundary-overlap,clipping,4,1,4,1024,103,32140400,21151744,5
sample,long,boundary-overlap,clipping,4,1,5,1024,103,31030500,21151744,5
sample,long,boundary-overlap,clipping,4,1,6,1024,103,30473100,21151744,5
summary,long,boundary-overlap,clipping,29461.035,30116.895,31387.109
sample,long,isolated-tangent,relationship,4,0,0,8192,820,39450200,0,0
sample,long,isolated-tangent,relationship,4,0,1,8192,820,49176400,0,0
sample,long,isolated-tangent,relationship,4,0,2,8192,820,38602800,0,0
sample,long,isolated-tangent,relationship,4,0,3,8192,820,39390500,0,0
sample,long,isolated-tangent,relationship,4,0,4,8192,820,39411200,0,0
sample,long,isolated-tangent,relationship,4,0,5,8192,820,39454100,0,0
sample,long,isolated-tangent,relationship,4,0,6,8192,820,39698800,0,0
summary,long,isolated-tangent,relationship,4712.256,4815.698,6002.979
sample,long,isolated-tangent,clipping,4,0,0,2048,205,27053800,33751040,8
sample,long,isolated-tangent,clipping,4,0,1,2048,205,26971000,33751040,8
sample,long,isolated-tangent,clipping,4,0,2,2048,205,27031500,33751040,8
sample,long,isolated-tangent,clipping,4,0,3,2048,205,27809000,33751040,8
sample,long,isolated-tangent,clipping,4,0,4,2048,205,26558400,33751040,8
sample,long,isolated-tangent,clipping,4,0,5,2048,205,26679800,33751040,8
sample,long,isolated-tangent,clipping,4,0,6,2048,205,26536900,33751040,8
summary,long,isolated-tangent,clipping,12957.471,13169.434,13578.613
sample,long,degenerate-interior,relationship,4,0,0,65536,6554,7246700,0,0
sample,long,degenerate-interior,relationship,4,0,1,65536,6554,7020300,0,0
sample,long,degenerate-interior,relationship,4,0,2,65536,6554,6960400,0,0
sample,long,degenerate-interior,relationship,4,0,3,65536,6554,6868700,0,0
sample,long,degenerate-interior,relationship,4,0,4,65536,6554,6875700,0,0
sample,long,degenerate-interior,relationship,4,0,5,65536,6554,6984700,0,0
sample,long,degenerate-interior,relationship,4,0,6,65536,6554,6881700,0,0
summary,long,degenerate-interior,relationship,104.808,106.207,110.576
sample,long,degenerate-interior,clipping,4,0,0,65536,6554,2269300,0,0
sample,long,degenerate-interior,clipping,4,0,1,65536,6554,2362500,0,0
sample,long,degenerate-interior,clipping,4,0,2,65536,6554,2284200,0,0
sample,long,degenerate-interior,clipping,4,0,3,65536,6554,2177100,0,0
sample,long,degenerate-interior,clipping,4,0,4,65536,6554,2227500,0,0
sample,long,degenerate-interior,clipping,4,0,5,65536,6554,2165000,0,0
sample,long,degenerate-interior,clipping,4,0,6,65536,6554,2289600,0,0
summary,long,degenerate-interior,clipping,33.035,34.627,36.049
sample,long,degenerate-boundary,relationship,4,0,0,65536,6554,7070600,0,0
sample,long,degenerate-boundary,relationship,4,0,1,65536,6554,7076600,0,0
sample,long,degenerate-boundary,relationship,4,0,2,65536,6554,7747900,0,0
sample,long,degenerate-boundary,relationship,4,0,3,65536,6554,6921200,0,0
sample,long,degenerate-boundary,relationship,4,0,4,65536,6554,6940300,0,0
sample,long,degenerate-boundary,relationship,4,0,5,65536,6554,6903200,0,0
sample,long,degenerate-boundary,relationship,4,0,6,65536,6554,6903800,0,0
summary,long,degenerate-boundary,relationship,105.334,105.901,118.224
sample,long,degenerate-boundary,clipping,4,0,0,65536,6554,2200800,0,0
sample,long,degenerate-boundary,clipping,4,0,1,65536,6554,2191900,0,0
sample,long,degenerate-boundary,clipping,4,0,2,65536,6554,2185000,0,0
sample,long,degenerate-boundary,clipping,4,0,3,65536,6554,2183300,0,0
sample,long,degenerate-boundary,clipping,4,0,4,65536,6554,2279700,0,0
sample,long,degenerate-boundary,clipping,4,0,5,65536,6554,2299500,0,0
sample,long,degenerate-boundary,clipping,4,0,6,65536,6554,2179400,0,0
summary,long,degenerate-boundary,clipping,33.255,33.446,35.088
sample,long,empty,relationship,0,0,0,65536,6554,2055500,0,0
sample,long,empty,relationship,0,0,1,65536,6554,2048100,0,0
sample,long,empty,relationship,0,0,2,65536,6554,2046800,0,0
sample,long,empty,relationship,0,0,3,65536,6554,2037200,0,0
sample,long,empty,relationship,0,0,4,65536,6554,2091500,0,0
sample,long,empty,relationship,0,0,5,65536,6554,2051800,0,0
sample,long,empty,relationship,0,0,6,65536,6554,2029000,0,0
summary,long,empty,relationship,30.960,31.252,31.914
sample,long,empty,clipping,0,0,0,65536,6554,2100300,0,0
sample,long,empty,clipping,0,0,1,65536,6554,2101900,0,0
sample,long,empty,clipping,0,0,2,65536,6554,2364200,0,0
sample,long,empty,clipping,0,0,3,65536,6554,2080100,0,0
sample,long,empty,clipping,0,0,4,65536,6554,2036000,0,0
sample,long,empty,clipping,0,0,5,65536,6554,1918400,0,0
sample,long,empty,clipping,0,0,6,65536,6554,1917300,0,0
summary,long,empty,clipping,29.256,31.740,36.075
sample,long,concave-u,relationship,8,2,0,4096,410,38001400,0,0
sample,long,concave-u,relationship,8,2,1,4096,410,36853600,0,0
sample,long,concave-u,relationship,8,2,2,4096,410,36666300,0,0
sample,long,concave-u,relationship,8,2,3,4096,410,37362000,0,0
sample,long,concave-u,relationship,8,2,4,4096,410,37116800,0,0
sample,long,concave-u,relationship,8,2,5,4096,410,37366400,0,0
sample,long,concave-u,relationship,8,2,6,4096,410,37774000,0,0
summary,long,concave-u,relationship,8951.733,9121.582,9277.686
sample,long,concave-u,clipping,8,2,0,256,26,26411100,6356992,1
sample,long,concave-u,clipping,8,2,1,256,26,26309400,6356992,1
sample,long,concave-u,clipping,8,2,2,256,26,26484000,6356992,1
sample,long,concave-u,clipping,8,2,3,256,26,27402900,6356992,1
sample,long,concave-u,clipping,8,2,4,256,26,25889100,6356992,1
sample,long,concave-u,clipping,8,2,5,256,26,26080500,6356992,1
sample,long,concave-u,clipping,8,2,6,256,26,25874700,6356992,1
summary,long,concave-u,clipping,101073.047,102771.094,107042.578
sample,long,hole,relationship,8,2,0,4096,410,37304300,0,0
sample,long,hole,relationship,8,2,1,4096,410,37708600,0,0
sample,long,hole,relationship,8,2,2,4096,410,36606500,0,0
sample,long,hole,relationship,8,2,3,4096,410,37199500,0,0
sample,long,hole,relationship,8,2,4,4096,410,37321800,0,0
sample,long,hole,relationship,8,2,5,4096,410,37169200,0,0
sample,long,hole,relationship,8,2,6,4096,410,38142300,0,0
summary,long,hole,relationship,8937.134,9107.495,9312.085
sample,long,hole,clipping,8,2,0,256,26,26421800,6356992,1
sample,long,hole,clipping,8,2,1,256,26,26302500,6356992,1
sample,long,hole,clipping,8,2,2,256,26,26395500,6356992,1
sample,long,hole,clipping,8,2,3,256,26,26200600,6356992,1
sample,long,hole,clipping,8,2,4,256,26,27350300,6356992,1
sample,long,hole,clipping,8,2,5,256,26,26419000,6356992,1
sample,long,hole,clipping,8,2,6,256,26,25920500,6356992,1
summary,long,hole,clipping,101251.953,103107.422,106837.109
sample,long,hole-reversed,relationship,8,2,0,4096,410,37310900,0,0
sample,long,hole-reversed,relationship,8,2,1,4096,410,37974300,0,0
sample,long,hole-reversed,relationship,8,2,2,4096,410,41025900,0,0
sample,long,hole-reversed,relationship,8,2,3,4096,410,42400600,0,0
sample,long,hole-reversed,relationship,8,2,4,4096,410,37404700,0,0
sample,long,hole-reversed,relationship,8,2,5,4096,410,37487400,0,0
sample,long,hole-reversed,relationship,8,2,6,4096,410,38382900,0,0
summary,long,hole-reversed,relationship,9109.106,9271.069,10351.709
sample,long,hole-reversed,clipping,8,2,0,256,26,26043100,6356992,1
sample,long,hole-reversed,clipping,8,2,1,256,26,26266000,6356992,1
sample,long,hole-reversed,clipping,8,2,2,256,26,26241200,6356992,1
sample,long,hole-reversed,clipping,8,2,3,256,26,26314700,6356992,1
sample,long,hole-reversed,clipping,8,2,4,256,26,26303100,6356992,1
sample,long,hole-reversed,clipping,8,2,5,256,26,26816900,6356992,1
sample,long,hole-reversed,clipping,8,2,6,256,26,26074900,6356992,1
summary,long,hole-reversed,clipping,101730.859,102601.562,104753.516
sample,long,rational-crossing,relationship,3,1,0,16384,1639,35295500,0,0
sample,long,rational-crossing,relationship,3,1,1,16384,1639,35481800,0,0
sample,long,rational-crossing,relationship,3,1,2,16384,1639,36192100,0,0
sample,long,rational-crossing,relationship,3,1,3,16384,1639,35111200,0,0
sample,long,rational-crossing,relationship,3,1,4,16384,1639,35327300,0,0
sample,long,rational-crossing,relationship,3,1,5,16384,1639,35771200,0,0
sample,long,rational-crossing,relationship,3,1,6,16384,1639,35241300,0,0
summary,long,rational-crossing,relationship,2143.018,2156.207,2208.990
sample,long,rational-crossing,clipping,3,1,0,512,52,22205700,8478720,2
sample,long,rational-crossing,clipping,3,1,1,512,52,21923500,8478720,2
sample,long,rational-crossing,clipping,3,1,2,512,52,21969200,8478720,2
sample,long,rational-crossing,clipping,3,1,3,512,52,22138100,8478720,2
sample,long,rational-crossing,clipping,3,1,4,512,52,22344100,8478720,2
sample,long,rational-crossing,clipping,3,1,5,512,52,22245100,8478720,2
sample,long,rational-crossing,clipping,3,1,6,512,52,22121700,8478720,2
summary,long,rational-crossing,clipping,42819.336,43238.477,43640.820
sample,long,sparse-1,relationship,4,1,0,8192,820,25644900,0,0
sample,long,sparse-1,relationship,4,1,1,8192,820,35449900,0,0
sample,long,sparse-1,relationship,4,1,2,8192,820,26229300,0,0
sample,long,sparse-1,relationship,4,1,3,8192,820,26069500,0,0
sample,long,sparse-1,relationship,4,1,4,8192,820,26174500,0,0
sample,long,sparse-1,relationship,4,1,5,8192,820,27326500,0,0
sample,long,sparse-1,relationship,4,1,6,8192,820,25962800,0,0
summary,long,sparse-1,relationship,3130.481,3195.129,4327.380
sample,long,sparse-1,clipping,4,1,0,512,52,22288100,8478720,2
sample,long,sparse-1,clipping,4,1,1,512,52,22388000,8478720,2
sample,long,sparse-1,clipping,4,1,2,512,52,22311200,8478720,2
sample,long,sparse-1,clipping,4,1,3,512,52,22317500,8478720,2
sample,long,sparse-1,clipping,4,1,4,512,52,22551700,8478720,2
sample,long,sparse-1,clipping,4,1,5,512,52,23007400,8478720,2
sample,long,sparse-1,clipping,4,1,6,512,52,21933000,8478720,2
summary,long,sparse-1,clipping,42837.891,43588.867,44936.328
sample,long,sparse-4,relationship,16,1,0,2048,205,30685600,0,0
sample,long,sparse-4,relationship,16,1,1,2048,205,30696100,0,0
sample,long,sparse-4,relationship,16,1,2,2048,205,30863200,0,0
sample,long,sparse-4,relationship,16,1,3,2048,205,31019300,0,0
sample,long,sparse-4,relationship,16,1,4,2048,205,29844300,0,0
sample,long,sparse-4,relationship,16,1,5,2048,205,30098900,0,0
sample,long,sparse-4,relationship,16,1,6,2048,205,30695300,0,0
summary,long,sparse-4,relationship,14572.412,14987.939,15146.143
sample,long,sparse-4,clipping,16,1,0,512,52,30659400,8478720,2
sample,long,sparse-4,clipping,16,1,1,512,52,29977100,8478720,2
sample,long,sparse-4,clipping,16,1,2,512,52,30647200,8478720,2
sample,long,sparse-4,clipping,16,1,3,512,52,29819100,8478720,2
sample,long,sparse-4,clipping,16,1,4,512,52,29873000,8478720,2
sample,long,sparse-4,clipping,16,1,5,512,52,29964500,8478720,2
sample,long,sparse-4,clipping,16,1,6,512,52,30065200,8478720,2
summary,long,sparse-4,clipping,58240.430,58549.023,59881.641
sample,long,sparse-16,relationship,64,1,0,512,52,36710600,0,0
sample,long,sparse-16,relationship,64,1,1,512,52,35420900,0,0
sample,long,sparse-16,relationship,64,1,2,512,52,31759300,0,0
sample,long,sparse-16,relationship,64,1,3,512,52,31880800,0,0
sample,long,sparse-16,relationship,64,1,4,512,52,32468300,0,0
sample,long,sparse-16,relationship,64,1,5,512,52,31282600,0,0
sample,long,sparse-16,relationship,64,1,6,512,52,31359500,0,0
summary,long,sparse-16,relationship,61098.828,62267.188,71700.391
sample,long,sparse-16,clipping,64,1,0,256,26,29680100,4239360,1
sample,long,sparse-16,clipping,64,1,1,256,26,30561400,4239360,1
sample,long,sparse-16,clipping,64,1,2,256,26,29241700,4239360,1
sample,long,sparse-16,clipping,64,1,3,256,26,29196600,4239360,1
sample,long,sparse-16,clipping,64,1,4,256,26,29382300,4239360,1
sample,long,sparse-16,clipping,64,1,5,256,26,29615100,4239360,1
sample,long,sparse-16,clipping,64,1,6,256,26,29675200,4239360,1
summary,long,sparse-16,clipping,114049.219,115683.984,119380.469
sample,long,sparse-64,relationship,256,1,0,128,13,31730100,0,0
sample,long,sparse-64,relationship,256,1,1,128,13,31849400,0,0
sample,long,sparse-64,relationship,256,1,2,128,13,32290900,0,0
sample,long,sparse-64,relationship,256,1,3,128,13,32267500,0,0
sample,long,sparse-64,relationship,256,1,4,128,13,32337200,0,0
sample,long,sparse-64,relationship,256,1,5,128,13,32724000,0,0
sample,long,sparse-64,relationship,256,1,6,128,13,31838500,0,0
summary,long,sparse-64,relationship,247891.406,252089.844,255656.250
sample,long,sparse-64,clipping,256,1,0,64,7,22280200,1059840,0
sample,long,sparse-64,clipping,256,1,1,64,7,22244400,1059840,0
sample,long,sparse-64,clipping,256,1,2,64,7,22229500,1059840,0
sample,long,sparse-64,clipping,256,1,3,64,7,22433300,1059840,0
sample,long,sparse-64,clipping,256,1,4,64,7,22883700,1059840,0
sample,long,sparse-64,clipping,256,1,5,64,7,22015100,1059840,0
sample,long,sparse-64,clipping,256,1,6,64,7,22216800,1059840,0
summary,long,sparse-64,clipping,343985.938,347568.750,357557.812
sample,long,dense-1,relationship,4,1,0,8192,820,26123800,0,0
sample,long,dense-1,relationship,4,1,1,8192,820,26182000,0,0
sample,long,dense-1,relationship,4,1,2,8192,820,25853200,0,0
sample,long,dense-1,relationship,4,1,3,8192,820,27010300,0,0
sample,long,dense-1,relationship,4,1,4,8192,820,25945000,0,0
sample,long,dense-1,relationship,4,1,5,8192,820,25830000,0,0
sample,long,dense-1,relationship,4,1,6,8192,820,26154100,0,0
summary,long,dense-1,relationship,3153.076,3188.940,3297.156
sample,long,dense-1,clipping,4,1,0,512,52,22400800,8478720,2
sample,long,dense-1,clipping,4,1,1,512,52,22111400,8478720,2
sample,long,dense-1,clipping,4,1,2,512,52,24021000,8478720,2
sample,long,dense-1,clipping,4,1,3,512,52,22176000,8478720,2
sample,long,dense-1,clipping,4,1,4,512,52,22064400,8478720,2
sample,long,dense-1,clipping,4,1,5,512,52,22171600,8478720,2
sample,long,dense-1,clipping,4,1,6,512,52,22577200,8478720,2
summary,long,dense-1,clipping,43094.531,43312.500,46916.016
sample,long,dense-4,relationship,16,4,0,1024,103,21685000,0,0
sample,long,dense-4,relationship,16,4,1,1024,103,21380600,0,0
sample,long,dense-4,relationship,16,4,2,1024,103,22156200,0,0
sample,long,dense-4,relationship,16,4,3,1024,103,21493100,0,0
sample,long,dense-4,relationship,16,4,4,1024,103,21706300,0,0
sample,long,dense-4,relationship,16,4,5,1024,103,21476700,0,0
sample,long,dense-4,relationship,16,4,6,1024,103,21359000,0,0
summary,long,dense-4,relationship,20858.398,20989.355,21636.914
sample,long,dense-4,clipping,16,4,0,128,13,29154200,5294080,1
sample,long,dense-4,clipping,16,4,1,128,13,31708300,5294080,1
sample,long,dense-4,clipping,16,4,2,128,13,30796500,5294080,1
sample,long,dense-4,clipping,16,4,3,128,13,29660000,5294080,1
sample,long,dense-4,clipping,16,4,4,128,13,29581000,5294080,1
sample,long,dense-4,clipping,16,4,5,128,13,29473000,5294080,1
sample,long,dense-4,clipping,16,4,6,128,13,29558700,5294080,1
summary,long,dense-4,clipping,227767.188,231101.562,247721.094
sample,long,dense-16,relationship,64,16,0,256,26,23454700,0,0
sample,long,dense-16,relationship,64,16,1,256,26,23101300,0,0
sample,long,dense-16,relationship,64,16,2,256,26,23516900,0,0
sample,long,dense-16,relationship,64,16,3,256,26,32989100,0,0
sample,long,dense-16,relationship,64,16,4,256,26,23617200,0,0
sample,long,dense-16,relationship,64,16,5,256,26,23520100,0,0
sample,long,dense-16,relationship,64,16,6,256,26,24085900,0,0
summary,long,dense-16,relationship,90239.453,91875.391,128863.672
sample,long,dense-16,clipping,64,16,0,32,4,35252500,4640256,1
sample,long,dense-16,clipping,64,16,1,32,4,35444600,4640256,1
sample,long,dense-16,clipping,64,16,2,32,4,35310700,4640256,1
sample,long,dense-16,clipping,64,16,3,32,4,36071700,4640256,1
sample,long,dense-16,clipping,64,16,4,32,4,34831300,4640256,1
sample,long,dense-16,clipping,64,16,5,32,4,34872200,4640256,1
sample,long,dense-16,clipping,64,16,6,32,4,35274900,4640256,1
summary,long,dense-16,clipping,1088478.125,1102340.625,1127240.625
sample,long,dense-64,relationship,256,64,0,64,7,24067900,0,0
sample,long,dense-64,relationship,256,64,1,64,7,24928900,0,0
sample,long,dense-64,relationship,256,64,2,64,7,23750700,0,0
sample,long,dense-64,relationship,256,64,3,64,7,23854200,0,0
sample,long,dense-64,relationship,256,64,4,64,7,24088000,0,0
sample,long,dense-64,relationship,256,64,5,64,7,24243400,0,0
sample,long,dense-64,relationship,256,64,6,64,7,24169900,0,0
summary,long,dense-64,relationship,371104.688,376375.000,389514.062
sample,long,dense-64,clipping,256,64,0,4,1,21457600,2224128,0
sample,long,dense-64,clipping,256,64,1,4,1,20569600,2224128,0
sample,long,dense-64,clipping,256,64,2,4,1,20486400,2224128,0
sample,long,dense-64,clipping,256,64,3,4,1,20263000,2224128,0
sample,long,dense-64,clipping,256,64,4,4,1,20516400,2224128,0
sample,long,dense-64,clipping,256,64,5,4,1,20557200,2224128,0
sample,long,dense-64,clipping,256,64,6,4,1,20657500,2224128,0
summary,long,dense-64,clipping,5065750.000,5139300.000,5364400.000
sample,long,wide-integral,relationship,4,1,0,8192,820,27112200,0,0
sample,long,wide-integral,relationship,4,1,1,8192,820,26335800,0,0
sample,long,wide-integral,relationship,4,1,2,8192,820,26032100,0,0
sample,long,wide-integral,relationship,4,1,3,8192,820,26098900,0,0
sample,long,wide-integral,relationship,4,1,4,8192,820,26391600,0,0
sample,long,wide-integral,relationship,4,1,5,8192,820,30981500,0,0
sample,long,wide-integral,relationship,4,1,6,8192,820,30760700,0,0
summary,long,wide-integral,relationship,3177.747,3221.631,3781.921
sample,long,wide-integral,clipping,4,1,0,512,52,24336000,8478720,2
sample,long,wide-integral,clipping,4,1,1,512,52,24631900,8478720,2
sample,long,wide-integral,clipping,4,1,2,512,52,24491000,8478720,2
sample,long,wide-integral,clipping,4,1,3,512,52,24507200,8478720,2
sample,long,wide-integral,clipping,4,1,4,512,52,24585300,8478720,2
sample,long,wide-integral,clipping,4,1,5,512,52,24413200,8478720,2
sample,long,wide-integral,clipping,4,1,6,512,52,25601400,8478720,2
summary,long,wide-integral,clipping,47531.250,47865.625,50002.734
sample,long,endpoint-collapse,relationship,4,0,0,8192,820,38927300,0,0
sample,long,endpoint-collapse,relationship,4,0,1,8192,820,39300000,0,0
sample,long,endpoint-collapse,relationship,4,0,2,8192,820,40071500,0,0
sample,long,endpoint-collapse,relationship,4,0,3,8192,820,38815800,0,0
sample,long,endpoint-collapse,relationship,4,0,4,8192,820,39427100,0,0
sample,long,endpoint-collapse,relationship,4,0,5,8192,820,39589300,0,0
sample,long,endpoint-collapse,relationship,4,0,6,8192,820,39676100,0,0
summary,long,endpoint-collapse,relationship,4738.257,4812.878,4891.541
sample,long,endpoint-collapse,clipping,4,0,0,1024,103,35874400,16924672,4
sample,long,endpoint-collapse,clipping,4,0,1,1024,103,36284600,16924672,4
sample,long,endpoint-collapse,clipping,4,0,2,1024,103,36332900,16924672,4
sample,long,endpoint-collapse,clipping,4,0,3,1024,103,36046400,16924672,4
sample,long,endpoint-collapse,clipping,4,0,4,1024,103,37465500,16924672,4
sample,long,endpoint-collapse,clipping,4,0,5,1024,103,36012900,16924672,4
sample,long,endpoint-collapse,clipping,4,0,6,1024,103,35997400,16924672,4
summary,long,endpoint-collapse,clipping,35033.594,35201.562,36587.402
sample,long,gap-collapse,relationship,8,0,0,2048,205,31485200,0,0
sample,long,gap-collapse,relationship,8,0,1,2048,205,21857300,0,0
sample,long,gap-collapse,relationship,8,0,2,2048,205,23315500,0,0
sample,long,gap-collapse,relationship,8,0,3,2048,205,21998700,0,0
sample,long,gap-collapse,relationship,8,0,4,2048,205,21810400,0,0
sample,long,gap-collapse,relationship,8,0,5,2048,205,22044700,0,0
sample,long,gap-collapse,relationship,8,0,6,2048,205,22379800,0,0
summary,long,gap-collapse,relationship,10649.609,10764.014,15373.633
sample,long,gap-collapse,clipping,8,0,0,256,26,24696900,6348800,1
sample,long,gap-collapse,clipping,8,0,1,256,26,25736600,6348800,1
sample,long,gap-collapse,clipping,8,0,2,256,26,24362200,6348800,1
sample,long,gap-collapse,clipping,8,0,3,256,26,24318900,6348800,1
sample,long,gap-collapse,clipping,8,0,4,256,26,24460600,6348800,1
sample,long,gap-collapse,clipping,8,0,5,256,26,24710400,6348800,1
sample,long,gap-collapse,clipping,8,0,6,256,26,24736400,6348800,1
summary,long,gap-collapse,clipping,94995.703,96472.266,100533.594
fixture,float,exterior,4,1,success,0
fixture,float,interior,4,4,success,1
fixture,float,crossing,4,7,success,1
fixture,float,boundary-only,4,10,success,1
fixture,float,boundary-overlap,4,11,success,1
fixture,float,isolated-tangent,4,3,success,0
fixture,float,degenerate-interior,4,4,success,0
fixture,float,degenerate-boundary,4,2,success,0
fixture,float,empty,0,1,success,0
fixture,float,concave-u,8,7,success,2
fixture,float,hole,8,7,success,2
fixture,float,hole-reversed,8,7,success,2
fixture,float,rational-crossing,3,7,success,1
fixture,float,sparse-1,4,7,success,1
fixture,float,sparse-4,16,7,success,1
fixture,float,sparse-16,64,7,success,1
fixture,float,sparse-64,256,7,success,1
fixture,float,dense-1,4,7,success,1
fixture,float,dense-4,16,7,success,4
fixture,float,dense-16,64,7,success,16
fixture,float,dense-64,256,7,success,64
fixture,float,subnormal,4,7,success,1
fixture,float,large-finite,4,7,success,1
preflight,float,23,PASS
sample,float,exterior,relationship,4,0,0,8192,820,24720900,0,0
sample,float,exterior,relationship,4,0,1,8192,820,25036600,0,0
sample,float,exterior,relationship,4,0,2,8192,820,24886300,0,0
sample,float,exterior,relationship,4,0,3,8192,820,25365900,0,0
sample,float,exterior,relationship,4,0,4,8192,820,25378000,0,0
sample,float,exterior,relationship,4,0,5,8192,820,25241400,0,0
sample,float,exterior,relationship,4,0,6,8192,820,25311700,0,0
summary,float,exterior,relationship,3017.688,3081.226,3097.900
sample,float,exterior,clipping,4,0,0,4096,410,30330300,33947648,8
sample,float,exterior,clipping,4,0,1,4096,410,30931600,33947648,8
sample,float,exterior,clipping,4,0,2,4096,410,30902000,33947648,8
sample,float,exterior,clipping,4,0,3,4096,410,30872400,33947648,8
sample,float,exterior,clipping,4,0,4,4096,410,32270700,33947648,8
sample,float,exterior,clipping,4,0,5,4096,410,31136200,33947648,8
sample,float,exterior,clipping,4,0,6,4096,410,30709700,33947648,8
summary,float,exterior,clipping,7404.858,7544.434,7878.589
sample,float,interior,relationship,4,1,0,8192,820,25220600,0,0
sample,float,interior,relationship,4,1,1,8192,820,25279700,0,0
sample,float,interior,relationship,4,1,2,8192,820,36279400,0,0
sample,float,interior,relationship,4,1,3,8192,820,25067000,0,0
sample,float,interior,relationship,4,1,4,8192,820,24976200,0,0
sample,float,interior,relationship,4,1,5,8192,820,24882700,0,0
sample,float,interior,relationship,4,1,6,8192,820,25466600,0,0
summary,float,interior,relationship,3037.439,3078.687,4428.638
sample,float,interior,clipping,4,1,0,2048,205,36250500,17072128,4
sample,float,interior,clipping,4,1,1,2048,205,35360500,17072128,4
sample,float,interior,clipping,4,1,2,2048,205,34978800,17072128,4
sample,float,interior,clipping,4,1,3,2048,205,35341300,17072128,4
sample,float,interior,clipping,4,1,4,2048,205,35239600,17072128,4
sample,float,interior,clipping,4,1,5,2048,205,34958700,17072128,4
sample,float,interior,clipping,4,1,6,2048,205,36427600,17072128,4
summary,float,interior,clipping,17069.678,17256.494,17786.914
sample,float,crossing,relationship,4,1,0,8192,820,25132700,0,0
sample,float,crossing,relationship,4,1,1,8192,820,25079900,0,0
sample,float,crossing,relationship,4,1,2,8192,820,25322100,0,0
sample,float,crossing,relationship,4,1,3,8192,820,25092800,0,0
sample,float,crossing,relationship,4,1,4,8192,820,25826300,0,0
sample,float,crossing,relationship,4,1,5,8192,820,25011200,0,0
sample,float,crossing,relationship,4,1,6,8192,820,25053800,0,0
summary,float,crossing,relationship,3053.125,3063.086,3152.625
sample,float,crossing,clipping,4,1,0,512,52,23119900,8478720,2
sample,float,crossing,clipping,4,1,1,512,52,23129800,8478720,2
sample,float,crossing,clipping,4,1,2,512,52,23075400,8478720,2
sample,float,crossing,clipping,4,1,3,512,52,23013500,8478720,2
sample,float,crossing,clipping,4,1,4,512,52,24322500,8478720,2
sample,float,crossing,clipping,4,1,5,512,52,22763400,8478720,2
sample,float,crossing,clipping,4,1,6,512,52,22917100,8478720,2
summary,float,crossing,clipping,44459.766,45069.141,47504.883
sample,float,boundary-only,relationship,4,1,0,8192,820,27912000,0,0
sample,float,boundary-only,relationship,4,1,1,8192,820,28829000,0,0
sample,float,boundary-only,relationship,4,1,2,8192,820,38331200,0,0
sample,float,boundary-only,relationship,4,1,3,8192,820,27668800,0,0
sample,float,boundary-only,relationship,4,1,4,8192,820,27442200,0,0
sample,float,boundary-only,relationship,4,1,5,8192,820,28023900,0,0
sample,float,boundary-only,relationship,4,1,6,8192,820,27980200,0,0
summary,float,boundary-only,relationship,3349.878,3415.552,4679.102
sample,float,boundary-only,clipping,4,1,0,1024,103,29358600,21118976,5
sample,float,boundary-only,clipping,4,1,1,1024,103,28134700,21118976,5
sample,float,boundary-only,clipping,4,1,2,1024,103,27897100,21118976,5
sample,float,boundary-only,clipping,4,1,3,1024,103,28175900,21118976,5
sample,float,boundary-only,clipping,4,1,4,1024,103,28046000,21118976,5
sample,float,boundary-only,clipping,4,1,5,1024,103,28145300,21118976,5
sample,float,boundary-only,clipping,4,1,6,1024,103,28346400,21118976,5
summary,float,boundary-only,clipping,27243.262,27485.645,28670.508
sample,float,boundary-overlap,relationship,4,1,0,8192,820,33523600,0,0
sample,float,boundary-overlap,relationship,4,1,1,8192,820,33823600,0,0
sample,float,boundary-overlap,relationship,4,1,2,8192,820,33535000,0,0
sample,float,boundary-overlap,relationship,4,1,3,8192,820,33209600,0,0
sample,float,boundary-overlap,relationship,4,1,4,8192,820,34056600,0,0
sample,float,boundary-overlap,relationship,4,1,5,8192,820,33191100,0,0
sample,float,boundary-overlap,relationship,4,1,6,8192,820,32806400,0,0
summary,float,boundary-overlap,relationship,4004.688,4092.236,4157.300
sample,float,boundary-overlap,clipping,4,1,0,1024,103,29843300,21151744,5
sample,float,boundary-overlap,clipping,4,1,1,1024,103,31384600,21151744,5
sample,float,boundary-overlap,clipping,4,1,2,1024,103,30348200,21151744,5
sample,float,boundary-overlap,clipping,4,1,3,1024,103,30163500,21151744,5
sample,float,boundary-overlap,clipping,4,1,4,1024,103,30431600,21151744,5
sample,float,boundary-overlap,clipping,4,1,5,1024,103,30418300,21151744,5
sample,float,boundary-overlap,clipping,4,1,6,1024,103,30373500,21151744,5
summary,float,boundary-overlap,clipping,29143.848,29661.621,30649.023
sample,float,isolated-tangent,relationship,4,0,0,4096,410,28560500,0,0
sample,float,isolated-tangent,relationship,4,0,1,4096,410,20196200,0,0
sample,float,isolated-tangent,relationship,4,0,2,4096,410,20145500,0,0
sample,float,isolated-tangent,relationship,4,0,3,4096,410,20376100,0,0
sample,float,isolated-tangent,relationship,4,0,4,4096,410,20338400,0,0
sample,float,isolated-tangent,relationship,4,0,5,4096,410,20418900,0,0
sample,float,isolated-tangent,relationship,4,0,6,4096,410,20327800,0,0
summary,float,isolated-tangent,relationship,4918.335,4965.430,6972.778
sample,float,isolated-tangent,clipping,4,0,0,2048,205,29175700,33751040,8
sample,float,isolated-tangent,clipping,4,0,1,2048,205,29193100,33751040,8
sample,float,isolated-tangent,clipping,4,0,2,2048,205,29358100,33751040,8
sample,float,isolated-tangent,clipping,4,0,3,2048,205,29241200,33751040,8
sample,float,isolated-tangent,clipping,4,0,4,2048,205,28910400,33751040,8
sample,float,isolated-tangent,clipping,4,0,5,2048,205,32481300,33751040,8
sample,float,isolated-tangent,clipping,4,0,6,2048,205,28830700,33751040,8
summary,float,isolated-tangent,clipping,14077.490,14254.443,15860.010
sample,float,degenerate-interior,relationship,4,0,0,65536,6554,4941900,0,0
sample,float,degenerate-interior,relationship,4,0,1,65536,6554,4978300,0,0
sample,float,degenerate-interior,relationship,4,0,2,65536,6554,5347400,0,0
sample,float,degenerate-interior,relationship,4,0,3,65536,6554,4950200,0,0
sample,float,degenerate-interior,relationship,4,0,4,65536,6554,5074900,0,0
sample,float,degenerate-interior,relationship,4,0,5,65536,6554,5302100,0,0
sample,float,degenerate-interior,relationship,4,0,6,65536,6554,5202100,0,0
summary,float,degenerate-interior,relationship,75.407,77.437,81.595
sample,float,degenerate-interior,clipping,4,0,0,65536,6554,727400,0,0
sample,float,degenerate-interior,clipping,4,0,1,65536,6554,769000,0,0
sample,float,degenerate-interior,clipping,4,0,2,65536,6554,728500,0,0
sample,float,degenerate-interior,clipping,4,0,3,65536,6554,769300,0,0
sample,float,degenerate-interior,clipping,4,0,4,65536,6554,728300,0,0
sample,float,degenerate-interior,clipping,4,0,5,65536,6554,773100,0,0
sample,float,degenerate-interior,clipping,4,0,6,65536,6554,730800,0,0
summary,float,degenerate-interior,clipping,11.099,11.151,11.797
sample,float,degenerate-boundary,relationship,4,0,0,65536,6554,5042100,0,0
sample,float,degenerate-boundary,relationship,4,0,1,65536,6554,5105200,0,0
sample,float,degenerate-boundary,relationship,4,0,2,65536,6554,5031500,0,0
sample,float,degenerate-boundary,relationship,4,0,3,65536,6554,5038500,0,0
sample,float,degenerate-boundary,relationship,4,0,4,65536,6554,5296700,0,0
sample,float,degenerate-boundary,relationship,4,0,5,65536,6554,5346500,0,0
sample,float,degenerate-boundary,relationship,4,0,6,65536,6554,5043300,0,0
summary,float,degenerate-boundary,relationship,76.775,76.955,81.581
sample,float,degenerate-boundary,clipping,4,0,0,65536,6554,727700,0,0
sample,float,degenerate-boundary,clipping,4,0,1,65536,6554,769500,0,0
sample,float,degenerate-boundary,clipping,4,0,2,65536,6554,733700,0,0
sample,float,degenerate-boundary,clipping,4,0,3,65536,6554,771100,0,0
sample,float,degenerate-boundary,clipping,4,0,4,65536,6554,729800,0,0
sample,float,degenerate-boundary,clipping,4,0,5,65536,6554,841800,0,0
sample,float,degenerate-boundary,clipping,4,0,6,65536,6554,727800,0,0
summary,float,degenerate-boundary,clipping,11.104,11.195,12.845
sample,float,empty,relationship,0,0,0,65536,6554,1319400,0,0
sample,float,empty,relationship,0,0,1,65536,6554,1314500,0,0
sample,float,empty,relationship,0,0,2,65536,6554,1315600,0,0
sample,float,empty,relationship,0,0,3,65536,6554,1322500,0,0
sample,float,empty,relationship,0,0,4,65536,6554,1316100,0,0
sample,float,empty,relationship,0,0,5,65536,6554,1361000,0,0
sample,float,empty,relationship,0,0,6,65536,6554,1315300,0,0
summary,float,empty,relationship,20.058,20.082,20.767
sample,float,empty,clipping,0,0,0,65536,6554,870100,0,0
sample,float,empty,clipping,0,0,1,65536,6554,948600,0,0
sample,float,empty,clipping,0,0,2,65536,6554,870400,0,0
sample,float,empty,clipping,0,0,3,65536,6554,910000,0,0
sample,float,empty,clipping,0,0,4,65536,6554,867100,0,0
sample,float,empty,clipping,0,0,5,65536,6554,907600,0,0
sample,float,empty,clipping,0,0,6,65536,6554,870100,0,0
summary,float,empty,clipping,13.231,13.281,14.474
sample,float,concave-u,relationship,8,2,0,4096,410,35703400,0,0
sample,float,concave-u,relationship,8,2,1,4096,410,36480900,0,0
sample,float,concave-u,relationship,8,2,2,4096,410,35827200,0,0
sample,float,concave-u,relationship,8,2,3,4096,410,35646500,0,0
sample,float,concave-u,relationship,8,2,4,4096,410,36218400,0,0
sample,float,concave-u,relationship,8,2,5,4096,410,37419900,0,0
sample,float,concave-u,relationship,8,2,6,4096,410,35649400,0,0
summary,float,concave-u,relationship,8702.759,8746.875,9135.718
sample,float,concave-u,clipping,8,2,0,256,26,27048700,6356992,1
sample,float,concave-u,clipping,8,2,1,256,26,28340600,6356992,1
sample,float,concave-u,clipping,8,2,2,256,26,36365300,6356992,1
sample,float,concave-u,clipping,8,2,3,256,26,26593800,6356992,1
sample,float,concave-u,clipping,8,2,4,256,26,26792000,6356992,1
sample,float,concave-u,clipping,8,2,5,256,26,26630700,6356992,1
sample,float,concave-u,clipping,8,2,6,256,26,27065300,6356992,1
summary,float,concave-u,clipping,103882.031,105658.984,142051.953
sample,float,hole,relationship,8,2,0,4096,410,35576300,0,0
sample,float,hole,relationship,8,2,1,4096,410,35620600,0,0
sample,float,hole,relationship,8,2,2,4096,410,35535600,0,0
sample,float,hole,relationship,8,2,3,4096,410,35607400,0,0
sample,float,hole,relationship,8,2,4,4096,410,37966400,0,0
sample,float,hole,relationship,8,2,5,4096,410,36218900,0,0
sample,float,hole,relationship,8,2,6,4096,410,37768100,0,0
summary,float,hole,relationship,8675.684,8696.436,9269.141
sample,float,hole,clipping,8,2,0,128,13,13867600,3178496,0
sample,float,hole,clipping,8,2,1,128,13,13819900,3178496,0
sample,float,hole,clipping,8,2,2,128,13,13881200,3178496,0
sample,float,hole,clipping,8,2,3,128,13,13706600,3178496,0
sample,float,hole,clipping,8,2,4,128,13,13519500,3178496,0
sample,float,hole,clipping,8,2,5,128,13,14248600,3178496,0
sample,float,hole,clipping,8,2,6,128,13,13532800,3178496,0
summary,float,hole,clipping,105621.094,107967.969,111317.188
sample,float,hole-reversed,relationship,8,2,0,4096,410,36246000,0,0
sample,float,hole-reversed,relationship,8,2,1,4096,410,36284200,0,0
sample,float,hole-reversed,relationship,8,2,2,4096,410,37288000,0,0
sample,float,hole-reversed,relationship,8,2,3,4096,410,35563700,0,0
sample,float,hole-reversed,relationship,8,2,4,4096,410,37074800,0,0
sample,float,hole-reversed,relationship,8,2,5,4096,410,36212300,0,0
sample,float,hole-reversed,relationship,8,2,6,4096,410,36202600,0,0
summary,float,hole-reversed,relationship,8682.544,8849.121,9103.516
sample,float,hole-reversed,clipping,8,2,0,256,26,26771300,6356992,1
sample,float,hole-reversed,clipping,8,2,1,256,26,36654900,6356992,1
sample,float,hole-reversed,clipping,8,2,2,256,26,27155400,6356992,1
sample,float,hole-reversed,clipping,8,2,3,256,26,27111900,6356992,1
sample,float,hole-reversed,clipping,8,2,4,256,26,27170400,6356992,1
sample,float,hole-reversed,clipping,8,2,5,256,26,27065300,6356992,1
sample,float,hole-reversed,clipping,8,2,6,256,26,28139000,6356992,1
summary,float,hole-reversed,clipping,104575.391,106075.781,143183.203
sample,float,rational-crossing,relationship,3,1,0,16384,1639,33199600,0,0
sample,float,rational-crossing,relationship,3,1,1,16384,1639,33055100,0,0
sample,float,rational-crossing,relationship,3,1,2,16384,1639,33038800,0,0
sample,float,rational-crossing,relationship,3,1,3,16384,1639,34746600,0,0
sample,float,rational-crossing,relationship,3,1,4,16384,1639,32943000,0,0
sample,float,rational-crossing,relationship,3,1,5,16384,1639,33141300,0,0
sample,float,rational-crossing,relationship,3,1,6,16384,1639,34102600,0,0
summary,float,rational-crossing,relationship,2010.681,2022.784,2120.764
sample,float,rational-crossing,clipping,3,1,0,512,52,23007300,8478720,2
sample,float,rational-crossing,clipping,3,1,1,512,52,23844800,8478720,2
sample,float,rational-crossing,clipping,3,1,2,512,52,23168900,8478720,2
sample,float,rational-crossing,clipping,3,1,3,512,52,23074100,8478720,2
sample,float,rational-crossing,clipping,3,1,4,512,52,23161300,8478720,2
sample,float,rational-crossing,clipping,3,1,5,512,52,23066500,8478720,2
sample,float,rational-crossing,clipping,3,1,6,512,52,23015300,8478720,2
summary,float,rational-crossing,clipping,44936.133,45066.602,46571.875
sample,float,sparse-1,relationship,4,1,0,8192,820,26129700,0,0
sample,float,sparse-1,relationship,4,1,1,8192,820,24776600,0,0
sample,float,sparse-1,relationship,4,1,2,8192,820,24731800,0,0
sample,float,sparse-1,relationship,4,1,3,8192,820,24944700,0,0
sample,float,sparse-1,relationship,4,1,4,8192,820,25156300,0,0
sample,float,sparse-1,relationship,4,1,5,8192,820,25096500,0,0
sample,float,sparse-1,relationship,4,1,6,8192,820,25137700,0,0
summary,float,sparse-1,relationship,3019.019,3063.538,3189.661
sample,float,sparse-1,clipping,4,1,0,512,52,22786600,8478720,2
sample,float,sparse-1,clipping,4,1,1,512,52,23097300,8478720,2
sample,float,sparse-1,clipping,4,1,2,512,52,32393400,8478720,2
sample,float,sparse-1,clipping,4,1,3,512,52,23215200,8478720,2
sample,float,sparse-1,clipping,4,1,4,512,52,23305400,8478720,2
sample,float,sparse-1,clipping,4,1,5,512,52,23315900,8478720,2
sample,float,sparse-1,clipping,4,1,6,512,52,23128800,8478720,2
summary,float,sparse-1,clipping,44505.078,45342.188,63268.359
sample,float,sparse-4,relationship,16,1,0,2048,205,29320400,0,0
sample,float,sparse-4,relationship,16,1,1,2048,205,29609600,0,0
sample,float,sparse-4,relationship,16,1,2,2048,205,29615600,0,0
sample,float,sparse-4,relationship,16,1,3,2048,205,29724500,0,0
sample,float,sparse-4,relationship,16,1,4,2048,205,29323300,0,0
sample,float,sparse-4,relationship,16,1,5,2048,205,30626500,0,0
sample,float,sparse-4,relationship,16,1,6,2048,205,29539800,0,0
summary,float,sparse-4,relationship,14316.602,14457.812,14954.346
sample,float,sparse-4,clipping,16,1,0,512,52,30464500,8478720,2
sample,float,sparse-4,clipping,16,1,1,512,52,30141400,8478720,2
sample,float,sparse-4,clipping,16,1,2,512,52,31055800,8478720,2
sample,float,sparse-4,clipping,16,1,3,512,52,29805100,8478720,2
sample,float,sparse-4,clipping,16,1,4,512,52,29781100,8478720,2
sample,float,sparse-4,clipping,16,1,5,512,52,29866600,8478720,2
sample,float,sparse-4,clipping,16,1,6,512,52,30227600,8478720,2
summary,float,sparse-4,clipping,58166.211,58869.922,60655.859
sample,float,sparse-16,relationship,64,1,0,512,52,32043900,0,0
sample,float,sparse-16,relationship,64,1,1,512,52,30121500,0,0
sample,float,sparse-16,relationship,64,1,2,512,52,30102700,0,0
sample,float,sparse-16,relationship,64,1,3,512,52,30624000,0,0
sample,float,sparse-16,relationship,64,1,4,512,52,30874700,0,0
sample,float,sparse-16,relationship,64,1,5,512,52,30433400,0,0
sample,float,sparse-16,relationship,64,1,6,512,52,31377000,0,0
summary,float,sparse-16,relationship,58794.336,59812.500,62585.742
sample,float,sparse-16,clipping,64,1,0,256,26,37929800,4239360,1
sample,float,sparse-16,clipping,64,1,1,256,26,28474800,4239360,1
sample,float,sparse-16,clipping,64,1,2,256,26,28442400,4239360,1
sample,float,sparse-16,clipping,64,1,3,256,26,28429500,4239360,1
sample,float,sparse-16,clipping,64,1,4,256,26,29285100,4239360,1
sample,float,sparse-16,clipping,64,1,5,256,26,28389100,4239360,1
sample,float,sparse-16,clipping,64,1,6,256,26,28471200,4239360,1
summary,float,sparse-16,clipping,110894.922,111215.625,148163.281
sample,float,sparse-64,relationship,256,1,0,128,13,30224500,0,0
sample,float,sparse-64,relationship,256,1,1,128,13,30429300,0,0
sample,float,sparse-64,relationship,256,1,2,128,13,32333100,0,0
sample,float,sparse-64,relationship,256,1,3,128,13,29973900,0,0
sample,float,sparse-64,relationship,256,1,4,128,13,30361900,0,0
sample,float,sparse-64,relationship,256,1,5,128,13,30574200,0,0
sample,float,sparse-64,relationship,256,1,6,128,13,31155400,0,0
summary,float,sparse-64,relationship,234171.094,237728.906,252602.344
sample,float,sparse-64,clipping,256,1,0,64,7,21157400,1059840,0
sample,float,sparse-64,clipping,256,1,1,64,7,20541800,1059840,0
sample,float,sparse-64,clipping,256,1,2,64,7,20568200,1059840,0
sample,float,sparse-64,clipping,256,1,3,64,7,20376800,1059840,0
sample,float,sparse-64,clipping,256,1,4,64,7,20368700,1059840,0
sample,float,sparse-64,clipping,256,1,5,64,7,20498600,1059840,0
sample,float,sparse-64,clipping,256,1,6,64,7,20325500,1059840,0
summary,float,sparse-64,clipping,317585.938,320290.625,330584.375
sample,float,dense-1,relationship,4,1,0,8192,820,26018000,0,0
sample,float,dense-1,relationship,4,1,1,8192,820,25145200,0,0
sample,float,dense-1,relationship,4,1,2,8192,820,24957900,0,0
sample,float,dense-1,relationship,4,1,3,8192,820,24832900,0,0
sample,float,dense-1,relationship,4,1,4,8192,820,25060100,0,0
sample,float,dense-1,relationship,4,1,5,8192,820,24970500,0,0
sample,float,dense-1,relationship,4,1,6,8192,820,25057600,0,0
summary,float,dense-1,relationship,3031.360,3058.789,3176.025
sample,float,dense-1,clipping,4,1,0,512,52,22976100,8478720,2
sample,float,dense-1,clipping,4,1,1,512,52,22926600,8478720,2
sample,float,dense-1,clipping,4,1,2,512,52,22944000,8478720,2
sample,float,dense-1,clipping,4,1,3,512,52,32500400,8478720,2
sample,float,dense-1,clipping,4,1,4,512,52,23153000,8478720,2
sample,float,dense-1,clipping,4,1,5,512,52,23202400,8478720,2
sample,float,dense-1,clipping,4,1,6,512,52,22914000,8478720,2
summary,float,dense-1,clipping,44753.906,44875.195,63477.344
sample,float,dense-4,relationship,16,4,0,1024,103,20186700,0,0
sample,float,dense-4,relationship,16,4,1,1024,103,20146500,0,0
sample,float,dense-4,relationship,16,4,2,1024,103,20152700,0,0
sample,float,dense-4,relationship,16,4,3,1024,103,20408600,0,0
sample,float,dense-4,relationship,16,4,4,1024,103,20099600,0,0
sample,float,dense-4,relationship,16,4,5,1024,103,20223600,0,0
sample,float,dense-4,relationship,16,4,6,1024,103,20159100,0,0
summary,float,dense-4,relationship,19628.516,19686.621,19930.273
sample,float,dense-4,clipping,16,4,0,128,13,29619300,5294080,1
sample,float,dense-4,clipping,16,4,1,128,13,30188200,5294080,1
sample,float,dense-4,clipping,16,4,2,128,13,30255900,5294080,1
sample,float,dense-4,clipping,16,4,3,128,13,30296700,5294080,1
sample,float,dense-4,clipping,16,4,4,128,13,29925500,5294080,1
sample,float,dense-4,clipping,16,4,5,128,13,31209000,5294080,1
sample,float,dense-4,clipping,16,4,6,128,13,30364100,5294080,1
summary,float,dense-4,clipping,231400.781,236374.219,243820.312
sample,float,dense-16,relationship,64,16,0,256,26,22315900,0,0
sample,float,dense-16,relationship,64,16,1,256,26,22688700,0,0
sample,float,dense-16,relationship,64,16,2,256,26,22430200,0,0
sample,float,dense-16,relationship,64,16,3,256,26,22378000,0,0
sample,float,dense-16,relationship,64,16,4,256,26,23194400,0,0
sample,float,dense-16,relationship,64,16,5,256,26,22513900,0,0
sample,float,dense-16,relationship,64,16,6,256,26,22439700,0,0
summary,float,dense-16,relationship,87171.484,87655.078,90603.125
sample,float,dense-16,clipping,64,16,0,32,4,35973400,4640256,1
sample,float,dense-16,clipping,64,16,1,32,4,36689000,4640256,1
sample,float,dense-16,clipping,64,16,2,32,4,35476200,4640256,1
sample,float,dense-16,clipping,64,16,3,32,4,35690500,4640256,1
sample,float,dense-16,clipping,64,16,4,32,4,36425400,4640256,1
sample,float,dense-16,clipping,64,16,5,32,4,44394800,4640256,1
sample,float,dense-16,clipping,64,16,6,32,4,35785800,4640256,1
summary,float,dense-16,clipping,1108631.250,1124168.750,1387337.500
sample,float,dense-64,relationship,256,64,0,64,7,22557100,0,0
sample,float,dense-64,relationship,256,64,1,64,7,22623800,0,0
sample,float,dense-64,relationship,256,64,2,64,7,22819000,0,0
sample,float,dense-64,relationship,256,64,3,64,7,22889700,0,0
sample,float,dense-64,relationship,256,64,4,64,7,22774400,0,0
sample,float,dense-64,relationship,256,64,5,64,7,22578600,0,0
sample,float,dense-64,relationship,256,64,6,64,7,23927400,0,0
summary,float,dense-64,relationship,352454.688,355850.000,373865.625
sample,float,dense-64,clipping,256,64,0,4,1,21175800,2224128,0
sample,float,dense-64,clipping,256,64,1,4,1,21109900,2224128,0
sample,float,dense-64,clipping,256,64,2,4,1,21409400,2224128,0
sample,float,dense-64,clipping,256,64,3,4,1,21315400,2224128,0
sample,float,dense-64,clipping,256,64,4,4,1,21397200,2224128,0
sample,float,dense-64,clipping,256,64,5,4,1,21385100,2224128,0
sample,float,dense-64,clipping,256,64,6,4,1,20479400,2224128,0
summary,float,dense-64,clipping,5119850.000,5328850.000,5352350.000
sample,float,subnormal,relationship,4,1,0,8192,820,24911200,0,0
sample,float,subnormal,relationship,4,1,1,8192,820,25409100,0,0
sample,float,subnormal,relationship,4,1,2,8192,820,25315300,0,0
sample,float,subnormal,relationship,4,1,3,8192,820,25549700,0,0
sample,float,subnormal,relationship,4,1,4,8192,820,25243500,0,0
sample,float,subnormal,relationship,4,1,5,8192,820,26263500,0,0
sample,float,subnormal,relationship,4,1,6,8192,820,25210700,0,0
summary,float,subnormal,relationship,3040.918,3090.247,3205.994
sample,float,subnormal,clipping,4,1,0,512,52,23268300,8478720,2
sample,float,subnormal,clipping,4,1,1,512,52,23401200,8478720,2
sample,float,subnormal,clipping,4,1,2,512,52,23359300,8478720,2
sample,float,subnormal,clipping,4,1,3,512,52,23216200,8478720,2
sample,float,subnormal,clipping,4,1,4,512,52,22926500,8478720,2
sample,float,subnormal,clipping,4,1,5,512,52,24431600,8478720,2
sample,float,subnormal,clipping,4,1,6,512,52,22830000,8478720,2
summary,float,subnormal,clipping,44589.844,45445.898,47717.969
sample,float,large-finite,relationship,4,1,0,8192,820,25265700,0,0
sample,float,large-finite,relationship,4,1,1,8192,820,34388000,0,0
sample,float,large-finite,relationship,4,1,2,8192,820,25033400,0,0
sample,float,large-finite,relationship,4,1,3,8192,820,25999900,0,0
sample,float,large-finite,relationship,4,1,4,8192,820,24734400,0,0
sample,float,large-finite,relationship,4,1,5,8192,820,24775000,0,0
sample,float,large-finite,relationship,4,1,6,8192,820,24696100,0,0
summary,float,large-finite,relationship,3014.661,3055.835,4197.754
sample,float,large-finite,clipping,4,1,0,512,52,23954300,8478720,2
sample,float,large-finite,clipping,4,1,1,512,52,23957800,8478720,2
sample,float,large-finite,clipping,4,1,2,512,52,25252700,8478720,2
sample,float,large-finite,clipping,4,1,3,512,52,24047400,8478720,2
sample,float,large-finite,clipping,4,1,4,512,52,24347100,8478720,2
sample,float,large-finite,clipping,4,1,5,512,52,23886300,8478720,2
sample,float,large-finite,clipping,4,1,6,512,52,24375400,8478720,2
summary,float,large-finite,clipping,46652.930,46967.578,49321.680
fixture,double,exterior,4,1,success,0
fixture,double,interior,4,4,success,1
fixture,double,crossing,4,7,success,1
fixture,double,boundary-only,4,10,success,1
fixture,double,boundary-overlap,4,11,success,1
fixture,double,isolated-tangent,4,3,success,0
fixture,double,degenerate-interior,4,4,success,0
fixture,double,degenerate-boundary,4,2,success,0
fixture,double,empty,0,1,success,0
fixture,double,concave-u,8,7,success,2
fixture,double,hole,8,7,success,2
fixture,double,hole-reversed,8,7,success,2
fixture,double,rational-crossing,3,7,success,1
fixture,double,sparse-1,4,7,success,1
fixture,double,sparse-4,16,7,success,1
fixture,double,sparse-16,64,7,success,1
fixture,double,sparse-64,256,7,success,1
fixture,double,dense-1,4,7,success,1
fixture,double,dense-4,16,7,success,4
fixture,double,dense-16,64,7,success,16
fixture,double,dense-64,256,7,success,64
fixture,double,subnormal,4,7,success,1
fixture,double,large-finite,4,7,success,1
preflight,double,23,PASS
sample,double,exterior,relationship,4,0,0,8192,820,24760200,0,0
sample,double,exterior,relationship,4,0,1,8192,820,25652900,0,0
sample,double,exterior,relationship,4,0,2,8192,820,24756200,0,0
sample,double,exterior,relationship,4,0,3,8192,820,24626500,0,0
sample,double,exterior,relationship,4,0,4,8192,820,25078200,0,0
sample,double,exterior,relationship,4,0,5,8192,820,24999500,0,0
sample,double,exterior,relationship,4,0,6,8192,820,25159800,0,0
summary,double,exterior,relationship,3006.165,3051.697,3131.458
sample,double,exterior,clipping,4,0,0,4096,410,27950000,33947648,8
sample,double,exterior,clipping,4,0,1,4096,410,27836200,33947648,8
sample,double,exterior,clipping,4,0,2,4096,410,27880600,33947648,8
sample,double,exterior,clipping,4,0,3,4096,410,27976500,33947648,8
sample,double,exterior,clipping,4,0,4,4096,410,27875700,33947648,8
sample,double,exterior,clipping,4,0,5,4096,410,27943700,33947648,8
sample,double,exterior,clipping,4,0,6,4096,410,29386200,33947648,8
summary,double,exterior,clipping,6795.947,6822.192,7174.365
sample,double,interior,relationship,4,1,0,8192,820,24827000,0,0
sample,double,interior,relationship,4,1,1,8192,820,25067600,0,0
sample,double,interior,relationship,4,1,2,8192,820,25153500,0,0
sample,double,interior,relationship,4,1,3,8192,820,34367700,0,0
sample,double,interior,relationship,4,1,4,8192,820,24730600,0,0
sample,double,interior,relationship,4,1,5,8192,820,25998100,0,0
sample,double,interior,relationship,4,1,6,8192,820,24574100,0,0
summary,double,interior,relationship,2999.768,3060.010,4195.276
sample,double,interior,clipping,4,1,0,2048,205,33577200,17072128,4
sample,double,interior,clipping,4,1,1,2048,205,33414600,17072128,4
sample,double,interior,clipping,4,1,2,2048,205,35291800,17072128,4
sample,double,interior,clipping,4,1,3,2048,205,34321800,17072128,4
sample,double,interior,clipping,4,1,4,2048,205,33895200,17072128,4
sample,double,interior,clipping,4,1,5,2048,205,34207800,17072128,4
sample,double,interior,clipping,4,1,6,2048,205,34218100,17072128,4
summary,double,interior,clipping,16315.723,16703.027,17232.324
sample,double,crossing,relationship,4,1,0,8192,820,25246800,0,0
sample,double,crossing,relationship,4,1,1,8192,820,25115000,0,0
sample,double,crossing,relationship,4,1,2,8192,820,24646300,0,0
sample,double,crossing,relationship,4,1,3,8192,820,24801400,0,0
sample,double,crossing,relationship,4,1,4,8192,820,24890700,0,0
sample,double,crossing,relationship,4,1,5,8192,820,24793400,0,0
sample,double,crossing,relationship,4,1,6,8192,820,25120300,0,0
summary,double,crossing,relationship,3008.582,3038.416,3081.885
sample,double,crossing,clipping,4,1,0,512,52,22600200,8478720,2
sample,double,crossing,clipping,4,1,1,512,52,22529400,8478720,2
sample,double,crossing,clipping,4,1,2,512,52,22898800,8478720,2
sample,double,crossing,clipping,4,1,3,512,52,22848500,8478720,2
sample,double,crossing,clipping,4,1,4,512,52,22821400,8478720,2
sample,double,crossing,clipping,4,1,5,512,52,22891900,8478720,2
sample,double,crossing,clipping,4,1,6,512,52,22541000,8478720,2
summary,double,crossing,clipping,44002.734,44573.047,44724.219
sample,double,boundary-only,relationship,4,1,0,8192,820,27626300,0,0
sample,double,boundary-only,relationship,4,1,1,8192,820,28126000,0,0
sample,double,boundary-only,relationship,4,1,2,8192,820,28098800,0,0
sample,double,boundary-only,relationship,4,1,3,8192,820,28032600,0,0
sample,double,boundary-only,relationship,4,1,4,8192,820,37108100,0,0
sample,double,boundary-only,relationship,4,1,5,8192,820,29279000,0,0
sample,double,boundary-only,relationship,4,1,6,8192,820,27823600,0,0
summary,double,boundary-only,relationship,3372.351,3430.029,4529.797
sample,double,boundary-only,clipping,4,1,0,1024,103,27532300,21118976,5
sample,double,boundary-only,clipping,4,1,1,1024,103,27541100,21118976,5
sample,double,boundary-only,clipping,4,1,2,1024,103,27040400,21118976,5
sample,double,boundary-only,clipping,4,1,3,1024,103,28526900,21118976,5
sample,double,boundary-only,clipping,4,1,4,1024,103,27243600,21118976,5
sample,double,boundary-only,clipping,4,1,5,1024,103,26963700,21118976,5
sample,double,boundary-only,clipping,4,1,6,1024,103,27387900,21118976,5
summary,double,boundary-only,clipping,26331.738,26745.996,27858.301
sample,double,boundary-overlap,relationship,4,1,0,8192,820,34093900,0,0
sample,double,boundary-overlap,relationship,4,1,1,8192,820,32760100,0,0
sample,double,boundary-overlap,relationship,4,1,2,8192,820,32878800,0,0
sample,double,boundary-overlap,relationship,4,1,3,8192,820,33268100,0,0
sample,double,boundary-overlap,relationship,4,1,4,8192,820,33256100,0,0
sample,double,boundary-overlap,relationship,4,1,5,8192,820,33217500,0,0
sample,double,boundary-overlap,relationship,4,1,6,8192,820,34404300,0,0
summary,double,boundary-overlap,relationship,3999.036,4059.583,4199.744
sample,double,boundary-overlap,clipping,4,1,0,1024,103,29269900,21151744,5
sample,double,boundary-overlap,clipping,4,1,1,1024,103,29350400,21151744,5
sample,double,boundary-overlap,clipping,4,1,2,1024,103,29329700,21151744,5
sample,double,boundary-overlap,clipping,4,1,3,1024,103,29152200,21151744,5
sample,double,boundary-overlap,clipping,4,1,4,1024,103,30412900,21151744,5
sample,double,boundary-overlap,clipping,4,1,5,1024,103,29153000,21151744,5
sample,double,boundary-overlap,clipping,4,1,6,1024,103,28893500,21151744,5
summary,double,boundary-overlap,clipping,28216.309,28583.887,29700.098
sample,double,isolated-tangent,relationship,4,0,0,4096,410,20394900,0,0
sample,double,isolated-tangent,relationship,4,0,1,4096,410,20292800,0,0
sample,double,isolated-tangent,relationship,4,0,2,4096,410,22540700,0,0
sample,double,isolated-tangent,relationship,4,0,3,4096,410,27892200,0,0
sample,double,isolated-tangent,relationship,4,0,4,4096,410,20321600,0,0
sample,double,isolated-tangent,relationship,4,0,5,4096,410,20362700,0,0
sample,double,isolated-tangent,relationship,4,0,6,4096,410,20273700,0,0
summary,double,isolated-tangent,relationship,4949.634,4971.362,6809.619
sample,double,isolated-tangent,clipping,4,0,0,2048,205,28036200,33751040,8
sample,double,isolated-tangent,clipping,4,0,1,2048,205,28040600,33751040,8
sample,double,isolated-tangent,clipping,4,0,2,2048,205,29166400,33751040,8
sample,double,isolated-tangent,clipping,4,0,3,2048,205,27650400,33751040,8
sample,double,isolated-tangent,clipping,4,0,4,2048,205,27984600,33751040,8
sample,double,isolated-tangent,clipping,4,0,5,2048,205,28159600,33751040,8
sample,double,isolated-tangent,clipping,4,0,6,2048,205,28100100,33751040,8
summary,double,isolated-tangent,clipping,13501.172,13691.699,14241.406
sample,double,degenerate-interior,relationship,4,0,0,65536,6554,4697600,0,0
sample,double,degenerate-interior,relationship,4,0,1,65536,6554,4757800,0,0
sample,double,degenerate-interior,relationship,4,0,2,65536,6554,4838800,0,0
sample,double,degenerate-interior,relationship,4,0,3,65536,6554,4715100,0,0
sample,double,degenerate-interior,relationship,4,0,4,65536,6554,4699500,0,0
sample,double,degenerate-interior,relationship,4,0,5,65536,6554,4749500,0,0
sample,double,degenerate-interior,relationship,4,0,6,65536,6554,4691600,0,0
summary,double,degenerate-interior,relationship,71.588,71.947,73.834
sample,double,degenerate-interior,clipping,4,0,0,65536,6554,808000,0,0
sample,double,degenerate-interior,clipping,4,0,1,65536,6554,831400,0,0
sample,double,degenerate-interior,clipping,4,0,2,65536,6554,791800,0,0
sample,double,degenerate-interior,clipping,4,0,3,65536,6554,832900,0,0
sample,double,degenerate-interior,clipping,4,0,4,65536,6554,792600,0,0
sample,double,degenerate-interior,clipping,4,0,5,65536,6554,832600,0,0
sample,double,degenerate-interior,clipping,4,0,6,65536,6554,1050000,0,0
summary,double,degenerate-interior,clipping,12.082,12.686,16.022
sample,double,degenerate-boundary,relationship,4,0,0,65536,6554,4392700,0,0
sample,double,degenerate-boundary,relationship,4,0,1,65536,6554,4771400,0,0
sample,double,degenerate-boundary,relationship,4,0,2,65536,6554,5580700,0,0
sample,double,degenerate-boundary,relationship,4,0,3,65536,6554,4390400,0,0
sample,double,degenerate-boundary,relationship,4,0,4,65536,6554,4529000,0,0
sample,double,degenerate-boundary,relationship,4,0,5,65536,6554,4416000,0,0
sample,double,degenerate-boundary,relationship,4,0,6,65536,6554,4374900,0,0
summary,double,degenerate-boundary,relationship,66.756,67.383,85.155
sample,double,degenerate-boundary,clipping,4,0,0,65536,6554,835700,0,0
sample,double,degenerate-boundary,clipping,4,0,1,65536,6554,863300,0,0
sample,double,degenerate-boundary,clipping,4,0,2,65536,6554,794200,0,0
sample,double,degenerate-boundary,clipping,4,0,3,65536,6554,833900,0,0
sample,double,degenerate-boundary,clipping,4,0,4,65536,6554,792100,0,0
sample,double,degenerate-boundary,clipping,4,0,5,65536,6554,1097900,0,0
sample,double,degenerate-boundary,clipping,4,0,6,65536,6554,834300,0,0
summary,double,degenerate-boundary,clipping,12.086,12.730,16.753
sample,double,empty,relationship,0,0,0,65536,6554,1351100,0,0
sample,double,empty,relationship,0,0,1,65536,6554,1341400,0,0
sample,double,empty,relationship,0,0,2,65536,6554,1345200,0,0
sample,double,empty,relationship,0,0,3,65536,6554,1345800,0,0
sample,double,empty,relationship,0,0,4,65536,6554,1342600,0,0
sample,double,empty,relationship,0,0,5,65536,6554,1343500,0,0
sample,double,empty,relationship,0,0,6,65536,6554,1342900,0,0
summary,double,empty,relationship,20.468,20.500,20.616
sample,double,empty,clipping,0,0,0,65536,6554,1177700,0,0
sample,double,empty,clipping,0,0,1,65536,6554,965200,0,0
sample,double,empty,clipping,0,0,2,65536,6554,1005200,0,0
sample,double,empty,clipping,0,0,3,65536,6554,962800,0,0
sample,double,empty,clipping,0,0,4,65536,6554,1012100,0,0
sample,double,empty,clipping,0,0,5,65536,6554,966500,0,0
sample,double,empty,clipping,0,0,6,65536,6554,1010800,0,0
summary,double,empty,clipping,14.691,15.338,17.970
sample,double,concave-u,relationship,8,2,0,4096,410,36021300,0,0
sample,double,concave-u,relationship,8,2,1,4096,410,36867100,0,0
sample,double,concave-u,relationship,8,2,2,4096,410,35858700,0,0
sample,double,concave-u,relationship,8,2,3,4096,410,35489100,0,0
sample,double,concave-u,relationship,8,2,4,4096,410,35989800,0,0
sample,double,concave-u,relationship,8,2,5,4096,410,35948300,0,0
sample,double,concave-u,relationship,8,2,6,4096,410,35965800,0,0
summary,double,concave-u,relationship,8664.331,8780.713,9000.757
sample,double,concave-u,clipping,8,2,0,256,26,26681800,6356992,1
sample,double,concave-u,clipping,8,2,1,256,26,26801600,6356992,1
sample,double,concave-u,clipping,8,2,2,256,26,27048100,6356992,1
sample,double,concave-u,clipping,8,2,3,256,26,27055700,6356992,1
sample,double,concave-u,clipping,8,2,4,256,26,26971400,6356992,1
sample,double,concave-u,clipping,8,2,5,256,26,37183300,6356992,1
sample,double,concave-u,clipping,8,2,6,256,26,26805500,6356992,1
summary,double,concave-u,clipping,104225.781,105357.031,145247.266
sample,double,hole,relationship,8,2,0,4096,410,36076900,0,0
sample,double,hole,relationship,8,2,1,4096,410,35768400,0,0
sample,double,hole,relationship,8,2,2,4096,410,37779600,0,0
sample,double,hole,relationship,8,2,3,4096,410,35945800,0,0
sample,double,hole,relationship,8,2,4,4096,410,38243000,0,0
sample,double,hole,relationship,8,2,5,4096,410,36984900,0,0
sample,double,hole,relationship,8,2,6,4096,410,36947300,0,0
summary,double,hole,relationship,8732.520,9020.337,9336.670
sample,double,hole,clipping,8,2,0,256,26,27168800,6356992,1
sample,double,hole,clipping,8,2,1,256,26,27031400,6356992,1
sample,double,hole,clipping,8,2,2,256,26,27037200,6356992,1
sample,double,hole,clipping,8,2,3,256,26,27088000,6356992,1
sample,double,hole,clipping,8,2,4,256,26,27064200,6356992,1
sample,double,hole,clipping,8,2,5,256,26,26687600,6356992,1
sample,double,hole,clipping,8,2,6,256,26,28151900,6356992,1
summary,double,hole,clipping,104248.438,105719.531,109968.359
sample,double,hole-reversed,relationship,8,2,0,4096,410,36231800,0,0
sample,double,hole-reversed,relationship,8,2,1,4096,410,36217400,0,0
sample,double,hole-reversed,relationship,8,2,2,4096,410,35945200,0,0
sample,double,hole-reversed,relationship,8,2,3,4096,410,36556300,0,0
sample,double,hole-reversed,relationship,8,2,4,4096,410,35699800,0,0
sample,double,hole-reversed,relationship,8,2,5,4096,410,36192500,0,0
sample,double,hole-reversed,relationship,8,2,6,4096,410,36151500,0,0
summary,double,hole-reversed,relationship,8715.771,8836.060,8924.878
sample,double,hole-reversed,clipping,8,2,0,256,26,37141900,6356992,1
sample,double,hole-reversed,clipping,8,2,1,256,26,26746800,6356992,1
sample,double,hole-reversed,clipping,8,2,2,256,26,27008100,6356992,1
sample,double,hole-reversed,clipping,8,2,3,256,26,26998800,6356992,1
sample,double,hole-reversed,clipping,8,2,4,256,26,27187300,6356992,1
sample,double,hole-reversed,clipping,8,2,5,256,26,26888700,6356992,1
sample,double,hole-reversed,clipping,8,2,6,256,26,26944200,6356992,1
summary,double,hole-reversed,clipping,104479.688,105464.062,145085.547
sample,double,rational-crossing,relationship,3,1,0,16384,1639,33053500,0,0
sample,double,rational-crossing,relationship,3,1,1,16384,1639,33127500,0,0
sample,double,rational-crossing,relationship,3,1,2,16384,1639,33803100,0,0
sample,double,rational-crossing,relationship,3,1,3,16384,1639,33119400,0,0
sample,double,rational-crossing,relationship,3,1,4,16384,1639,34807300,0,0
sample,double,rational-crossing,relationship,3,1,5,16384,1639,33043500,0,0
sample,double,rational-crossing,relationship,3,1,6,16384,1639,32988200,0,0
summary,double,rational-crossing,relationship,2013.440,2021.448,2124.469
sample,double,rational-crossing,clipping,3,1,0,512,52,22697100,8478720,2
sample,double,rational-crossing,clipping,3,1,1,512,52,22649800,8478720,2
sample,double,rational-crossing,clipping,3,1,2,512,52,23269100,8478720,2
sample,double,rational-crossing,clipping,3,1,3,512,52,22728200,8478720,2
sample,double,rational-crossing,clipping,3,1,4,512,52,22368900,8478720,2
sample,double,rational-crossing,clipping,3,1,5,512,52,22686400,8478720,2
sample,double,rational-crossing,clipping,3,1,6,512,52,22807200,8478720,2
summary,double,rational-crossing,clipping,43689.258,44330.273,45447.461
sample,double,sparse-1,relationship,4,1,0,8192,820,24455100,0,0
sample,double,sparse-1,relationship,4,1,1,8192,820,26273200,0,0
sample,double,sparse-1,relationship,4,1,2,8192,820,24530500,0,0
sample,double,sparse-1,relationship,4,1,3,8192,820,24537400,0,0
sample,double,sparse-1,relationship,4,1,4,8192,820,24863300,0,0
sample,double,sparse-1,relationship,4,1,5,8192,820,24887000,0,0
sample,double,sparse-1,relationship,4,1,6,8192,820,24969400,0,0
summary,double,sparse-1,relationship,2985.242,3035.071,3207.178
sample,double,sparse-1,clipping,4,1,0,512,52,23967100,8478720,2
sample,double,sparse-1,clipping,4,1,1,512,52,31944200,8478720,2
sample,double,sparse-1,clipping,4,1,2,512,52,22542600,8478720,2
sample,double,sparse-1,clipping,4,1,3,512,52,22909000,8478720,2
sample,double,sparse-1,clipping,4,1,4,512,52,22998100,8478720,2
sample,double,sparse-1,clipping,4,1,5,512,52,22940100,8478720,2
sample,double,sparse-1,clipping,4,1,6,512,52,22965300,8478720,2
summary,double,sparse-1,clipping,44028.516,44854.102,62391.016
sample,double,sparse-4,relationship,16,1,0,2048,205,29221700,0,0
sample,double,sparse-4,relationship,16,1,1,2048,205,29548400,0,0
sample,double,sparse-4,relationship,16,1,2,2048,205,29698900,0,0
sample,double,sparse-4,relationship,16,1,3,2048,205,29656400,0,0
sample,double,sparse-4,relationship,16,1,4,2048,205,32205300,0,0
sample,double,sparse-4,relationship,16,1,5,2048,205,32619900,0,0
sample,double,sparse-4,relationship,16,1,6,2048,205,32784000,0,0
summary,double,sparse-4,relationship,14268.408,14501.416,16007.812
sample,double,sparse-4,clipping,16,1,0,512,52,31221300,8478720,2
sample,double,sparse-4,clipping,16,1,1,512,52,31122500,8478720,2
sample,double,sparse-4,clipping,16,1,2,512,52,31196700,8478720,2
sample,double,sparse-4,clipping,16,1,3,512,52,31490300,8478720,2
sample,double,sparse-4,clipping,16,1,4,512,52,31132000,8478720,2
sample,double,sparse-4,clipping,16,1,5,512,52,30043200,8478720,2
sample,double,sparse-4,clipping,16,1,6,512,52,29733500,8478720,2
summary,double,sparse-4,clipping,58073.242,60804.688,61504.492
sample,double,sparse-16,relationship,64,1,0,512,52,35696600,0,0
sample,double,sparse-16,relationship,64,1,1,512,52,32711700,0,0
sample,double,sparse-16,relationship,64,1,2,512,52,31525100,0,0
sample,double,sparse-16,relationship,64,1,3,512,52,32108200,0,0
sample,double,sparse-16,relationship,64,1,4,512,52,32097200,0,0
sample,double,sparse-16,relationship,64,1,5,512,52,31767500,0,0
sample,double,sparse-16,relationship,64,1,6,512,52,38062200,0,0
summary,double,sparse-16,relationship,61572.461,62711.328,74340.234
sample,double,sparse-16,clipping,64,1,0,128,13,22927000,2119680,0
sample,double,sparse-16,clipping,64,1,1,128,13,15477600,2119680,0
sample,double,sparse-16,clipping,64,1,2,128,13,14515500,2119680,0
sample,double,sparse-16,clipping,64,1,3,128,13,14626300,2119680,0
sample,double,sparse-16,clipping,64,1,4,128,13,14416800,2119680,0
sample,double,sparse-16,clipping,64,1,5,128,13,14410500,2119680,0
sample,double,sparse-16,clipping,64,1,6,128,13,14197300,2119680,0
summary,double,sparse-16,clipping,110916.406,113402.344,179117.188
sample,double,sparse-64,relationship,256,1,0,128,13,31628400,0,0
sample,double,sparse-64,relationship,256,1,1,128,13,33539900,0,0
sample,double,sparse-64,relationship,256,1,2,128,13,33883300,0,0
sample,double,sparse-64,relationship,256,1,3,128,13,32938500,0,0
sample,double,sparse-64,relationship,256,1,4,128,13,33451200,0,0
sample,double,sparse-64,relationship,256,1,5,128,13,32442800,0,0
sample,double,sparse-64,relationship,256,1,6,128,13,32302600,0,0
summary,double,sparse-64,relationship,247096.875,257332.031,264713.281
sample,double,sparse-64,clipping,256,1,0,64,7,20989200,1059840,0
sample,double,sparse-64,clipping,256,1,1,64,7,20938500,1059840,0
sample,double,sparse-64,clipping,256,1,2,64,7,20600500,1059840,0
sample,double,sparse-64,clipping,256,1,3,64,7,20664500,1059840,0
sample,double,sparse-64,clipping,256,1,4,64,7,21209200,1059840,0
sample,double,sparse-64,clipping,256,1,5,64,7,20463300,1059840,0
sample,double,sparse-64,clipping,256,1,6,64,7,20452200,1059840,0
summary,double,sparse-64,clipping,319565.625,322882.812,331393.750
sample,double,dense-1,relationship,4,1,0,8192,820,24823000,0,0
sample,double,dense-1,relationship,4,1,1,8192,820,24693500,0,0
sample,double,dense-1,relationship,4,1,2,8192,820,25168200,0,0
sample,double,dense-1,relationship,4,1,3,8192,820,25746400,0,0
sample,double,dense-1,relationship,4,1,4,8192,820,24602400,0,0
sample,double,dense-1,relationship,4,1,5,8192,820,24733400,0,0
sample,double,dense-1,relationship,4,1,6,8192,820,24828400,0,0
summary,double,dense-1,relationship,3003.223,3030.151,3142.871
sample,double,dense-1,clipping,4,1,0,512,52,22851600,8478720,2
sample,double,dense-1,clipping,4,1,1,512,52,22501800,8478720,2
sample,double,dense-1,clipping,4,1,2,512,52,24089400,8478720,2
sample,double,dense-1,clipping,4,1,3,512,52,22440000,8478720,2
sample,double,dense-1,clipping,4,1,4,512,52,24680300,8478720,2
sample,double,dense-1,clipping,4,1,5,512,52,29755500,8478720,2
sample,double,dense-1,clipping,4,1,6,512,52,22663500,8478720,2
summary,double,dense-1,clipping,43828.125,44632.031,58116.211
sample,double,dense-4,relationship,16,4,0,1024,103,20391500,0,0
sample,double,dense-4,relationship,16,4,1,1024,103,20767100,0,0
sample,double,dense-4,relationship,16,4,2,1024,103,21366000,0,0
sample,double,dense-4,relationship,16,4,3,1024,103,20521500,0,0
sample,double,dense-4,relationship,16,4,4,1024,103,20583300,0,0
sample,double,dense-4,relationship,16,4,5,1024,103,20588200,0,0
sample,double,dense-4,relationship,16,4,6,1024,103,20460500,0,0
summary,double,dense-4,relationship,19913.574,20100.879,20865.234
sample,double,dense-4,clipping,16,4,0,128,13,30182700,5294080,1
sample,double,dense-4,clipping,16,4,1,128,13,31469000,5294080,1
sample,double,dense-4,clipping,16,4,2,128,13,29583000,5294080,1
sample,double,dense-4,clipping,16,4,3,128,13,29824300,5294080,1
sample,double,dense-4,clipping,16,4,4,128,13,30168400,5294080,1
sample,double,dense-4,clipping,16,4,5,128,13,30124700,5294080,1
sample,double,dense-4,clipping,16,4,6,128,13,29864800,5294080,1
summary,double,dense-4,clipping,231117.188,235349.219,245851.562
sample,double,dense-16,relationship,64,16,0,256,26,22408800,0,0
sample,double,dense-16,relationship,64,16,1,256,26,22428300,0,0
sample,double,dense-16,relationship,64,16,2,256,26,22896200,0,0
sample,double,dense-16,relationship,64,16,3,256,26,22778200,0,0
sample,double,dense-16,relationship,64,16,4,256,26,22715400,0,0
sample,double,dense-16,relationship,64,16,5,256,26,22773500,0,0
sample,double,dense-16,relationship,64,16,6,256,26,22513700,0,0
summary,double,dense-16,relationship,87534.375,88732.031,89438.281
sample,double,dense-16,clipping,64,16,0,32,4,35740000,4640256,1
sample,double,dense-16,clipping,64,16,1,32,4,35919500,4640256,1
sample,double,dense-16,clipping,64,16,2,32,4,35925400,4640256,1
sample,double,dense-16,clipping,64,16,3,32,4,35726600,4640256,1
sample,double,dense-16,clipping,64,16,4,32,4,36606100,4640256,1
sample,double,dense-16,clipping,64,16,5,32,4,37937400,4640256,1
sample,double,dense-16,clipping,64,16,6,32,4,42683600,4640256,1
summary,double,dense-16,clipping,1116456.250,1122668.750,1333862.500
sample,double,dense-64,relationship,256,64,0,64,7,23336300,0,0
sample,double,dense-64,relationship,256,64,1,64,7,23819000,0,0
sample,double,dense-64,relationship,256,64,2,64,7,22944900,0,0
sample,double,dense-64,relationship,256,64,3,64,7,22902400,0,0
sample,double,dense-64,relationship,256,64,4,64,7,23070900,0,0
sample,double,dense-64,relationship,256,64,5,64,7,23289700,0,0
sample,double,dense-64,relationship,256,64,6,64,7,22825900,0,0
summary,double,dense-64,relationship,356654.688,360482.812,372171.875
sample,double,dense-64,clipping,256,64,0,4,1,21066600,2224128,0
sample,double,dense-64,clipping,256,64,1,4,1,22375600,2224128,0
sample,double,dense-64,clipping,256,64,2,4,1,20929400,2224128,0
sample,double,dense-64,clipping,256,64,3,4,1,20668100,2224128,0
sample,double,dense-64,clipping,256,64,4,4,1,20785000,2224128,0
sample,double,dense-64,clipping,256,64,5,4,1,20949200,2224128,0
sample,double,dense-64,clipping,256,64,6,4,1,21060500,2224128,0
summary,double,dense-64,clipping,5167025.000,5237300.000,5593900.000
sample,double,subnormal,relationship,4,1,0,1024,103,24275600,0,0
sample,double,subnormal,relationship,4,1,1,1024,103,25030500,0,0
sample,double,subnormal,relationship,4,1,2,1024,103,23915500,0,0
sample,double,subnormal,relationship,4,1,3,1024,103,24213200,0,0
sample,double,subnormal,relationship,4,1,4,1024,103,24387200,0,0
sample,double,subnormal,relationship,4,1,5,1024,103,24487600,0,0
sample,double,subnormal,relationship,4,1,6,1024,103,24461900,0,0
summary,double,subnormal,relationship,23354.980,23815.625,24443.848
sample,double,subnormal,clipping,4,1,0,512,52,38164400,8478720,2
sample,double,subnormal,clipping,4,1,1,512,52,38347100,8478720,2
sample,double,subnormal,clipping,4,1,2,512,52,38505300,8478720,2
sample,double,subnormal,clipping,4,1,3,512,52,38141600,8478720,2
sample,double,subnormal,clipping,4,1,4,512,52,39295300,8478720,2
sample,double,subnormal,clipping,4,1,5,512,52,37936900,8478720,2
sample,double,subnormal,clipping,4,1,6,512,52,47709300,8478720,2
summary,double,subnormal,clipping,74095.508,74896.680,93182.227
sample,double,large-finite,relationship,4,1,0,1024,103,21896900,0,0
sample,double,large-finite,relationship,4,1,1,1024,103,21818600,0,0
sample,double,large-finite,relationship,4,1,2,1024,103,22408800,0,0
sample,double,large-finite,relationship,4,1,3,1024,103,21509600,0,0
sample,double,large-finite,relationship,4,1,4,1024,103,21410100,0,0
sample,double,large-finite,relationship,4,1,5,1024,103,23939500,0,0
sample,double,large-finite,relationship,4,1,6,1024,103,22188000,0,0
summary,double,large-finite,relationship,20908.301,21383.691,23378.418
sample,double,large-finite,clipping,4,1,0,256,26,21310000,4239360,1
sample,double,large-finite,clipping,4,1,1,256,26,21334200,4239360,1
sample,double,large-finite,clipping,4,1,2,256,26,21955400,4239360,1
sample,double,large-finite,clipping,4,1,3,256,26,21279800,4239360,1
sample,double,large-finite,clipping,4,1,4,256,26,22433000,4239360,1
sample,double,large-finite,clipping,4,1,5,256,26,21448000,4239360,1
sample,double,large-finite,clipping,4,1,6,256,26,21603200,4239360,1
summary,double,large-finite,clipping,83124.219,83781.250,87628.906
sink,11948927100530666470
