fixture_header,scalar,case,edges,expected_fact_bits,expected_status,expected_components
sample_header,scalar,case,operation,edges,expected_components,round,iterations,warmup,elapsed_ns,gc_bytes,gc_collections
summary_header,scalar,case,operation,min_ns_per_op,median_ns_per_op,max_ns_per_op
fixture,int,exterior,4,1,success,0
fixture,int,interior,4,4,success,1
fixture,int,crossing,4,7,success,1
fixture,int,boundary-only,4,10,success,1
fixture,int,boundary-overlap,4,11,success,1
fixture,int,isolated-tangent,4,3,success,0
fixture,int,degenerate-interior,4,4,success,0
fixture,int,degenerate-boundary,4,2,success,0
fixture,int,empty,0,1,success,0
fixture,int,concave-u,8,7,success,2
fixture,int,hole,8,7,success,2
fixture,int,hole-reversed,8,7,success,2
fixture,int,rational-crossing,3,7,success,1
fixture,int,sparse-1,4,7,success,1
fixture,int,sparse-4,16,7,success,1
fixture,int,sparse-16,64,7,success,1
fixture,int,sparse-64,256,7,success,1
fixture,int,dense-1,4,7,success,1
fixture,int,dense-4,16,7,success,4
fixture,int,dense-16,64,7,success,16
fixture,int,dense-64,256,7,success,64
fixture,int,wide-integral,4,7,success,1
preflight,int,22,PASS
sample,int,exterior,relationship,4,0,0,32768,3277,46808800,0,0
sample,int,exterior,relationship,4,0,1,32768,3277,34244000,0,0
sample,int,exterior,relationship,4,0,2,32768,3277,32976000,0,0
sample,int,exterior,relationship,4,0,3,32768,3277,33005700,0,0
sample,int,exterior,relationship,4,0,4,32768,3277,32217600,0,0
sample,int,exterior,relationship,4,0,5,32768,3277,30524700,0,0
sample,int,exterior,relationship,4,0,6,32768,3277,33116100,0,0
summary,int,exterior,relationship,931.540,1007.254,1428.491
sample,int,exterior,clipping,4,0,0,8192,820,29264900,67895296,16
sample,int,exterior,clipping,4,0,1,8192,820,28301300,67895296,16
sample,int,exterior,clipping,4,0,2,8192,820,30127400,67895296,16
sample,int,exterior,clipping,4,0,3,8192,820,30390900,67895296,16
sample,int,exterior,clipping,4,0,4,8192,820,32468600,67895296,16
sample,int,exterior,clipping,4,0,5,8192,820,27773100,67895296,16
sample,int,exterior,clipping,4,0,6,8192,820,28366800,67895296,16
summary,int,exterior,clipping,3390.271,3572.375,3963.452
sample,int,interior,relationship,4,1,0,32768,3277,30798600,0,0
sample,int,interior,relationship,4,1,1,32768,3277,31513000,0,0
sample,int,interior,relationship,4,1,2,32768,3277,31009300,0,0
sample,int,interior,relationship,4,1,3,32768,3277,28826100,0,0
sample,int,interior,relationship,4,1,4,32768,3277,30033000,0,0
sample,int,interior,relationship,4,1,5,32768,3277,30028400,0,0
sample,int,interior,relationship,4,1,6,32768,3277,27537700,0,0
summary,int,interior,relationship,840.384,916.534,961.700
sample,int,interior,clipping,4,1,0,4096,410,30140700,34144256,8
sample,int,interior,clipping,4,1,1,4096,410,30219500,34144256,8
sample,int,interior,clipping,4,1,2,4096,410,30764000,34144256,8
sample,int,interior,clipping,4,1,3,4096,410,29764000,34144256,8
sample,int,interior,clipping,4,1,4,4096,410,30401900,34144256,8
sample,int,interior,clipping,4,1,5,4096,410,38265400,34144256,8
sample,int,interior,clipping,4,1,6,4096,410,32016100,34144256,8
summary,int,interior,clipping,7266.602,7422.339,9342.139
sample,int,crossing,relationship,4,1,0,32768,3277,25551600,0,0
sample,int,crossing,relationship,4,1,1,32768,3277,25424700,0,0
sample,int,crossing,relationship,4,1,2,32768,3277,27288500,0,0
sample,int,crossing,relationship,4,1,3,32768,3277,29979500,0,0
sample,int,crossing,relationship,4,1,4,32768,3277,25841900,0,0
sample,int,crossing,relationship,4,1,5,32768,3277,27652700,0,0
sample,int,crossing,relationship,4,1,6,32768,3277,26677900,0,0
summary,int,crossing,relationship,775.900,814.145,914.902
sample,int,crossing,clipping,4,1,0,2048,205,39117500,33914880,8
sample,int,crossing,clipping,4,1,1,2048,205,36914300,33914880,8
sample,int,crossing,clipping,4,1,2,2048,205,38299500,33914880,8
sample,int,crossing,clipping,4,1,3,2048,205,37452600,33914880,8
sample,int,crossing,clipping,4,1,4,2048,205,36455600,33914880,8
sample,int,crossing,clipping,4,1,5,2048,205,39550900,33914880,8
sample,int,crossing,clipping,4,1,6,2048,205,44746300,33914880,8
summary,int,crossing,clipping,17800.586,18700.928,21848.779
sample,int,boundary-only,relationship,4,1,0,32768,3277,33546600,0,0
sample,int,boundary-only,relationship,4,1,1,32768,3277,33975500,0,0
sample,int,boundary-only,relationship,4,1,2,32768,3277,36771500,0,0
sample,int,boundary-only,relationship,4,1,3,32768,3277,35155500,0,0
sample,int,boundary-only,relationship,4,1,4,32768,3277,35574600,0,0
sample,int,boundary-only,relationship,4,1,5,32768,3277,35489800,0,0
sample,int,boundary-only,relationship,4,1,6,32768,3277,34262800,0,0
summary,int,boundary-only,relationship,1023.761,1072.861,1122.177
sample,int,boundary-only,clipping,4,1,0,2048,205,43160600,42237952,10
sample,int,boundary-only,clipping,4,1,1,2048,205,25928400,42237952,10
sample,int,boundary-only,clipping,4,1,2,2048,205,29303600,42237952,10
sample,int,boundary-only,clipping,4,1,3,2048,205,27683400,42237952,10
sample,int,boundary-only,clipping,4,1,4,2048,205,24850800,42237952,10
sample,int,boundary-only,clipping,4,1,5,2048,205,28141100,42237952,10
sample,int,boundary-only,clipping,4,1,6,2048,205,30550800,42237952,10
summary,int,boundary-only,clipping,12134.180,13740.771,21074.512
sample,int,boundary-overlap,relationship,4,1,0,16384,1639,21329700,0,0
sample,int,boundary-overlap,relationship,4,1,1,16384,1639,20438000,0,0
sample,int,boundary-overlap,relationship,4,1,2,16384,1639,21923200,0,0
sample,int,boundary-overlap,relationship,4,1,3,16384,1639,22644700,0,0
sample,int,boundary-overlap,relationship,4,1,4,16384,1639,20509500,0,0
sample,int,boundary-overlap,relationship,4,1,5,16384,1639,21480900,0,0
sample,int,boundary-overlap,relationship,4,1,6,16384,1639,22833400,0,0
summary,int,boundary-overlap,relationship,1247.437,1311.090,1393.640
sample,int,boundary-overlap,clipping,4,1,0,2048,205,27623100,42303488,10
sample,int,boundary-overlap,clipping,4,1,1,2048,205,28868800,42303488,10
sample,int,boundary-overlap,clipping,4,1,2,2048,205,29136300,42303488,10
sample,int,boundary-overlap,clipping,4,1,3,2048,205,28389700,42303488,10
sample,int,boundary-overlap,clipping,4,1,4,2048,205,33217600,42303488,10
sample,int,boundary-overlap,clipping,4,1,5,2048,205,33083100,42303488,10
sample,int,boundary-overlap,clipping,4,1,6,2048,205,29268900,42303488,10
summary,int,boundary-overlap,clipping,13487.842,14226.709,16219.531
sample,int,isolated-tangent,relationship,4,0,0,16384,1639,20076900,0,0
sample,int,isolated-tangent,relationship,4,0,1,16384,1639,19994600,0,0
sample,int,isolated-tangent,relationship,4,0,2,16384,1639,21676300,0,0
sample,int,isolated-tangent,relationship,4,0,3,16384,1639,22786300,0,0
sample,int,isolated-tangent,relationship,4,0,4,16384,1639,20358200,0,0
sample,int,isolated-tangent,relationship,4,0,5,16384,1639,20507000,0,0
sample,int,isolated-tangent,relationship,4,0,6,16384,1639,20717800,0,0
summary,int,isolated-tangent,relationship,1220.374,1251.648,1390.765
sample,int,isolated-tangent,clipping,4,0,0,4096,410,22272500,67502080,16
sample,int,isolated-tangent,clipping,4,0,1,4096,410,26350200,67502080,16
sample,int,isolated-tangent,clipping,4,0,2,4096,410,23589100,67502080,16
sample,int,isolated-tangent,clipping,4,0,3,4096,410,25220600,67502080,16
sample,int,isolated-tangent,clipping,4,0,4,4096,410,36408100,67502080,16
sample,int,isolated-tangent,clipping,4,0,5,4096,410,22862500,67502080,16
sample,int,isolated-tangent,clipping,4,0,6,4096,410,21478400,67502080,16
summary,int,isolated-tangent,clipping,5243.750,5759.058,8888.696
sample,int,degenerate-interior,relationship,4,0,0,65536,6554,1913300,0,0
sample,int,degenerate-interior,relationship,4,0,1,65536,6554,2334000,0,0
sample,int,degenerate-interior,relationship,4,0,2,65536,6554,2735600,0,0
sample,int,degenerate-interior,relationship,4,0,3,65536,6554,2379200,0,0
sample,int,degenerate-interior,relationship,4,0,4,65536,6554,1978500,0,0
sample,int,degenerate-interior,relationship,4,0,5,65536,6554,1952800,0,0
sample,int,degenerate-interior,relationship,4,0,6,65536,6554,1930700,0,0
summary,int,degenerate-interior,relationship,29.195,30.190,41.742
sample,int,degenerate-interior,clipping,4,0,0,65536,6554,311300,0,0
sample,int,degenerate-interior,clipping,4,0,1,65536,6554,264400,0,0
sample,int,degenerate-interior,clipping,4,0,2,65536,6554,264300,0,0
sample,int,degenerate-interior,clipping,4,0,3,65536,6554,352100,0,0
sample,int,degenerate-interior,clipping,4,0,4,65536,6554,264400,0,0
sample,int,degenerate-interior,clipping,4,0,5,65536,6554,264300,0,0
sample,int,degenerate-interior,clipping,4,0,6,65536,6554,267700,0,0
summary,int,degenerate-interior,clipping,4.033,4.034,5.373
sample,int,degenerate-boundary,relationship,4,0,0,65536,6554,2115300,0,0
sample,int,degenerate-boundary,relationship,4,0,1,65536,6554,2212100,0,0
sample,int,degenerate-boundary,relationship,4,0,2,65536,6554,1917100,0,0
sample,int,degenerate-boundary,relationship,4,0,3,65536,6554,1937400,0,0
sample,int,degenerate-boundary,relationship,4,0,4,65536,6554,1934100,0,0
sample,int,degenerate-boundary,relationship,4,0,5,65536,6554,2215100,0,0
sample,int,degenerate-boundary,relationship,4,0,6,65536,6554,2901200,0,0
summary,int,degenerate-boundary,relationship,29.253,32.277,44.269
sample,int,degenerate-boundary,clipping,4,0,0,65536,6554,281800,0,0
sample,int,degenerate-boundary,clipping,4,0,1,65536,6554,264300,0,0
sample,int,degenerate-boundary,clipping,4,0,2,65536,6554,302600,0,0
sample,int,degenerate-boundary,clipping,4,0,3,65536,6554,313900,0,0
sample,int,degenerate-boundary,clipping,4,0,4,65536,6554,296300,0,0
sample,int,degenerate-boundary,clipping,4,0,5,65536,6554,296000,0,0
sample,int,degenerate-boundary,clipping,4,0,6,65536,6554,264300,0,0
summary,int,degenerate-boundary,clipping,4.033,4.517,4.790
sample,int,empty,relationship,0,0,0,65536,6554,321200,0,0
sample,int,empty,relationship,0,0,1,65536,6554,373800,0,0
sample,int,empty,relationship,0,0,2,65536,6554,368000,0,0
sample,int,empty,relationship,0,0,3,65536,6554,379400,0,0
sample,int,empty,relationship,0,0,4,65536,6554,320900,0,0
sample,int,empty,relationship,0,0,5,65536,6554,368300,0,0
sample,int,empty,relationship,0,0,6,65536,6554,328400,0,0
summary,int,empty,relationship,4.897,5.615,5.789
sample,int,empty,clipping,0,0,0,65536,6554,307800,0,0
sample,int,empty,clipping,0,0,1,65536,6554,264400,0,0
sample,int,empty,clipping,0,0,2,65536,6554,264400,0,0
sample,int,empty,clipping,0,0,3,65536,6554,264300,0,0
sample,int,empty,clipping,0,0,4,65536,6554,264300,0,0
sample,int,empty,clipping,0,0,5,65536,6554,272400,0,0
sample,int,empty,clipping,0,0,6,65536,6554,264300,0,0
summary,int,empty,clipping,4.033,4.034,4.697
sample,int,concave-u,relationship,8,2,0,8192,820,22697400,0,0
sample,int,concave-u,relationship,8,2,1,8192,820,23951200,0,0
sample,int,concave-u,relationship,8,2,2,8192,820,21866900,0,0
sample,int,concave-u,relationship,8,2,3,8192,820,22813700,0,0
sample,int,concave-u,relationship,8,2,4,8192,820,22729600,0,0
sample,int,concave-u,relationship,8,2,5,8192,820,21849200,0,0
sample,int,concave-u,relationship,8,2,6,8192,820,23123300,0,0
summary,int,concave-u,relationship,2667.139,2774.609,2923.730
sample,int,concave-u,clipping,8,2,0,512,52,24207900,12713984,3
sample,int,concave-u,clipping,8,2,1,512,52,26710600,12713984,3
sample,int,concave-u,clipping,8,2,2,512,52,23241100,12713984,3
sample,int,concave-u,clipping,8,2,3,512,52,24677700,12713984,3
sample,int,concave-u,clipping,8,2,4,512,52,23035400,12713984,3
sample,int,concave-u,clipping,8,2,5,512,52,24971700,12713984,3
sample,int,concave-u,clipping,8,2,6,512,52,24022200,12713984,3
summary,int,concave-u,clipping,44991.016,47281.055,52169.141
sample,int,hole,relationship,8,2,0,8192,820,23491200,0,0
sample,int,hole,relationship,8,2,1,8192,820,24043900,0,0
sample,int,hole,relationship,8,2,2,8192,820,22276200,0,0
sample,int,hole,relationship,8,2,3,8192,820,22526200,0,0
sample,int,hole,relationship,8,2,4,8192,820,20478100,0,0
sample,int,hole,relationship,8,2,5,8192,820,21598100,0,0
sample,int,hole,relationship,8,2,6,8192,820,24467300,0,0
summary,int,hole,relationship,2499.768,2749.780,2986.731
sample,int,hole,clipping,8,2,0,512,52,22623300,12713984,3
sample,int,hole,clipping,8,2,1,512,52,21050700,12713984,3
sample,int,hole,clipping,8,2,2,512,52,22412700,12713984,3
sample,int,hole,clipping,8,2,3,512,52,21472100,12713984,3
sample,int,hole,clipping,8,2,4,512,52,21743000,12713984,3
sample,int,hole,clipping,8,2,5,512,52,20502800,12713984,3
sample,int,hole,clipping,8,2,6,512,52,24671400,12713984,3
summary,int,hole,clipping,40044.531,42466.797,48186.328
sample,int,hole-reversed,relationship,8,2,0,8192,820,29937300,0,0
sample,int,hole-reversed,relationship,8,2,1,8192,820,19873600,0,0
sample,int,hole-reversed,relationship,8,2,2,8192,820,20318400,0,0
sample,int,hole-reversed,relationship,8,2,3,8192,820,19921200,0,0
sample,int,hole-reversed,relationship,8,2,4,8192,820,19695000,0,0
sample,int,hole-reversed,relationship,8,2,5,8192,820,20277600,0,0
sample,int,hole-reversed,relationship,8,2,6,8192,820,25221400,0,0
summary,int,hole-reversed,relationship,2404.175,2475.293,3654.456
sample,int,hole-reversed,clipping,8,2,0,512,52,23351000,12713984,3
sample,int,hole-reversed,clipping,8,2,1,512,52,21096000,12713984,3
sample,int,hole-reversed,clipping,8,2,2,512,52,23544600,12713984,3
sample,int,hole-reversed,clipping,8,2,3,512,52,21206400,12713984,3
sample,int,hole-reversed,clipping,8,2,4,512,52,21733900,12713984,3
sample,int,hole-reversed,clipping,8,2,5,512,52,21116600,12713984,3
sample,int,hole-reversed,clipping,8,2,6,512,52,25814700,12713984,3
summary,int,hole-reversed,clipping,41203.125,42449.023,50419.336
sample,int,rational-crossing,relationship,3,1,0,65536,6554,37697400,0,0
sample,int,rational-crossing,relationship,3,1,1,65536,6554,37182800,0,0
sample,int,rational-crossing,relationship,3,1,2,65536,6554,41299300,0,0
sample,int,rational-crossing,relationship,3,1,3,65536,6554,44077700,0,0
sample,int,rational-crossing,relationship,3,1,4,65536,6554,43620700,0,0
sample,int,rational-crossing,relationship,3,1,5,65536,6554,41826400,0,0
sample,int,rational-crossing,relationship,3,1,6,65536,6554,42868100,0,0
summary,int,rational-crossing,relationship,567.365,638.220,672.572
sample,int,rational-crossing,clipping,3,1,0,1024,103,22034000,16957440,4
sample,int,rational-crossing,clipping,3,1,1,1024,103,22923100,16957440,4
sample,int,rational-crossing,clipping,3,1,2,1024,103,20794700,16957440,4
sample,int,rational-crossing,clipping,3,1,3,1024,103,20265700,16957440,4
sample,int,rational-crossing,clipping,3,1,4,1024,103,20798200,16957440,4
sample,int,rational-crossing,clipping,3,1,5,1024,103,20964300,16957440,4
sample,int,rational-crossing,clipping,3,1,6,1024,103,21012600,16957440,4
summary,int,rational-crossing,clipping,19790.723,20472.949,22385.840
sample,int,sparse-1,relationship,4,1,0,32768,3277,31247900,0,0
sample,int,sparse-1,relationship,4,1,1,32768,3277,39854200,0,0
sample,int,sparse-1,relationship,4,1,2,32768,3277,30458200,0,0
sample,int,sparse-1,relationship,4,1,3,32768,3277,29646400,0,0
sample,int,sparse-1,relationship,4,1,4,32768,3277,29978400,0,0
sample,int,sparse-1,relationship,4,1,5,32768,3277,31089500,0,0
sample,int,sparse-1,relationship,4,1,6,32768,3277,32360100,0,0
summary,int,sparse-1,relationship,904.736,948.776,1216.254
sample,int,sparse-1,clipping,4,1,0,1024,103,19643100,16957440,4
sample,int,sparse-1,clipping,4,1,1,1024,103,20243200,16957440,4
sample,int,sparse-1,clipping,4,1,2,1024,103,21381300,16957440,4
sample,int,sparse-1,clipping,4,1,3,1024,103,20913600,16957440,4
sample,int,sparse-1,clipping,4,1,4,1024,103,20620400,16957440,4
sample,int,sparse-1,clipping,4,1,5,1024,103,23093800,16957440,4
sample,int,sparse-1,clipping,4,1,6,1024,103,22969700,16957440,4
summary,int,sparse-1,clipping,19182.715,20423.438,22552.539
sample,int,sparse-4,relationship,16,1,0,8192,820,37356000,0,0
sample,int,sparse-4,relationship,16,1,1,8192,820,37567000,0,0
sample,int,sparse-4,relationship,16,1,2,8192,820,40582400,0,0
sample,int,sparse-4,relationship,16,1,3,8192,820,38274700,0,0
sample,int,sparse-4,relationship,16,1,4,8192,820,36296600,0,0
sample,int,sparse-4,relationship,16,1,5,8192,820,36381900,0,0
sample,int,sparse-4,relationship,16,1,6,8192,820,38190900,0,0
summary,int,sparse-4,relationship,4430.737,4585.815,4953.906
sample,int,sparse-4,clipping,16,1,0,1024,103,26500300,16957440,4
sample,int,sparse-4,clipping,16,1,1,1024,103,25028100,16957440,4
sample,int,sparse-4,clipping,16,1,2,1024,103,26813100,16957440,4
sample,int,sparse-4,clipping,16,1,3,1024,103,25357300,16957440,4
sample,int,sparse-4,clipping,16,1,4,1024,103,26610600,16957440,4
sample,int,sparse-4,clipping,16,1,5,1024,103,28142800,16957440,4
sample,int,sparse-4,clipping,16,1,6,1024,103,26588600,16957440,4
summary,int,sparse-4,clipping,24441.504,25965.430,27483.203
sample,int,sparse-16,relationship,64,1,0,2048,205,37894900,0,0
sample,int,sparse-16,relationship,64,1,1,2048,205,42253700,0,0
sample,int,sparse-16,relationship,64,1,2,2048,205,40182100,0,0
sample,int,sparse-16,relationship,64,1,3,2048,205,39359000,0,0
sample,int,sparse-16,relationship,64,1,4,2048,205,38573200,0,0
sample,int,sparse-16,relationship,64,1,5,2048,205,37290400,0,0
sample,int,sparse-16,relationship,64,1,6,2048,205,41993400,0,0
summary,int,sparse-16,relationship,18208.203,19218.262,20631.689
sample,int,sparse-16,clipping,64,1,0,512,52,22211400,8478720,2
sample,int,sparse-16,clipping,64,1,1,512,52,22851000,8478720,2
sample,int,sparse-16,clipping,64,1,2,512,52,24029200,8478720,2
sample,int,sparse-16,clipping,64,1,3,512,52,22211800,8478720,2
sample,int,sparse-16,clipping,64,1,4,512,52,25193200,8478720,2
sample,int,sparse-16,clipping,64,1,5,512,52,22877600,8478720,2
sample,int,sparse-16,clipping,64,1,6,512,52,25215800,8478720,2
summary,int,sparse-16,clipping,43381.641,44682.812,49249.609
sample,int,sparse-64,relationship,256,1,0,512,52,35791000,0,0
sample,int,sparse-64,relationship,256,1,1,512,52,34944300,0,0
sample,int,sparse-64,relationship,256,1,2,512,52,37765100,0,0
sample,int,sparse-64,relationship,256,1,3,512,52,34035600,0,0
sample,int,sparse-64,relationship,256,1,4,512,52,36514900,0,0
sample,int,sparse-64,relationship,256,1,5,512,52,34545200,0,0
sample,int,sparse-64,relationship,256,1,6,512,52,34158400,0,0
summary,int,sparse-64,relationship,66475.781,68250.586,73759.961
sample,int,sparse-64,clipping,256,1,0,256,26,26952800,4239360,1
sample,int,sparse-64,clipping,256,1,1,256,26,26515400,4239360,1
sample,int,sparse-64,clipping,256,1,2,256,26,26476300,4239360,1
sample,int,sparse-64,clipping,256,1,3,256,26,36834400,4239360,1
sample,int,sparse-64,clipping,256,1,4,256,26,25854000,4239360,1
sample,int,sparse-64,clipping,256,1,5,256,26,28026400,4239360,1
sample,int,sparse-64,clipping,256,1,6,256,26,31005900,4239360,1
summary,int,sparse-64,clipping,100992.188,105284.375,143884.375
sample,int,dense-1,relationship,4,1,0,32768,3277,27473300,0,0
sample,int,dense-1,relationship,4,1,1,32768,3277,26003900,0,0
sample,int,dense-1,relationship,4,1,2,32768,3277,26794800,0,0
sample,int,dense-1,relationship,4,1,3,32768,3277,25823100,0,0
sample,int,dense-1,relationship,4,1,4,32768,3277,29615400,0,0
sample,int,dense-1,relationship,4,1,5,32768,3277,27466800,0,0
sample,int,dense-1,relationship,4,1,6,32768,3277,25851400,0,0
summary,int,dense-1,relationship,788.058,817.712,903.790
sample,int,dense-1,clipping,4,1,0,1024,103,17849900,16957440,4
sample,int,dense-1,clipping,4,1,1,1024,103,18722700,16957440,4
sample,int,dense-1,clipping,4,1,2,1024,103,18338200,16957440,4
sample,int,dense-1,clipping,4,1,3,1024,103,17927500,16957440,4
sample,int,dense-1,clipping,4,1,4,1024,103,25090600,16957440,4
sample,int,dense-1,clipping,4,1,5,1024,103,25799900,16957440,4
sample,int,dense-1,clipping,4,1,6,1024,103,22564500,16957440,4
summary,int,dense-1,clipping,17431.543,18283.887,25195.215
sample,int,dense-4,relationship,16,4,0,4096,410,26738300,0,0
sample,int,dense-4,relationship,16,4,1,4096,410,26699500,0,0
sample,int,dense-4,relationship,16,4,2,4096,410,29074800,0,0
sample,int,dense-4,relationship,16,4,3,4096,410,27616700,0,0
sample,int,dense-4,relationship,16,4,4,4096,410,27557800,0,0
sample,int,dense-4,relationship,16,4,5,4096,410,29527900,0,0
sample,int,dense-4,relationship,16,4,6,4096,410,28313800,0,0
summary,int,dense-4,relationship,6518.433,6742.358,7208.960
sample,int,dense-4,clipping,16,4,0,256,26,28969300,10588160,2
sample,int,dense-4,clipping,16,4,1,256,26,25825100,10588160,2
sample,int,dense-4,clipping,16,4,2,256,26,28960400,10588160,2
sample,int,dense-4,clipping,16,4,3,256,26,28242400,10588160,2
sample,int,dense-4,clipping,16,4,4,256,26,26132200,10588160,2
sample,int,dense-4,clipping,16,4,5,256,26,38652500,10588160,2
sample,int,dense-4,clipping,16,4,6,256,26,25116500,10588160,2
summary,int,dense-4,clipping,98111.328,110321.875,150986.328
sample,int,dense-16,relationship,64,16,0,1024,103,30171500,0,0
sample,int,dense-16,relationship,64,16,1,1024,103,29825800,0,0
sample,int,dense-16,relationship,64,16,2,1024,103,28571300,0,0
sample,int,dense-16,relationship,64,16,3,1024,103,28781600,0,0
sample,int,dense-16,relationship,64,16,4,1024,103,29556800,0,0
sample,int,dense-16,relationship,64,16,5,1024,103,30981700,0,0
sample,int,dense-16,relationship,64,16,6,1024,103,30238600,0,0
summary,int,dense-16,relationship,27901.660,29126.758,30255.566
sample,int,dense-16,clipping,64,16,0,64,7,32769500,9280512,2
sample,int,dense-16,clipping,64,16,1,64,7,32415800,9280512,2
sample,int,dense-16,clipping,64,16,2,64,7,34507000,9280512,2
sample,int,dense-16,clipping,64,16,3,64,7,33765400,9280512,2
sample,int,dense-16,clipping,64,16,4,64,7,33359700,9280512,2
sample,int,dense-16,clipping,64,16,5,64,7,32855600,9280512,2
sample,int,dense-16,clipping,64,16,6,64,7,32625100,9280512,2
summary,int,dense-16,clipping,506496.875,513368.750,539171.875
sample,int,dense-64,relationship,256,64,0,256,26,29495600,0,0
sample,int,dense-64,relationship,256,64,1,256,26,30908100,0,0
sample,int,dense-64,relationship,256,64,2,256,26,29427900,0,0
sample,int,dense-64,relationship,256,64,3,256,26,29552800,0,0
sample,int,dense-64,relationship,256,64,4,256,26,28736600,0,0
sample,int,dense-64,relationship,256,64,5,256,26,29759100,0,0
sample,int,dense-64,relationship,256,64,6,256,26,30989500,0,0
summary,int,dense-64,relationship,112252.344,115440.625,121052.734
sample,int,dense-64,clipping,256,64,0,8,1,20451200,4448256,1
sample,int,dense-64,clipping,256,64,1,8,1,18878500,4448256,1
sample,int,dense-64,clipping,256,64,2,8,1,18995000,4448256,1
sample,int,dense-64,clipping,256,64,3,8,1,20731900,4448256,1
sample,int,dense-64,clipping,256,64,4,8,1,28511000,4448256,1
sample,int,dense-64,clipping,256,64,5,8,1,19061100,4448256,1
sample,int,dense-64,clipping,256,64,6,8,1,19685100,4448256,1
summary,int,dense-64,clipping,2359812.500,2460637.500,3563875.000
sample,int,wide-integral,relationship,4,1,0,32768,3277,29342000,0,0
sample,int,wide-integral,relationship,4,1,1,32768,3277,30110200,0,0
sample,int,wide-integral,relationship,4,1,2,32768,3277,29813600,0,0
sample,int,wide-integral,relationship,4,1,3,32768,3277,28414900,0,0
sample,int,wide-integral,relationship,4,1,4,32768,3277,29591300,0,0
sample,int,wide-integral,relationship,4,1,5,32768,3277,31730300,0,0
sample,int,wide-integral,relationship,4,1,6,32768,3277,31146800,0,0
summary,int,wide-integral,relationship,867.154,909.839,968.332
sample,int,wide-integral,clipping,4,1,0,1024,103,20774000,16957440,4
sample,int,wide-integral,clipping,4,1,1,1024,103,22446100,16957440,4
sample,int,wide-integral,clipping,4,1,2,1024,103,23378800,16957440,4
sample,int,wide-integral,clipping,4,1,3,1024,103,22530200,16957440,4
sample,int,wide-integral,clipping,4,1,4,1024,103,25244700,16957440,4
sample,int,wide-integral,clipping,4,1,5,1024,103,23081100,16957440,4
sample,int,wide-integral,clipping,4,1,6,1024,103,22357000,16957440,4
summary,int,wide-integral,clipping,20287.109,22002.148,24653.027
fixture,long,exterior,4,1,success,0
fixture,long,interior,4,4,success,1
fixture,long,crossing,4,7,success,1
fixture,long,boundary-only,4,10,success,1
fixture,long,boundary-overlap,4,11,success,1
fixture,long,isolated-tangent,4,3,success,0
fixture,long,degenerate-interior,4,4,success,0
fixture,long,degenerate-boundary,4,2,success,0
fixture,long,empty,0,1,success,0
fixture,long,concave-u,8,7,success,2
fixture,long,hole,8,7,success,2
fixture,long,hole-reversed,8,7,success,2
fixture,long,rational-crossing,3,7,success,1
fixture,long,sparse-1,4,7,success,1
fixture,long,sparse-4,16,7,success,1
fixture,long,sparse-16,64,7,success,1
fixture,long,sparse-64,256,7,success,1
fixture,long,dense-1,4,7,success,1
fixture,long,dense-4,16,7,success,4
fixture,long,dense-16,64,7,success,16
fixture,long,dense-64,256,7,success,64
fixture,long,wide-integral,4,7,success,1
fixture,long,endpoint-collapse,4,6,unrepresentableConstruction,0
fixture,long,gap-collapse,8,7,unrepresentableConstruction,0
preflight,long,24,PASS
sample,long,exterior,relationship,4,0,0,32768,3277,30226500,0,0
sample,long,exterior,relationship,4,0,1,32768,3277,34143800,0,0
sample,long,exterior,relationship,4,0,2,32768,3277,31599400,0,0
sample,long,exterior,relationship,4,0,3,32768,3277,31511800,0,0
sample,long,exterior,relationship,4,0,4,32768,3277,31661500,0,0
sample,long,exterior,relationship,4,0,5,32768,3277,30991500,0,0
sample,long,exterior,relationship,4,0,6,32768,3277,30600100,0,0
summary,long,exterior,relationship,922.440,961.664,1041.986
sample,long,exterior,clipping,4,0,0,8192,820,28674900,67895296,16
sample,long,exterior,clipping,4,0,1,8192,820,28651800,67895296,16
sample,long,exterior,clipping,4,0,2,8192,820,28803200,67895296,16
sample,long,exterior,clipping,4,0,3,8192,820,38171600,67895296,16
sample,long,exterior,clipping,4,0,4,8192,820,28787800,67895296,16
sample,long,exterior,clipping,4,0,5,8192,820,34427100,67895296,16
sample,long,exterior,clipping,4,0,6,8192,820,28832400,67895296,16
summary,long,exterior,clipping,3497.534,3516.016,4659.619
sample,long,interior,relationship,4,1,0,32768,3277,30601300,0,0
sample,long,interior,relationship,4,1,1,32768,3277,30644000,0,0
sample,long,interior,relationship,4,1,2,32768,3277,32362000,0,0
sample,long,interior,relationship,4,1,3,32768,3277,33320600,0,0
sample,long,interior,relationship,4,1,4,32768,3277,29021900,0,0
sample,long,interior,relationship,4,1,5,32768,3277,30737800,0,0
sample,long,interior,relationship,4,1,6,32768,3277,30627600,0,0
summary,long,interior,relationship,885.678,935.181,1016.864
sample,long,interior,clipping,4,1,0,4096,410,40043700,34144256,8
sample,long,interior,clipping,4,1,1,4096,410,39115200,34144256,8
sample,long,interior,clipping,4,1,2,4096,410,37311800,34144256,8
sample,long,interior,clipping,4,1,3,4096,410,36163800,34144256,8
sample,long,interior,clipping,4,1,4,4096,410,35917100,34144256,8
sample,long,interior,clipping,4,1,5,4096,410,36669500,34144256,8
sample,long,interior,clipping,4,1,6,4096,410,40183300,34144256,8
summary,long,interior,clipping,8768.823,9109.326,9810.376
sample,long,crossing,relationship,4,1,0,32768,3277,34916100,0,0
sample,long,crossing,relationship,4,1,1,32768,3277,35184900,0,0
sample,long,crossing,relationship,4,1,2,32768,3277,34300500,0,0
sample,long,crossing,relationship,4,1,3,32768,3277,35092400,0,0
sample,long,crossing,relationship,4,1,4,32768,3277,33898600,0,0
sample,long,crossing,relationship,4,1,5,32768,3277,37910700,0,0
sample,long,crossing,relationship,4,1,6,32768,3277,40620400,0,0
summary,long,crossing,relationship,1034.503,1070.935,1239.636
sample,long,crossing,clipping,4,1,0,1024,103,23916300,16957440,4
sample,long,crossing,clipping,4,1,1,1024,103,23262800,16957440,4
sample,long,crossing,clipping,4,1,2,1024,103,20408900,16957440,4
sample,long,crossing,clipping,4,1,3,1024,103,21648200,16957440,4
sample,long,crossing,clipping,4,1,4,1024,103,21566800,16957440,4
sample,long,crossing,clipping,4,1,5,1024,103,20775100,16957440,4
sample,long,crossing,clipping,4,1,6,1024,103,20639500,16957440,4
summary,long,crossing,clipping,19930.566,21061.328,23355.762
sample,long,boundary-only,relationship,4,1,0,16384,1639,20986800,0,0
sample,long,boundary-only,relationship,4,1,1,16384,1639,22916300,0,0
sample,long,boundary-only,relationship,4,1,2,16384,1639,20326800,0,0
sample,long,boundary-only,relationship,4,1,3,16384,1639,20264600,0,0
sample,long,boundary-only,relationship,4,1,4,16384,1639,22351100,0,0
sample,long,boundary-only,relationship,4,1,5,16384,1639,20704400,0,0
sample,long,boundary-only,relationship,4,1,6,16384,1639,20748500,0,0
summary,long,boundary-only,relationship,1236.853,1266.388,1398.700
sample,long,boundary-only,clipping,4,1,0,2048,205,31337500,42237952,10
sample,long,boundary-only,clipping,4,1,1,2048,205,27997700,42237952,10
sample,long,boundary-only,clipping,4,1,2,2048,205,28139500,42237952,10
sample,long,boundary-only,clipping,4,1,3,2048,205,29118700,42237952,10
sample,long,boundary-only,clipping,4,1,4,2048,205,30812000,42237952,10
sample,long,boundary-only,clipping,4,1,5,2048,205,31649800,42237952,10
sample,long,boundary-only,clipping,4,1,6,2048,205,31145000,42237952,10
summary,long,boundary-only,clipping,13670.752,15044.922,15454.004
sample,long,boundary-overlap,relationship,4,1,0,16384,1639,27293400,0,0
sample,long,boundary-overlap,relationship,4,1,1,16384,1639,25920700,0,0
sample,long,boundary-overlap,relationship,4,1,2,16384,1639,29392200,0,0
sample,long,boundary-overlap,relationship,4,1,3,16384,1639,29867500,0,0
sample,long,boundary-overlap,relationship,4,1,4,16384,1639,29762100,0,0
sample,long,boundary-overlap,relationship,4,1,5,16384,1639,27813500,0,0
sample,long,boundary-overlap,relationship,4,1,6,16384,1639,28587800,0,0
summary,long,boundary-overlap,relationship,1582.074,1744.861,1822.968
sample,long,boundary-overlap,clipping,4,1,0,2048,205,35530700,42303488,10
sample,long,boundary-overlap,clipping,4,1,1,2048,205,35999100,42303488,10
sample,long,boundary-overlap,clipping,4,1,2,2048,205,32317300,42303488,10
sample,long,boundary-overlap,clipping,4,1,3,2048,205,32434600,42303488,10
sample,long,boundary-overlap,clipping,4,1,4,2048,205,31762600,42303488,10
sample,long,boundary-overlap,clipping,4,1,5,2048,205,32567100,42303488,10
sample,long,boundary-overlap,clipping,4,1,6,2048,205,34087600,42303488,10
summary,long,boundary-overlap,clipping,15509.082,15901.904,17577.686
sample,long,isolated-tangent,relationship,4,0,0,16384,1639,27418700,0,0
sample,long,isolated-tangent,relationship,4,0,1,16384,1639,26057000,0,0
sample,long,isolated-tangent,relationship,4,0,2,16384,1639,25965900,0,0
sample,long,isolated-tangent,relationship,4,0,3,16384,1639,27936100,0,0
sample,long,isolated-tangent,relationship,4,0,4,16384,1639,24772700,0,0
sample,long,isolated-tangent,relationship,4,0,5,16384,1639,28625500,0,0
sample,long,isolated-tangent,relationship,4,0,6,16384,1639,26911900,0,0
summary,long,isolated-tangent,relationship,1512.006,1642.572,1747.162
sample,long,isolated-tangent,clipping,4,0,0,4096,410,21839000,67502080,16
sample,long,isolated-tangent,clipping,4,0,1,4096,410,22290100,67502080,16
sample,long,isolated-tangent,clipping,4,0,2,4096,410,23998500,67502080,16
sample,long,isolated-tangent,clipping,4,0,3,4096,410,23929000,67502080,16
sample,long,isolated-tangent,clipping,4,0,4,4096,410,21415700,67502080,16
sample,long,isolated-tangent,clipping,4,0,5,4096,410,22749100,67502080,16
sample,long,isolated-tangent,clipping,4,0,6,4096,410,22104100,67502080,16
summary,long,isolated-tangent,clipping,5228.442,5441.919,5859.009
sample,long,degenerate-interior,relationship,4,0,0,65536,6554,2583400,0,0
sample,long,degenerate-interior,relationship,4,0,1,65536,6554,3046200,0,0
sample,long,degenerate-interior,relationship,4,0,2,65536,6554,1983300,0,0
sample,long,degenerate-interior,relationship,4,0,3,65536,6554,2000000,0,0
sample,long,degenerate-interior,relationship,4,0,4,65536,6554,1969100,0,0
sample,long,degenerate-interior,relationship,4,0,5,65536,6554,1977100,0,0
sample,long,degenerate-interior,relationship,4,0,6,65536,6554,2192600,0,0
summary,long,degenerate-interior,relationship,30.046,30.518,46.481
sample,long,degenerate-interior,clipping,4,0,0,65536,6554,1147900,0,0
sample,long,degenerate-interior,clipping,4,0,1,65536,6554,1075000,0,0
sample,long,degenerate-interior,clipping,4,0,2,65536,6554,814400,0,0
sample,long,degenerate-interior,clipping,4,0,3,65536,6554,1031400,0,0
sample,long,degenerate-interior,clipping,4,0,4,65536,6554,758800,0,0
sample,long,degenerate-interior,clipping,4,0,5,65536,6554,791500,0,0
sample,long,degenerate-interior,clipping,4,0,6,65536,6554,741900,0,0
summary,long,degenerate-interior,clipping,11.320,12.427,17.516
sample,long,degenerate-boundary,relationship,4,0,0,65536,6554,2020400,0,0
sample,long,degenerate-boundary,relationship,4,0,1,65536,6554,2005500,0,0
sample,long,degenerate-boundary,relationship,4,0,2,65536,6554,2547600,0,0
sample,long,degenerate-boundary,relationship,4,0,3,65536,6554,1987900,0,0
sample,long,degenerate-boundary,relationship,4,0,4,65536,6554,1961200,0,0
sample,long,degenerate-boundary,relationship,4,0,5,65536,6554,1977300,0,0
sample,long,degenerate-boundary,relationship,4,0,6,65536,6554,1957400,0,0
summary,long,degenerate-boundary,relationship,29.868,30.333,38.873
sample,long,degenerate-boundary,clipping,4,0,0,65536,6554,692100,0,0
sample,long,degenerate-boundary,clipping,4,0,1,65536,6554,734800,0,0
sample,long,degenerate-boundary,clipping,4,0,2,65536,6554,690800,0,0
sample,long,degenerate-boundary,clipping,4,0,3,65536,6554,738700,0,0
sample,long,degenerate-boundary,clipping,4,0,4,65536,6554,694000,0,0
sample,long,degenerate-boundary,clipping,4,0,5,65536,6554,736000,0,0
sample,long,degenerate-boundary,clipping,4,0,6,65536,6554,692700,0,0
summary,long,degenerate-boundary,clipping,10.541,10.590,11.272
sample,long,empty,relationship,0,0,0,65536,6554,1200300,0,0
sample,long,empty,relationship,0,0,1,65536,6554,844400,0,0
sample,long,empty,relationship,0,0,2,65536,6554,920000,0,0
sample,long,empty,relationship,0,0,3,65536,6554,828900,0,0
sample,long,empty,relationship,0,0,4,65536,6554,874800,0,0
sample,long,empty,relationship,0,0,5,65536,6554,876900,0,0
sample,long,empty,relationship,0,0,6,65536,6554,877500,0,0
summary,long,empty,relationship,12.648,13.380,18.315
sample,long,empty,clipping,0,0,0,65536,6554,688100,0,0
sample,long,empty,clipping,0,0,1,65536,6554,734600,0,0
sample,long,empty,clipping,0,0,2,65536,6554,693300,0,0
sample,long,empty,clipping,0,0,3,65536,6554,734800,0,0
sample,long,empty,clipping,0,0,4,65536,6554,692000,0,0
sample,long,empty,clipping,0,0,5,65536,6554,734700,0,0
sample,long,empty,clipping,0,0,6,65536,6554,741500,0,0
summary,long,empty,clipping,10.500,11.209,11.314
sample,long,concave-u,relationship,8,2,0,8192,820,23211800,0,0
sample,long,concave-u,relationship,8,2,1,8192,820,22208000,0,0
sample,long,concave-u,relationship,8,2,2,8192,820,21696800,0,0
sample,long,concave-u,relationship,8,2,3,8192,820,21665700,0,0
sample,long,concave-u,relationship,8,2,4,8192,820,21407900,0,0
sample,long,concave-u,relationship,8,2,5,8192,820,21662400,0,0
sample,long,concave-u,relationship,8,2,6,8192,820,22429300,0,0
summary,long,concave-u,relationship,2613.269,2648.535,2833.472
sample,long,concave-u,clipping,8,2,0,512,52,21463700,12713984,3
sample,long,concave-u,clipping,8,2,1,512,52,24056500,12713984,3
sample,long,concave-u,clipping,8,2,2,512,52,21477700,12713984,3
sample,long,concave-u,clipping,8,2,3,512,52,23092100,12713984,3
sample,long,concave-u,clipping,8,2,4,512,52,22056900,12713984,3
sample,long,concave-u,clipping,8,2,5,512,52,22579300,12713984,3
sample,long,concave-u,clipping,8,2,6,512,52,24234800,12713984,3
summary,long,concave-u,clipping,41921.289,44100.195,47333.594
sample,long,hole,relationship,8,2,0,8192,820,23244100,0,0
sample,long,hole,relationship,8,2,1,8192,820,23901300,0,0
sample,long,hole,relationship,8,2,2,8192,820,23630300,0,0
sample,long,hole,relationship,8,2,3,8192,820,23254400,0,0
sample,long,hole,relationship,8,2,4,8192,820,24303400,0,0
sample,long,hole,relationship,8,2,5,8192,820,29164500,0,0
sample,long,hole,relationship,8,2,6,8192,820,26105700,0,0
summary,long,hole,relationship,2837.415,2917.639,3560.120
sample,long,hole,clipping,8,2,0,512,52,26215900,12713984,3
sample,long,hole,clipping,8,2,1,512,52,23924800,12713984,3
sample,long,hole,clipping,8,2,2,512,52,25679300,12713984,3
sample,long,hole,clipping,8,2,3,512,52,23364700,12713984,3
sample,long,hole,clipping,8,2,4,512,52,25519200,12713984,3
sample,long,hole,clipping,8,2,5,512,52,24159000,12713984,3
sample,long,hole,clipping,8,2,6,512,52,26434200,12713984,3
summary,long,hole,clipping,45634.180,49842.188,51629.297
sample,long,hole-reversed,relationship,8,2,0,8192,820,27052300,0,0
sample,long,hole-reversed,relationship,8,2,1,8192,820,24433100,0,0
sample,long,hole-reversed,relationship,8,2,2,8192,820,26560200,0,0
sample,long,hole-reversed,relationship,8,2,3,8192,820,25310400,0,0
sample,long,hole-reversed,relationship,8,2,4,8192,820,27207000,0,0
sample,long,hole-reversed,relationship,8,2,5,8192,820,25667400,0,0
sample,long,hole-reversed,relationship,8,2,6,8192,820,26334500,0,0
summary,long,hole-reversed,relationship,2982.556,3214.661,3321.167
sample,long,hole-reversed,clipping,8,2,0,512,52,25486600,12713984,3
sample,long,hole-reversed,clipping,8,2,1,512,52,24267400,12713984,3
sample,long,hole-reversed,clipping,8,2,2,512,52,31643500,12713984,3
sample,long,hole-reversed,clipping,8,2,3,512,52,30860500,12713984,3
sample,long,hole-reversed,clipping,8,2,4,512,52,26776300,12713984,3
sample,long,hole-reversed,clipping,8,2,5,512,52,26344600,12713984,3
sample,long,hole-reversed,clipping,8,2,6,512,52,25969500,12713984,3
summary,long,hole-reversed,clipping,47397.266,51454.297,61803.711
sample,long,rational-crossing,relationship,3,1,0,32768,3277,23128300,0,0
sample,long,rational-crossing,relationship,3,1,1,32768,3277,26609600,0,0
sample,long,rational-crossing,relationship,3,1,2,32768,3277,23215800,0,0
sample,long,rational-crossing,relationship,3,1,3,32768,3277,25746600,0,0
sample,long,rational-crossing,relationship,3,1,4,32768,3277,23908500,0,0
sample,long,rational-crossing,relationship,3,1,5,32768,3277,24800200,0,0
sample,long,rational-crossing,relationship,3,1,6,32768,3277,22978500,0,0
summary,long,rational-crossing,relationship,701.248,729.630,812.061
sample,long,rational-crossing,clipping,3,1,0,1024,103,21051000,16957440,4
sample,long,rational-crossing,clipping,3,1,1,1024,103,20816300,16957440,4
sample,long,rational-crossing,clipping,3,1,2,1024,103,22660500,16957440,4
sample,long,rational-crossing,clipping,3,1,3,1024,103,22442400,16957440,4
sample,long,rational-crossing,clipping,3,1,4,1024,103,23245700,16957440,4
sample,long,rational-crossing,clipping,3,1,5,1024,103,21569800,16957440,4
sample,long,rational-crossing,clipping,3,1,6,1024,103,20617200,16957440,4
summary,long,rational-crossing,clipping,20133.984,21064.258,22700.879
sample,long,sparse-1,relationship,4,1,0,32768,3277,36098200,0,0
sample,long,sparse-1,relationship,4,1,1,32768,3277,36164600,0,0
sample,long,sparse-1,relationship,4,1,2,32768,3277,35115500,0,0
sample,long,sparse-1,relationship,4,1,3,32768,3277,35677000,0,0
sample,long,sparse-1,relationship,4,1,4,32768,3277,36291300,0,0
sample,long,sparse-1,relationship,4,1,5,32768,3277,36027600,0,0
sample,long,sparse-1,relationship,4,1,6,32768,3277,33966500,0,0
summary,long,sparse-1,relationship,1036.575,1099.475,1107.523
sample,long,sparse-1,clipping,4,1,0,1024,103,21934900,16957440,4
sample,long,sparse-1,clipping,4,1,1,1024,103,21182000,16957440,4
sample,long,sparse-1,clipping,4,1,2,1024,103,20936000,16957440,4
sample,long,sparse-1,clipping,4,1,3,1024,103,20750600,16957440,4
sample,long,sparse-1,clipping,4,1,4,1024,103,24278300,16957440,4
sample,long,sparse-1,clipping,4,1,5,1024,103,35995400,16957440,4
sample,long,sparse-1,clipping,4,1,6,1024,103,23751800,16957440,4
summary,long,sparse-1,clipping,20264.258,21420.801,35151.758
sample,long,sparse-4,relationship,16,1,0,4096,410,23682400,0,0
sample,long,sparse-4,relationship,16,1,1,4096,410,21460300,0,0
sample,long,sparse-4,relationship,16,1,2,4096,410,21432000,0,0
sample,long,sparse-4,relationship,16,1,3,4096,410,24212300,0,0
sample,long,sparse-4,relationship,16,1,4,4096,410,22041100,0,0
sample,long,sparse-4,relationship,16,1,5,4096,410,20449500,0,0
sample,long,sparse-4,relationship,16,1,6,4096,410,23562000,0,0
summary,long,sparse-4,relationship,4992.554,5381.128,5911.206
sample,long,sparse-4,clipping,16,1,0,1024,103,27570200,16957440,4
sample,long,sparse-4,clipping,16,1,1,1024,103,27445500,16957440,4
sample,long,sparse-4,clipping,16,1,2,1024,103,26626700,16957440,4
sample,long,sparse-4,clipping,16,1,3,1024,103,30785700,16957440,4
sample,long,sparse-4,clipping,16,1,4,1024,103,30182900,16957440,4
sample,long,sparse-4,clipping,16,1,5,1024,103,27143300,16957440,4
sample,long,sparse-4,clipping,16,1,6,1024,103,24976700,16957440,4
summary,long,sparse-4,clipping,24391.309,26802.246,30064.160
sample,long,sparse-16,relationship,64,1,0,1024,103,21392100,0,0
sample,long,sparse-16,relationship,64,1,1,1024,103,20715900,0,0
sample,long,sparse-16,relationship,64,1,2,1024,103,21635100,0,0
sample,long,sparse-16,relationship,64,1,3,1024,103,23707600,0,0
sample,long,sparse-16,relationship,64,1,4,1024,103,28906800,0,0
sample,long,sparse-16,relationship,64,1,5,1024,103,22527200,0,0
sample,long,sparse-16,relationship,64,1,6,1024,103,20346100,0,0
summary,long,sparse-16,relationship,19869.238,21128.027,28229.297
sample,long,sparse-16,clipping,64,1,0,512,52,21463000,8478720,2
sample,long,sparse-16,clipping,64,1,1,512,52,21117500,8478720,2
sample,long,sparse-16,clipping,64,1,2,512,52,23659800,8478720,2
sample,long,sparse-16,clipping,64,1,3,512,52,22926700,8478720,2
sample,long,sparse-16,clipping,64,1,4,512,52,22367400,8478720,2
sample,long,sparse-16,clipping,64,1,5,512,52,21204600,8478720,2
sample,long,sparse-16,clipping,64,1,6,512,52,21446500,8478720,2
summary,long,sparse-16,clipping,41245.117,41919.922,46210.547
sample,long,sparse-64,relationship,256,1,0,512,52,51051100,0,0
sample,long,sparse-64,relationship,256,1,1,512,52,38816300,0,0
sample,long,sparse-64,relationship,256,1,2,512,52,38743200,0,0
sample,long,sparse-64,relationship,256,1,3,512,52,38882200,0,0
sample,long,sparse-64,relationship,256,1,4,512,52,39577400,0,0
sample,long,sparse-64,relationship,256,1,5,512,52,40764200,0,0
sample,long,sparse-64,relationship,256,1,6,512,52,38383000,0,0
summary,long,sparse-64,relationship,74966.797,75941.797,99709.180
sample,long,sparse-64,clipping,256,1,0,256,26,34721200,4239360,1
sample,long,sparse-64,clipping,256,1,1,256,26,35615500,4239360,1
sample,long,sparse-64,clipping,256,1,2,256,26,36583900,4239360,1
sample,long,sparse-64,clipping,256,1,3,256,26,38558400,4239360,1
sample,long,sparse-64,clipping,256,1,4,256,26,35411800,4239360,1
sample,long,sparse-64,clipping,256,1,5,256,26,35563500,4239360,1
sample,long,sparse-64,clipping,256,1,6,256,26,35402500,4239360,1
summary,long,sparse-64,clipping,135629.688,138919.922,150618.750
sample,long,dense-1,relationship,4,1,0,32768,3277,36690800,0,0
sample,long,dense-1,relationship,4,1,1,32768,3277,36771700,0,0
sample,long,dense-1,relationship,4,1,2,32768,3277,39013800,0,0
sample,long,dense-1,relationship,4,1,3,32768,3277,37305600,0,0
sample,long,dense-1,relationship,4,1,4,32768,3277,45864800,0,0
sample,long,dense-1,relationship,4,1,5,32768,3277,36346400,0,0
sample,long,dense-1,relationship,4,1,6,32768,3277,36310500,0,0
summary,long,dense-1,relationship,1108.109,1122.183,1399.683
sample,long,dense-1,clipping,4,1,0,1024,103,29284700,16957440,4
sample,long,dense-1,clipping,4,1,1,1024,103,30001400,16957440,4
sample,long,dense-1,clipping,4,1,2,1024,103,25386300,16957440,4
sample,long,dense-1,clipping,4,1,3,1024,103,21452200,16957440,4
sample,long,dense-1,clipping,4,1,4,1024,103,23579500,16957440,4
sample,long,dense-1,clipping,4,1,5,1024,103,20869400,16957440,4
sample,long,dense-1,clipping,4,1,6,1024,103,20503400,16957440,4
summary,long,dense-1,clipping,20022.852,23026.855,29298.242
sample,long,dense-4,relationship,16,4,0,4096,410,31898300,0,0
sample,long,dense-4,relationship,16,4,1,4096,410,31742300,0,0
sample,long,dense-4,relationship,16,4,2,4096,410,28919500,0,0
sample,long,dense-4,relationship,16,4,3,4096,410,27731700,0,0
sample,long,dense-4,relationship,16,4,4,4096,410,29437200,0,0
sample,long,dense-4,relationship,16,4,5,4096,410,30448500,0,0
sample,long,dense-4,relationship,16,4,6,4096,410,29121200,0,0
summary,long,dense-4,relationship,6770.435,7186.816,7787.671
sample,long,dense-4,clipping,16,4,0,256,26,27940700,10588160,2
sample,long,dense-4,clipping,16,4,1,256,26,26485100,10588160,2
sample,long,dense-4,clipping,16,4,2,256,26,26884800,10588160,2
sample,long,dense-4,clipping,16,4,3,256,26,28064600,10588160,2
sample,long,dense-4,clipping,16,4,4,256,26,26233700,10588160,2
sample,long,dense-4,clipping,16,4,5,256,26,27389100,10588160,2
sample,long,dense-4,clipping,16,4,6,256,26,28009400,10588160,2
summary,long,dense-4,clipping,102475.391,106988.672,109627.344
sample,long,dense-16,relationship,64,16,0,1024,103,31358400,0,0
sample,long,dense-16,relationship,64,16,1,1024,103,31880700,0,0
sample,long,dense-16,relationship,64,16,2,1024,103,31913900,0,0
sample,long,dense-16,relationship,64,16,3,1024,103,31045500,0,0
sample,long,dense-16,relationship,64,16,4,1024,103,31354300,0,0
sample,long,dense-16,relationship,64,16,5,1024,103,31524600,0,0
sample,long,dense-16,relationship,64,16,6,1024,103,32053500,0,0
summary,long,dense-16,relationship,30317.871,30785.742,31302.246
sample,long,dense-16,clipping,64,16,0,64,7,33310900,9280512,2
sample,long,dense-16,clipping,64,16,1,64,7,32042500,9280512,2
sample,long,dense-16,clipping,64,16,2,64,7,32261900,9280512,2
sample,long,dense-16,clipping,64,16,3,64,7,31648800,9280512,2
sample,long,dense-16,clipping,64,16,4,64,7,33495600,9280512,2
sample,long,dense-16,clipping,64,16,5,64,7,31693000,9280512,2
sample,long,dense-16,clipping,64,16,6,64,7,32346000,9280512,2
summary,long,dense-16,clipping,494512.500,504092.188,523368.750
sample,long,dense-64,relationship,256,64,0,256,26,31371000,0,0
sample,long,dense-64,relationship,256,64,1,256,26,33542900,0,0
sample,long,dense-64,relationship,256,64,2,256,26,31723800,0,0
sample,long,dense-64,relationship,256,64,3,256,26,29688600,0,0
sample,long,dense-64,relationship,256,64,4,256,26,29317700,0,0
sample,long,dense-64,relationship,256,64,5,256,26,29753900,0,0
sample,long,dense-64,relationship,256,64,6,256,26,29465900,0,0
summary,long,dense-64,relationship,114522.266,116226.172,131026.953
sample,long,dense-64,clipping,256,64,0,16,2,35126600,8896512,2
sample,long,dense-64,clipping,256,64,1,16,2,33591400,8896512,2
sample,long,dense-64,clipping,256,64,2,16,2,34443200,8896512,2
sample,long,dense-64,clipping,256,64,3,16,2,32379100,8896512,2
sample,long,dense-64,clipping,256,64,4,16,2,33292900,8896512,2
sample,long,dense-64,clipping,256,64,5,16,2,36111000,8896512,2
sample,long,dense-64,clipping,256,64,6,16,2,33247600,8896512,2
summary,long,dense-64,clipping,2023693.750,2099462.500,2256937.500
sample,long,wide-integral,relationship,4,1,0,32768,3277,33220000,0,0
sample,long,wide-integral,relationship,4,1,1,32768,3277,30855500,0,0
sample,long,wide-integral,relationship,4,1,2,32768,3277,34150400,0,0
sample,long,wide-integral,relationship,4,1,3,32768,3277,43587300,0,0
sample,long,wide-integral,relationship,4,1,4,32768,3277,31672700,0,0
sample,long,wide-integral,relationship,4,1,5,32768,3277,31624800,0,0
sample,long,wide-integral,relationship,4,1,6,32768,3277,32512700,0,0
summary,long,wide-integral,relationship,941.635,992.209,1330.179
sample,long,wide-integral,clipping,4,1,0,1024,103,22480000,16957440,4
sample,long,wide-integral,clipping,4,1,1,1024,103,23471400,16957440,4
sample,long,wide-integral,clipping,4,1,2,1024,103,22224400,16957440,4
sample,long,wide-integral,clipping,4,1,3,1024,103,26144600,16957440,4
sample,long,wide-integral,clipping,4,1,4,1024,103,25043300,16957440,4
sample,long,wide-integral,clipping,4,1,5,1024,103,24495300,16957440,4
sample,long,wide-integral,clipping,4,1,6,1024,103,24361000,16957440,4
summary,long,wide-integral,clipping,21703.516,23790.039,25531.836
sample,long,endpoint-collapse,relationship,4,0,0,16384,1639,26177700,0,0
sample,long,endpoint-collapse,relationship,4,0,1,16384,1639,28055500,0,0
sample,long,endpoint-collapse,relationship,4,0,2,16384,1639,26050000,0,0
sample,long,endpoint-collapse,relationship,4,0,3,16384,1639,24347400,0,0
sample,long,endpoint-collapse,relationship,4,0,4,16384,1639,26587000,0,0
sample,long,endpoint-collapse,relationship,4,0,5,16384,1639,24152800,0,0
sample,long,endpoint-collapse,relationship,4,0,6,16384,1639,27640600,0,0
summary,long,endpoint-collapse,relationship,1474.170,1597.760,1712.372
sample,long,endpoint-collapse,clipping,4,0,0,2048,205,38179600,33849344,8
sample,long,endpoint-collapse,clipping,4,0,1,2048,205,39850700,33849344,8
sample,long,endpoint-collapse,clipping,4,0,2,2048,205,39313700,33849344,8
sample,long,endpoint-collapse,clipping,4,0,3,2048,205,41175700,33849344,8
sample,long,endpoint-collapse,clipping,4,0,4,2048,205,40072400,33849344,8
sample,long,endpoint-collapse,clipping,4,0,5,2048,205,39047200,33849344,8
sample,long,endpoint-collapse,clipping,4,0,6,2048,205,40726600,33849344,8
summary,long,endpoint-collapse,clipping,18642.383,19458.350,20105.322
sample,long,gap-collapse,relationship,8,0,0,8192,820,43381100,0,0
sample,long,gap-collapse,relationship,8,0,1,8192,820,30753800,0,0
sample,long,gap-collapse,relationship,8,0,2,8192,820,30941700,0,0
sample,long,gap-collapse,relationship,8,0,3,8192,820,30443400,0,0
sample,long,gap-collapse,relationship,8,0,4,8192,820,30179300,0,0
sample,long,gap-collapse,relationship,8,0,5,8192,820,31280800,0,0
sample,long,gap-collapse,relationship,8,0,6,8192,820,31425500,0,0
summary,long,gap-collapse,relationship,3683.997,3777.063,5295.544
sample,long,gap-collapse,clipping,8,0,0,512,52,24535400,12697600,3
sample,long,gap-collapse,clipping,8,0,1,512,52,23272800,12697600,3
sample,long,gap-collapse,clipping,8,0,2,512,52,25634000,12697600,3
sample,long,gap-collapse,clipping,8,0,3,512,52,23705700,12697600,3
sample,long,gap-collapse,clipping,8,0,4,512,52,25851400,12697600,3
sample,long,gap-collapse,clipping,8,0,5,512,52,24047800,12697600,3
sample,long,gap-collapse,clipping,8,0,6,512,52,25018100,12697600,3
summary,long,gap-collapse,clipping,45454.688,47920.703,50491.016
fixture,float,exterior,4,1,success,0
fixture,float,interior,4,4,success,1
fixture,float,crossing,4,7,success,1
fixture,float,boundary-only,4,10,success,1
fixture,float,boundary-overlap,4,11,success,1
fixture,float,isolated-tangent,4,3,success,0
fixture,float,degenerate-interior,4,4,success,0
fixture,float,degenerate-boundary,4,2,success,0
fixture,float,empty,0,1,success,0
fixture,float,concave-u,8,7,success,2
fixture,float,hole,8,7,success,2
fixture,float,hole-reversed,8,7,success,2
fixture,float,rational-crossing,3,7,success,1
fixture,float,sparse-1,4,7,success,1
fixture,float,sparse-4,16,7,success,1
fixture,float,sparse-16,64,7,success,1
fixture,float,sparse-64,256,7,success,1
fixture,float,dense-1,4,7,success,1
fixture,float,dense-4,16,7,success,4
fixture,float,dense-16,64,7,success,16
fixture,float,dense-64,256,7,success,64
fixture,float,subnormal,4,7,success,1
fixture,float,large-finite,4,7,success,1
preflight,float,23,PASS
sample,float,exterior,relationship,4,0,0,16384,1639,21612800,0,0
sample,float,exterior,relationship,4,0,1,16384,1639,23404400,0,0
sample,float,exterior,relationship,4,0,2,16384,1639,21948200,0,0
sample,float,exterior,relationship,4,0,3,16384,1639,22483600,0,0
sample,float,exterior,relationship,4,0,4,16384,1639,23010100,0,0
sample,float,exterior,relationship,4,0,5,16384,1639,20928500,0,0
sample,float,exterior,relationship,4,0,6,16384,1639,22895800,0,0
summary,float,exterior,relationship,1277.374,1372.290,1428.491
sample,float,exterior,clipping,4,0,0,4096,410,18924800,33947648,8
sample,float,exterior,clipping,4,0,1,4096,410,18356900,33947648,8
sample,float,exterior,clipping,4,0,2,4096,410,18718500,33947648,8
sample,float,exterior,clipping,4,0,3,4096,410,20500100,33947648,8
sample,float,exterior,clipping,4,0,4,4096,410,20428200,33947648,8
sample,float,exterior,clipping,4,0,5,4096,410,19961600,33947648,8
sample,float,exterior,clipping,4,0,6,4096,410,20347500,33947648,8
summary,float,exterior,clipping,4481.665,4873.438,5004.907
sample,float,interior,relationship,4,1,0,16384,1639,22905700,0,0
sample,float,interior,relationship,4,1,1,16384,1639,23487900,0,0
sample,float,interior,relationship,4,1,2,16384,1639,21308400,0,0
sample,float,interior,relationship,4,1,3,16384,1639,24726800,0,0
sample,float,interior,relationship,4,1,4,16384,1639,22965200,0,0
sample,float,interior,relationship,4,1,5,16384,1639,34766900,0,0
sample,float,interior,relationship,4,1,6,16384,1639,23453500,0,0
summary,float,interior,relationship,1300.562,1431.488,2122.003
sample,float,interior,clipping,4,1,0,4096,410,38997900,34144256,8
sample,float,interior,clipping,4,1,1,4096,410,41396800,34144256,8
sample,float,interior,clipping,4,1,2,4096,410,38608900,34144256,8
sample,float,interior,clipping,4,1,3,4096,410,38771200,34144256,8
sample,float,interior,clipping,4,1,4,4096,410,37236000,34144256,8
sample,float,interior,clipping,4,1,5,4096,410,39577100,34144256,8
sample,float,interior,clipping,4,1,6,4096,410,34663400,34144256,8
summary,float,interior,clipping,8462.744,9465.625,10106.641
sample,float,crossing,relationship,4,1,0,32768,3277,37828200,0,0
sample,float,crossing,relationship,4,1,1,32768,3277,39894800,0,0
sample,float,crossing,relationship,4,1,2,32768,3277,42088500,0,0
sample,float,crossing,relationship,4,1,3,32768,3277,39637300,0,0
sample,float,crossing,relationship,4,1,4,32768,3277,37574300,0,0
sample,float,crossing,relationship,4,1,5,32768,3277,37314900,0,0
sample,float,crossing,relationship,4,1,6,32768,3277,37442700,0,0
summary,float,crossing,relationship,1138.760,1154.425,1284.439
sample,float,crossing,clipping,4,1,0,2048,205,41496900,33914880,8
sample,float,crossing,clipping,4,1,1,2048,205,39941100,33914880,8
sample,float,crossing,clipping,4,1,2,2048,205,40387400,33914880,8
sample,float,crossing,clipping,4,1,3,2048,205,42964800,33914880,8
sample,float,crossing,clipping,4,1,4,2048,205,50707200,33914880,8
sample,float,crossing,clipping,4,1,5,2048,205,40536700,33914880,8
sample,float,crossing,clipping,4,1,6,2048,205,39621500,33914880,8
summary,float,crossing,clipping,19346.436,19793.311,24759.375
sample,float,boundary-only,relationship,4,1,0,16384,1639,22314200,0,0
sample,float,boundary-only,relationship,4,1,1,16384,1639,27003500,0,0
sample,float,boundary-only,relationship,4,1,2,16384,1639,29759900,0,0
sample,float,boundary-only,relationship,4,1,3,16384,1639,24024000,0,0
sample,float,boundary-only,relationship,4,1,4,16384,1639,26304300,0,0
sample,float,boundary-only,relationship,4,1,5,16384,1639,24011100,0,0
sample,float,boundary-only,relationship,4,1,6,16384,1639,26866700,0,0
summary,float,boundary-only,relationship,1361.951,1605.487,1816.400
sample,float,boundary-only,clipping,4,1,0,2048,205,29282900,42237952,10
sample,float,boundary-only,clipping,4,1,1,2048,205,28345200,42237952,10
sample,float,boundary-only,clipping,4,1,2,2048,205,29661400,42237952,10
sample,float,boundary-only,clipping,4,1,3,2048,205,30249800,42237952,10
sample,float,boundary-only,clipping,4,1,4,2048,205,29434400,42237952,10
sample,float,boundary-only,clipping,4,1,5,2048,205,31349700,42237952,10
sample,float,boundary-only,clipping,4,1,6,2048,205,29745200,42237952,10
summary,float,boundary-only,clipping,13840.430,14483.105,15307.471
sample,float,boundary-overlap,relationship,4,1,0,16384,1639,33530700,0,0
sample,float,boundary-overlap,relationship,4,1,1,16384,1639,35972000,0,0
sample,float,boundary-overlap,relationship,4,1,2,16384,1639,35199100,0,0
sample,float,boundary-overlap,relationship,4,1,3,16384,1639,33889300,0,0
sample,float,boundary-overlap,relationship,4,1,4,16384,1639,33669800,0,0
sample,float,boundary-overlap,relationship,4,1,5,16384,1639,34512400,0,0
sample,float,boundary-overlap,relationship,4,1,6,16384,1639,33965700,0,0
summary,float,boundary-overlap,relationship,2046.552,2073.102,2195.557
sample,float,boundary-overlap,clipping,4,1,0,2048,205,44465500,42303488,10
sample,float,boundary-overlap,clipping,4,1,1,2048,205,32133600,42303488,10
sample,float,boundary-overlap,clipping,4,1,2,2048,205,31911500,42303488,10
sample,float,boundary-overlap,clipping,4,1,3,2048,205,31497300,42303488,10
sample,float,boundary-overlap,clipping,4,1,4,2048,205,33858000,42303488,10
sample,float,boundary-overlap,clipping,4,1,5,2048,205,33482200,42303488,10
sample,float,boundary-overlap,clipping,4,1,6,2048,205,31725900,42303488,10
summary,float,boundary-overlap,clipping,15379.541,15690.234,21711.670
sample,float,isolated-tangent,relationship,4,0,0,16384,1639,40942700,0,0
sample,float,isolated-tangent,relationship,4,0,1,16384,1639,41855400,0,0
sample,float,isolated-tangent,relationship,4,0,2,16384,1639,39739900,0,0
sample,float,isolated-tangent,relationship,4,0,3,16384,1639,40481200,0,0
sample,float,isolated-tangent,relationship,4,0,4,16384,1639,39688600,0,0
sample,float,isolated-tangent,relationship,4,0,5,16384,1639,41294700,0,0
sample,float,isolated-tangent,relationship,4,0,6,16384,1639,41889300,0,0
summary,float,isolated-tangent,relationship,2422.400,2498.944,2556.720
sample,float,isolated-tangent,clipping,4,0,0,4096,410,30287900,67502080,16
sample,float,isolated-tangent,clipping,4,0,1,4096,410,29455700,67502080,16
sample,float,isolated-tangent,clipping,4,0,2,4096,410,32789000,67502080,16
sample,float,isolated-tangent,clipping,4,0,3,4096,410,34476700,67502080,16
sample,float,isolated-tangent,clipping,4,0,4,4096,410,31190400,67502080,16
sample,float,isolated-tangent,clipping,4,0,5,4096,410,31565100,67502080,16
sample,float,isolated-tangent,clipping,4,0,6,4096,410,31079500,67502080,16
summary,float,isolated-tangent,clipping,7191.333,7614.844,8417.163
sample,float,degenerate-interior,relationship,4,0,0,65536,6554,3544700,0,0
sample,float,degenerate-interior,relationship,4,0,1,65536,6554,3384900,0,0
sample,float,degenerate-interior,relationship,4,0,2,65536,6554,3425900,0,0
sample,float,degenerate-interior,relationship,4,0,3,65536,6554,4127100,0,0
sample,float,degenerate-interior,relationship,4,0,4,65536,6554,4230000,0,0
sample,float,degenerate-interior,relationship,4,0,5,65536,6554,3500500,0,0
sample,float,degenerate-interior,relationship,4,0,6,65536,6554,3543800,0,0
summary,float,degenerate-interior,relationship,51.649,54.074,64.545
sample,float,degenerate-interior,clipping,4,0,0,65536,6554,312800,0,0
sample,float,degenerate-interior,clipping,4,0,1,65536,6554,408100,0,0
sample,float,degenerate-interior,clipping,4,0,2,65536,6554,359900,0,0
sample,float,degenerate-interior,clipping,4,0,3,65536,6554,615800,0,0
sample,float,degenerate-interior,clipping,4,0,4,65536,6554,558600,0,0
sample,float,degenerate-interior,clipping,4,0,5,65536,6554,389000,0,0
sample,float,degenerate-interior,clipping,4,0,6,65536,6554,366800,0,0
summary,float,degenerate-interior,clipping,4.773,5.936,9.396
sample,float,degenerate-boundary,relationship,4,0,0,65536,6554,3808000,0,0
sample,float,degenerate-boundary,relationship,4,0,1,65536,6554,4526500,0,0
sample,float,degenerate-boundary,relationship,4,0,2,65536,6554,4589700,0,0
sample,float,degenerate-boundary,relationship,4,0,3,65536,6554,3653100,0,0
sample,float,degenerate-boundary,relationship,4,0,4,65536,6554,3690700,0,0
sample,float,degenerate-boundary,relationship,4,0,5,65536,6554,4943800,0,0
sample,float,degenerate-boundary,relationship,4,0,6,65536,6554,3945800,0,0
summary,float,degenerate-boundary,relationship,55.742,60.208,75.436
sample,float,degenerate-boundary,clipping,4,0,0,65536,6554,312900,0,0
sample,float,degenerate-boundary,clipping,4,0,1,65536,6554,320300,0,0
sample,float,degenerate-boundary,clipping,4,0,2,65536,6554,385800,0,0
sample,float,degenerate-boundary,clipping,4,0,3,65536,6554,331500,0,0
sample,float,degenerate-boundary,clipping,4,0,4,65536,6554,312800,0,0
sample,float,degenerate-boundary,clipping,4,0,5,65536,6554,312900,0,0
sample,float,degenerate-boundary,clipping,4,0,6,65536,6554,316100,0,0
summary,float,degenerate-boundary,clipping,4.773,4.823,5.887
sample,float,empty,relationship,0,0,0,65536,6554,1084800,0,0
sample,float,empty,relationship,0,0,1,65536,6554,1199400,0,0
sample,float,empty,relationship,0,0,2,65536,6554,1479100,0,0
sample,float,empty,relationship,0,0,3,65536,6554,1195600,0,0
sample,float,empty,relationship,0,0,4,65536,6554,1505600,0,0
sample,float,empty,relationship,0,0,5,65536,6554,1186800,0,0
sample,float,empty,relationship,0,0,6,65536,6554,1089600,0,0
summary,float,empty,relationship,16.553,18.243,22.974
sample,float,empty,clipping,0,0,0,65536,6554,317900,0,0
sample,float,empty,clipping,0,0,1,65536,6554,314300,0,0
sample,float,empty,clipping,0,0,2,65536,6554,316200,0,0
sample,float,empty,clipping,0,0,3,65536,6554,322300,0,0
sample,float,empty,clipping,0,0,4,65536,6554,314600,0,0
sample,float,empty,clipping,0,0,5,65536,6554,315000,0,0
sample,float,empty,clipping,0,0,6,65536,6554,318200,0,0
summary,float,empty,clipping,4.796,4.825,4.918
sample,float,concave-u,relationship,8,2,0,8192,820,28627000,0,0
sample,float,concave-u,relationship,8,2,1,8192,820,27777600,0,0
sample,float,concave-u,relationship,8,2,2,8192,820,28659400,0,0
sample,float,concave-u,relationship,8,2,3,8192,820,30227100,0,0
sample,float,concave-u,relationship,8,2,4,8192,820,28937400,0,0
sample,float,concave-u,relationship,8,2,5,8192,820,29412600,0,0
sample,float,concave-u,relationship,8,2,6,8192,820,26923200,0,0
summary,float,concave-u,relationship,3286.523,3498.462,3689.832
sample,float,concave-u,clipping,8,2,0,512,52,24913400,12713984,3
sample,float,concave-u,clipping,8,2,1,512,52,24799600,12713984,3
sample,float,concave-u,clipping,8,2,2,512,52,23205200,12713984,3
sample,float,concave-u,clipping,8,2,3,512,52,22567800,12713984,3
sample,float,concave-u,clipping,8,2,4,512,52,24345300,12713984,3
sample,float,concave-u,clipping,8,2,5,512,52,23534400,12713984,3
sample,float,concave-u,clipping,8,2,6,512,52,21950800,12713984,3
summary,float,concave-u,clipping,42872.656,45965.625,48658.984
sample,float,hole,relationship,8,2,0,8192,820,29055200,0,0
sample,float,hole,relationship,8,2,1,8192,820,26038200,0,0
sample,float,hole,relationship,8,2,2,8192,820,27581400,0,0
sample,float,hole,relationship,8,2,3,8192,820,25517000,0,0
sample,float,hole,relationship,8,2,4,8192,820,25980500,0,0
sample,float,hole,relationship,8,2,5,8192,820,25568500,0,0
sample,float,hole,relationship,8,2,6,8192,820,25256300,0,0
summary,float,hole,relationship,3083.044,3171.448,3546.777
sample,float,hole,clipping,8,2,0,512,52,21887700,12713984,3
sample,float,hole,clipping,8,2,1,512,52,22139900,12713984,3
sample,float,hole,clipping,8,2,2,512,52,23492600,12713984,3
sample,float,hole,clipping,8,2,3,512,52,24510700,12713984,3
sample,float,hole,clipping,8,2,4,512,52,24481500,12713984,3
sample,float,hole,clipping,8,2,5,512,52,22171600,12713984,3
sample,float,hole,clipping,8,2,6,512,52,24340500,12713984,3
summary,float,hole,clipping,42749.414,45883.984,47872.461
sample,float,hole-reversed,relationship,8,2,0,8192,820,27761900,0,0
sample,float,hole-reversed,relationship,8,2,1,8192,820,29316300,0,0
sample,float,hole-reversed,relationship,8,2,2,8192,820,34368800,0,0
sample,float,hole-reversed,relationship,8,2,3,8192,820,27208700,0,0
sample,float,hole-reversed,relationship,8,2,4,8192,820,27370900,0,0
sample,float,hole-reversed,relationship,8,2,5,8192,820,29719100,0,0
sample,float,hole-reversed,relationship,8,2,6,8192,820,26198300,0,0
summary,float,hole-reversed,relationship,3198.035,3388.904,4195.410
sample,float,hole-reversed,clipping,8,2,0,512,52,24628700,12713984,3
sample,float,hole-reversed,clipping,8,2,1,512,52,26176700,12713984,3
sample,float,hole-reversed,clipping,8,2,2,512,52,24603200,12713984,3
sample,float,hole-reversed,clipping,8,2,3,512,52,26968700,12713984,3
sample,float,hole-reversed,clipping,8,2,4,512,52,25320200,12713984,3
sample,float,hole-reversed,clipping,8,2,5,512,52,26227100,12713984,3
sample,float,hole-reversed,clipping,8,2,6,512,52,24384200,12713984,3
summary,float,hole-reversed,clipping,47625.391,49453.516,52673.242
sample,float,rational-crossing,relationship,3,1,0,32768,3277,30888700,0,0
sample,float,rational-crossing,relationship,3,1,1,32768,3277,31097900,0,0
sample,float,rational-crossing,relationship,3,1,2,32768,3277,30870900,0,0
sample,float,rational-crossing,relationship,3,1,3,32768,3277,29373300,0,0
sample,float,rational-crossing,relationship,3,1,4,32768,3277,29031100,0,0
sample,float,rational-crossing,relationship,3,1,5,32768,3277,29740600,0,0
sample,float,rational-crossing,relationship,3,1,6,32768,3277,29531100,0,0
summary,float,rational-crossing,relationship,885.959,907.611,949.033
sample,float,rational-crossing,clipping,3,1,0,1024,103,22724700,16957440,4
sample,float,rational-crossing,clipping,3,1,1,1024,103,23557500,16957440,4
sample,float,rational-crossing,clipping,3,1,2,1024,103,22429400,16957440,4
sample,float,rational-crossing,clipping,3,1,3,1024,103,21115600,16957440,4
sample,float,rational-crossing,clipping,3,1,4,1024,103,22221700,16957440,4
sample,float,rational-crossing,clipping,3,1,5,1024,103,23412900,16957440,4
sample,float,rational-crossing,clipping,3,1,6,1024,103,21777200,16957440,4
summary,float,rational-crossing,clipping,20620.703,21903.711,23005.371
sample,float,sparse-1,relationship,4,1,0,16384,1639,21071200,0,0
sample,float,sparse-1,relationship,4,1,1,16384,1639,21521800,0,0
sample,float,sparse-1,relationship,4,1,2,16384,1639,22088900,0,0
sample,float,sparse-1,relationship,4,1,3,16384,1639,20540800,0,0
sample,float,sparse-1,relationship,4,1,4,16384,1639,21319400,0,0
sample,float,sparse-1,relationship,4,1,5,16384,1639,31797200,0,0
sample,float,sparse-1,relationship,4,1,6,16384,1639,23394100,0,0
summary,float,sparse-1,relationship,1253.711,1313.586,1940.747
sample,float,sparse-1,clipping,4,1,0,1024,103,23602000,16957440,4
sample,float,sparse-1,clipping,4,1,1,1024,103,21905600,16957440,4
sample,float,sparse-1,clipping,4,1,2,1024,103,23964900,16957440,4
sample,float,sparse-1,clipping,4,1,3,1024,103,21801300,16957440,4
sample,float,sparse-1,clipping,4,1,4,1024,103,21794800,16957440,4
sample,float,sparse-1,clipping,4,1,5,1024,103,23249400,16957440,4
sample,float,sparse-1,clipping,4,1,6,1024,103,21604100,16957440,4
summary,float,sparse-1,clipping,21097.754,21392.188,23403.223
sample,float,sparse-4,relationship,16,1,0,4096,410,25319300,0,0
sample,float,sparse-4,relationship,16,1,1,4096,410,24062800,0,0
sample,float,sparse-4,relationship,16,1,2,4096,410,24581600,0,0
sample,float,sparse-4,relationship,16,1,3,4096,410,24653600,0,0
sample,float,sparse-4,relationship,16,1,4,4096,410,24181300,0,0
sample,float,sparse-4,relationship,16,1,5,4096,410,24683300,0,0
sample,float,sparse-4,relationship,16,1,6,4096,410,23541100,0,0
summary,float,sparse-4,relationship,5747.339,6001.367,6181.470
sample,float,sparse-4,clipping,16,1,0,1024,103,29986900,16957440,4
sample,float,sparse-4,clipping,16,1,1,1024,103,29360300,16957440,4
sample,float,sparse-4,clipping,16,1,2,1024,103,28566800,16957440,4
sample,float,sparse-4,clipping,16,1,3,1024,103,29209700,16957440,4
sample,float,sparse-4,clipping,16,1,4,1024,103,30188900,16957440,4
sample,float,sparse-4,clipping,16,1,5,1024,103,29696700,16957440,4
sample,float,sparse-4,clipping,16,1,6,1024,103,29232900,16957440,4
summary,float,sparse-4,clipping,27897.266,28672.168,29481.348
sample,float,sparse-16,relationship,64,1,0,1024,103,23830800,0,0
sample,float,sparse-16,relationship,64,1,1,1024,103,25200800,0,0
sample,float,sparse-16,relationship,64,1,2,1024,103,23299300,0,0
sample,float,sparse-16,relationship,64,1,3,1024,103,26387200,0,0
sample,float,sparse-16,relationship,64,1,4,1024,103,24140800,0,0
sample,float,sparse-16,relationship,64,1,5,1024,103,25681300,0,0
sample,float,sparse-16,relationship,64,1,6,1024,103,23721800,0,0
summary,float,sparse-16,relationship,22753.223,23575.000,25768.750
sample,float,sparse-16,clipping,64,1,0,512,52,27913800,8478720,2
sample,float,sparse-16,clipping,64,1,1,512,52,29561100,8478720,2
sample,float,sparse-16,clipping,64,1,2,512,52,27530900,8478720,2
sample,float,sparse-16,clipping,64,1,3,512,52,28825400,8478720,2
sample,float,sparse-16,clipping,64,1,4,512,52,28265000,8478720,2
sample,float,sparse-16,clipping,64,1,5,512,52,26625100,8478720,2
sample,float,sparse-16,clipping,64,1,6,512,52,28039800,8478720,2
summary,float,sparse-16,clipping,52002.148,54765.234,57736.523
sample,float,sparse-64,relationship,256,1,0,256,26,24114500,0,0
sample,float,sparse-64,relationship,256,1,1,256,26,21100300,0,0
sample,float,sparse-64,relationship,256,1,2,256,26,21766300,0,0
sample,float,sparse-64,relationship,256,1,3,256,26,21307600,0,0
sample,float,sparse-64,relationship,256,1,4,256,26,22438000,0,0
sample,float,sparse-64,relationship,256,1,5,256,26,21524100,0,0
sample,float,sparse-64,relationship,256,1,6,256,26,21703700,0,0
summary,float,sparse-64,relationship,82423.047,84780.078,94197.266
sample,float,sparse-64,clipping,256,1,0,256,26,35944100,4239360,1
sample,float,sparse-64,clipping,256,1,1,256,26,34155100,4239360,1
sample,float,sparse-64,clipping,256,1,2,256,26,34341000,4239360,1
sample,float,sparse-64,clipping,256,1,3,256,26,34045200,4239360,1
sample,float,sparse-64,clipping,256,1,4,256,26,33728600,4239360,1
sample,float,sparse-64,clipping,256,1,5,256,26,36068000,4239360,1
sample,float,sparse-64,clipping,256,1,6,256,26,34131200,4239360,1
summary,float,sparse-64,clipping,131752.344,133418.359,140890.625
sample,float,dense-1,relationship,4,1,0,16384,1639,18754600,0,0
sample,float,dense-1,relationship,4,1,1,16384,1639,19004400,0,0
sample,float,dense-1,relationship,4,1,2,16384,1639,20164100,0,0
sample,float,dense-1,relationship,4,1,3,16384,1639,19850600,0,0
sample,float,dense-1,relationship,4,1,4,16384,1639,20567900,0,0
sample,float,dense-1,relationship,4,1,5,16384,1639,18647800,0,0
sample,float,dense-1,relationship,4,1,6,16384,1639,19058800,0,0
summary,float,dense-1,relationship,1138.171,1163.257,1255.365
sample,float,dense-1,clipping,4,1,0,1024,103,20059600,16957440,4
sample,float,dense-1,clipping,4,1,1,1024,103,19512400,16957440,4
sample,float,dense-1,clipping,4,1,2,1024,103,30398500,16957440,4
sample,float,dense-1,clipping,4,1,3,1024,103,19358700,16957440,4
sample,float,dense-1,clipping,4,1,4,1024,103,19497800,16957440,4
sample,float,dense-1,clipping,4,1,5,1024,103,21807000,16957440,4
sample,float,dense-1,clipping,4,1,6,1024,103,19840700,16957440,4
summary,float,dense-1,clipping,18904.980,19375.684,29686.035
sample,float,dense-4,relationship,16,4,0,4096,410,31151700,0,0
sample,float,dense-4,relationship,16,4,1,4096,410,30278500,0,0
sample,float,dense-4,relationship,16,4,2,4096,410,31606800,0,0
sample,float,dense-4,relationship,16,4,3,4096,410,33513700,0,0
sample,float,dense-4,relationship,16,4,4,4096,410,31374100,0,0
sample,float,dense-4,relationship,16,4,5,4096,410,32844600,0,0
sample,float,dense-4,relationship,16,4,6,4096,410,31776500,0,0
summary,float,dense-4,relationship,7392.212,7716.504,8182.056
sample,float,dense-4,clipping,16,4,0,256,26,28622600,10588160,2
sample,float,dense-4,clipping,16,4,1,256,26,28392100,10588160,2
sample,float,dense-4,clipping,16,4,2,256,26,29434900,10588160,2
sample,float,dense-4,clipping,16,4,3,256,26,29135200,10588160,2
sample,float,dense-4,clipping,16,4,4,256,26,27647800,10588160,2
sample,float,dense-4,clipping,16,4,5,256,26,27862000,10588160,2
sample,float,dense-4,clipping,16,4,6,256,26,28491000,10588160,2
summary,float,dense-4,clipping,107999.219,111292.969,114980.078
sample,float,dense-16,relationship,64,16,0,1024,103,34877600,0,0
sample,float,dense-16,relationship,64,16,1,1024,103,35416900,0,0
sample,float,dense-16,relationship,64,16,2,1024,103,34319800,0,0
sample,float,dense-16,relationship,64,16,3,1024,103,34152800,0,0
sample,float,dense-16,relationship,64,16,4,1024,103,36993000,0,0
sample,float,dense-16,relationship,64,16,5,1024,103,35856400,0,0
sample,float,dense-16,relationship,64,16,6,1024,103,35648700,0,0
summary,float,dense-16,relationship,33352.344,34586.816,36125.977
sample,float,dense-16,clipping,64,16,0,64,7,35258800,9280512,2
sample,float,dense-16,clipping,64,16,1,64,7,34611300,9280512,2
sample,float,dense-16,clipping,64,16,2,64,7,33988600,9280512,2
sample,float,dense-16,clipping,64,16,3,64,7,33174100,9280512,2
sample,float,dense-16,clipping,64,16,4,64,7,33801700,9280512,2
sample,float,dense-16,clipping,64,16,5,64,7,32985400,9280512,2
sample,float,dense-16,clipping,64,16,6,64,7,34741600,9280512,2
summary,float,dense-16,clipping,515396.875,531071.875,550918.750
sample,float,dense-64,relationship,256,64,0,256,26,34798200,0,0
sample,float,dense-64,relationship,256,64,1,256,26,34592600,0,0
sample,float,dense-64,relationship,256,64,2,256,26,35903800,0,0
sample,float,dense-64,relationship,256,64,3,256,26,35453700,0,0
sample,float,dense-64,relationship,256,64,4,256,26,36996500,0,0
sample,float,dense-64,relationship,256,64,5,256,26,34535600,0,0
sample,float,dense-64,relationship,256,64,6,256,26,34219800,0,0
summary,float,dense-64,relationship,133671.094,135930.469,144517.578
sample,float,dense-64,clipping,256,64,0,16,2,41240900,8896512,2
sample,float,dense-64,clipping,256,64,1,16,2,40621400,8896512,2
sample,float,dense-64,clipping,256,64,2,16,2,38557200,8896512,2
sample,float,dense-64,clipping,256,64,3,16,2,38170500,8896512,2
sample,float,dense-64,clipping,256,64,4,16,2,42541100,8896512,2
sample,float,dense-64,clipping,256,64,5,16,2,39336700,8896512,2
sample,float,dense-64,clipping,256,64,6,16,2,39355100,8896512,2
summary,float,dense-64,clipping,2385656.250,2459693.750,2658818.750
sample,float,subnormal,relationship,4,1,0,16384,1639,32183000,0,0
sample,float,subnormal,relationship,4,1,1,16384,1639,23708500,0,0
sample,float,subnormal,relationship,4,1,2,16384,1639,22241000,0,0
sample,float,subnormal,relationship,4,1,3,16384,1639,21112500,0,0
sample,float,subnormal,relationship,4,1,4,16384,1639,21750900,0,0
sample,float,subnormal,relationship,4,1,5,16384,1639,21885400,0,0
sample,float,subnormal,relationship,4,1,6,16384,1639,20924900,0,0
summary,float,subnormal,relationship,1277.155,1335.779,1964.294
sample,float,subnormal,clipping,4,1,0,1024,103,19063200,16957440,4
sample,float,subnormal,clipping,4,1,1,1024,103,22629300,16957440,4
sample,float,subnormal,clipping,4,1,2,1024,103,20249900,16957440,4
sample,float,subnormal,clipping,4,1,3,1024,103,19897500,16957440,4
sample,float,subnormal,clipping,4,1,4,1024,103,20463000,16957440,4
sample,float,subnormal,clipping,4,1,5,1024,103,21049700,16957440,4
sample,float,subnormal,clipping,4,1,6,1024,103,19077300,16957440,4
summary,float,subnormal,clipping,18616.406,19775.293,22098.926
sample,float,large-finite,relationship,4,1,0,16384,1639,18765700,0,0
sample,float,large-finite,relationship,4,1,1,16384,1639,19734300,0,0
sample,float,large-finite,relationship,4,1,2,16384,1639,21149600,0,0
sample,float,large-finite,relationship,4,1,3,16384,1639,18856300,0,0
sample,float,large-finite,relationship,4,1,4,16384,1639,20342500,0,0
sample,float,large-finite,relationship,4,1,5,16384,1639,20199600,0,0
sample,float,large-finite,relationship,4,1,6,16384,1639,19011300,0,0
summary,float,large-finite,relationship,1145.367,1204.486,1290.869
sample,float,large-finite,clipping,4,1,0,2048,205,42425300,33914880,8
sample,float,large-finite,clipping,4,1,1,2048,205,40693100,33914880,8
sample,float,large-finite,clipping,4,1,2,2048,205,46312500,33914880,8
sample,float,large-finite,clipping,4,1,3,2048,205,43607500,33914880,8
sample,float,large-finite,clipping,4,1,4,2048,205,42228000,33914880,8
sample,float,large-finite,clipping,4,1,5,2048,205,45692300,33914880,8
sample,float,large-finite,clipping,4,1,6,2048,205,40910600,33914880,8
summary,float,large-finite,clipping,19869.678,20715.479,22613.525
fixture,double,exterior,4,1,success,0
fixture,double,interior,4,4,success,1
fixture,double,crossing,4,7,success,1
fixture,double,boundary-only,4,10,success,1
fixture,double,boundary-overlap,4,11,success,1
fixture,double,isolated-tangent,4,3,success,0
fixture,double,degenerate-interior,4,4,success,0
fixture,double,degenerate-boundary,4,2,success,0
fixture,double,empty,0,1,success,0
fixture,double,concave-u,8,7,success,2
fixture,double,hole,8,7,success,2
fixture,double,hole-reversed,8,7,success,2
fixture,double,rational-crossing,3,7,success,1
fixture,double,sparse-1,4,7,success,1
fixture,double,sparse-4,16,7,success,1
fixture,double,sparse-16,64,7,success,1
fixture,double,sparse-64,256,7,success,1
fixture,double,dense-1,4,7,success,1
fixture,double,dense-4,16,7,success,4
fixture,double,dense-16,64,7,success,16
fixture,double,dense-64,256,7,success,64
fixture,double,subnormal,4,7,success,1
fixture,double,large-finite,4,7,success,1
preflight,double,23,PASS
sample,double,exterior,relationship,4,0,0,32768,3277,51529100,0,0
sample,double,exterior,relationship,4,0,1,32768,3277,45945000,0,0
sample,double,exterior,relationship,4,0,2,32768,3277,40749900,0,0
sample,double,exterior,relationship,4,0,3,32768,3277,42478400,0,0
sample,double,exterior,relationship,4,0,4,32768,3277,40968100,0,0
sample,double,exterior,relationship,4,0,5,32768,3277,43793900,0,0
sample,double,exterior,relationship,4,0,6,32768,3277,41249000,0,0
summary,double,exterior,relationship,1243.588,1296.338,1572.543
sample,double,exterior,clipping,4,0,0,8192,820,36238500,67895296,16
sample,double,exterior,clipping,4,0,1,8192,820,38205000,67895296,16
sample,double,exterior,clipping,4,0,2,8192,820,40878200,67895296,16
sample,double,exterior,clipping,4,0,3,8192,820,37266900,67895296,16
sample,double,exterior,clipping,4,0,4,8192,820,36515500,67895296,16
sample,double,exterior,clipping,4,0,5,8192,820,36876300,67895296,16
sample,double,exterior,clipping,4,0,6,8192,820,37394800,67895296,16
summary,double,exterior,clipping,4423.645,4549.182,4990.015
sample,double,interior,relationship,4,1,0,16384,1639,22616100,0,0
sample,double,interior,relationship,4,1,1,16384,1639,21290700,0,0
sample,double,interior,relationship,4,1,2,16384,1639,21005100,0,0
sample,double,interior,relationship,4,1,3,16384,1639,22304100,0,0
sample,double,interior,relationship,4,1,4,16384,1639,20836300,0,0
sample,double,interior,relationship,4,1,5,16384,1639,20229400,0,0
sample,double,interior,relationship,4,1,6,16384,1639,20325900,0,0
summary,double,interior,relationship,1234.705,1282.050,1380.377
sample,double,interior,clipping,4,1,0,2048,205,18602700,17072128,4
sample,double,interior,clipping,4,1,1,2048,205,19307600,17072128,4
sample,double,interior,clipping,4,1,2,2048,205,19341200,17072128,4
sample,double,interior,clipping,4,1,3,2048,205,18852200,17072128,4
sample,double,interior,clipping,4,1,4,2048,205,20198100,17072128,4
sample,double,interior,clipping,4,1,5,2048,205,18475500,17072128,4
sample,double,interior,clipping,4,1,6,2048,205,18463200,17072128,4
summary,double,interior,clipping,9015.234,9205.176,9862.354
sample,double,crossing,relationship,4,1,0,8192,820,10910000,0,0
sample,double,crossing,relationship,4,1,1,8192,820,9035700,0,0
sample,double,crossing,relationship,4,1,2,8192,820,11290000,0,0
sample,double,crossing,relationship,4,1,3,8192,820,9649800,0,0
sample,double,crossing,relationship,4,1,4,8192,820,9838100,0,0
sample,double,crossing,relationship,4,1,5,8192,820,11117700,0,0
sample,double,crossing,relationship,4,1,6,8192,820,9262500,0,0
summary,double,crossing,relationship,1102.991,1200.940,1378.174
sample,double,crossing,clipping,4,1,0,1024,103,22446200,16957440,4
sample,double,crossing,clipping,4,1,1,1024,103,22696000,16957440,4
sample,double,crossing,clipping,4,1,2,1024,103,21582600,16957440,4
sample,double,crossing,clipping,4,1,3,1024,103,25842300,16957440,4
sample,double,crossing,clipping,4,1,4,1024,103,22065300,16957440,4
sample,double,crossing,clipping,4,1,5,1024,103,22380800,16957440,4
sample,double,crossing,clipping,4,1,6,1024,103,25060700,16957440,4
summary,double,crossing,clipping,21076.758,21920.117,25236.621
sample,double,boundary-only,relationship,4,1,0,16384,1639,23543800,0,0
sample,double,boundary-only,relationship,4,1,1,16384,1639,25728700,0,0
sample,double,boundary-only,relationship,4,1,2,16384,1639,26293800,0,0
sample,double,boundary-only,relationship,4,1,3,16384,1639,25856800,0,0
sample,double,boundary-only,relationship,4,1,4,16384,1639,25066600,0,0
sample,double,boundary-only,relationship,4,1,5,16384,1639,24114700,0,0
sample,double,boundary-only,relationship,4,1,6,16384,1639,24417900,0,0
summary,double,boundary-only,relationship,1437.000,1529.944,1604.846
sample,double,boundary-only,clipping,4,1,0,2048,205,30947900,42237952,10
sample,double,boundary-only,clipping,4,1,1,2048,205,32239600,42237952,10
sample,double,boundary-only,clipping,4,1,2,2048,205,32800900,42237952,10
sample,double,boundary-only,clipping,4,1,3,2048,205,33885200,42237952,10
sample,double,boundary-only,clipping,4,1,4,2048,205,31756800,42237952,10
sample,double,boundary-only,clipping,4,1,5,2048,205,29973400,42237952,10
sample,double,boundary-only,clipping,4,1,6,2048,205,29750900,42237952,10
summary,double,boundary-only,clipping,14526.807,15506.250,16545.508
sample,double,boundary-overlap,relationship,4,1,0,16384,1639,33656100,0,0
sample,double,boundary-overlap,relationship,4,1,1,16384,1639,33355500,0,0
sample,double,boundary-overlap,relationship,4,1,2,16384,1639,33520900,0,0
sample,double,boundary-overlap,relationship,4,1,3,16384,1639,35338800,0,0
sample,double,boundary-overlap,relationship,4,1,4,16384,1639,44880500,0,0
sample,double,boundary-overlap,relationship,4,1,5,16384,1639,33120400,0,0
sample,double,boundary-overlap,relationship,4,1,6,16384,1639,32444400,0,0
summary,double,boundary-overlap,relationship,1980.249,2045.953,2739.288
sample,double,boundary-overlap,clipping,4,1,0,2048,205,28363700,42303488,10
sample,double,boundary-overlap,clipping,4,1,1,2048,205,34028400,42303488,10
sample,double,boundary-overlap,clipping,4,1,2,2048,205,30743300,42303488,10
sample,double,boundary-overlap,clipping,4,1,3,2048,205,28134200,42303488,10
sample,double,boundary-overlap,clipping,4,1,4,2048,205,30093800,42303488,10
sample,double,boundary-overlap,clipping,4,1,5,2048,205,27061100,42303488,10
sample,double,boundary-overlap,clipping,4,1,6,2048,205,28858200,42303488,10
summary,double,boundary-overlap,clipping,13213.428,14090.918,16615.430
sample,double,isolated-tangent,relationship,4,0,0,8192,820,17182200,0,0
sample,double,isolated-tangent,relationship,4,0,1,8192,820,17259900,0,0
sample,double,isolated-tangent,relationship,4,0,2,8192,820,17077900,0,0
sample,double,isolated-tangent,relationship,4,0,3,8192,820,17364800,0,0
sample,double,isolated-tangent,relationship,4,0,4,8192,820,17228300,0,0
sample,double,isolated-tangent,relationship,4,0,5,8192,820,17531500,0,0
sample,double,isolated-tangent,relationship,4,0,6,8192,820,17005200,0,0
summary,double,isolated-tangent,relationship,2075.830,2103.064,2140.076
sample,double,isolated-tangent,clipping,4,0,0,4096,410,28671100,67502080,16
sample,double,isolated-tangent,clipping,4,0,1,4096,410,28041900,67502080,16
sample,double,isolated-tangent,clipping,4,0,2,4096,410,27017100,67502080,16
sample,double,isolated-tangent,clipping,4,0,3,4096,410,31682600,67502080,16
sample,double,isolated-tangent,clipping,4,0,4,4096,410,27293000,67502080,16
sample,double,isolated-tangent,clipping,4,0,5,4096,410,29920300,67502080,16
sample,double,isolated-tangent,clipping,4,0,6,4096,410,28444600,67502080,16
summary,double,isolated-tangent,clipping,6595.972,6944.482,7735.010
sample,double,degenerate-interior,relationship,4,0,0,65536,6554,4009400,0,0
sample,double,degenerate-interior,relationship,4,0,1,65536,6554,3572200,0,0
sample,double,degenerate-interior,relationship,4,0,2,65536,6554,3688900,0,0
sample,double,degenerate-interior,relationship,4,0,3,65536,6554,3530400,0,0
sample,double,degenerate-interior,relationship,4,0,4,65536,6554,3380200,0,0
sample,double,degenerate-interior,relationship,4,0,5,65536,6554,3253800,0,0
sample,double,degenerate-interior,relationship,4,0,6,65536,6554,3495200,0,0
summary,double,degenerate-interior,relationship,49.649,53.870,61.179
sample,double,degenerate-interior,clipping,4,0,0,65536,6554,312800,0,0
sample,double,degenerate-interior,clipping,4,0,1,65536,6554,354200,0,0
sample,double,degenerate-interior,clipping,4,0,2,65536,6554,433300,0,0
sample,double,degenerate-interior,clipping,4,0,3,65536,6554,381100,0,0
sample,double,degenerate-interior,clipping,4,0,4,65536,6554,420500,0,0
sample,double,degenerate-interior,clipping,4,0,5,65536,6554,506800,0,0
sample,double,degenerate-interior,clipping,4,0,6,65536,6554,312900,0,0
summary,double,degenerate-interior,clipping,4.773,5.815,7.733
sample,double,degenerate-boundary,relationship,4,0,0,65536,6554,3414600,0,0
sample,double,degenerate-boundary,relationship,4,0,1,65536,6554,3363000,0,0
sample,double,degenerate-boundary,relationship,4,0,2,65536,6554,8045500,0,0
sample,double,degenerate-boundary,relationship,4,0,3,65536,6554,5918800,0,0
sample,double,degenerate-boundary,relationship,4,0,4,65536,6554,3673900,0,0
sample,double,degenerate-boundary,relationship,4,0,5,65536,6554,3659300,0,0
sample,double,degenerate-boundary,relationship,4,0,6,65536,6554,3569200,0,0
summary,double,degenerate-boundary,relationship,51.315,55.836,122.765
sample,double,degenerate-boundary,clipping,4,0,0,65536,6554,312900,0,0
sample,double,degenerate-boundary,clipping,4,0,1,65536,6554,409100,0,0
sample,double,degenerate-boundary,clipping,4,0,2,65536,6554,359000,0,0
sample,double,degenerate-boundary,clipping,4,0,3,65536,6554,312800,0,0
sample,double,degenerate-boundary,clipping,4,0,4,65536,6554,394400,0,0
sample,double,degenerate-boundary,clipping,4,0,5,65536,6554,361500,0,0
sample,double,degenerate-boundary,clipping,4,0,6,65536,6554,408000,0,0
summary,double,degenerate-boundary,clipping,4.773,5.516,6.242
sample,double,empty,relationship,0,0,0,65536,6554,1466200,0,0
sample,double,empty,relationship,0,0,1,65536,6554,1375800,0,0
sample,double,empty,relationship,0,0,2,65536,6554,1283100,0,0
sample,double,empty,relationship,0,0,3,65536,6554,1526900,0,0
sample,double,empty,relationship,0,0,4,65536,6554,1167600,0,0
sample,double,empty,relationship,0,0,5,65536,6554,1139800,0,0
sample,double,empty,relationship,0,0,6,65536,6554,1066400,0,0
summary,double,empty,relationship,16.272,19.579,23.299
sample,double,empty,clipping,0,0,0,65536,6554,312800,0,0
sample,double,empty,clipping,0,0,1,65536,6554,312800,0,0
sample,double,empty,clipping,0,0,2,65536,6554,316100,0,0
sample,double,empty,clipping,0,0,3,65536,6554,359500,0,0
sample,double,empty,clipping,0,0,4,65536,6554,360200,0,0
sample,double,empty,clipping,0,0,5,65536,6554,312800,0,0
sample,double,empty,clipping,0,0,6,65536,6554,312800,0,0
summary,double,empty,clipping,4.773,4.773,5.496
sample,double,concave-u,relationship,8,2,0,8192,820,29953600,0,0
sample,double,concave-u,relationship,8,2,1,8192,820,31456100,0,0
sample,double,concave-u,relationship,8,2,2,8192,820,44744000,0,0
sample,double,concave-u,relationship,8,2,3,8192,820,33196600,0,0
sample,double,concave-u,relationship,8,2,4,8192,820,33103200,0,0
sample,double,concave-u,relationship,8,2,5,8192,820,30292400,0,0
sample,double,concave-u,relationship,8,2,6,8192,820,28833000,0,0
summary,double,concave-u,relationship,3519.653,3839.856,5461.914
sample,double,concave-u,clipping,8,2,0,512,52,25115600,12713984,3
sample,double,concave-u,clipping,8,2,1,512,52,27299300,12713984,3
sample,double,concave-u,clipping,8,2,2,512,52,25607500,12713984,3
sample,double,concave-u,clipping,8,2,3,512,52,25451800,12713984,3
sample,double,concave-u,clipping,8,2,4,512,52,25572000,12713984,3
sample,double,concave-u,clipping,8,2,5,512,52,25254600,12713984,3
sample,double,concave-u,clipping,8,2,6,512,52,27950400,12713984,3
summary,double,concave-u,clipping,49053.906,49945.312,54590.625
sample,double,hole,relationship,8,2,0,8192,820,29321800,0,0
sample,double,hole,relationship,8,2,1,8192,820,29930300,0,0
sample,double,hole,relationship,8,2,2,8192,820,28874500,0,0
sample,double,hole,relationship,8,2,3,8192,820,28760900,0,0
sample,double,hole,relationship,8,2,4,8192,820,29173200,0,0
sample,double,hole,relationship,8,2,5,8192,820,30037700,0,0
sample,double,hole,relationship,8,2,6,8192,820,31162600,0,0
summary,double,hole,relationship,3510.852,3579.321,3804.028
sample,double,hole,clipping,8,2,0,512,52,26722600,12713984,3
sample,double,hole,clipping,8,2,1,512,52,25149800,12713984,3
sample,double,hole,clipping,8,2,2,512,52,27945600,12713984,3
sample,double,hole,clipping,8,2,3,512,52,26936700,12713984,3
sample,double,hole,clipping,8,2,4,512,52,25757500,12713984,3
sample,double,hole,clipping,8,2,5,512,52,27424700,12713984,3
sample,double,hole,clipping,8,2,6,512,52,25131300,12713984,3
summary,double,hole,clipping,49084.570,52192.578,54581.250
sample,double,hole-reversed,relationship,8,2,0,8192,820,29677100,0,0
sample,double,hole-reversed,relationship,8,2,1,8192,820,39725600,0,0
sample,double,hole-reversed,relationship,8,2,2,8192,820,30784800,0,0
sample,double,hole-reversed,relationship,8,2,3,8192,820,34545400,0,0
sample,double,hole-reversed,relationship,8,2,4,8192,820,29924700,0,0
sample,double,hole-reversed,relationship,8,2,5,8192,820,29430100,0,0
sample,double,hole-reversed,relationship,8,2,6,8192,820,28923600,0,0
summary,double,hole-reversed,relationship,3530.713,3652.917,4849.316
sample,double,hole-reversed,clipping,8,2,0,512,52,26639500,12713984,3
sample,double,hole-reversed,clipping,8,2,1,512,52,26836700,12713984,3
sample,double,hole-reversed,clipping,8,2,2,512,52,25900700,12713984,3
sample,double,hole-reversed,clipping,8,2,3,512,52,25410500,12713984,3
sample,double,hole-reversed,clipping,8,2,4,512,52,26657400,12713984,3
sample,double,hole-reversed,clipping,8,2,5,512,52,25863500,12713984,3
sample,double,hole-reversed,clipping,8,2,6,512,52,26737400,12713984,3
summary,double,hole-reversed,clipping,49629.883,52030.273,52415.430
sample,double,rational-crossing,relationship,3,1,0,32768,3277,28502200,0,0
sample,double,rational-crossing,relationship,3,1,1,32768,3277,28735700,0,0
sample,double,rational-crossing,relationship,3,1,2,32768,3277,36562400,0,0
sample,double,rational-crossing,relationship,3,1,3,32768,3277,30486300,0,0
sample,double,rational-crossing,relationship,3,1,4,32768,3277,30274300,0,0
sample,double,rational-crossing,relationship,3,1,5,32768,3277,32073800,0,0
sample,double,rational-crossing,relationship,3,1,6,32768,3277,30330400,0,0
summary,double,rational-crossing,relationship,869.818,925.610,1115.796
sample,double,rational-crossing,clipping,3,1,0,1024,103,23016700,16957440,4
sample,double,rational-crossing,clipping,3,1,1,1024,103,22891400,16957440,4
sample,double,rational-crossing,clipping,3,1,2,1024,103,23346100,16957440,4
sample,double,rational-crossing,clipping,3,1,3,1024,103,22793400,16957440,4
sample,double,rational-crossing,clipping,3,1,4,1024,103,22105100,16957440,4
sample,double,rational-crossing,clipping,3,1,5,1024,103,23240100,16957440,4
sample,double,rational-crossing,clipping,3,1,6,1024,103,21332600,16957440,4
summary,double,rational-crossing,clipping,20832.617,22354.883,22798.926
sample,double,sparse-1,relationship,4,1,0,16384,1639,20101500,0,0
sample,double,sparse-1,relationship,4,1,1,16384,1639,20478600,0,0
sample,double,sparse-1,relationship,4,1,2,16384,1639,19555600,0,0
sample,double,sparse-1,relationship,4,1,3,16384,1639,32074500,0,0
sample,double,sparse-1,relationship,4,1,4,16384,1639,21798200,0,0
sample,double,sparse-1,relationship,4,1,5,16384,1639,20167200,0,0
sample,double,sparse-1,relationship,4,1,6,16384,1639,18904900,0,0
summary,double,sparse-1,relationship,1153.864,1230.908,1957.672
sample,double,sparse-1,clipping,4,1,0,1024,103,20215300,16957440,4
sample,double,sparse-1,clipping,4,1,1,1024,103,23162000,16957440,4
sample,double,sparse-1,clipping,4,1,2,1024,103,20510600,16957440,4
sample,double,sparse-1,clipping,4,1,3,1024,103,21265600,16957440,4
sample,double,sparse-1,clipping,4,1,4,1024,103,19838700,16957440,4
sample,double,sparse-1,clipping,4,1,5,1024,103,20923800,16957440,4
sample,double,sparse-1,clipping,4,1,6,1024,103,19745700,16957440,4
summary,double,sparse-1,clipping,19282.910,20029.883,22619.141
sample,double,sparse-4,relationship,16,1,0,4096,410,21817600,0,0
sample,double,sparse-4,relationship,16,1,1,4096,410,22757100,0,0
sample,double,sparse-4,relationship,16,1,2,4096,410,22701400,0,0
sample,double,sparse-4,relationship,16,1,3,4096,410,21311100,0,0
sample,double,sparse-4,relationship,16,1,4,4096,410,21120500,0,0
sample,double,sparse-4,relationship,16,1,5,4096,410,20599600,0,0
sample,double,sparse-4,relationship,16,1,6,4096,410,20719500,0,0
summary,double,sparse-4,relationship,5029.199,5202.905,5555.933
sample,double,sparse-4,clipping,16,1,0,1024,103,27785100,16957440,4
sample,double,sparse-4,clipping,16,1,1,1024,103,25296100,16957440,4
sample,double,sparse-4,clipping,16,1,2,1024,103,28252500,16957440,4
sample,double,sparse-4,clipping,16,1,3,1024,103,26549200,16957440,4
sample,double,sparse-4,clipping,16,1,4,1024,103,26328200,16957440,4
sample,double,sparse-4,clipping,16,1,5,1024,103,25827800,16957440,4
sample,double,sparse-4,clipping,16,1,6,1024,103,26128900,16957440,4
summary,double,sparse-4,clipping,24703.223,25711.133,27590.332
sample,double,sparse-16,relationship,64,1,0,1024,103,20953200,0,0
sample,double,sparse-16,relationship,64,1,1,1024,103,24964900,0,0
sample,double,sparse-16,relationship,64,1,2,1024,103,20680900,0,0
sample,double,sparse-16,relationship,64,1,3,1024,103,21396600,0,0
sample,double,sparse-16,relationship,64,1,4,1024,103,22158900,0,0
sample,double,sparse-16,relationship,64,1,5,1024,103,21159900,0,0
sample,double,sparse-16,relationship,64,1,6,1024,103,22350200,0,0
summary,double,sparse-16,relationship,20196.191,20895.117,24379.785
sample,double,sparse-16,clipping,64,1,0,512,52,26398500,8478720,2
sample,double,sparse-16,clipping,64,1,1,512,52,36565600,8478720,2
sample,double,sparse-16,clipping,64,1,2,512,52,29911600,8478720,2
sample,double,sparse-16,clipping,64,1,3,512,52,28016100,8478720,2
sample,double,sparse-16,clipping,64,1,4,512,52,28165700,8478720,2
sample,double,sparse-16,clipping,64,1,5,512,52,26050400,8478720,2
sample,double,sparse-16,clipping,64,1,6,512,52,28182400,8478720,2
summary,double,sparse-16,clipping,50879.688,55011.133,71417.188
sample,double,sparse-64,relationship,256,1,0,256,26,25325000,0,0
sample,double,sparse-64,relationship,256,1,1,256,26,24175800,0,0
sample,double,sparse-64,relationship,256,1,2,256,26,26374400,0,0
sample,double,sparse-64,relationship,256,1,3,256,26,22909300,0,0
sample,double,sparse-64,relationship,256,1,4,256,26,24847900,0,0
sample,double,sparse-64,relationship,256,1,5,256,26,24544800,0,0
sample,double,sparse-64,relationship,256,1,6,256,26,27071900,0,0
summary,double,sparse-64,relationship,89489.453,97062.109,105749.609
sample,double,sparse-64,clipping,256,1,0,256,26,37281600,4239360,1
sample,double,sparse-64,clipping,256,1,1,256,26,39149100,4239360,1
sample,double,sparse-64,clipping,256,1,2,256,26,40612600,4239360,1
sample,double,sparse-64,clipping,256,1,3,256,26,39566800,4239360,1
sample,double,sparse-64,clipping,256,1,4,256,26,39765800,4239360,1
sample,double,sparse-64,clipping,256,1,5,256,26,38209900,4239360,1
sample,double,sparse-64,clipping,256,1,6,256,26,39343800,4239360,1
summary,double,sparse-64,clipping,145631.250,153686.719,158642.969
sample,double,dense-1,relationship,4,1,0,16384,1639,21053500,0,0
sample,double,dense-1,relationship,4,1,1,16384,1639,21399500,0,0
sample,double,dense-1,relationship,4,1,2,16384,1639,21107400,0,0
sample,double,dense-1,relationship,4,1,3,16384,1639,19735000,0,0
sample,double,dense-1,relationship,4,1,4,16384,1639,19748600,0,0
sample,double,dense-1,relationship,4,1,5,16384,1639,20177400,0,0
sample,double,dense-1,relationship,4,1,6,16384,1639,22312800,0,0
summary,double,dense-1,relationship,1204.529,1285.004,1361.865
sample,double,dense-1,clipping,4,1,0,1024,103,22618200,16957440,4
sample,double,dense-1,clipping,4,1,1,1024,103,37076900,16957440,4
sample,double,dense-1,clipping,4,1,2,1024,103,23210700,16957440,4
sample,double,dense-1,clipping,4,1,3,1024,103,22619600,16957440,4
sample,double,dense-1,clipping,4,1,4,1024,103,21944500,16957440,4
sample,double,dense-1,clipping,4,1,5,1024,103,23625000,16957440,4
sample,double,dense-1,clipping,4,1,6,1024,103,22198100,16957440,4
summary,double,dense-1,clipping,21430.176,22089.453,36207.910
sample,double,dense-4,relationship,16,4,0,4096,410,32709800,0,0
sample,double,dense-4,relationship,16,4,1,4096,410,33642800,0,0
sample,double,dense-4,relationship,16,4,2,4096,410,33985000,0,0
sample,double,dense-4,relationship,16,4,3,4096,410,33880600,0,0
sample,double,dense-4,relationship,16,4,4,4096,410,35388700,0,0
sample,double,dense-4,relationship,16,4,5,4096,410,35539500,0,0
sample,double,dense-4,relationship,16,4,6,4096,410,36937000,0,0
summary,double,dense-4,relationship,7985.791,8297.119,9017.822
sample,double,dense-4,clipping,16,4,0,256,26,28919300,10588160,2
sample,double,dense-4,clipping,16,4,1,256,26,31844800,10588160,2
sample,double,dense-4,clipping,16,4,2,256,26,29104900,10588160,2
sample,double,dense-4,clipping,16,4,3,256,26,28507700,10588160,2
sample,double,dense-4,clipping,16,4,4,256,26,26024500,10588160,2
sample,double,dense-4,clipping,16,4,5,256,26,27805100,10588160,2
sample,double,dense-4,clipping,16,4,6,256,26,28949900,10588160,2
summary,double,dense-4,clipping,101658.203,112966.016,124393.750
sample,double,dense-16,relationship,64,16,0,1024,103,34427700,0,0
sample,double,dense-16,relationship,64,16,1,1024,103,34424500,0,0
sample,double,dense-16,relationship,64,16,2,1024,103,34072500,0,0
sample,double,dense-16,relationship,64,16,3,1024,103,36315500,0,0
sample,double,dense-16,relationship,64,16,4,1024,103,34876400,0,0
sample,double,dense-16,relationship,64,16,5,1024,103,34618600,0,0
sample,double,dense-16,relationship,64,16,6,1024,103,43620500,0,0
summary,double,dense-16,relationship,33273.926,33807.227,42598.145
sample,double,dense-16,clipping,64,16,0,64,7,30414400,9280512,2
sample,double,dense-16,clipping,64,16,1,64,7,33381700,9280512,2
sample,double,dense-16,clipping,64,16,2,64,7,29120700,9280512,2
sample,double,dense-16,clipping,64,16,3,64,7,30919400,9280512,2
sample,double,dense-16,clipping,64,16,4,64,7,29961500,9280512,2
sample,double,dense-16,clipping,64,16,5,64,7,30858600,9280512,2
sample,double,dense-16,clipping,64,16,6,64,7,31197500,9280512,2
summary,double,dense-16,clipping,455010.938,482165.625,521589.062
sample,double,dense-64,relationship,256,64,0,256,26,30013500,0,0
sample,double,dense-64,relationship,256,64,1,256,26,30279800,0,0
sample,double,dense-64,relationship,256,64,2,256,26,30754100,0,0
sample,double,dense-64,relationship,256,64,3,256,26,29930400,0,0
sample,double,dense-64,relationship,256,64,4,256,26,30028000,0,0
sample,double,dense-64,relationship,256,64,5,256,26,36180400,0,0
sample,double,dense-64,relationship,256,64,6,256,26,31075400,0,0
summary,double,dense-64,relationship,116915.625,118280.469,141329.688
sample,double,dense-64,clipping,256,64,0,16,2,35901300,8896512,3
sample,double,dense-64,clipping,256,64,1,16,2,35359300,8896512,3
sample,double,dense-64,clipping,256,64,2,16,2,36726900,8896512,3
sample,double,dense-64,clipping,256,64,3,16,2,36517400,8896512,3
sample,double,dense-64,clipping,256,64,4,16,2,35424600,8896512,3
sample,double,dense-64,clipping,256,64,5,16,2,35504000,8896512,3
sample,double,dense-64,clipping,256,64,6,16,2,41029400,8896512,3
summary,double,dense-64,clipping,2209956.250,2243831.250,2564337.500
sample,double,subnormal,relationship,4,1,0,4096,410,47644900,0,0
sample,double,subnormal,relationship,4,1,1,4096,410,35718200,0,0
sample,double,subnormal,relationship,4,1,2,4096,410,36453400,0,0
sample,double,subnormal,relationship,4,1,3,4096,410,36269700,0,0
sample,double,subnormal,relationship,4,1,4,4096,410,35926400,0,0
sample,double,subnormal,relationship,4,1,5,4096,410,36511800,0,0
sample,double,subnormal,relationship,4,1,6,4096,410,36585900,0,0
summary,double,subnormal,relationship,8720.264,8899.756,11632.056
sample,double,subnormal,clipping,4,1,0,1024,103,35135400,16957440,4
sample,double,subnormal,clipping,4,1,1,1024,103,34915100,16957440,4
sample,double,subnormal,clipping,4,1,2,1024,103,33358800,16957440,4
sample,double,subnormal,clipping,4,1,3,1024,103,33425200,16957440,4
sample,double,subnormal,clipping,4,1,4,1024,103,34504500,16957440,4
sample,double,subnormal,clipping,4,1,5,1024,103,34418800,16957440,4
sample,double,subnormal,clipping,4,1,6,1024,103,35597200,16957440,4
summary,double,subnormal,clipping,32576.953,33695.801,34762.891
sample,double,large-finite,relationship,4,1,0,4096,410,35558600,0,0
sample,double,large-finite,relationship,4,1,1,4096,410,35712500,0,0
sample,double,large-finite,relationship,4,1,2,4096,410,37528000,0,0
sample,double,large-finite,relationship,4,1,3,4096,410,35570300,0,0
sample,double,large-finite,relationship,4,1,4,4096,410,34779900,0,0
sample,double,large-finite,relationship,4,1,5,4096,410,34889600,0,0
sample,double,large-finite,relationship,4,1,6,4096,410,34609200,0,0
summary,double,large-finite,relationship,8449.512,8681.299,9162.109
sample,double,large-finite,clipping,4,1,0,1024,103,40602400,16957440,4
sample,double,large-finite,clipping,4,1,1,1024,103,49768700,16957440,4
sample,double,large-finite,clipping,4,1,2,1024,103,39909100,16957440,4
sample,double,large-finite,clipping,4,1,3,1024,103,39650000,16957440,4
sample,double,large-finite,clipping,4,1,4,1024,103,40864500,16957440,4
sample,double,large-finite,clipping,4,1,5,1024,103,39826100,16957440,4
sample,double,large-finite,clipping,4,1,6,1024,103,40210700,16957440,4
summary,double,large-finite,clipping,38720.703,39268.262,48602.246
sink,15290948255173748871
